{"animTracks":[{"properties":["Right Hand Configuration","Left Hand Configuration","Muscles","Facial Expression"],"loops":false,"keyFrames":[{"property":"Muscles","index":1,"time":0.999999881,"ints":{},"floats":{"muscle0":2.77478591E-07,"muscle1":-5.36441974E-07,"muscle2":-7.93866383E-13,"muscle3":-2.13454836E-08,"muscle4":1.62844388E-13,"muscle5":-6.31021982E-13,"muscle6":0,"muscle7":0,"muscle8":0,"muscle9":2.13434017E-08,"muscle10":5.90683237E-14,"muscle11":2.68220845E-07,"muscle12":2.34787919E-07,"muscle13":5.78708523E-07,"muscle14":-2.2680203E-07,"muscle15":0,"muscle16":-1.84561559E-05,"muscle17":0,"muscle18":-1.65786478E-05,"muscle19":0,"muscle20":0,"muscle21":0.527684152,"muscle22":-0.0759823099,"muscle23":-0.588656127,"muscle24":0.953825772,"muscle25":0.425628841,"muscle26":0.042562589,"muscle27":-0.0481424928,"muscle28":4.42761603E-07,"muscle29":0.527683556,"muscle30":-0.0759852156,"muscle31":-0.588660777,"muscle32":0.953825891,"muscle33":0.425632775,"muscle34":0.0425663367,"muscle35":-0.0480918102,"muscle36":3.96204285E-07,"muscle37":-0.499999821,"muscle38":0.00360197015,"muscle39":-0.512595832,"muscle40":0.210587695,"muscle41":-0.16981034,"muscle42":0.992770672,"muscle43":0.268193841,"muscle44":-0.015839668,"muscle45":0.0202495288,"muscle46":-0.499999195,"muscle47":0.0036051874,"muscle48":0.0994733125,"muscle49":-0.250738591,"muscle50":0.0573109426,"muscle51":-0.482653111,"muscle52":0.96735239,"muscle53":0.0537778921,"muscle54":0.435625285,"muscle55":-1.36603785E-06,"muscle56":1.36603731E-07,"muscle57":2.95390468E-08,"muscle58":4.26886757E-08,"muscle59":-2.54444197E-16,"muscle60":1.70754674E-07,"muscle61":-6.07127845E-07,"muscle62":7.58909806E-08,"muscle63":6.83018797E-08,"muscle64":-2.27672942E-07,"muscle65":0,"muscle66":-5.52179507E-19,"muscle67":-3.4150947E-08,"muscle68":-5.69182426E-08,"muscle69":-1.51781947E-07,"muscle70":-7.58909806E-08,"muscle71":-3.41509363E-08,"muscle72":4.26886722E-08,"muscle73":-7.58909735E-08,"muscle74":-7.58909735E-08,"muscle75":-1.09020829,"muscle76":-0.527778745,"muscle77":0.63999474,"muscle78":0.639995337,"muscle79":0.17547825,"muscle80":0.288638324,"muscle81":0.778195679,"muscle82":0.778195679,"muscle83":0.820694745,"muscle84":-0.436818063,"muscle85":0.804009378,"muscle86":0.804009497,"muscle87":0.752064228,"muscle88":0.271548271,"muscle89":0.810934305,"muscle90":0.810934305,"muscle91":0.733671784,"muscle92":0.695615292,"muscle93":0.811357796,"muscle94":0.811357141,"muscle-1":1,"duration":1.02020204},"strings":{"interpolation":"default"},"inTangent":0,"inWeight":0,"outTangent":0,"outWeight":0,"weightedMode":0},{"property":"Left Hand Configuration","index":1,"time":0.999999881,"ints":{"hash":-1436576768},"floats":{"duration":1.02020204},"strings":{"name":"-"},"inTangent":0,"inWeight":0,"outTangent":0,"outWeight":0,"weightedMode":0},{"property":"Right Hand Configuration","index":1,"time":0.999999881,"ints":{"hash":-2004992},"floats":{"duration":1.02020204},"strings":{"name":"dedilhares/dedilhar_palma"},"inTangent":0,"inWeight":0,"outTangent":0,"outWeight":0,"weightedMode":0},{"property":"Facial Expression","index":1,"time":0.999999881,"ints":{},"floats":{"duration":1.02020204},"strings":{"faceName":"Neutra"},"inTangent":0,"inWeight":0,"outTangent":0,"outWeight":0,"weightedMode":0}]},{"properties":["Hand Movement dedilhares/dedilhar_palma"],"loops":true,"keyFrames":[{"property":"Hand Movement dedilhares/dedilhar_palma","index":0,"time":0,"ints":{},"floats":{"muscle79":0.175478101,"muscle81":0.778195679,"muscle82":0.778195679,"muscle80":0.288638532,"muscle91":0.733671784,"muscle93":0.811357915,"muscle94":0.811357915,"muscle92":0.69561547,"muscle83":0.820694804,"muscle85":0.804009378,"muscle86":0.804009378,"muscle84":-0.436817974,"muscle87":0.752064347,"muscle89":0.810934305,"muscle90":0.810934305,"muscle88":0.271548122,"muscle75":-1.09020865,"muscle77":0.63999474,"muscle78":0.639995337,"muscle76":-0.527778924},"strings":{},"inTangent":0,"inWeight":0,"outTangent":0,"outWeight":0,"weightedMode":0},{"property":"Hand Movement dedilhares/dedilhar_palma","index":1,"time":0.0833333358,"ints":{},"floats":{"muscle79":0.619922519,"muscle81":0.778195679,"muscle82":0.778195679,"muscle80":0.288638532,"muscle91":0.667005062,"muscle93":0.811357915,"muscle94":0.811357915,"muscle92":0.69561547,"muscle83":0.442916989,"muscle85":0.804009378,"muscle86":0.804009378,"muscle84":-0.436817974,"muscle87":0.440953255,"muscle89":0.810934305,"muscle90":0.810934305,"muscle88":0.271548122,"muscle75":-1.09020865,"muscle77":0.63999474,"muscle78":0.639995337,"muscle76":-0.419999987},"strings":{},"inTangent":0,"inWeight":0,"outTangent":0,"outWeight":0,"weightedMode":0}]},{"properties":["Face Animation Neutra"],"loops":false,"keyFrames":[{"property":"Face Animation Neutra","index":0,"time":0,"ints":{},"floats":{"girl_head_.blendShape.mClose":100,"girl_head_.blendShape.A":0,"girl_head_.blendShape.Cons":0,"girl_head_.blendShape.Fv":0,"girl_head_.blendShape.mLSide":0,"girl_head_.blendShape.mLSideUp":0,"girl_head_.blendShape.mRSide":0,"girl_head_.blendShape.mRSideUp":0,"girl_head_.blendShape.O":0,"girl_head_.blendShape.smile":0,"girl_head_.blendShape.U":0,"girl_hair.blendShape.cheek1":0,"girl_hair.blendShape.cheek2":0,"girl_hair.blendShape.cheek3":0,"girl_head_.blendShape.Bmp":0,"girl_head_.blendShape.E":0,"girl_head_.blendShape.F001":0,"girl_head_.blendShape.F003":0,"girl_head_.blendShape.F005":0,"girl_head_.blendShape.F006":0,"girl_head_.blendShape.F007":0,"girl_head_.blendShape.F007left":0,"girl_head_.blendShape.F008":0,"girl_head_.blendShape.F017":0,"girl_head_.blendShape.F019":0,"girl_head_.blendShape.F024":0,"girl_head_.blendShape.F031":0,"girl_head_.blendShape.LEyeBMad":0,"girl_head_.blendShape.LEyeClose":0,"girl_head_.blendShape.LEyeLidUp":0,"girl_head_.blendShape.LEyeMad":0,"girl_head_.blendShape.LEyeSad":0,"girl_head_.blendShape.LeyeBUp":0,"girl_head_.blendShape.mSad":0,"girl_head_.blendShape.REyeBMad":0,"girl_head_.blendShape.REyeClose":0,"girl_head_.blendShape.REyeLidUp":0,"girl_head_.blendShape.REyeMad":0,"girl_head_.blendShape.REyeSad":0,"girl_head_.blendShape.ReyeBSad":0,"girl_head_.blendShape.ReyeBUp":0,