{
  "animTracks": [
    {
      "properties": [
        "Right Hand Configuration",
        "Left Hand Configuration",
        "Muscles",
        "Facial Expression"
      ],
      "loops": false,
      "keyFrames": [
        {
          "property": "Muscles",
          "index": 1,
          "time": 1,
          "ints": {},
          "floats": {
            "muscle0": 2.1398753E-12,
            "muscle1": -4.07110923E-13,
            "muscle2": -9.56710622E-13,
            "muscle3": -1.48849899E-12,
            "muscle4": -1.69222731E-25,
            "muscle5": -3.25688776E-13,
            "muscle6": 0,
            "muscle7": 0,
            "muscle8": 0,
            "muscle9": -3.96933029E-13,
            "muscle10": -4.0711097E-14,
            "muscle11": -3.25688776E-13,
            "muscle12": 1.38737931E-07,
            "muscle13": 1.30605528E-07,
            "muscle14": 1.02331555E-07,
            "muscle15": 0,
            "muscle16": -3.13225756E-09,
            "muscle17": 0,
            "muscle18": -2.60550999E-12,
            "muscle19": 0,
            "muscle20": 0,
            "muscle21": 0.527684867,
            "muscle22": -0.075982213,
            "muscle23": -0.588656366,
            "muscle24": 0.953825891,
            "muscle25": 0.425702989,
            "muscle26": -0.059407685,
            "muscle27": 0.0538546853,
            "muscle28": 3.74593156E-07,
            "muscle29": 0.527683973,
            "muscle30": -0.0759851858,
            "muscle31": -0.588659286,
            "muscle32": 0.953825414,
            "muscle33": 0.42570582,
            "muscle34": -0.0593613982,
            "muscle35": 0.0538631566,
            "muscle36": 1.94633657E-07,
            "muscle37": -0.499999434,
            "muscle38": 0.00360223628,
            "muscle39": -0.450742006,
            "muscle40": 0.182094321,
            "muscle41": -0.192425042,
            "muscle42": -0.031829901,
            "muscle43": 0.0843861997,
            "muscle44": -0.0158367287,
            "muscle45": 0.0202514175,
            "muscle46": -0.499998987,
            "muscle47": 0.00360562769,
            "muscle48": -0.594583035,
            "muscle49": 0.221932843,
            "muscle50": -0.0394815654,
            "muscle51": -0.0215805713,
            "muscle52": 0.110914066,
            "muscle53": -0.0158372447,
            "muscle54": 0.0202560239,
            "muscle55": -2.31111145,
            "muscle56": -1.66111195,
            "muscle57": -0.311111093,
            "muscle58": -1,
            "muscle59": -0.999999881,
            "muscle60": -0.706916988,
            "muscle61": -2,
            "muscle62": 0.99999994,
            "muscle63": -1,
            "muscle64": -1.39999998,
            "muscle65": -2,
            "muscle66": 0.99999994,
            "muscle67": -1,
            "muscle68": 0.271548361,
            "muscle69": -2,
            "muscle70": 0.999999642,
            "muscle71": -1,
            "muscle72": -0.113273621,
            "muscle73": -2,
            "muscle74": 1,
            "muscle75": -1.92354167,
            "muscle76": 0.166666001,
            "muscle77": 0.351105988,
            "muscle78": 1.00000012,
            "muscle79": -0.555555522,
            "muscle80": -0.73802799,
            "muscle81": 0.278194845,
            "muscle82": 0.278194845,
            "muscle83": -0.733332574,
            "muscle84": -0.965706766,
            "muscle85": 0.470676184,
            "muscle86": 0.470676154,
            "muscle87": -0.692379832,
            "muscle88": -1.25289643,
            "muscle89": 0.510934591,
            "muscle90": 0.510934293,
            "muscle91": -0.511110961,
            "muscle92": -0.673273087,
            "muscle93": 0.478023916,
            "muscle94": 0.478024244,
            "muscle-1": 1
          },
          "strings": {
            "interpolation": "smooth"
          },
          "inTangent": 0,
          "inWeight": 0,
          "outTangent": 0,
          "outWeight": 0,
          "weightedMode": 0
        },
        {
          "property": "Left Hand Configuration",
          "index": 1,
          "time": 1,
          "ints": {
            "hash": -1543382016
          },
          "floats": {},
          "strings": {
            "name": "0Ec"
          },
          "inTangent": 0,
          "inWeight": 0,
          "outTangent": 0,
          "outWeight": 0,
          "weightedMode": 0
        },
        {
          "property": "Right Hand Configuration",
          "index": 1,
          "time": 1,
          "ints": {
            "hash": -2115461120
          },
          "floats": {},
          "strings": {
            "name": "4uBa1"
          },
          "inTangent": 0,
          "inWeight": 0,
          "outTangent": 0,
          "outWeight": 0,
          "weightedMode": 0
        },
        {
          "property": "Facial Expression",
          "index": 1,
          "time": 1,
          "ints": {},
          "floats": {},
          "strings": {
            "faceName": "Neutra"
          },
          "inTangent": 0,
          "inWeight": 0,
          "outTangent": 0,
          "outWeight": 0,
          "weightedMode": 0
        }
      ]
    },
    {
      "properties": [
        "Face Animation Neutra"
      ],
      "loops": false,
      "keyFrames": [
        {
          "property": "Face Animation Neutra",
          "index": 0,
          "time": 0,
          "ints": {},
          "floats": {
            "girl_head_.blendShape.mClose": 100,
            "girl_head_.blendShape.A": 0,
            "girl_head_.blendShape.Cons": 0,
            "girl_head_.blendShape.Fv": 0,
            "girl_head_.blendShape.mLSide": 0,
            "girl_head_.blendShape.mLSideUp": 0,
            "girl_head_.blendShape.mRSide": 0,
            "girl_head_.blendShape.mRSideUp": 0,
            "girl_head_.blendShape.O": 0,
            "girl_head_.blendShape.smile": 0,
            "girl_head_.blendShape.U": 0,
            "girl_hair.blendShape.cheek1": 0,
            "girl_hair.blendShape.cheek2": 0,
            "girl_hair.blendShape.cheek3": 0,
            "girl_head_.blendShape.Bmp": 0,
            "girl_head_.blendShape.E": 0,
            "girl_head_.blendShape.F001": 0,
            "girl_head_.blendShape.F003": 0,
            "girl_head_.blendShape.F005": 0,
            "girl_head_.blendShape.F006": 0,
            "girl_head_.blendShape.F007": 0,
            "girl_head_.blendShape.F007left": 0,
            "girl_head_.blendShape.F008": 0,
            "girl_head_.blendShape.F017": 0,
            "girl_head_.blendShape.F019": 0,
            "girl_head_.blendShape.F024": 0,
            "girl_head_.blendShape.F031": 0,
            "girl_head_.blendShape.LEyeBMad": 0,
            "girl_head_.blendShape.LEyeClose": 0,
            "girl_head_.blendShape.LEyeLidUp": 0,
            "girl_head_.blendShape.LEyeMad": 0,
            "girl_head_.blendShape.LEyeSad": 0,
            "girl_head_.blendShape.LeyeBUp": 0,
            "girl_head_.blendShape.mSad": 0,
            "girl_head_.blendShape.REyeBMad": 0,
            "girl_head_.blendShape.REyeClose": 0,
            "girl_head_.blendShape.REyeLidUp": 0,
            "girl_head_.blendShape.REyeMad": 0,
            "girl_head_.blendShape.REyeSad": 0,
            "girl_head_.blendShape.ReyeBSad": 0,
            "girl_head_.blendShape.ReyeBUp": 0,