{"animTracks":[{"properties":["Right Hand Configuration","Left Hand Configuration","Muscles"],"keyFrames":[{"property":"Muscles","index":2,"time":2,"ints":{},"floats":{"muscle0":2.77478591E-07,"muscle1":-5.36441974E-07,"muscle2":-7.93866383E-13,"muscle3":-2.13454836E-08,"muscle4":1.62844388E-13,"muscle5":-6.31021982E-13,"muscle6":0,"muscle7":0,"muscle8":0,"muscle9":2.13434017E-08,"muscle10":5.90683237E-14,"muscle11":2.68220845E-07,"muscle12":3.20165157E-07,"muscle13":9.42488043E-07,"muscle14":-5.44483441E-07,"muscle15":-0.324147463,"muscle16":-1.97231259E-07,"muscle17":-0.324148148,"muscle18":-2.77395998E-07,"muscle19":0,"muscle20":0,"muscle21":0.524232686,"muscle22":-0.0713529065,"muscle23":-0.41507405,"muscle24":0.939663827,"muscle25":0.309824884,"muscle26":0.0397879928,"muscle27":-0.0395604856,"muscle28":1.12591374E-06,"muscle29":0.524231672,"muscle30":-0.0713561252,"muscle31":-0.415077686,"muscle32":0.939663708,"muscle33":0.309828311,"muscle34":0.0397919528,"muscle35":-0.0395092331,"muscle36":3.96204285E-07,"muscle37":-0.499999821,"muscle38":0.00360197015,"muscle39":-0.568282366,"muscle40":0.185794652,"muscle41":-0.17575103,"muscle42":-0.26439935,"muscle43":0.253084391,"muscle44":0.753100276,"muscle45":0.203806788,"muscle46":-0.499998987,"muscle47":0.0036056363,"muscle48":-0.561985672,"muscle49":0.187016055,"muscle50":-0.174051613,"muscle51":-0.264789939,"muscle52":0.138367265,"muscle53":0.665483713,"muscle54":0.399402678,"muscle55":-1.39020813,"muscle56":0.00555412984,"muscle57":-0.222222105,"muscle58":0.0666665956,"muscle59":-0.0911886692,"muscle60":-0.964444101,"muscle61":0.544861972,"muscle62":0.999999702,"muscle63":-0.112638578,"muscle64":-1.09015012,"muscle65":0.699999154,"muscle66":0.999999821,"muscle67":-0.136824489,"muscle68":-1.39999855,"muscle69":0.610934198,"muscle70":0.99999994,"muscle71":-0.177439466,"muscle72":-0.79771769,"muscle73":0.678024769,"muscle74":1,"muscle75":-1.39020801,"muscle76":0.0055536544,"muscle77":-0.222222134,"muscle78":0.0666665584,"muscle79":-0.0911886171,"muscle80":-0.96444416,"muscle81":0.544861972,"muscle82":0.99999994,"muscle83":-0.112639032,"muscle84":-1.0901494,"muscle85":0.699999332,"muscle86":0.99999994,"muscle87":-0.13682434,"muscle88":-1.39999855,"muscle89":0.610934198,"muscle90":0.999999642,"muscle91":-0.177439526,"muscle92":-0.797717988,"muscle93":0.678024769,"muscle94":1,"duration":0},"strings":{}},{"property":"Muscles","index":3,"time":4,"ints":{},"floats":{"muscle0":2.20384518E-12,"muscle1":-5.36441974E-07,"muscle2":1.42488831E-13,"muscle3":-2.13454836E-08,"muscle4":1.62844388E-13,"muscle5":-6.31021982E-13,"muscle6":0,"muscle7":0,"muscle8":0,"muscle9":-5.33609466E-07,"muscle10":-3.14621647E-14,"muscle11":2.68220447E-07,"muscle12":1.43007071E-06,"muscle13":1.118613E-06,"muscle14":-6.18141712E-07,"muscle15":-0.324147463,"muscle16":-1.97231259E-07,"muscle17":-0.324148953,"muscle18":-1.76044443E-06,"muscle19":0,"muscle20":0,"muscle21":0.520543218,"muscle22":-0.0643839538,"muscle23":-0.236128703,"muscle24":0.924839139,"muscle25":0.190134078,"muscle26":0.0370262116,"muscle27":-0.0268354006,"muscle28":1.26265093E-06,"muscle29":0.520542324,"muscle30":-0.0643868893,"muscle31":-0.23612763,"muscle32":0.924838722,"muscle33":0.190134734,"muscle34":0.0370300412,"muscle35":-0.0267832708,"muscle36":3.96204285E-07,"muscle37":-0.500001132,"muscle38":0.00360267702,"muscle39":-0.218691498,"muscle40":0.220358178,"muscle41":-0.147314191,"muscle42":-0.322199494,"muscle43":-0.489629149,"muscle44":0.0899750367,"muscle45":-1.00004888,"muscle46":-0.499999672,"muscle47":0.00360631314,"muscle48":-0.3868514,"muscle49":0.235145852,"muscle50":-0.140512586,"muscle51":-0.330936491,"muscle52":1.2008028,"muscle53":0.350493461,"muscle54":1.00015569,"muscle55":-1.39020824,"muscle56":0.00555361016,"muscle57":-0.222222105,"muscle58":0.0666665956,"muscle59":-0.0911886692,"muscle60":-0.964444101,"muscle61":0.544861734,"muscle62":0.999999702,"muscle63":-0.112638578,"muscle64":-1.09015,"muscle65":0.699998975,"muscle66":0.999999464,"muscle67":-0.136824489,"muscle68":-1.39999855,"muscle69":0.610934198,"muscle70":0.99999994,"muscle71":-0.177439407,"muscle72":-0.79771769,"muscle73":0.678024888,"muscle74":1,"muscle75":-1.39020801,"muscle76":0.0055536544,"muscle77":-0.222222134,"muscle78":0.0666665584,"muscle79":-0.0911886543,"muscle80":-0.964444101,"muscle81":0.544861972,"muscle82":0.99999994,"muscle83":-0.112639032,"muscle84":-1.0901494,"muscle85":0.699999332,"muscle86":0.99999994,"muscle87":-0.13682434,"muscle88":-1.39999855,"muscle89":0.610934198,"muscle90":0.999999344,"muscle91":-0.177439526,"muscle92":-0.79771781,"muscle93":0.678024888,"muscle94":1,"duration":0},"strings":{}},{"property":"Left Hand Configuration","index":2,"time":2,"ints":{"hash":1762143232},"floats":{"duration":0},"strings":{"name":"CONCHA1"}},{"property":"Left Hand Configuration","index":3,"time":4,"ints":{"hash":693471232},"floats":{"duration":0},"strings":{"name":"CONCHA1"}},{"property":"Right Hand Configuration","index":2,"time":2,"ints":{"hash":1190064128},"floats":{"duration":0},"strings":{"name":"CONCHA1"}},{"property":"Right Hand Configuration","index":3,"time":4,"ints":{"hash":121392128},"floats":{"duration":0},"strings":{"name":"CONCHA1"}}]}],"version":2,"globalSpeed":1.89999998,"globalRepetitions":1}
