{"animTracks":[{"properties":["Right Hand Configuration","Left Hand Configuration","Muscles","Facial Expression"],"loops":false,"keyFrames":[{"property":"Muscles","index":1,"time":1,"ints":{},"floats":{"muscle0":2.56134228E-07,"muscle1":-1.42488763E-13,"muscle2":-5.49599645E-13,"muscle3":2.13431885E-08,"muscle4":-4.07110868E-14,"muscle5":0,"muscle6":0,"muscle7":0,"muscle8":0,"muscle9":-2.13452704E-08,"muscle10":2.23540313E-14,"muscle11":2.682211E-07,"muscle12":-2.02771005E-07,"muscle13":1.95387557E-07,"muscle14":-2.5273215E-07,"muscle15":-0.324149996,"muscle16":7.54565477E-08,"muscle17":-0.324149996,"muscle18":-1.25760167E-07,"muscle19":0,"muscle20":0,"muscle21":0.527684629,"muscle22":-0.0759822652,"muscle23":-0.588656783,"muscle24":0.953825772,"muscle25":0.425629228,"muscle26":0.042562034,"muscle27":-0.0481425785,"muscle28":5.79231937E-07,"muscle29":0.527684867,"muscle30":-0.0759847462,"muscle31":-0.588661671,"muscle32":0.953825772,"muscle33":0.425633192,"muscle34":0.0425647497,"muscle35":-0.0480923951,"muscle36":-8.17754753E-08,"muscle37":-0.499999434,"muscle38":0.00360218296,"muscle39":-0.512599766,"muscle40":0.210586742,"muscle41":-0.169809639,"muscle42":0.99277091,"muscle43":0.268193185,"muscle44":-0.0158367883,"muscle45":0.0202510636,"muscle46":-0.499999315,"muscle47":0.00360563514,"muscle48":0.00374892773,"muscle49":-0.170401543,"muscle50":0.418791354,"muscle51":-0.606835067,"muscle52":0.122971408,"muscle53":0.785732269,"muscle54":-0.302137196,"muscle55":-1.36603751E-06,"muscle56":8.19622528E-07,"muscle57":-1.67169532E-08,"muscle58":-9.05049902E-08,"muscle59":-3.41509327E-08,"muscle60":1.70754674E-07,"muscle61":7.58909735E-08,"muscle62":7.58909593E-08,"muscle63":3.41509363E-08,"muscle64":-2.27672913E-07,"muscle65":0,"muscle66":-2.20871741E-18,"muscle67":0,"muscle68":0,"muscle69":-7.58909735E-08,"muscle70":-8.28269027E-19,"muscle71":-6.36110494E-17,"muscle72":4.26886686E-08,"muscle73":4.41743481E-18,"muscle74":-3.31307611E-18,"muscle75":-1.35642847E-06,"muscle76":-1.99999976,"muscle77":-0.999999821,"muscle78":0.799999356,"muscle79":-0.555555344,"muscle80":-0.497778475,"muscle81":-0.255137503,"muscle82":-0.255137384,"muscle83":-1.00000012,"muscle84":-1.33903849,"muscle85":-2.00000095,"muscle86":-1,"muscle87":-0.999999881,"muscle88":-0.0706730559,"muscle89":-2,"muscle90":-1,"muscle91":-0.999999583,"muscle92":-0.113273971,"muscle93":-2.00000095,"muscle94":-0.99999994,"muscle-1":1},"strings":{},"inTangent":0,"inWeight":0,"outTangent":0,"outWeight":0,"weightedMode":0},{"property":"Muscles","index":2,"time":1.53535342,"ints":{},"floats":{"muscle0":2.24928734E-12,"muscle1":4.07110902E-14,"muscle2":5.08888667E-13,"muscle3":2.13431885E-08,"muscle4":-4.07110868E-14,"muscle5":0,"muscle6":0,"muscle7":0,"muscle8":0,"muscle9":-2.13452704E-08,"muscle10":2.23540313E-14,"muscle11":2.682211E-07,"muscle12":1.81427069E-07,"muscle13":1.15966394E-07,"muscle14":-3.43676874E-07,"muscle15":0,"muscle16":-1.97229184E-07,"muscle17":0,"muscle18":1.55238649E-08,"muscle19":0,"muscle20":0,"muscle21":0.52423358,"muscle22":-0.0713517144,"muscle23":-0.415076971,"muscle24":0.939664185,"muscle25":0.309866786,"muscle26":-0.0509066284,"muscle27":0.0511473045,"muscle28":5.79231937E-07,"muscle29":0.524233937,"muscle30":-0.0713541433,"muscle31":-0.415078163,"muscle32":0.939663827,"muscle33":0.309868574,"muscle34":-0.0508568138,"muscle35":0.051150322,"muscle36":-8.17754753E-08,"muscle37":-0.499999136,"muscle38":0.00360311777,"muscle39":-0.51453495,"muscle40":0.210906699,"muscle41":-0.113969103,"muscle42":0.98865366,"muscle43":0.212613747,"muscle44":-0.0172161162,"muscle45":0.0212168861,"muscle46":-0.500000954,"muscle47":0.00360560464,"muscle48":0.00831403304,"muscle49":-0.297095537,"muscle50":0.328654855,"muscle51":-0.476831526,"muscle52":0.516491055,"muscle53":0.261334509,"muscle54":-0.0604761578,"muscle55":-1.36603751E-06,"muscle56":1.77584877E-06,"muscle57":-1.67169532E-08,"muscle58":-5.17475087E-07,"muscle59":-3.41509327E-08,"muscle60":1.70754674E-07,"muscle61":7.58909735E-08,"muscle62":7.58909593E-08,"muscle63":2.39056561E-07,"muscle64":-1.13836457E-07,"muscle65":0,"muscle66":-2.20871741E-18,"muscle67":-4.09811264E-07,"muscle68":1.78110954E-14,"muscle69":-7.58909735E-08,"muscle70":-8.28269027E-19,"muscle71":-6.36110494E-17,"muscle72":4.26886686E-08,"muscle73":-4.55345827E-07,"muscle74":-3.31307611E-18,"muscle75":-1.35642847E-06,"muscle76":-1.99999976,"muscle77":-0.999999821,"muscle78":0.799999356,"muscle79":-0.555555284,"muscle80":-0.497778475,"muscle81":-0.255137503,"muscle82":-0.255137384,"muscle83":-1.00000012,"muscle84":-1.33903849,"muscle85":-2.00000095,"muscle86":-1,"muscle87":-0.999999881,"muscle88":-0.0706730559,"muscle89":-2.00000072,"muscle90":-1,"muscle91":-0.999999583,"muscle92":-0.113273971,"muscle93":-2.00000095,"muscle94":-0.99999994,"duration":0,"muscle-1":1},"strings":{"interpolation":"smooth"},"inTangent":0,"inWeight":0,"outTangent":0,"outWeight":0,"weightedMode":0},{"property":"Left Hand Configuration","index":1,"time":1,"ints":{"hash":-1211556864},"floats":{},"strings":{"name":"-"},"inTangent":0,"inWeight":0,"outTangent":0,"outWeight":0,"weightedMode":0},{"property":"Left Hand Configuration","index":2,"time":1.53535342,"ints":{"hash":472799232},"floats":{"duration":0},"strings":{"name":"-"},"inTangent":0,"inWeight":0,"outTangent":0,"outWeight":0,"weightedMode":0},{"property":"Right Hand Configuration","index":1,"time":1,"ints":{"hash":223014912},"floats":{},"strings":{"name":"Bico_Redondo_Fechado"},"inTangent":0,"inWeight":0,"outTangent":0,"outWeight":0,"weightedMode":0},{"property":"Right Hand Configuration","index":2,"time":1.53535342,"ints":{"hash":-99279872},"floats":{"duration":0},"strings":{"name":"Bico_Redondo_Fechado"},"inTangent":0,"inWeight":0,"outTangent":0,"outWeight":0,"weightedMode":0},{"property":"Facial Expression","index":1,"time":1,"ints":{},"floats":{},"strings":{"faceName":"Neutra"},"inTangent":0,"inWeight":0,"outTangent":0,"outWeight":0,"weightedMode":0},{"property":"Facial Expression","index":2,"time":1.53535342,"ints":{},"floats":{"duration":0},"strings":{"faceName":"Neutra"},"inTangent":0,"inWeight":0,"outTangent":0,"outWeight":0,"weightedMode":0}]},{"properties":["Face Animation Neutra"],"loops":false,"keyFrames":[{"property":"Face Animation Neutra","index":0,"time":0,"ints":{},"floats":{"girl_head_.blendShape.mClose":100,"girl_head_.blendShape.A":0,"girl_head_.blendShape.Cons":0,"girl_head_.blendShape.Fv":0,"girl_head_.blendShape.mLSide":0,"girl_head_.blendShape.mLSideUp":0,"girl_head_.blendShape.mRSide":0,"girl_head_.blendShape.mRSideUp":0,"girl_head_.blendShape.O":0,"girl_head_.blendShape.smile":0,"girl_head_.blendShape.U":0,"girl_hair.blendShape.cheek1":0,"girl_hair.blendShape.cheek2":0,"girl_hair.blendShape.cheek3":0,"girl_head_.blendShape.Bmp":0,"girl_head_.blendShape.E":0,"girl_head_.blendShape.F001":0,"girl_head_.blendShape.F003":0,"girl_head_.blendShape.F005":0,"girl_head_.blendShape.F006":0,"girl_head_.blendShape.F007":0,"girl_head_.blendShape.F007left":0,"girl_head_.blendShape.F008":0,"girl_head_.blendShape.F017":0,"girl_head_.blendShape.F019":0,"girl_head_.blendShape.F024":0,"girl_head_.blendShape.F031":0,"girl_head_.blendShape.LEyeBMad":0,"girl_head_.blendShape.LEyeClose":0,"girl_head_.blendShape.LEyeLidUp":0,"girl_head_.blendShape.LEyeMad":0,"girl_head_.blendShape.LEyeSad":0,"girl_head_.blendShape.LeyeBUp":0,"girl_head_.blendShape.mSad":0,"girl_head_.blendShape.REyeBMad":0,"girl_head_.blendShape.REyeClose":0,"girl_head_.blendShape.REyeLidUp":0,"girl_head_.blendShape.REyeMad":0,"girl_head_.blendShape.REyeSad":0,"girl_head_.blendShape.ReyeBSad":0,"girl_head_.blendShape.ReyeBUp":0,