{"animTracks":[{"properties":["Right Hand Configuration","Left Hand Configuration","Muscles"],"keyFrames":[{"property":"Muscles","index":1,"time":0.999999881,"ints":{},"floats":{"muscle0":2.77478591E-07,"muscle1":-5.36441974E-07,"muscle2":-7.93866383E-13,"muscle3":-2.13454836E-08,"muscle4":1.62844388E-13,"muscle5":-6.31021982E-13,"muscle6":0,"muscle7":0,"muscle8":0,"muscle9":2.13434017E-08,"muscle10":5.90683237E-14,"muscle11":2.68220845E-07,"muscle12":2.34787919E-07,"muscle13":5.78708523E-07,"muscle14":-2.2680203E-07,"muscle15":-0.324147463,"muscle16":-1.84561559E-05,"muscle17":-0.324148268,"muscle18":-1.65786478E-05,"muscle19":0,"muscle20":0,"muscle21":0.527684152,"muscle22":-0.0759823099,"muscle23":-0.588656127,"muscle24":0.953825772,"muscle25":0.425628841,"muscle26":0.042562589,"muscle27":-0.0481424928,"muscle28":4.42761603E-07,"muscle29":0.527683556,"muscle30":-0.0759852156,"muscle31":-0.588660777,"muscle32":0.953825891,"muscle33":0.425632775,"muscle34":0.0425663367,"muscle35":-0.0480918102,"muscle36":3.96204285E-07,"muscle37":-0.499999821,"muscle38":0.00360197015,"muscle39":-0.512595832,"muscle40":0.210587695,"muscle41":-0.16981034,"muscle42":0.992770672,"muscle43":0.268193841,"muscle44":-0.015839668,"muscle45":0.0202495288,"muscle46":-0.499999195,"muscle47":0.0036051874,"muscle48":-0.252069145,"muscle49":-0.246992826,"muscle50":-0.0618764795,"muscle51":-0.567068398,"muscle52":0.891440392,"muscle53":0.084711805,"muscle54":-0.452979326,"muscle55":-1.36603785E-06,"muscle56":1.36603731E-07,"muscle57":2.95390468E-08,"muscle58":4.26886757E-08,"muscle59":-2.54444197E-16,"muscle60":1.70754674E-07,"muscle61":-6.07127845E-07,"muscle62":7.58909806E-08,"muscle63":6.83018797E-08,"muscle64":-2.27672942E-07,"muscle65":0,"muscle66":-5.52179507E-19,"muscle67":-3.4150947E-08,"muscle68":-5.69182426E-08,"muscle69":-1.51781947E-07,"muscle70":-7.58909806E-08,"muscle71":-3.41509363E-08,"muscle72":4.26886722E-08,"muscle73":-7.58909735E-08,"muscle74":-7.58909735E-08,"muscle75":-1.30000007,"muscle76":-1.26666689,"muscle77":-0.466666162,"muscle78":-0.355555236,"muscle79":0.99999994,"muscle80":-0.831361592,"muscle81":-1.03333426,"muscle82":-0.0399994329,"muscle83":-0.999999583,"muscle84":-1.27681696,"muscle85":-1.46666527,"muscle86":-0.71999979,"muscle87":-1,"muscle88":0.271548212,"muscle89":-1.46666574,"muscle90":-0.799999952,"muscle91":-0.99999994,"muscle92":0.228948474,"muscle93":-1.59999955,"muscle94":-0.519999981,"duration":0.0151515156},"strings":{}},{"property":"Muscles","index":2,"time":1.52020192,"ints":{},"floats":{"muscle0":1.76263301E-12,"muscle1":-5.36441974E-07,"muscle2":-5.36442144E-07,"muscle3":-2.13454836E-08,"muscle4":1.62844388E-13,"muscle5":-6.31021982E-13,"muscle6":0,"muscle7":0,"muscle8":0,"muscle9":-5.33609466E-07,"muscle10":-3.14621647E-14,"muscle11":2.68220447E-07,"muscle12":1.40872658E-06,"muscle13":9.13674114E-07,"muscle14":-1.18569929E-07,"muscle15":-0.324147463,"muscle16":-1.84561559E-05,"muscle17":-0.324148268,"muscle18":-1.65786478E-05,"muscle19":0,"muscle20":0,"muscle21":0.522007406,"muscle22":-0.0674785823,"muscle23":-0.308530122,"muscle24":0.930871069,"muscle25":0.238599554,"muscle26":0.0380842239,"muscle27":-0.0324909352,"muscle28":1.53612518E-06,"muscle29":0.522007465,"muscle30":-0.0674882829,"muscle31":-0.308528841,"muscle32":0.93087095,"muscle33":0.238601342,"muscle34":0.0380882807,"muscle35":-0.0324264839,"muscle36":9.43019529E-07,"muscle37":-0.499999821,"muscle38":0.00360197015,"muscle39":-0.515921652,"muscle40":0.211087063,"muscle41":-0.0779911727,"muscle42":0.98597908,"muscle43":0.176829234,"muscle44":-0.0182153061,"muscle45":0.0217865519,"muscle46":-0.499997169,"muscle47":0.00360632851,"muscle48":-0.252356768,"muscle49":-0.2469396,"muscle50":-0.061804302,"muscle51":-0.502103806,"muscle52":0.62834841,"muscle53":0.125580773,"muscle54":-0.536600053,"muscle55":-1.36603785E-06,"muscle56":1.36603731E-07,"muscle57":2.95390468E-08,"muscle58":4.26886757E-08,"muscle59":-2.54444197E-16,"muscle60":1.70754674E-07,"muscle61":-6.07127845E-07,"muscle62":7.58909806E-08,"muscle63":2.7320749E-07,"muscle64":3.39258994E-15,"muscle65":0,"muscle66":-5.52179507E-19,"muscle67":-4.78113236E-07,"muscle68":1.48425888E-14,"muscle69":-1.51781947E-07,"muscle70":-7.58909806E-08,"muscle71":-3.41509363E-08,"muscle72":4.26886722E-08,"muscle73":-7.58909735E-08,"muscle74":-7.58909735E-08,"muscle75":-1.30000007,"muscle76":-1.26666689,"muscle77":-0.466666162,"muscle78":-0.355555236,"muscle79":0.99999994,"muscle80":-0.831361592,"muscle81":-1.03333426,"muscle82":-0.0399994329,"muscle83":-0.999999583,"muscle84":-1.27681696,"muscle85":-1.46666527,"muscle86":-0.71999979,"muscle87":-1,"muscle88":0.271548212,"muscle89":-1.46666574,"muscle90":-0.799999952,"muscle91":-0.99999994,"muscle92":0.228948474,"muscle93":-1.59999955,"muscle94":-0.519999981,"duration":0},"strings":{}},{"property":"Left Hand Configuration","index":1,"time":0.999999881,"ints":{"hash":-946791424},"floats":{"duration":0.0151515156},"strings":{"name":"-"}},{"property":"Left Hand Configuration","index":2,"time":1.52020192,"ints":{"hash":1631938560},"floats":{"duration":0},"strings":{"name":"-"}},{"property":"Right Hand Configuration","index":1,"time":0.999999881,"ints":{"hash":-1518870528},"floats":{"duration":0.0151515156},"strings":{"name":"bico de a\u0301guia"}},{"property":"Right Hand Configuration","index":2,"time":1.52020192,"ints":{"hash":1059859456},"floats":{"duration":0},"strings":{"name":"bico de a\u0301guia"}}]}],"version":2,"globalSpeed":1,"globalRepetitions":4}
