{
  "animTracks": [
    {
      "properties": [
        "Right Hand Configuration",
        "Left Hand Configuration",
        "Muscles",
        "Facial Expression"
      ],
      "loops": false,
      "keyFrames": [
        {
          "property": "Muscles",
          "index": 1,
          "time": 1,
          "ints": {},
          "floats": {
            "muscle0": 2.1398753E-12,
            "muscle1": -4.07110923E-13,
            "muscle2": -9.56710622E-13,
            "muscle3": -1.48849899E-12,
            "muscle4": -1.69222731E-25,
            "muscle5": -3.25688776E-13,
            "muscle6": 0,
            "muscle7": 0,
            "muscle8": 0,
            "muscle9": -3.96933029E-13,
            "muscle10": -4.0711097E-14,
            "muscle11": -3.25688776E-13,
            "muscle12": 1.38737931E-07,
            "muscle13": 1.30605528E-07,
            "muscle14": 1.02331555E-07,
            "muscle15": 0,
            "muscle16": -3.13225756E-09,
            "muscle17": 0,
            "muscle18": -2.60550999E-12,
            "muscle19": 0,
            "muscle20": 0,
            "muscle21": 0.527684987,
            "muscle22": -0.075982213,
            "muscle23": -0.588656247,
            "muscle24": 0.953825712,
            "muscle25": 0.4257029,
            "muscle26": -0.0594078712,
            "muscle27": 0.0538544767,
            "muscle28": 3.74593156E-07,
            "muscle29": 0.527683496,
            "muscle30": -0.0759853348,
            "muscle31": -0.588659286,
            "muscle32": 0.953825295,
            "muscle33": 0.425705791,
            "muscle34": -0.0593609177,
            "muscle35": 0.053863246,
            "muscle36": 1.94633657E-07,
            "muscle37": -0.499999434,
            "muscle38": 0.00360223628,
            "muscle39": -0.447603077,
            "muscle40": -0.159521967,
            "muscle41": 0.168274671,
            "muscle42": -0.262610137,
            "muscle43": -1.11839378,
            "muscle44": 0.397164285,
            "muscle45": 0.399385124,
            "muscle46": -0.499998987,
            "muscle47": 0.00360562769,
            "muscle48": -0.356987894,
            "muscle49": -0.138994142,
            "muscle50": 0.142633244,
            "muscle51": -0.241633207,
            "muscle52": -0.633559585,
            "muscle53": 0.483297795,
            "muscle54": -0.403384507,
            "muscle55": -2.70000076,
            "muscle56": 0.205554307,
            "muscle57": -0.200000063,
            "muscle58": -0.999999821,
            "muscle59": 0.642144799,
            "muscle60": -0.96444416,
            "muscle61": 0.711529016,
            "muscle62": 0.711528957,
            "muscle63": 0.665139258,
            "muscle64": -1.09014988,
            "muscle65": 0.699999452,
            "muscle66": 0.699999452,
            "muscle67": 0.640953064,
            "muscle68": -1.39999855,
            "muscle69": 0.710934162,
            "muscle70": 0.710934341,
            "muscle71": 0.711449087,
            "muscle72": -0.579940796,
            "muscle73": 0.711358011,
            "muscle74": 0.711357653,
            "muscle75": -2.70000052,
            "muscle76": 0.205553815,
            "muscle77": -0.199999958,
            "muscle78": -0.999998868,
            "muscle79": 0.642144799,
            "muscle80": -0.96444416,
            "muscle81": 0.711528718,
            "muscle82": 0.711528718,
            "muscle83": 0.665139139,
            "muscle84": -1.09014964,
            "muscle85": 0.699999034,
            "muscle86": 0.699999273,
            "muscle87": 0.640952885,
            "muscle88": -1.39999855,
            "muscle89": 0.710934162,
            "muscle90": 0.710934281,
            "muscle91": 0.711449146,
            "muscle92": -0.579940796,
            "muscle93": 0.711357415,
            "muscle94": 0.711357474,
            "muscle-1": 1
          },
          "strings": {
            "interpolation": "default"
          },
          "inTangent": 0,
          "inWeight": 0,
          "outTangent": 0,
          "outWeight": 0,
          "weightedMode": 0
        },
        {
          "property": "Muscles",
          "index": 2,
          "time": 4,
          "ints": {},
          "floats": {
            "muscle0": 2.1398753E-12,
            "muscle1": -4.07110923E-13,
            "muscle2": -9.56710622E-13,
            "muscle3": -1.48849899E-12,
            "muscle4": -1.69222731E-25,
            "muscle5": -3.25688776E-13,
            "muscle6": 0,
            "muscle7": 0,
            "muscle8": 0,
            "muscle9": -3.96933029E-13,
            "muscle10": -4.0711097E-14,
            "muscle11": -3.25688776E-13,
            "muscle12": 2.24115283E-07,
            "muscle13": 9.95385392E-08,
            "muscle14": -7.09151351E-08,
            "muscle15": 0,
            "muscle16": -3.13225756E-09,
            "muscle17": 0,
            "muscle18": -2.60550999E-12,
            "muscle19": 0,
            "muscle20": 0,
            "muscle21": 0.524231911,
            "muscle22": -0.0713529363,
            "muscle23": -0.415074408,
            "muscle24": 0.939663827,
            "muscle25": 0.30993706,
            "muscle26": -0.0621725619,
            "muscle27": 0.0624403842,
            "muscle28": 3.74593156E-07,
            "muscle29": 0.524233282,
            "muscle30": -0.0713565126,
            "muscle31": -0.415080339,
            "muscle32": 0.939663291,
            "muscle33": 0.309941769,
            "muscle34": -0.0621289276,
            "muscle35": 0.0624496639,
            "muscle36": 8.09750759E-07,
            "muscle37": -0.499998987,
            "muscle38": 0.00360269262,
            "muscle39": -0.394836783,
            "muscle40": 0.123393275,
            "muscle41": 0.411646128,
            "muscle42": -0.588055134,
            "muscle43": 0.0860093236,
            "muscle44": 0.272290081,
            "muscle45": -0.991624594,
            "muscle46": -0.499997675,
            "muscle47": 0.00360540743,
            "muscle48": -0.222236186,
            "muscle49": 0.0840659514,
            "muscle50": 0.384317309,
            "muscle51": -0.435997784,
            "muscle52": 0.351206154,
            "muscle53": 0.198560432,
            "muscle54": -1.00005674,
            "muscle55": -2.70000076,
            "muscle56": 0.205554307,
            "muscle57": -0.200000063,
            "muscle58": -0.999999821,
            "muscle59": 0.642144799,
            "muscle60": -0.96444416,
            "muscle61": 0.711529016,
            "muscle62": 0.711528957,
            "muscle63": 0.665139258,
            "muscle64": -1.09014988,
            "muscle65": 0.699998975,
            "muscle66": 0.699999273,
            "muscle67": 0.640953064,
            "muscle68": -1.39999831,
            "muscle69": 0.710934162,
            "muscle70": 0.710934341,
            "muscle71": 0.711449087,
            "muscle72": -0.579940856,
            "muscle73": 0.711358011,
            "muscle74": 0.711357474,
            "muscle75": -2.70000052,
            "muscle76": 0.205553815,
            "muscle77": -0.199999958,
            "muscle78": -0.999998868,
            "muscle79": 0.642144799,
            "muscle80": -0.96444416,
            "muscle81": 0.711528718,
            "muscle82": 0.711528718,
            "muscle83": 0.665138841,
            "muscle84": -1.09014976,
            "muscle85": 0.699999034,
            "muscle86": 0.699999273,
            "muscle87": 0.640952885,
            "muscle88": -1.39999855,
            "muscle89": 0.710934162,
            "muscle90": 0.710934281,
            "muscle91": 0.711449146,
            "muscle92": -0.579940796,
            "muscle93": 0.711357415,
            "muscle94": 0.711357474,
            "duration": 0,
            "muscle-1": 1
          },
          "strings": {
            "interpolation": "default"
          },
          "inTangent": 0,
          "inWeight": 0,
          "outTangent": 0,