{"animTracks":[{"properties":["Right Hand Configuration","Left Hand Configuration","Muscles","Facial Expression"],"loops":false,"keyFrames":[{"property":"Muscles","index":1,"time":1.14646459,"ints":{},"floats":{"muscle0":2.56134228E-07,"muscle1":-1.42488763E-13,"muscle2":-5.49599645E-13,"muscle3":2.13431885E-08,"muscle4":-4.07110868E-14,"muscle5":0,"muscle6":0,"muscle7":0,"muscle8":0,"muscle9":-2.13452704E-08,"muscle10":2.23540313E-14,"muscle11":2.682211E-07,"muscle12":-2.02771005E-07,"muscle13":1.95387557E-07,"muscle14":-2.5273215E-07,"muscle15":-0.324147224,"muscle16":7.54565477E-08,"muscle17":-0.32414791,"muscle18":-1.25760167E-07,"muscle19":0,"muscle20":0,"muscle21":0.527684629,"muscle22":-0.0759822652,"muscle23":-0.588656783,"muscle24":0.953825772,"muscle25":0.425629228,"muscle26":0.042562034,"muscle27":-0.0481425785,"muscle28":5.79231937E-07,"muscle29":0.527684867,"muscle30":-0.0759847462,"muscle31":-0.588661671,"muscle32":0.953825772,"muscle33":0.425633192,"muscle34":0.0425647497,"muscle35":-0.0480923951,"muscle36":-8.17754753E-08,"muscle37":-0.499999434,"muscle38":0.00360218296,"muscle39":-0.398064703,"muscle40":-0.266085267,"muscle41":-0.608605385,"muscle42":-0.05494399,"muscle43":-0.746039987,"muscle44":-0.0178601556,"muscle45":0.0932177603,"muscle46":-0.499999315,"muscle47":0.00360563514,"muscle48":-0.168121964,"muscle49":-0.262016684,"muscle50":0.53617543,"muscle51":-0.534389436,"muscle52":0.0959511697,"muscle53":0.76602751,"muscle54":-0.150890201,"muscle55":-2.43333316,"muscle56":-2,"muscle57":-0.577777684,"muscle58":-1,"muscle59":-0.999999881,"muscle60":-0.706916988,"muscle61":-2,"muscle62":0.99999994,"muscle63":-1,"muscle64":-1.39999998,"muscle65":-2,"muscle66":0.99999994,"muscle67":-1,"muscle68":-0.226229638,"muscle69":-2,"muscle70":0.999999642,"muscle71":-1,"muscle72":-0.299940258,"muscle73":-2,"muscle74":1,"muscle75":-2.36631513,"muscle76":-1.99970472,"muscle77":-0.0222189482,"muscle78":0.99985218,"muscle79":-0.999851704,"muscle80":-0.831239104,"muscle81":0.266627282,"muscle82":0.999851942,"muscle83":-0.999852359,"muscle84":-1.27662849,"muscle85":0.199969992,"muscle86":0.999852777,"muscle87":-0.999851942,"muscle88":-0.506155074,"muscle89":0.399940968,"muscle90":0.999852717,"muscle91":-0.999852479,"muscle92":-0.393214911,"muscle93":0.533254564,"muscle94":0.999853015,"duration":0.171717167},"strings":{},"inTangent":0,"inWeight":0,"outTangent":0,"outWeight":0,"weightedMode":0},{"property":"Muscles","index":2,"time":1.67171705,"ints":{},"floats":{"muscle0":2.24928734E-12,"muscle1":4.07110902E-14,"muscle2":5.08888667E-13,"muscle3":2.77475209E-07,"muscle4":-4.07110801E-14,"muscle5":-5.08888586E-14,"muscle6":0,"muscle7":0,"muscle8":0,"muscle9":-2.13452704E-08,"muscle10":2.23540313E-14,"muscle11":2.682211E-07,"muscle12":-2.77476147E-07,"muscle13":-2.82158158E-10,"muscle14":-5.22685752E-07,"muscle15":0,"muscle16":7.54565477E-08,"muscle17":0,"muscle18":-1.25760167E-07,"muscle19":0,"muscle20":0,"muscle21":0.524233162,"muscle22":-0.0713517889,"muscle23":-0.415077001,"muscle24":0.939664185,"muscle25":0.309866995,"muscle26":-0.050906267,"muscle27":0.0511476472,"muscle28":2.37589148E-07,"muscle29":0.524233401,"muscle30":-0.07135427,"muscle31":-0.415079504,"muscle32":0.939663827,"muscle33":0.309869707,"muscle34":-0.0508564226,"muscle35":0.0511502177,"muscle36":-8.17754753E-08,"muscle37":-0.499999434,"muscle38":0.00360218296,"muscle39":-0.398093909,"muscle40":-0.266049623,"muscle41":-0.608571172,"muscle42":-0.0549502335,"muscle43":-0.746086359,"muscle44":-0.0178654306,"muscle45":0.0931751803,"muscle46":-0.499999315,"muscle47":0.00360563514,"muscle48":-0.167761207,"muscle49":-0.261771411,"muscle50":0.535924911,"muscle51":-0.534103572,"muscle52":0.0961693302,"muscle53":0.572001338,"muscle54":-0.1510171,"muscle55":-0.199999988,"muscle56":-2,"muscle57":0.51111114,"muscle58":1,"muscle59":-0.113410532,"muscle60":-0.146917,"muscle61":0.911528945,"muscle62":0.911528945,"muscle63":-0.223749638,"muscle64":-0.436818063,"muscle65":0.970676124,"muscle66":0.970676124,"muscle67":-0.492379725,"muscle68":-0.444007397,"muscle69":1,"muscle70":1,"muscle71":-0.62188381,"muscle72":0.291171044,"muscle73":1,"muscle74":1,"muscle75":-0.20000045,"muscle76":-2,"muscle77":0.511111617,"muscle78":0.999999821,"muscle79":-0.113410123,"muscle80":-0.146916583,"muscle81":0.911528468,"muscle82":0.911528885,"muscle83":-0.223749369,"muscle84":-0.436818123,"muscle85":0.970675468,"muscle86":0.970675647,"muscle87":-0.492379695,"muscle88":-0.444007754,"muscle89":0.999999702,"muscle90":0.999999464,"muscle91":-0.621883512,"muscle92":0.291170835,"muscle93":1,"muscle94":1,"duration":0.338383824,"muscle-1":1},"strings":{"interpolation":"default"},"inTangent":0,"inWeight":0,"outTangent":0,"outWeight":0,"weightedMode":0},{"property":"Left Hand Configuration","index":1,"time":1.14646459,"ints":{"hash":-95947776},"floats":{"duration":0.171717167},"strings":{"name":"G"},"inTangent":0,"inWeight":0,"outTangent":0,"outWeight":0,"weightedMode":0},{"property":"Left Hand Configuration","index":2,"time":1.67171705,"ints":{"hash":-1423181824},"floats":{"duration":0.338383824},"strings":{"name":"GARRA_ABERTA_CURVA"},"inTangent":0,"inWeight":0,"outTangent":0,"outWeight":0,"weightedMode":0},{"property":"Right Hand Configuration","index":1,"time":1.14646459,"ints":{"hash":948404224},"floats":{"duration":0.171717167},"strings":{"name":"bico de pato"},"inTangent":0,"inWeight":0,"outTangent":0,"outWeight":0,"weightedMode":0},{"property":"Right Hand Configuration","index":2,"time":1.67171705,"ints":{"hash":-1995260928},"floats":{"duration":0.338383824},"strings":{"name":"GARRA_ABERTA_CURVA"},"inTangent":0,"inWeight":0,"outTangent":0,"outWeight":0,"weightedMode":0},{"property":"Facial Expression","index":1,"time":1.14646459,"ints":{},"floats":{},"strings":{"faceName":"Neutra"},"inTangent":0,"inWeight":0,"outTangent":0,"outWeight":0,"weightedMode":0},{"property":"Facial Expression","index":2,"time":1.67171705,"ints":{},"floats":{},"strings":{"faceName":"Neutra"},"inTangent":0,"inWeight":0,"outTangent":0,"outWeight":0,"weightedMode":0}]},{"properties":["Face Animation Neutra"],"loops":false,"keyFrames":[{"property":"Face Animation Neutra","index":0,"time":0,"ints":{},"floats":{"girl_head_.blendShape.mClose":100,"girl_head_.blendShape.A":0,"girl_head_.blendShape.Cons":0,"girl_head_.blendShape.Fv":0,"girl_head_.blendShape.mLSide":0,"girl_head_.blendShape.mLSideUp":0,"girl_head_.blendShape.mRSide":0,"girl_head_.blendShape.mRSideUp":0,"girl_head_.blendShape.O":0,"girl_head_.blendShape.smile":0,"girl_head_.blendShape.U":0,"girl_hair.blendShape.cheek1":0,"girl_hair.blendShape.cheek2":0,"girl_hair.blendShape.cheek3":0,"girl_head_.blendShape.Bmp":0,"girl_head_.blendShape.E":0,"girl_head_.blendShape.F001":0,"girl_head_.blendShape.F003":0,"girl_head_.blendShape.F005":0,"girl_head_.blendShape.F006":0,"girl_head_.blendShape.F007":0,"girl_head_.blendShape.F007left":0,"girl_head_.blendShape.F008":0,"girl_head_.blendShape.F017":0,"girl_head_.blendShape.F019":0,"girl_head_.blendShape.F024":0,"girl_head_.blendShape.F031":0,"girl_head_.blendShape.LEyeBMad":0,"girl_head_.blendShape.LEyeClose":0,"girl_head_.blendShape.LEyeLidUp":0,"girl_head_.blendShape.LEyeMad":0,"girl_head_.blendShape.LEyeSad":0,"girl_head_.blendShape.LeyeBUp":0,"girl_head_.blendShape.mSad":0,"girl_head_.blendShape.REyeBMad":0,"girl_head_.blendShape.REyeClose":0,"girl_head_.blendShape.REyeLidUp":0,"girl_head_.blendShape.REyeMad":0,"girl_head_.blendShape.REyeSad":0,"girl_head_.blendShape.ReyeBSad":0,"girl_head_.blendShape.ReyeBUp":0,