{"animTracks":[{"properties":["Right Hand Configuration","Left Hand Configuration","Muscles"],"loops":false,"keyFrames":[{"property":"Muscles","index":1,"time":1.14646459,"ints":{},"floats":{"muscle0":2.56134228E-07,"muscle1":-1.42488763E-13,"muscle2":-5.49599645E-13,"muscle3":2.13431885E-08,"muscle4":-4.07110868E-14,"muscle5":0,"muscle6":0,"muscle7":0,"muscle8":0,"muscle9":-2.13452704E-08,"muscle10":2.23540313E-14,"muscle11":2.682211E-07,"muscle12":-2.02771005E-07,"muscle13":1.95387557E-07,"muscle14":-2.5273215E-07,"muscle15":-0.324147224,"muscle16":7.54565477E-08,"muscle17":-0.32414791,"muscle18":-1.25760167E-07,"muscle19":0,"muscle20":0,"muscle21":0.527684629,"muscle22":-0.0759822652,"muscle23":-0.588656783,"muscle24":0.953825772,"muscle25":0.425629228,"muscle26":0.042562034,"muscle27":-0.0481425785,"muscle28":5.79231937E-07,"muscle29":0.527684867,"muscle30":-0.0759847462,"muscle31":-0.588661671,"muscle32":0.953825772,"muscle33":0.425633192,"muscle34":0.0425647497,"muscle35":-0.0480923951,"muscle36":-8.17754753E-08,"muscle37":-0.499999434,"muscle38":0.00360218296,"muscle39":-0.398064703,"muscle40":-0.266085267,"muscle41":-0.608605385,"muscle42":-0.05494399,"muscle43":-0.746039987,"muscle44":-0.0178601556,"muscle45":0.0932177603,"muscle46":-0.499999315,"muscle47":0.00360563514,"muscle48":-0.168121964,"muscle49":-0.262016684,"muscle50":0.53617543,"muscle51":-0.534389436,"muscle52":0.0959511697,"muscle53":0.76602751,"muscle54":-0.150890201,"muscle55":-2.43297529,"muscle56":-1.99970376,"muscle57":-0.577692449,"muscle58":-0.999852538,"muscle59":-0.999851465,"muscle60":-0.706812441,"muscle61":-1.99970615,"muscle62":0.999851882,"muscle63":-0.999852538,"muscle64":-1.39979255,"muscle65":-1.99970615,"muscle66":0.999851763,"muscle67":-0.999852479,"muscle68":-0.299895257,"muscle69":-1.99970448,"muscle70":0.999852896,"muscle71":-0.999852359,"muscle72":-0.22619611,"muscle73":-1.99970615,"muscle74":0.999851942,"muscle75":-2.36631513,"muscle76":-1.99970472,"muscle77":-0.0222189482,"muscle78":0.99985218,"muscle79":-0.999851704,"muscle80":-0.831239104,"muscle81":0.266627282,"muscle82":0.999851942,"muscle83":-0.999852359,"muscle84":-1.27662849,"muscle85":0.199969992,"muscle86":0.999852777,"muscle87":-0.999851942,"muscle88":-0.506155074,"muscle89":0.399940968,"muscle90":0.999852717,"muscle91":-0.999852479,"muscle92":-0.393214911,"muscle93":0.533254564,"muscle94":0.999853015,"duration":0.171717167},"strings":{}},{"property":"Muscles","index":2,"time":1.67171705,"ints":{},"floats":{"muscle0":2.24928734E-12,"muscle1":4.07110902E-14,"muscle2":5.08888667E-13,"muscle3":2.77475209E-07,"muscle4":-4.07110801E-14,"muscle5":-5.08888586E-14,"muscle6":0,"muscle7":0,"muscle8":0,"muscle9":-2.13452704E-08,"muscle10":2.23540313E-14,"muscle11":2.682211E-07,"muscle12":-2.77476147E-07,"muscle13":-2.82158158E-10,"muscle14":-5.22685752E-07,"muscle15":-0.324147224,"muscle16":7.54565477E-08,"muscle17":-0.32414791,"muscle18":-1.25760167E-07,"muscle19":0,"muscle20":0,"muscle21":0.524233162,"muscle22":-0.0713517889,"muscle23":-0.415077001,"muscle24":0.939664185,"muscle25":0.309866995,"muscle26":-0.050906267,"muscle27":0.0511476472,"muscle28":2.37589148E-07,"muscle29":0.524233401,"muscle30":-0.07135427,"muscle31":-0.415079504,"muscle32":0.939663827,"muscle33":0.309869707,"muscle34":-0.0508564226,"muscle35":0.0511502177,"muscle36":-8.17754753E-08,"muscle37":-0.499999434,"muscle38":0.00360218296,"muscle39":-0.398093909,"muscle40":-0.266049623,"muscle41":-0.608571172,"muscle42":-0.0549502335,"muscle43":-0.746086359,"muscle44":-0.0178654306,"muscle45":0.0931751803,"muscle46":-0.499999315,"muscle47":0.00360563514,"muscle48":-0.167761207,"muscle49":-0.261771411,"muscle50":0.535924911,"muscle51":-0.534103572,"muscle52":0.0961693302,"muscle53":0.572001338,"muscle54":-0.1510171,"muscle55":-0.200000346,"muscle56":-1.99999905,"muscle57":0.511111617,"muscle58":1,"muscle59":-0.113410667,"muscle60":-0.14691624,"muscle61":0.911528885,"muscle62":0.911528468,"muscle63":-0.223749503,"muscle64":-0.436818272,"muscle65":0.970675588,"muscle66":0.970675588,"muscle67":-0.492379785,"muscle68":-0.444007754,"muscle69":1.00000012,"muscle70":0.999999821,"muscle71":-0.621883452,"muscle72":0.291170895,"muscle73":1,"muscle74":0.99999994,"muscle75":-0.20000045,"muscle76":-2,"muscle77":0.511111617,"muscle78":0.999999821,"muscle79":-0.113410123,"muscle80":-0.146916583,"muscle81":0.911528468,"muscle82":0.911528885,"muscle83":-0.223749369,"muscle84":-0.436818123,"muscle85":0.970675468,"muscle86":0.970675647,"muscle87":-0.492379695,"muscle88":-0.444007754,"muscle89":0.999999702,"muscle90":0.999999464,"muscle91":-0.621883512,"muscle92":0.291170835,"muscle93":1,"muscle94":1,"duration":0.338383824},"strings":{}},{"property":"Left Hand Configuration","index":1,"time":1.14646459,"ints":{"hash":-95947776},"floats":{"duration":0.171717167},"strings":{"name":"G"}},{"property":"Left Hand Configuration","index":2,"time":1.67171705,"ints":{"hash":1712190464},"floats":{"duration":0.338383824},"strings":{"name":"GARRA_ABERTA_CURVA"}},{"property":"Right Hand Configuration","index":1,"time":1.14646459,"ints":{"hash":948404224},"floats":{"duration":0.171717167},"strings":{"name":"bico de pato"}},{"property":"Right Hand Configuration","index":2,"time":1.67171705,"ints":{"hash":1140111360},"floats":{"duration":0.338383824},"strings":{"name":"GARRA_ABERTA_CURVA"}}]}],"version":3,"globalSpeed":1,"globalRepetitions":1}
