{"animTracks":[{"properties":["Right Hand Configuration","Left Hand Configuration","Muscles"],"loops":false,"keyFrames":[{"property":"Muscles","index":1,"time":2.32828307,"ints":{},"floats":{"muscle0":2.20384518E-12,"muscle1":-5.36441974E-07,"muscle2":1.42488831E-13,"muscle3":-2.13454836E-08,"muscle4":1.62844388E-13,"muscle5":-6.31021982E-13,"muscle6":0,"muscle7":0,"muscle8":0,"muscle9":2.13434017E-08,"muscle10":5.90683237E-14,"muscle11":2.68220845E-07,"muscle12":1.26998839E-06,"muscle13":5.05048035E-07,"muscle14":-4.0292889E-07,"muscle15":-0.324147046,"muscle16":-1.31784475E-06,"muscle17":-0.324148268,"muscle18":-1.58908722E-06,"muscle19":0,"muscle20":0,"muscle21":0.522004008,"muscle22":-0.0674886405,"muscle23":-0.308530748,"muscle24":0.930870771,"muscle25":0.238602743,"muscle26":0.0380886644,"muscle27":-0.0324729383,"muscle28":1.53612518E-06,"muscle29":0.522003055,"muscle30":-0.0674908832,"muscle31":-0.308529496,"muscle32":0.930871427,"muscle33":0.238603026,"muscle34":0.0380930789,"muscle35":-0.032421276,"muscle36":3.96204285E-07,"muscle37":-0.499999821,"muscle38":0.00360197015,"muscle39":-0.515924692,"muscle40":0.211084917,"muscle41":-0.0779894963,"muscle42":0.985978901,"muscle43":0.176828086,"muscle44":-0.0182128511,"muscle45":0.0217903331,"muscle46":-0.499999195,"muscle47":0.0036051874,"muscle48":0.243507996,"muscle49":-0.185492411,"muscle50":0.68642664,"muscle51":-0.520302713,"muscle52":-0.221150652,"muscle53":-0.136727229,"muscle54":0.0807200372,"muscle55":-1.36603785E-06,"muscle56":4.78113236E-07,"muscle57":2.95390468E-08,"muscle58":4.26886757E-08,"muscle59":-2.54444197E-16,"muscle60":1.70754674E-07,"muscle61":-6.07127845E-07,"muscle62":7.58909806E-08,"muscle63":6.83018797E-08,"muscle64":-2.27672942E-07,"muscle65":0,"muscle66":-5.52179507E-19,"muscle67":-3.4150947E-08,"muscle68":-5.69182426E-08,"muscle69":-6.07127788E-07,"muscle70":-7.58909806E-08,"muscle71":2.04905632E-07,"muscle72":9.54165992E-16,"muscle73":-7.58909735E-08,"muscle74":-7.58909735E-08,"muscle75":3.61468295E-07,"muscle76":0.338887781,"muscle77":-0.199999452,"muscle78":1.00000012,"muscle79":0.642144799,"muscle80":-0.964444101,"muscle81":0.844861925,"muscle82":0.844862521,"muscle83":0.665139377,"muscle84":-1.09014976,"muscle85":0.833332479,"muscle86":0.833332777,"muscle87":0.640952885,"muscle88":-1.39999843,"muscle89":0.810934067,"muscle90":0.810933769,"muscle91":0.71144861,"muscle92":-0.704384565,"muscle93":0.811357141,"muscle94":0.811357796,"duration":0.25757575},"strings":{}},{"property":"Muscles","index":4,"time":1.62121165,"ints":{},"floats":{"muscle0":2.20384518E-12,"muscle1":-5.36441974E-07,"muscle2":1.42488831E-13,"muscle3":-2.13454836E-08,"muscle4":1.62844388E-13,"muscle5":-6.31021982E-13,"muscle6":0,"muscle7":0,"muscle8":0,"muscle9":2.13434337E-08,"muscle10":2.6822093E-07,"muscle11":2.6822093E-07,"muscle12":1.79292476E-06,"muscle13":1.58554059E-07,"muscle14":-3.40795452E-07,"muscle15":-0.324147046,"muscle16":-1.31784475E-06,"muscle17":-0.324148268,"muscle18":-1.58908722E-06,"muscle19":0,"muscle20":0,"muscle21":0.519558191,"muscle22":-0.0619122609,"muscle23":-0.184102789,"muscle24":0.920473278,"muscle25":0.155266747,"muscle26":0.0363406502,"muscle27":-0.0223572478,"muscle28":2.01463877E-06,"muscle29":0.519554317,"muscle30":-0.0619090311,"muscle31":-0.184100702,"muscle32":0.920473278,"muscle33":0.155265465,"muscle34":0.0363468491,"muscle35":-0.0223167874,"muscle36":9.43019529E-07,"muscle37":-0.500002503,"muscle38":0.00360196247,"muscle39":-0.517611086,"muscle40":0.211246416,"muscle41":-0.0377079062,"muscle42":0.982964039,"muscle43":0.136789277,"muscle44":-0.0194308255,"muscle45":0.0223680809,"muscle46":-0.499999672,"muscle47":0.00360631314,"muscle48":-0.0427893326,"muscle49":-0.443128318,"muscle50":0.241846725,"muscle51":-0.0132713057,"muscle52":0.923382103,"muscle53":-0.201430678,"muscle54":0.0809266195,"muscle55":-1.36603785E-06,"muscle56":4.78113236E-07,"muscle57":2.95390468E-08,"muscle58":4.26886757E-08,"muscle59":-2.54444197E-16,"muscle60":1.70754674E-07,"muscle61":-6.07127845E-07,"muscle62":7.58909806E-08,"muscle63":6.83018797E-08,"muscle64":-2.27672942E-07,"muscle65":0,"muscle66":-5.52179507E-19,"muscle67":-3.4150947E-08,"muscle68":-5.69182426E-08,"muscle69":-6.07127788E-07,"muscle70":-7.58909806E-08,"muscle71":-3.41509363E-08,"muscle72":4.26886722E-08,"muscle73":-5.31236765E-07,"muscle74":-7.58909735E-08,"muscle75":-2.36642909,"muscle76":-1.99976575,"muscle77":-0.0222398303,"muscle78":0.999999821,"muscle79":-0.999835968,"muscle80":-0.831374407,"muscle81":0.266724348,"muscle82":0.999984205,"muscle83":-0.999834001,"muscle84":-1.27680016,"muscle85":0.200063258,"muscle86":0.999983788,"muscle87":-0.999836087,"muscle88":-0.506317973,"muscle89":0.400041044,"muscle90":0.999980211,"muscle91":-0.999828517,"muscle92":-0.39330411,"muscle93":0.53336072,"muscle94":0.999980867,"duration":0},"strings":{}},{"property":"Muscles","index":2,"time":1.01010084,"ints":{},"floats":{"muscle0":2.20384518E-12,"muscle1":-5.36441974E-07,"muscle2":1.42488831E-13,"muscle3":-2.13454836E-08,"muscle4":1.62844388E-13,"muscle5":-6.31021982E-13,"muscle6":0,"muscle7":0,"muscle8":0,"muscle9":2.13434017E-08,"muscle10":5.90683237E-14,"muscle11":2.68220845E-07,"muscle12":1.78225253E-06,"muscle13":2.12670002E-07,"muscle14":-5.08279243E-07,"muscle15":-0.324147046,"muscle16":-1.31784475E-06,"muscle17":-0.324148268,"muscle18":-1.58908722E-06,"muscle19":0,"muscle20":0,"muscle21":0.520545483,"muscle22":-0.0643895194,"muscle23":-0.236127526,"muscle24":0.92483896,"muscle25":0.19013457,"muscle26":0.0370250307,"muscle27":-0.0268244725,"muscle28":2.01463877E-06,"muscle29":0.520541131,"muscle30":-0.0643861443,"muscle31":-0.23612757,"muscle32":0.924839318,"muscle33":0.190134689,"muscle34":0.0370318368,"muscle35":-0.0267835371,"muscle36":7.38113954E-07,"muscle37":-0.499999821,"muscle38":0.00360197015,"muscle39":-0.516911149,"muscle40":0.211187378,"muscle41":-0.0540162064,"muscle42":0.984187424,"muscle43":0.152995408,"muscle44":-0.0189255029,"muscle45":0.0221418552,"muscle46":-0.499998987,"muscle47":0.0036056363,"muscle48":-0.0428407304,"muscle49":-0.443137079,"muscle50":0.241863519,"muscle51":-0.013275438,"muscle52":0.923351526,"muscle53":-0.201431379,"muscle54":0.0809830576,"muscle55":-1.36603785E-06,"muscle56":4.78113236E-07,"muscle57":2.95390468E-08,"muscle58":4.26886757E-08,"muscle59":-2.54444197E-16,"muscle60":1.70754674E-07,"muscle61":-6.07127845E-07,"muscle62":7.58909806E-08,"muscle63":6.83018797E-08,"muscle64":-2.27672942E-07,"muscle65":0,"muscle66":-5.52179507E-19,"muscle67":-3.4150947E-08,"muscle68":-5.69182426E-08,"muscle69":-6.07127788E-07,"muscle70":-7.58909806E-08,"muscle71":-3.41509363E-08,"muscle72":4.26886722E-08,"muscle73":-5.31236765E-07,"muscle74":-7.58909735E-08,"muscle75":-2.36642909,"muscle76":-1.99976575,"muscle77":-0.0222398303,"muscle78":0.999999821,"muscle79":-0.999835968,"muscle80":-0.831374407,"muscle81":0.266724348,"muscle82":0.999984205,"muscle83":-0.999834001,"muscle84":-1.27680016,"muscle85":0.200063258,"muscle86":0.999983788,"muscle87":-0.999836087,"muscle88":-0.506317973,"muscle89":0.400041044,"muscle90":0.999980569,"muscle91":-0.999828517,"muscle92":-0.39330411,"muscle93":0.53336072,"muscle94":0.999981046,"duration":0},"strings":{}},{"property":"Muscles","index":3,"time":1.31818175,"ints":{},"floats":{"muscle0":2.20384518E-12,"muscle1":-5.36441974E-07,"muscle2":1.42488831E-13,"muscle3":-2.13454836E-08,"muscle4":1.62844388E-13,"muscle5":-6.31021982E-13,"muscle6":0,"muscle7":0,"muscle8":0,"muscle9":2.13434017E-08,"muscle10":5.90683237E-14,"muscle11":2.68220845E-07,"muscle12":1.92099083E-06,"muscle13":2.61023104E-07,"muscle14":-5.90580896E-07,"muscle15":-0.324146777,"muscle16":-1.16620834E-06,"muscle17":-0.324148268,"muscle18":-1.58908722E-06,"muscle19":0,"muscle20":0,"muscle21":0.51955694,"muscle22":-0.0619148016,"muscle23":-0.184101045,"muscle24":0.920473278,"muscle25":0.155266374,"muscle26":0.0363420285,"muscle27":-0.0223525204,"muscle28":2.01463877E-06,"muscle29":0.519553065,