{"animTracks":[{"properties":["Right Hand Configuration","Left Hand Configuration","Muscles"],"loops":false,"keyFrames":[{"property":"Muscles","index":1,"time":0.999999881,"ints":{},"floats":{"muscle0":2.77478591E-07,"muscle1":-5.36441974E-07,"muscle2":-7.93866383E-13,"muscle3":-2.13454836E-08,"muscle4":1.62844388E-13,"muscle5":-6.31021982E-13,"muscle6":0,"muscle7":0,"muscle8":0,"muscle9":2.13434017E-08,"muscle10":5.90683237E-14,"muscle11":2.68220845E-07,"muscle12":2.34787919E-07,"muscle13":5.78708523E-07,"muscle14":-2.2680203E-07,"muscle15":-0.324147463,"muscle16":-1.84561559E-05,"muscle17":-0.324148268,"muscle18":-1.65786478E-05,"muscle19":0,"muscle20":0,"muscle21":0.527684152,"muscle22":-0.0759823099,"muscle23":-0.588656127,"muscle24":0.953825772,"muscle25":0.425628841,"muscle26":0.042562589,"muscle27":-0.0481424928,"muscle28":4.42761603E-07,"muscle29":0.527683556,"muscle30":-0.0759852156,"muscle31":-0.588660777,"muscle32":0.953825891,"muscle33":0.425632775,"muscle34":0.0425663367,"muscle35":-0.0480918102,"muscle36":3.96204285E-07,"muscle37":-0.499999821,"muscle38":0.00360197015,"muscle39":-0.512595832,"muscle40":0.210587695,"muscle41":-0.16981034,"muscle42":0.992770672,"muscle43":0.268193841,"muscle44":-0.015839668,"muscle45":0.0202495288,"muscle46":-0.499999195,"muscle47":0.0036051874,"muscle48":0.0028714072,"muscle49":0.627885401,"muscle50":-0.166702449,"muscle51":-0.668751061,"muscle52":0.284414798,"muscle53":-1.00043476,"muscle54":0.752636433,"muscle55":-1.36603785E-06,"muscle56":1.36603731E-07,"muscle57":2.95390468E-08,"muscle58":4.26886757E-08,"muscle59":-2.54444197E-16,"muscle60":1.70754674E-07,"muscle61":-6.07127845E-07,"muscle62":7.58909806E-08,"muscle63":6.83018797E-08,"muscle64":-2.27672942E-07,"muscle65":0,"muscle66":-5.52179507E-19,"muscle67":-3.4150947E-08,"muscle68":-5.69182426E-08,"muscle69":-1.51781947E-07,"muscle70":-7.58909806E-08,"muscle71":-3.41509363E-08,"muscle72":4.26886722E-08,"muscle73":-7.58909735E-08,"muscle74":-7.58909735E-08,"muscle75":-2.36666536,"muscle76":-1.99999964,"muscle77":-0.022222111,"muscle78":1.00000012,"muscle79":-1.00000012,"muscle80":-0.831361234,"muscle81":0.266666621,"muscle82":0.99999994,"muscle83":-0.999999583,"muscle84":-1.27681696,"muscle85":0.199999943,"muscle86":0.99999994,"muscle87":-1,"muscle88":-0.506229222,"muscle89":0.399999797,"muscle90":0.999999344,"muscle91":-1,"muscle92":-0.393272966,"muscle93":0.533333004,"muscle94":1,"duration":0},"strings":{}},{"property":"Muscles","index":2,"time":1.32828271,"ints":{},"floats":{"muscle0":2.24928734E-12,"muscle1":-2.84977662E-13,"muscle2":3.4604432E-13,"muscle3":-2.13454836E-08,"muscle4":1.62844388E-13,"muscle5":-6.31021982E-13,"muscle6":0,"muscle7":0,"muscle8":0,"muscle9":2.13433218E-08,"muscle10":6.10666438E-14,"muscle11":-1.5266661E-14,"muscle12":-1.28065821E-07,"muscle13":-1.08514179E-07,"muscle14":-1.87716992E-07,"muscle15":-0.324147463,"muscle16":-1.97231259E-07,"muscle17":-0.324148148,"muscle18":-2.77395998E-07,"muscle19":0,"muscle20":0,"muscle21":0.524232686,"muscle22":-0.0713517964,"muscle23":-0.415076822,"muscle24":0.939663708,"muscle25":0.309867114,"muscle26":-0.050906565,"muscle27":0.0511476025,"muscle28":2.3772256E-07,"muscle29":0.524232328,"muscle30":-0.0713545829,"muscle31":-0.415077776,"muscle32":0.939663708,"muscle33":0.309868634,"muscle34":-0.0508562103,"muscle35":0.0511515401,"muscle36":3.96204285E-07,"muscle37":-0.499999821,"muscle38":0.00360197015,"muscle39":-0.514530718,"muscle40":0.210908398,"muscle41":-0.113973327,"muscle42":0.988652647,"muscle43":0.212618396,"muscle44":-0.0172188915,"muscle45":0.0212156065,"muscle46":-0.499999195,"muscle47":0.0036051874,"muscle48":-0.136574566,"muscle49":0.484571934,"muscle50":-0.0572843738,"muscle51":-0.526171625,"muscle52":0.727346301,"muscle53":-0.867012262,"muscle54":0.512135029,"muscle55":-1.19528295E-06,"muscle56":-8.879245E-07,"muscle57":2.95390468E-08,"muscle58":4.26886757E-08,"muscle59":-2.54444197E-16,"muscle60":1.70754674E-07,"muscle61":-7.58909735E-08,"muscle62":7.58909806E-08,"muscle63":6.83018797E-08,"muscle64":-2.27672942E-07,"muscle65":0,"muscle66":-5.52179507E-19,"muscle67":-3.4150947E-08,"muscle68":-5.69182426E-08,"muscle69":-1.51781947E-07,"muscle70":-7.58909806E-08,"muscle71":-3.41509363E-08,"muscle72":4.26886722E-08,"muscle73":-7.58909735E-08,"muscle74":-7.58909735E-08,"muscle75":-2.36631441,"muscle76":-1.99970496,"muscle77":-0.022218911,"muscle78":0.999852479,"muscle79":-0.999852359,"muscle80":-0.831239164,"muscle81":0.26662752,"muscle82":0.999852896,"muscle83":-0.999851942,"muscle84":-1.27662849,"muscle85":0.199969947,"muscle86":0.999852717,"muscle87":-0.999852359,"muscle88":-0.506155074,"muscle89":0.399941266,"muscle90":0.999851942,"muscle91":-0.999852657,"muscle92":-0.393214971,"muscle93":0.533254087,"muscle94":0.999852717,"duration":0},"strings":{}},{"property":"Muscles","index":3,"time":1.67676759,"ints":{},"floats":{"muscle0":2.24928734E-12,"muscle1":-2.84977662E-13,"muscle2":3.4604432E-13,"muscle3":2.77475266E-07,"muscle4":8.14222618E-14,"muscle5":-6.92088639E-13,"muscle6":0,"muscle7":0,"muscle8":0,"muscle9":2.13434017E-08,"muscle10":5.90683237E-14,"muscle11":2.68220845E-07,"muscle12":-2.77476175E-07,"muscle13":-1.93696422E-07,"muscle14":-1.9347894E-07,"muscle15":-0.324147463,"muscle16":-1.97231259E-07,"muscle17":-0.324148148,"muscle18":-2.77395998E-07,"muscle19":0,"muscle20":0,"muscle21":0.522006452,"muscle22":-0.0674845204,"muscle23":-0.308531135,"muscle24":0.930871248,"muscle25":0.238625243,"muscle26":0.0494393632,"muscle27":-0.0438284948,"muscle28":2.3772256E-07,"muscle29":0.522006214,"muscle30":-0.0674868748,"muscle31":-0.308529735,"muscle32":0.930870771,"muscle33":0.23862499,"muscle34":0.0494433455,"muscle35":-0.0437779985,"muscle36":3.96204285E-07,"muscle37":-0.500000656,"muscle38":0.00360196223,"muscle39":-0.515921414,"muscle40":0.211086243,"muscle41":-0.0779893994,"muscle42":0.985978663,"muscle43":0.176828012,"muscle44":-0.0182150807,"muscle45":0.021789344,"muscle46":-0.499999195,"muscle47":0.00360428216,"muscle48":-0.152782366,"muscle49":0.507007658,"muscle50":0.0408685543,"muscle51":-0.614609182,"muscle52":1.00767219,"muscle53":-0.86702168,"muscle54":0.512687564,"muscle55":-1.36603785E-06,"muscle56":1.36603731E-07,"muscle57":2.95390468E-08,"muscle58":4.26886757E-08,"muscle59":-2.54444197E-16,"muscle60":1.70754674E-07,"muscle61":-7.58909735E-08,"muscle62":7.58909806E-08,"muscle63":6.83018797E-08,"muscle64":-2.27672942E-07,"muscle65":0,"muscle66":-5.52179507E-19,"muscle67":-3.4150947E-08,"muscle68":-5.69182426E-08,"muscle69":-1.51781947E-07,"muscle70":-7.58909806E-08,"muscle71":-3.41509363E-08,"muscle72":4.26886722E-08,"muscle73":-7.58909735E-08,"muscle74":-7.58909735E-08,"muscle75":-2.36631441,"muscle76":-1.99970496,"muscle77":-0.022218911,"muscle78":0.999852479,"muscle79":-0.999852359,"muscle80":-0.831239283,"muscle81":0.26662752,"muscle82":0.999852896,"muscle83":-0.999851942,"muscle84":-1.27662849,"muscle85":0.199969947,"muscle86":0.999852717,"muscle87":-0.999852359,"muscle88":-0.506155074,"muscle89":0.399941266,"muscle90":0.999851942,"muscle91":-0.999852657,"muscle92":-0.393214971,"muscle93":0.533254087,"muscle94":0.999852717,"duration":0.106060609},"strings":{}},{"property":"Left Hand Configuration","index":1,"time":0.999999881,"ints":{"hash":-1652515840},"floats":{"duration":0},"strings":{"name":"-"}},{"property":"Left Hand Configuration","index":2,"time":1.32828271,"ints":{"hash":-790023168},"floats":{"duration":0},"strings":{"name":"-"}},{"property":"Left Hand Configuration","index":3,"time":1.67676759,"ints":{"hash":-1431177216},"floats":{"duration":0.106060609},"strings":{"name":"-"}},{"property":"Right Hand Configuration","index":1,"time":0.999999881,"ints":{"hash":2070372352},"floats":{"duration":0},"strings":{"name":"bico de pato"}},{"property":"Right Hand Configuration","index":2,"time":1.32828271,"ints":{"hash":-1362102272},"floats":{"duration":0},"strings":{"name":"bico de pato"}},{"property":"Right Hand Configuration","index":3,