{
  "animTracks": [
    {
      "properties": [
        "Right Hand Configuration",
        "Left Hand Configuration",
        "Muscles",
        "Facial Expression"
      ],
      "loops": false,
      "keyFrames": [
        {
          "property": "Muscles",
          "index": 1,
          "time": 1,
          "ints": {},
          "floats": {
            "muscle0": 2.1398753E-12,
            "muscle1": -4.07110923E-13,
            "muscle2": -9.56710622E-13,
            "muscle3": -1.48849899E-12,
            "muscle4": -1.69222731E-25,
            "muscle5": -3.25688776E-13,
            "muscle6": 0,
            "muscle7": 0,
            "muscle8": 0,
            "muscle9": -3.96933029E-13,
            "muscle10": -4.0711097E-14,
            "muscle11": -3.25688776E-13,
            "muscle12": 0.3370004,
            "muscle13": 1.30605528E-07,
            "muscle14": 1.02331555E-07,
            "muscle15": 0,
            "muscle16": -3.13225756E-09,
            "muscle17": 0,
            "muscle18": -2.60550999E-12,
            "muscle19": 0,
            "muscle20": 0,
            "muscle21": 0.527684987,
            "muscle22": -0.075982213,
            "muscle23": -0.588656247,
            "muscle24": 0.953825712,
            "muscle25": 0.4257029,
            "muscle26": -0.0594078712,
            "muscle27": 0.0538544767,
            "muscle28": 3.74593156E-07,
            "muscle29": 0.527683496,
            "muscle30": -0.0759853348,
            "muscle31": -0.588659286,
            "muscle32": 0.953825295,
            "muscle33": 0.425705791,
            "muscle34": -0.0593609177,
            "muscle35": 0.053863246,
            "muscle36": 1.94633657E-07,
            "muscle37": -0.499999434,
            "muscle38": 0.00360223628,
            "muscle39": -0.233871341,
            "muscle40": -0.12744844,
            "muscle41": 0.157787859,
            "muscle42": -0.799573958,
            "muscle43": 1.21639836,
            "muscle44": 0.557085216,
            "muscle45": 0.0202516299,
            "muscle46": -0.499998987,
            "muscle47": 0.00360562769,
            "muscle48": -0.237064213,
            "muscle49": -0.104612187,
            "muscle50": 0.139299631,
            "muscle51": -0.811372936,
            "muscle52": 1.06287825,
            "muscle53": 0.438143998,
            "muscle54": 0.0202562679,
            "muscle55": -0.16666694,
            "muscle56": -2,
            "muscle57": -0.337783456,
            "muscle58": -0.426671386,
            "muscle59": -0.511111021,
            "muscle60": -0.72247225,
            "muscle61": -0.49999997,
            "muscle62": -0.49999997,
            "muscle63": -0.600000262,
            "muscle64": -0.462221086,
            "muscle65": -0.533333421,
            "muscle66": -0.533332705,
            "muscle67": -0.377777666,
            "muscle68": -1.29999995,
            "muscle69": -0.2333332,
            "muscle70": -0.233333051,
            "muscle71": -0.111111224,
            "muscle72": -0.748828948,
            "muscle73": -0.099999927,
            "muscle74": -0.100000083,
            "muscle75": -0.166667178,
            "muscle76": -2,
            "muscle77": -0.337783366,
            "muscle78": -0.426671982,
            "muscle79": -0.511111856,
            "muscle80": -0.722472131,
            "muscle81": -0.49999997,
            "muscle82": -0.50000006,
            "muscle83": -0.600000262,
            "muscle84": -0.462220848,
            "muscle85": -0.533333957,
            "muscle86": -0.533333361,
            "muscle87": -0.377777755,
            "muscle88": -1.29999995,
            "muscle89": -0.233333126,
            "muscle90": -0.233333081,
            "muscle91": -0.111111328,
            "muscle92": -0.748828828,
            "muscle93": -0.099999845,
            "muscle94": -0.0999998897,
            "muscle-1": 1
          },
          "strings": {
            "interpolation": "smooth"
          },
          "inTangent": 0,
          "inWeight": 0,
          "outTangent": 0,
          "outWeight": 0,
          "weightedMode": 0
        },
        {
          "property": "Muscles",
          "index": 2,
          "time": 1.52020192,
          "ints": {},
          "floats": {
            "muscle0": 2.1398753E-12,
            "muscle1": -4.07110923E-13,
            "muscle2": -9.56710622E-13,
            "muscle3": -1.48849899E-12,
            "muscle4": -1.69222731E-25,
            "muscle5": -3.25688776E-13,
            "muscle6": 0,
            "muscle7": 0,
            "muscle8": 0,
            "muscle9": -3.96933029E-13,
            "muscle10": -4.0711097E-14,
            "muscle11": -3.25688776E-13,
            "muscle12": 0.0870002881,
            "muscle13": 3.78569958E-08,
            "muscle14": 9.47117798E-08,
            "muscle15": 0,
            "muscle16": -3.13225756E-09,
            "muscle17": 0,
            "muscle18": -2.60550999E-12,
            "muscle19": 0,
            "muscle20": 0,
            "muscle21": 0.524233222,
            "muscle22": -0.071351774,
            "muscle23": -0.415074736,
            "muscle24": 0.939663708,
            "muscle25": 0.30993697,
            "muscle26": -0.0621741973,
            "muscle27": 0.0624383017,
            "muscle28": 3.74593156E-07,
            "muscle29": 0.524232328,
            "muscle30": -0.0713532716,
            "muscle31": -0.415078014,
            "muscle32": 0.939663529,
            "muscle33": 0.309939384,
            "muscle34": -0.0621278472,
            "muscle35": 0.0624450259,
            "muscle36": 3.996727E-07,
            "muscle37": -0.499998987,
            "muscle38": 0.00360269262,
            "muscle39": -0.23262772,
            "muscle40": 0.071251519,
            "muscle41": 0.34354341,
            "muscle42": -0.770503581,
            "muscle43": 1.24006629,
            "muscle44": 0.241903752,
            "muscle45": 0.633962095,
            "muscle46": -0.499999076,
            "muscle47": 0.00360561302,
            "muscle48": -0.251949042,
            "muscle49": 0.0899451748,
            "muscle50": 0.292639852,
            "muscle51": -0.83140558,
            "muscle52": 1.10374272,
            "muscle53": 0.217094451,
            "muscle54": 0.499935418,
            "muscle55": -0.156874701,
            "muscle56": 0.505555034,
            "muscle57": 0.63999474,
            "muscle58": 0.639994979,
            "muscle59": 0.553256035,
            "muscle60": 0.288638294,
            "muscle61": 0.778195381,
            "muscle62": 0.778195381,
            "muscle63": 0.665138781,
            "muscle64": -0.436817974,
            "muscle65": 0.804009557,
            "muscle66": 0.804009497,
            "muscle67": 0.640952945,
            "muscle68": 0.271548182,
            "muscle69": 0.810933828,
            "muscle70": 0.810934246,
            "muscle71": 0.578116179,
            "muscle72": 0.695615411,
            "muscle73": 0.811358094,
            "muscle74": 0.811358094,
            "muscle75": -0.156874686,
            "muscle76": 0.505554259,
            "muscle77": 0.639995396,
            "muscle78": 0.639995337,
            "muscle79": 0.553255916,
            "muscle80": 0.288638234,
            "muscle81": 0.778193891,
            "muscle82": 0.778193235,
            "muscle83": 0.6651389,
            "muscle84": -0.436818331,
            "muscle85": 0.804009795,
            "muscle86": 0.804009497,
            "muscle87": 0.640953422,
            "muscle88": 0.271546841,
            "muscle89": 0.810934067,
            "muscle90": 0.810933828,
            "muscle91": 0.578116179,
            "muscle92": 0.695615232,
            "muscle93": 0.811358094,
            "muscle94": 0.811358154,
            "duration": 0,
            "muscle-1": 1
          },
          "strings": {
            "interpolation": "default"
          },
          "inTangent": 0,
          "inWeight": 0,
          "outTangent": 0,