{"animTracks":[{"properties":["Right Hand Configuration","Left Hand Configuration","Muscles"],"loops":false,"keyFrames":[{"property":"Muscles","index":1,"time":1,"ints":{},"floats":{"muscle0":2.77478591E-07,"muscle1":-5.36441974E-07,"muscle2":-7.93866383E-13,"muscle3":-2.13454836E-08,"muscle4":1.62844388E-13,"muscle5":-6.31021982E-13,"muscle6":0,"muscle7":0,"muscle8":0,"muscle9":2.13434017E-08,"muscle10":5.90683237E-14,"muscle11":2.68220845E-07,"muscle12":2.34787919E-07,"muscle13":5.78708523E-07,"muscle14":-2.2680203E-07,"muscle15":-0.324147046,"muscle16":-1.31784475E-06,"muscle17":-0.324148148,"muscle18":-2.77395998E-07,"muscle19":0,"muscle20":0,"muscle21":0.527684152,"muscle22":-0.0759823099,"muscle23":-0.588656127,"muscle24":0.953825772,"muscle25":0.425628841,"muscle26":0.042562589,"muscle27":-0.0481424928,"muscle28":4.42761603E-07,"muscle29":0.527683556,"muscle30":-0.0759852156,"muscle31":-0.588660777,"muscle32":0.953825891,"muscle33":0.425632775,"muscle34":0.0425663367,"muscle35":-0.0480918102,"muscle36":3.96204285E-07,"muscle37":-0.499999821,"muscle38":0.00360197015,"muscle39":-0.512595832,"muscle40":0.210587695,"muscle41":-0.16981034,"muscle42":0.992770672,"muscle43":0.268193841,"muscle44":-0.015839668,"muscle45":0.0202495288,"muscle46":-0.499999195,"muscle47":0.0036051874,"muscle48":-0.115962401,"muscle49":-0.423236519,"muscle50":0.104383036,"muscle51":-0.302952737,"muscle52":0.0578247644,"muscle53":0.118001029,"muscle54":-0.1792043,"muscle55":-1.36603785E-06,"muscle56":1.36603731E-07,"muscle57":2.95390468E-08,"muscle58":4.26886757E-08,"muscle59":-2.54444197E-16,"muscle60":1.70754674E-07,"muscle61":-6.07127845E-07,"muscle62":7.58909806E-08,"muscle63":6.83018797E-08,"muscle64":-2.27672942E-07,"muscle65":0,"muscle66":-5.52179507E-19,"muscle67":-3.4150947E-08,"muscle68":-5.69182426E-08,"muscle69":-1.51781947E-07,"muscle70":-7.58909806E-08,"muscle71":-3.41509363E-08,"muscle72":4.26886722E-08,"muscle73":-7.58909735E-08,"muscle74":-7.58909735E-08,"muscle75":-1.88406986E-07,"muscle76":-1.99999964,"muscle77":0.266666085,"muscle78":0.995550632,"muscle79":-0.999999881,"muscle80":-1.39999914,"muscle81":0.578195572,"muscle82":0.720000267,"muscle83":-0.379305065,"muscle84":-0.436818004,"muscle85":0.999999464,"muscle86":0.99999994,"muscle87":0.12984249,"muscle88":0.271548063,"muscle89":0.999999702,"muscle90":0.999999642,"muscle91":0.80033797,"muscle92":0.353393376,"muscle93":0.733333051,"muscle94":0.733333051,"duration":0.0959595963},"strings":{}},{"property":"Muscles","index":2,"time":1.52020192,"ints":{},"floats":{"muscle0":2.24928734E-12,"muscle1":-2.84977662E-13,"muscle2":3.4604432E-13,"muscle3":2.77475266E-07,"muscle4":8.14222618E-14,"muscle5":-6.92088639E-13,"muscle6":0,"muscle7":0,"muscle8":0,"muscle9":2.13433218E-08,"muscle10":6.10666438E-14,"muscle11":-1.5266661E-14,"muscle12":-2.13443201E-07,"muscle13":-2.90935418E-08,"muscle14":-9.67723039E-08,"muscle15":-0.324147046,"muscle16":-1.31784475E-06,"muscle17":-0.324148148,"muscle18":-2.77395998E-07,"muscle19":0,"muscle20":0,"muscle21":0.524232626,"muscle22":-0.0713517889,"muscle23":-0.415076196,"muscle24":0.939663708,"muscle25":0.309866786,"muscle26":-0.0509064868,"muscle27":0.0511473827,"muscle28":2.3772256E-07,"muscle29":0.524231613,"muscle30":-0.0713546053,"muscle31":-0.415077001,"muscle32":0.939663231,"muscle33":0.309868157,"muscle34":-0.0508560948,"muscle35":0.0511513427,"muscle36":3.96204285E-07,"muscle37":-0.499999821,"muscle38":0.00360197015,"muscle39":-0.514530659,"muscle40":0.210908368,"muscle41":-0.113972895,"muscle42":0.988652647,"muscle43":0.212617844,"muscle44":-0.0172190387,"muscle45":0.0212151278,"muscle46":-0.499999195,"muscle47":0.0036051874,"muscle48":-0.0326998718,"muscle49":-0.315342158,"muscle50":0.223011762,"muscle51":-0.372345477,"muscle52":0.0597726069,"muscle53":0.117999054,"muscle54":-0.179176137,"muscle55":-1.36603785E-06,"muscle56":1.36603731E-07,"muscle57":2.95390468E-08,"muscle58":4.26886757E-08,"muscle59":-2.54444197E-16,"muscle60":1.70754674E-07,"muscle61":-7.58909735E-08,"muscle62":7.58909806E-08,"muscle63":6.83018797E-08,"muscle64":-2.27672942E-07,"muscle65":-5.31236765E-07,"muscle66":-5.52179507E-19,"muscle67":-3.4150947E-08,"muscle68":-5.69182426E-08,"muscle69":-1.51781947E-07,"muscle70":-7.58909806E-08,"muscle71":2.04905632E-07,"muscle72":9.54165992E-16,"muscle73":-7.58909735E-08,"muscle74":-7.58909735E-08,"muscle75":-1.88406986E-07,"muscle76":-1.99999964,"muscle77":-0.488813162,"muscle78":0.995550632,"muscle79":-0.999999881,"muscle80":-1.39999914,"muscle81":0.578195572,"muscle82":0.720000148,"muscle83":-0.379305065,"muscle84":-0.436818004,"muscle85":0.999998927,"muscle86":0.99999994,"muscle87":0.12984249,"muscle88":0.271548063,"muscle89":0.99999994,"muscle90":0.99999994,"muscle91":0.80033797,"muscle92":0.353393376,"muscle93":0.733333051,"muscle94":0.733333051,"duration":0.0858585835},"strings":{}},{"property":"Muscles","index":4,"time":2.00909066,"ints":{},"floats":{"muscle0":2.24928734E-12,"muscle1":-2.84977662E-13,"muscle2":3.4604432E-13,"muscle3":2.77475266E-07,"muscle4":8.14222618E-14,"muscle5":-6.92088639E-13,"muscle6":0,"muscle7":0,"muscle8":0,"muscle9":2.13433218E-08,"muscle10":6.10666438E-14,"muscle11":-1.5266661E-14,"muscle12":-2.13443201E-07,"muscle13":-2.90935418E-08,"muscle14":-9.67723039E-08,"muscle15":-0.324147046,"muscle16":-1.31784475E-06,"muscle17":-0.324148148,"muscle18":-2.77395998E-07,"muscle19":0,"muscle20":0,"muscle21":0.520545781,"muscle22":-0.064381361,"muscle23":-0.236128211,"muscle24":0.924839914,"muscle25":0.190204337,"muscle26":-0.0448768511,"muscle27":0.055085469,"muscle28":4.42761603E-07,"muscle29":0.520544767,"muscle30":-0.0643827096,"muscle31":-0.236131802,"muscle32":0.924838781,"muscle33":0.190207258,"muscle34":-0.0448311791,"muscle35":0.0550889894,"muscle36":1.91298639E-07,"muscle37":-0.499999821,"muscle38":0.00360197015,"muscle39":-0.516912282,"muscle40":0.211189359,"muscle41":-0.0540162586,"muscle42":0.984186649,"muscle43":0.152995288,"muscle44":-0.018924946,"muscle45":0.0221391413,"muscle46":-0.499999195,"muscle47":0.0036051874,"muscle48":-0.0487084985,"muscle49":-0.271130502,"muscle50":0.424806058,"muscle51":-0.364174694,"muscle52":-0.60735172,"muscle53":0.1183483,"muscle54":-0.0866229534,"muscle55":-1.36603785E-06,"muscle56":1.36603731E-07,"muscle57":2.95390468E-08,"muscle58":4.26886757E-08,"muscle59":-2.54444197E-16,"muscle60":1.70754674E-07,"muscle61":-7.58909735E-08,"muscle62":7.58909806E-08,"muscle63":6.83018797E-08,"muscle64":-2.27672942E-07,"muscle65":0,"muscle66":-5.52179507E-19,"muscle67":-4.78113236E-07,"muscle68":1.48425888E-14,"muscle69":-6.07127788E-07,"muscle70":-7.58909806E-08,"muscle71":-3.41509363E-08,"muscle72":4.26886722E-08,"muscle73":-5.31236765E-07,"muscle74":-7.58909735E-08,"muscle75":-1.73298776,"muscle76":-2,"muscle77":-0.466669947,"muscle78":0.773372114,"muscle79":-0.999999881,"muscle80":-1.39999914,"muscle81":0.578195572,"muscle82":0.720000148,"muscle83":-0.379305124,"muscle84":-0.436818004,"muscle85":0.999998569,"muscle86":0.999999702,"muscle87":0.12984249,"muscle88":0.271548063,"muscle89":0.99999994,"muscle90":0.999999344,"muscle91":0.800337136,"muscle92":0.353393435,"muscle93":0.733332872,"muscle94":0.733333051,"duration":0.0808080807},"strings":{}},{"property":"Left Hand Configuration","index":1,"time":1,"ints":{"hash":-161577984},"floats":{"duration":0.0959595963},"strings":{"name":"-"}},{"property":"Left Hand Configuration","index":2,"time":1.52020192,"ints":{"hash":-1587401728},"floats":{"duration":0.0858585835},"strings":{"name":"-"}},{"property":"Left Hand Configuration","index":4,"time":2.00909066,"ints":{"hash":-1587401728},"floats":{"duration":0.0808080807},"strings":{"name":"-"}},{"property":"Right Hand Configuration","index":1,"time":1,"ints":{"hash":-733657088},"floats":{"duration":0.0959595963},"strings":{"name":"Bico_Aberto1"}},{"property":"Right Hand Configuration","index":2,"time":1.52020192,"ints":{"hash":2135486464},"floats":{"duration":0.0858585835},