{
  "animTracks": [
    {
      "properties": [
        "Right Hand Configuration",
        "Left Hand Configuration",
        "Muscles",
        "Facial Expression"
      ],
      "loops": false,
      "keyFrames": [
        {
          "property": "Muscles",
          "index": 1,
          "time": 1.01515138,
          "ints": {},
          "floats": {
            "muscle0": 2.77478591E-07,
            "muscle1": -5.36441974E-07,
            "muscle2": -7.93866383E-13,
            "muscle3": -2.13454836E-08,
            "muscle4": 1.62844388E-13,
            "muscle5": -6.31021982E-13,
            "muscle6": 0,
            "muscle7": 0,
            "muscle8": 0,
            "muscle9": 2.13434017E-08,
            "muscle10": 5.90683237E-14,
            "muscle11": 2.68220845E-07,
            "muscle12": 2.34787919E-07,
            "muscle13": 5.78708523E-07,
            "muscle14": -2.2680203E-07,
            "muscle15": 0,
            "muscle16": -1.31784475E-06,
            "muscle17": 0,
            "muscle18": -2.77395998E-07,
            "muscle19": 0,
            "muscle20": 0,
            "muscle21": 0.527684152,
            "muscle22": -0.0759823099,
            "muscle23": -0.588656127,
            "muscle24": 0.953825772,
            "muscle25": 0.425628841,
            "muscle26": 0.042562589,
            "muscle27": -0.0481424928,
            "muscle28": 4.42761603E-07,
            "muscle29": 0.527683556,
            "muscle30": -0.0759852156,
            "muscle31": -0.588660777,
            "muscle32": 0.953825891,
            "muscle33": 0.425632775,
            "muscle34": 0.0425663367,
            "muscle35": -0.0480918102,
            "muscle36": 3.96204285E-07,
            "muscle37": -0.499999821,
            "muscle38": 0.00360197015,
            "muscle39": -0.512595832,
            "muscle40": 0.210587695,
            "muscle41": -0.16981034,
            "muscle42": 0.992770672,
            "muscle43": 0.268193841,
            "muscle44": -0.015839668,
            "muscle45": 0.0202495288,
            "muscle46": -0.499999195,
            "muscle47": 0.0036051874,
            "muscle48": -0.37251541,
            "muscle49": -0.00500698341,
            "muscle50": 0.347235888,
            "muscle51": -0.66212213,
            "muscle52": 1.18233824,
            "muscle53": 0.999984443,
            "muscle54": 0.0202558991,
            "muscle55": 0,
            "muscle56": 0,
            "muscle57": 0,
            "muscle58": 0,
            "muscle59": 0,
            "muscle60": 0,
            "muscle61": 0,
            "muscle62": 0,
            "muscle63": 0,
            "muscle64": 0,
            "muscle65": 0,
            "muscle66": 0,
            "muscle67": 0,
            "muscle68": 0,
            "muscle69": 0,
            "muscle70": 0,
            "muscle71": 0,
            "muscle72": 0,
            "muscle73": 0,
            "muscle74": 0,
            "muscle75": -1.95687294,
            "muscle76": -0.899998546,
            "muscle77": -0.133333042,
            "muscle78": 1.00000012,
            "muscle79": 0.199999854,
            "muscle80": -1.19999874,
            "muscle81": -1.28847003,
            "muscle82": 0.479999512,
            "muscle83": -0.999999523,
            "muscle84": -0.436818093,
            "muscle85": 0.804009795,
            "muscle86": 0.804009855,
            "muscle87": -0.99999994,
            "muscle88": 0.271548301,
            "muscle89": -2.00000095,
            "muscle90": 0.999999642,
            "muscle91": -0.99999994,
            "muscle92": 0.00228206627,
            "muscle93": -2.00000072,
            "muscle94": 0.99999994,
            "duration": 0,
            "muscle-1": 1
          },
          "strings": {
            "interpolation": "smooth"
          },
          "inTangent": 0,
          "inWeight": 0,
          "outTangent": 0,
          "outWeight": 0,
          "weightedMode": 0
        },
        {
          "property": "Muscles",
          "index": 2,
          "time": 1.51515138,
          "ints": {},
          "floats": {
            "muscle0": 2.24928734E-12,
            "muscle1": -2.84977662E-13,
            "muscle2": 3.4604432E-13,
            "muscle3": -2.13454836E-08,
            "muscle4": 1.62844388E-13,
            "muscle5": -6.31021982E-13,
            "muscle6": 0,
            "muscle7": 0,
            "muscle8": 0,
            "muscle9": 2.13433218E-08,
            "muscle10": 6.10666438E-14,
            "muscle11": -1.5266661E-14,
            "muscle12": 1.81427112E-07,
            "muscle13": -2.05221895E-07,
            "muscle14": -2.31133868E-08,
            "muscle15": 0,
            "muscle16": -1.31784475E-06,
            "muscle17": 0,
            "muscle18": -2.77395998E-07,
            "muscle19": 0,
            "muscle20": 0,
            "muscle21": 0.524232626,
            "muscle22": -0.0713517517,
            "muscle23": -0.415076166,
            "muscle24": 0.939663708,
            "muscle25": 0.309866697,
            "muscle26": -0.0509065725,
            "muscle27": 0.0511472411,
            "muscle28": 2.3772256E-07,
            "muscle29": 0.524231553,
            "muscle30": -0.0713548511,
            "muscle31": -0.415079087,
            "muscle32": 0.93966341,
            "muscle33": 0.309869647,
            "muscle34": -0.0508560389,
            "muscle35": 0.0511510707,
            "muscle36": 3.96204285E-07,
            "muscle37": -0.499999821,
            "muscle38": 0.00360197015,
            "muscle39": -0.514531016,
            "muscle40": 0.210908353,
            "muscle41": -0.113973118,
            "muscle42": 0.988652647,
            "muscle43": 0.212618038,
            "muscle44": -0.0172188785,
            "muscle45": 0.0212149974,
            "muscle46": -0.499998987,
            "muscle47": 0.0036056363,
            "muscle48": -0.206142589,
            "muscle49": -0.0702516213,
            "muscle50": 0.642907381,
            "muscle51": -0.725329936,
            "muscle52": 1.18829942,
            "muscle53": -0.170982808,
            "muscle54": 0.0201559775,
            "muscle55": 0,
            "muscle56": 0,
            "muscle57": 0,
            "muscle58": 0,
            "muscle59": 0,
            "muscle60": 0,
            "muscle61": 0,
            "muscle62": 0,
            "muscle63": 0,
            "muscle64": 0,
            "muscle65": 0,
            "muscle66": 0,
            "muscle67": 0,
            "muscle68": 0,
            "muscle69": 0,
            "muscle70": 0,
            "muscle71": 0,
            "muscle72": 0,
            "muscle73": 0,
            "muscle74": 0,
            "muscle75": -1.95687318,
            "muscle76": -0.899999201,
            "muscle77": -0.133332536,
            "muscle78": 1.00000012,
            "muscle79": 0.199999854,
            "muscle80": -1.19999874,
            "muscle81": -1.28847003,
            "muscle82": 0.479999751,
            "muscle83": -0.999999821,
            "muscle84": -0.436818093,
            "muscle85": 0.804009497,
            "muscle86": 0.804009497,
            "muscle87": -0.99999994,
            "muscle88": 0.271548301,
            "muscle89": -2.00000095,
            "muscle90": 0.999999404,
            "muscle91": -0.99999994,
            "muscle92": 0.00228206627,
            "muscle93": -2.00000072,
            "muscle94": 0.999999702,
            "duration": 0.13636364,
            "muscle-1": 1
          },
          "strings": {
            "interpolation": "smooth"
          },
          "inTangent": 0,
          "inWeight": 0,
          "outTangent": 0,
          "outWeight": 0,
          "weightedMode": 0
        },
        {
          "property": "Left Hand Configuration",
          "index": 1,
          "time": 1.01515138,
          "ints": {
            "hash": 1101584384
          },
          "floats": {
            "duration": 0
          },
          "strings": {
            "name": "-"
          },