{
  "animTracks": [
    {
      "properties": [
        "Right Hand Configuration",
        "Left Hand Configuration",
        "Muscles"
      ],
      "loops": false,
      "keyFrames": [
        {
          "property": "Muscles",
          "index": 1,
          "time": 1,
          "ints": {},
          "floats": {
            "muscle0": 2.1398753E-12,
            "muscle1": -4.07110923E-13,
            "muscle2": -9.56710622E-13,
            "muscle3": -1.48849899E-12,
            "muscle4": -1.69222731E-25,
            "muscle5": -3.25688776E-13,
            "muscle6": 0,
            "muscle7": 0,
            "muscle8": 0,
            "muscle9": -3.96933029E-13,
            "muscle10": -4.0711097E-14,
            "muscle11": -3.25688776E-13,
            "muscle12": 1.38737931E-07,
            "muscle13": 1.30605528E-07,
            "muscle14": 1.02331555E-07,
            "muscle15": 0,
            "muscle16": -3.13225756E-09,
            "muscle17": 0,
            "muscle18": -2.60550999E-12,
            "muscle19": 0,
            "muscle20": 0,
            "muscle21": 0.527684987,
            "muscle22": -0.075982213,
            "muscle23": -0.588656247,
            "muscle24": 0.953825712,
            "muscle25": 0.4257029,
            "muscle26": -0.0594078712,
            "muscle27": 0.0538544767,
            "muscle28": 3.74593156E-07,
            "muscle29": 0.527683496,
            "muscle30": -0.0759853348,
            "muscle31": -0.588659286,
            "muscle32": 0.953825295,
            "muscle33": 0.425705791,
            "muscle34": -0.0593609177,
            "muscle35": 0.053863246,
            "muscle36": 1.94633657E-07,
            "muscle37": -0.499999434,
            "muscle38": 0.00360223628,
            "muscle39": -0.376006722,
            "muscle40": 0.295264214,
            "muscle41": 0.272887409,
            "muscle42": -0.645031333,
            "muscle43": 0.605460823,
            "muscle44": -0.721418619,
            "muscle45": -0.456236541,
            "muscle46": -0.499998987,
            "muscle47": 0.00360562769,
            "muscle48": -0.24354516,
            "muscle49": 0.363507956,
            "muscle50": 0.219017908,
            "muscle51": -0.707863927,
            "muscle52": 0.111417845,
            "muscle53": -0.739234924,
            "muscle54": 0.86702925,
            "muscle55": -0.599999964,
            "muscle56": 0.138887525,
            "muscle57": 0,
            "muscle58": 1,
            "muscle59": 0.553255916,
            "muscle60": 0.288638562,
            "muscle61": -0.321804225,
            "muscle62": 0.0800000429,
            "muscle63": 0.665139318,
            "muscle64": -0.436817974,
            "muscle65": -0.195990562,
            "muscle66": 0.159999967,
            "muscle67": 0.640953481,
            "muscle68": 0.271548122,
            "muscle69": -0.266666591,
            "muscle70": 0.600000024,
            "muscle71": 0.578116179,
            "muscle72": 0.695615292,
            "muscle73": -0.321975529,
            "muscle74": 0.120000005,
            "muscle75": -0.599999547,
            "muscle76": 0.138887301,
            "muscle77": 4.87870651E-08,
            "muscle78": 1.00000012,
            "muscle79": 0.553255916,
            "muscle80": 0.288638234,
            "muscle81": -0.321804136,
            "muscle82": 0.080000028,
            "muscle83": 0.665139318,
            "muscle84": -0.436818361,
            "muscle85": -0.195990577,
            "muscle86": 0.160000041,
            "muscle87": 0.640953422,
            "muscle88": 0.271548092,
            "muscle89": -0.266666323,
            "muscle90": 0.600000024,
            "muscle91": 0.578116179,
            "muscle92": 0.695615232,
            "muscle93": -0.321975172,
            "muscle94": 0.120000131,
            "muscle-1": 1
          },
          "strings": {
            "interpolation": "default"
          },
          "inTangent": 0,
          "inWeight": 0,
          "outTangent": 0,
          "outWeight": 0,
          "weightedMode": 0
        },
        {
          "property": "Muscles",
          "index": 2,
          "time": 1.99999988,
          "ints": {},
          "floats": {
            "muscle0": -5.33606283E-07,
            "muscle1": -1.83199918E-13,
            "muscle2": -4.07110902E-14,
            "muscle3": -1.25695407E-12,
            "muscle4": 4.07110902E-14,
            "muscle5": 3.35866507E-13,
            "muscle6": 0,
            "muscle7": 0,
            "muscle8": 0,
            "muscle9": -4.8344396E-13,
            "muscle10": 2.03555434E-14,
            "muscle11": 3.25688695E-13,
            "muscle12": 5.54952464E-07,
            "muscle13": 3.06732261E-07,
            "muscle14": 2.8672579E-08,
            "muscle15": 0,
            "muscle16": -3.13225756E-09,
            "muscle17": 0,
            "muscle18": -2.60550999E-12,
            "muscle19": 0,
            "muscle20": 0,
            "muscle21": 0.520547628,
            "muscle22": -0.0643838197,
            "muscle23": -0.23612617,
            "muscle24": 0.924838781,
            "muscle25": 0.190327674,
            "muscle26": -0.0649239942,
            "muscle27": 0.0751735047,
            "muscle28": 2.37855957E-07,
            "muscle29": 0.520545304,
            "muscle30": -0.0643852055,
            "muscle31": -0.236130759,
            "muscle32": 0.924838781,
            "muscle33": 0.190331221,
            "muscle34": -0.0648758039,
            "muscle35": 0.0751806051,
            "muscle36": -1.00051558E-08,
            "muscle37": -0.499999762,
            "muscle38": 0.00360199227,
            "muscle39": -0.375284761,
            "muscle40": 0.295348048,
            "muscle41": 0.272544473,
            "muscle42": -0.644935489,
            "muscle43": 0.177719206,
            "muscle44": -0.749455512,
            "muscle45": 0.999626756,
            "muscle46": -0.499999255,
            "muscle47": 0.00360562,
            "muscle48": -0.301272005,
            "muscle49": 0.330573618,
            "muscle50": 0.13902244,
            "muscle51": -0.702682436,
            "muscle52": 0.747270882,
            "muscle53": -0.619725108,
            "muscle54": 0.245429412,
            "muscle55": -0.599999785,
            "muscle56": 0.138886198,
            "muscle57": -1.0672168E-08,
            "muscle58": 1.00000012,
            "muscle59": 0.553256035,
            "muscle60": 0.288638353,
            "muscle61": -0.321803898,
            "muscle62": 0.0799995959,
            "muscle63": 0.665139318,
            "muscle64": -0.436818063,
            "muscle65": -0.195990577,
            "muscle66": 0.160000086,
            "muscle67": 0.640953302,
            "muscle68": 0.271548122,
            "muscle69": -0.266666293,
            "muscle70": 0.600000083,
            "muscle71": 0.578116238,
            "muscle72": 0.695615947,
            "muscle73": -0.321975291,
            "muscle74": 0.120000437,
            "muscle75": -0.599999487,
            "muscle76": 0.138887316,
            "muscle77": -4.26886793E-08,
            "muscle78": 0.999999702,
            "muscle79": 0.553255916,
            "muscle80": 0.288638264,
            "muscle81": -0.321804047,
            "muscle82": 0.0799996406,
            "muscle83": 0.665139318,
            "muscle84": -0.436818212,
            "muscle85": -0.195990041,
            "muscle86": 0.159999743,
            "muscle87": 0.640953302,
            "muscle88": 0.271548212,
            "muscle89": -0.266666472,
            "muscle90": 0.600000024,
            "muscle91": 0.578116179,
            "muscle92": 0.695615232,
            "muscle93": -0.321975291,
            "muscle94": 0.120000407,
            "duration": 0.207070708,
            "muscle-1": 1
          },
          "strings": {
            "interpolation": "default"
          },
          "inTangent": 0,
          "inWeight": 0,
          "outTangent": 0,