{"animTracks":[{"properties":["Right Hand Configuration","Left Hand Configuration","Muscles"],"keyFrames":[{"property":"Muscles","index":4,"time":2.27777767,"ints":{},"floats":{"muscle0":2.24928734E-12,"muscle1":-2.84977662E-13,"muscle2":3.4604432E-13,"muscle3":-2.13454836E-08,"muscle4":1.62844388E-13,"muscle5":-6.31021982E-13,"muscle6":0,"muscle7":0,"muscle8":0,"muscle9":2.13433218E-08,"muscle10":6.10666438E-14,"muscle11":-1.5266661E-14,"muscle12":2.13445404E-08,"muscle13":-1.20038834E-07,"muscle14":-1.73514536E-08,"muscle15":-0.324147463,"muscle16":-1.97231259E-07,"muscle17":-0.324148268,"muscle18":-1.58908722E-06,"muscle19":0,"muscle20":0,"muscle21":0.520545423,"muscle22":-0.0643818378,"muscle23":-0.236127615,"muscle24":0.924838543,"muscle25":0.190204233,"muscle26":-0.0448773466,"muscle27":0.0550851338,"muscle28":2.3772256E-07,"muscle29":0.520545065,"muscle30":-0.0643837973,"muscle31":-0.236126736,"muscle32":0.924839258,"muscle33":0.190204024,"muscle34":-0.0448281989,"muscle35":0.0550893284,"muscle36":3.96204285E-07,"muscle37":-0.499998927,"muscle38":0.00360286771,"muscle39":-0.663312316,"muscle40":0.253878295,"muscle41":0.0542909242,"muscle42":-0.224411547,"muscle43":-0.826198637,"muscle44":-0.00305306027,"muscle45":-0.0603147894,"muscle46":-0.499999195,"muscle47":0.00360428216,"muscle48":-0.140959173,"muscle49":0.155055493,"muscle50":-0.157416597,"muscle51":-0.242357805,"muscle52":-0.577562094,"muscle53":-0.0671315566,"muscle54":-0.152203336,"muscle55":-1.04428923,"muscle56":0.138867572,"muscle57":0.639900923,"muscle58":0.639900804,"muscle59":0.599912167,"muscle60":-0.92455858,"muscle61":0.999852538,"muscle62":0.999851763,"muscle63":0.59991169,"muscle64":-1.39979255,"muscle65":0.999852896,"muscle66":0.999851763,"muscle67":-0.999852419,"muscle68":-0.113256328,"muscle69":-1.99970484,"muscle70":0.999852538,"muscle71":-0.999852061,"muscle72":0.271508396,"muscle73":-1.99970615,"muscle74":0.999851882,"muscle75":-1.0442903,"muscle76":0.138867706,"muscle77":0.639900088,"muscle78":0.639900744,"muscle79":0.59991169,"muscle80":-0.92455858,"muscle81":0.999851942,"muscle82":0.999852598,"muscle83":0.59991169,"muscle84":-1.39979267,"muscle85":0.999849975,"muscle86":0.999851942,"muscle87":-0.999851942,"muscle88":0.271508187,"muscle89":-1.9997046,"muscle90":0.999851227,"muscle91":-0.999851942,"muscle92":-0.11325793,"muscle93":-1.99970615,"muscle94":0.999852896,"duration":0},"strings":{}},{"property":"Muscles","index":2,"time":1.00505042,"ints":{},"floats":{"muscle0":2.24928734E-12,"muscle1":-2.84977662E-13,"muscle2":3.4604432E-13,"muscle3":-2.13454836E-08,"muscle4":1.62844388E-13,"muscle5":-6.31021982E-13,"muscle6":0,"muscle7":0,"muscle8":0,"muscle9":2.13433218E-08,"muscle10":6.10666438E-14,"muscle11":-1.5266661E-14,"muscle12":-1.28065821E-07,"muscle13":-1.08514179E-07,"muscle14":-1.87716992E-07,"muscle15":-0.324147463,"muscle16":-1.97231259E-07,"muscle17":-0.324148148,"muscle18":-2.77395998E-07,"muscle19":0,"muscle20":0,"muscle21":0.524232566,"muscle22":-0.0713518783,"muscle23":-0.415076822,"muscle24":0.939663649,"muscle25":0.309867203,"muscle26":-0.0509063415,"muscle27":0.0511476845,"muscle28":2.3772256E-07,"muscle29":0.524232268,"muscle30":-0.0713545531,"muscle31":-0.415077776,"muscle32":0.939663708,"muscle33":0.309868544,"muscle34":-0.0508562513,"muscle35":0.0511513576,"muscle36":3.96204285E-07,"muscle37":-0.499999821,"muscle38":0.00360197015,"muscle39":-0.663628042,"muscle40":0.253896803,"muscle41":0.0545190424,"muscle42":-0.22453253,"muscle43":-0.826448381,"muscle44":-0.00311126234,"muscle45":-0.0607454106,"muscle46":-0.499999195,"muscle47":0.0036051874,"muscle48":-0.188531011,"muscle49":0.161706492,"muscle50":-0.196618617,"muscle51":-0.268736273,"muscle52":-0.578088045,"muscle53":-0.0671169013,"muscle54":-0.152163804,"muscle55":-1.04428923,"muscle56":0.13886714,"muscle57":0.639900684,"muscle58":0.639900804,"muscle59":0.599911988,"muscle60":-0.92455858,"muscle61":0.999852538,"muscle62":0.999851763,"muscle63":0.59991169,"muscle64":-1.39979255,"muscle65":0.999852717,"muscle66":0.999851763,"muscle67":-0.999852419,"muscle68":-0.113256328,"muscle69":-1.99970484,"muscle70":0.999852538,"muscle71":-0.999852419,"muscle72":0.271508247,"muscle73":-1.99970615,"muscle74":0.999851882,"muscle75":-1.04429042,"muscle76":0.138867229,"muscle77":0.639900088,"muscle78":0.639900744,"muscle79":0.59991169,"muscle80":-0.92455858,"muscle81":0.999851942,"muscle82":0.999852598,"muscle83":0.59991169,"muscle84":-1.39979267,"muscle85":0.999851167,"muscle86":0.999851942,"muscle87":-0.999851942,"muscle88":0.271508187,"muscle89":-1.9997046,"muscle90":0.999851227,"muscle91":-0.999851942,"muscle92":-0.11325793,"muscle93":-1.99970615,"muscle94":0.999852717,"duration":0},"strings":{}},{"property":"Muscles","index":6,"time":2.5757575,"ints":{},"floats":{"muscle0":2.24928734E-12,"muscle1":-2.84977662E-13,"muscle2":3.4604432E-13,"muscle3":2.77475266E-07,"muscle4":8.14222618E-14,"muscle5":-6.92088639E-13,"muscle6":0,"muscle7":0,"muscle8":0,"muscle9":2.7747538E-07,"muscle10":1.62844388E-13,"muscle11":-1.27222167E-13,"muscle12":-1.92098852E-07,"muscle13":-1.20038422E-07,"muscle14":-1.73517805E-08,"muscle15":-0.324147195,"muscle16":-4.55958755E-08,"muscle17":-0.324148148,"muscle18":-2.77395998E-07,"muscle19":0,"muscle20":0,"muscle21":0.519558668,"muscle22":-0.0619092248,"muscle23":-0.184116527,"muscle24":0.920474291,"muscle25":0.155315354,"muscle26":0.0543591641,"muscle27":-0.0403838269,"muscle28":2.3772256E-07,"muscle29":0.519557118,"muscle30":-0.0619094074,"muscle31":-0.184117988,"muscle32":0.920474589,"muscle33":0.155315995,"muscle34":0.0543646812,"muscle35":-0.040338818,"muscle36":3.96204285E-07,"muscle37":-0.500000656,"muscle38":0.00360196223,"muscle39":-0.663163483,"muscle40":0.253871799,"muscle41":0.0541878268,"muscle42":-0.224397019,"muscle43":-0.826119959,"muscle44":-0.00302298251,"muscle45":-0.0601012707,"muscle46":-0.499996632,"muscle47":0.00360312639,"muscle48":-0.16493693,"muscle49":0.158852473,"muscle50":-0.172814235,"muscle51":-0.223444238,"muscle52":-0.0896781459,"muscle53":-0.0675441325,"muscle54":-0.152318388,"muscle55":-1.04428923,"muscle56":0.138867065,"muscle57":0.639900923,"muscle58":0.639900804,"muscle59":0.599912167,"muscle60":-0.92455858,"muscle61":0.999852538,"muscle62":0.999851763,"muscle63":0.59991169,"muscle64":-1.39979255,"muscle65":0.999852896,"muscle66":0.999851763,"muscle67":-0.999852419,"muscle68":0.271388113,"muscle69":-1.99970627,"muscle70":0.999851882,"muscle71":-0.999852359,"muscle72":-0.113135576,"muscle73":-1.99970448,"muscle74":0.999852538,"muscle75":-1.04429042,"muscle76":0.138867229,"muscle77":0.639900088,"muscle78":0.639900744,"muscle79":0.59991169,"muscle80":-0.92455858,"muscle81":0.999851942,"muscle82":0.999852598,"muscle83":0.59991169,"muscle84":-1.39979267,"muscle85":0.999849975,"muscle86":0.999851942,"muscle87":-0.999851942,"muscle88":0.271508187,"muscle89":-1.9997046,"muscle90":0.999850929,"muscle91":-0.999851942,"muscle92":-0.11325793,"muscle93":-1.99970615,"muscle94":0.999852896,"duration":0},"strings":{}},{"property":"Muscles","index":5,"time":1.66161609,"ints":{},"floats":{"muscle0":2.24928734E-12,"muscle1":-2.84977662E-13,"muscle2":3.4604432E-13,"muscle3":2.77475266E-07,"muscle4":8.14222618E-14,"muscle5":-6.92088639E-13,"muscle6":0,"muscle7":0,"muscle8":0,"muscle9":2.13434017E-08,"muscle10":5.90683237E-14,"muscle11":2.68220845E-07,"muscle12":-1.92098796E-07,"muscle13":-3.15708348E-07,"muscle14":-2.87305085E-07,"muscle15":-0.324147463,"muscle16":-1.97231259E-07,"muscle17":-0.324148148,"muscle18":-2.77395998E-07,"muscle19":0,"muscle20":0,"muscle21":0.522006512,"muscle22":-0.0674851537,"muscle23":-0.308529496,"muscle24":0.930870652,"muscle25":0.238624409,"muscle26":0.0494391769,"muscle27":-0.0438269265,"muscle28":4.42761603E-07,"muscle29":0.522006333,"muscle30":-0.0674871504,"muscle31":-0.308530807,"muscle32":0.930871308,"muscle33":0.23862578,"muscle34":0.0494430549,"muscle35":-0.0437779948,"muscle36":1.91298639E-07,"muscle37":-0.500000656,