{"animTracks":[{"properties":["Right Hand Configuration","Left Hand Configuration","Muscles"],"keyFrames":[{"property":"Muscles","index":4,"time":3.01010084,"ints":{},"floats":{"muscle0":1.68012078E-12,"muscle1":2.68220788E-07,"muscle2":-5.36441689E-07,"muscle3":2.77475266E-07,"muscle4":8.14222618E-14,"muscle5":-6.92088639E-13,"muscle6":0,"muscle7":0,"muscle8":0,"muscle9":2.13434337E-08,"muscle10":2.6822093E-07,"muscle11":2.6822093E-07,"muscle12":-1.60082394E-07,"muscle13":-1.91440904E-07,"muscle14":4.0568068E-07,"muscle15":-0.324146777,"muscle16":-1.82650801E-05,"muscle17":-0.324148953,"muscle18":-1.62556553E-05,"muscle19":0,"muscle20":0,"muscle21":0.522003889,"muscle22":-0.0674882755,"muscle23":-0.308529079,"muscle24":0.930870473,"muscle25":0.238601863,"muscle26":0.0380878337,"muscle27":-0.0324735455,"muscle28":1.26265093E-06,"muscle29":0.522004545,"muscle30":-0.0674914345,"muscle31":-0.308531731,"muscle32":0.930870771,"muscle33":0.238604859,"muscle34":0.0380908139,"muscle35":-0.0324212052,"muscle36":3.96204285E-07,"muscle37":-0.499999493,"muscle38":0.00360082183,"muscle39":-0.515920103,"muscle40":0.211079776,"muscle41":-0.0779870823,"muscle42":0.98597908,"muscle43":0.176826701,"muscle44":-0.018215809,"muscle45":0.0218026973,"muscle46":-0.499999195,"muscle47":0.0036051874,"muscle48":-0.124012195,"muscle49":-0.294692218,"muscle50":0.0525739454,"muscle51":-0.489687473,"muscle52":-0.220926955,"muscle53":0.476163864,"muscle54":0.277370661,"muscle55":-2.3905659E-06,"muscle56":2.04905362E-07,"muscle57":2.95390468E-08,"muscle58":4.26886757E-08,"muscle59":-2.54444197E-16,"muscle60":1.70754674E-07,"muscle61":-6.07127845E-07,"muscle62":7.58909735E-08,"muscle63":2.04905646E-07,"muscle64":-1.13836471E-07,"muscle65":2.2767297E-07,"muscle66":-5.31236822E-07,"muscle67":-4.78113236E-07,"muscle68":1.48425888E-14,"muscle69":-6.07127788E-07,"muscle70":-7.58909806E-08,"muscle71":-4.43962193E-07,"muscle72":0,"muscle73":-5.31236765E-07,"muscle74":-7.58909735E-08,"muscle75":-0.166667178,"muscle76":-1.99999964,"muscle77":-0.337783337,"muscle78":-0.426671296,"muscle79":-0.511111438,"muscle80":-0.72247231,"muscle81":-0.500000119,"muscle82":-0.50000006,"muscle83":-0.600001037,"muscle84":-0.462220848,"muscle85":-0.533333957,"muscle86":-0.533333302,"muscle87":-0.377777278,"muscle88":-1.30000031,"muscle89":-0.233333215,"muscle90":-0.233333111,"muscle91":-0.11111135,"muscle92":-0.748829007,"muscle93":-0.099999994,"muscle94":-0.100000069,"duration":0},"strings":{}},{"property":"Muscles","index":5,"time":3.52525282,"ints":{},"floats":{"muscle0":1.68012078E-12,"muscle1":2.68220788E-07,"muscle2":-5.36441689E-07,"muscle3":2.77475266E-07,"muscle4":8.14222618E-14,"muscle5":-6.92088639E-13,"muscle6":0,"muscle7":0,"muscle8":0,"muscle9":-5.33609466E-07,"muscle10":2.68220901E-07,"muscle11":2.68220901E-07,"muscle12":9.6049564E-07,"muscle13":-4.43484964E-07,"muscle14":-2.95948468E-07,"muscle15":-0.324147463,"muscle16":-1.97231259E-07,"muscle17":-0.324148268,"muscle18":-1.58908722E-06,"muscle19":0,"muscle20":0,"muscle21":0.51955229,"muscle22":-0.0619094521,"muscle23":-0.184100553,"muscle24":0.920472503,"muscle25":0.155265704,"muscle26":0.0363451689,"muscle27":-0.022363741,"muscle28":2.01463877E-06,"muscle29":0.519557476,"muscle30":-0.0619126037,"muscle31":-0.184102103,"muscle32":0.920473695,"muscle33":0.155267596,"muscle34":0.0363441929,"muscle35":-0.0223108716,"muscle36":3.96204285E-07,"muscle37":-0.499999702,"muscle38":0.00360057876,"muscle39":-0.51760906,"muscle40":0.21124658,"muscle41":-0.0377072431,"muscle42":0.982964158,"muscle43":0.136788502,"muscle44":-0.0194327161,"muscle45":0.0223679971,"muscle46":-0.499999195,"muscle47":0.0036051874,"muscle48":-0.123560123,"muscle49":-0.294729054,"muscle50":0.0524730235,"muscle51":-0.489662051,"muscle52":-0.220846936,"muscle53":0.476316571,"muscle54":0.277641565,"muscle55":-3.58584953E-06,"muscle56":2.04905547E-07,"muscle57":2.95390468E-08,"muscle58":-5.17683645E-07,"muscle59":-2.54444197E-16,"muscle60":1.70754674E-07,"muscle61":-6.07127845E-07,"muscle62":7.58909735E-08,"muscle63":2.04905646E-07,"muscle64":-1.13836471E-07,"muscle65":-5.31236822E-07,"muscle66":-5.31236822E-07,"muscle67":-4.78113236E-07,"muscle68":1.48425888E-14,"muscle69":-6.07127788E-07,"muscle70":-7.58909806E-08,"muscle71":-4.43962193E-07,"muscle72":0,"muscle73":-5.31236765E-07,"muscle74":-7.58909735E-08,"muscle75":-1.82354069,"muscle76":-1.23333275,"muscle77":-0.133333161,"muscle78":0.999999821,"muscle79":-0.0245219227,"muscle80":-1.19999874,"muscle81":-1.2884692,"muscle82":0.99999994,"muscle83":-1.00000012,"muscle84":-0.436818153,"muscle85":0.804009378,"muscle86":0.804009557,"muscle87":-0.99999994,"muscle88":0.271548212,"muscle89":-1.99999988,"muscle90":0.999999344,"muscle91":-1,"muscle92":0.00228204322,"muscle93":-2.00000024,"muscle94":1,"duration":0.181818187},"strings":{}},{"property":"Left Hand Configuration","index":4,"time":3.01010084,"ints":{"hash":-11955200},"floats":{"duration":0},"strings":{"name":"-"}},{"property":"Left Hand Configuration","index":5,"time":3.52525282,"ints":{"hash":-2018606080},"floats":{"duration":0.181818187},"strings":{"name":"-"}},{"property":"Right Hand Configuration","index":4,"time":3.01010084,"ints":{"hash":-1728192512},"floats":{"duration":0},"strings":{"name":"O"}},{"property":"Right Hand Configuration","index":5,"time":3.52525282,"ints":{"hash":1704282112},"floats":{"duration":0.181818187},"strings":{"name":"A"}}]}],"version":2,"globalSpeed":1,"globalRepetitions":1}
