{"animTracks":[{"properties":["Right Hand Configuration","Left Hand Configuration","Muscles","Facial Expression"],"loops":false,"keyFrames":[{"property":"Muscles","index":1,"time":1,"ints":{},"floats":{"muscle0":2.56134228E-07,"muscle1":-1.42488763E-13,"muscle2":-5.49599645E-13,"muscle3":2.13431885E-08,"muscle4":-4.07110868E-14,"muscle5":0,"muscle6":0,"muscle7":0,"muscle8":0,"muscle9":-2.13452704E-08,"muscle10":2.23540313E-14,"muscle11":2.682211E-07,"muscle12":-0.143000051,"muscle13":1.95387557E-07,"muscle14":-2.5273215E-07,"muscle15":-0.324149996,"muscle16":7.54565477E-08,"muscle17":-0.324149996,"muscle18":-1.25760167E-07,"muscle19":0,"muscle20":0,"muscle21":0.527684629,"muscle22":-0.0759822652,"muscle23":-0.588656783,"muscle24":0.953825772,"muscle25":0.425629228,"muscle26":0.042562034,"muscle27":-0.0481425785,"muscle28":5.79231937E-07,"muscle29":0.527684867,"muscle30":-0.0759847462,"muscle31":-0.588661671,"muscle32":0.953825772,"muscle33":0.425633192,"muscle34":0.0425647497,"muscle35":-0.0480923951,"muscle36":-8.17754753E-08,"muscle37":-0.499999434,"muscle38":0.00360218296,"muscle39":-0.109242633,"muscle40":-0.382823378,"muscle41":0.204017445,"muscle42":-0.214492157,"muscle43":0.0863367692,"muscle44":-0.0158367883,"muscle45":0.0202510636,"muscle46":-0.499999315,"muscle47":0.00360563514,"muscle48":-0.0891555026,"muscle49":-0.41431728,"muscle50":0.189151511,"muscle51":-0.341671437,"muscle52":0.0900703669,"muscle53":-0.0158376992,"muscle54":0.020255588,"muscle55":-2.43333435,"muscle56":-1.99999893,"muscle57":-0.577777743,"muscle58":-0.999999762,"muscle59":-0.999995649,"muscle60":-0.706916511,"muscle61":-2.00000095,"muscle62":0.999999464,"muscle63":-0.999998689,"muscle64":-1.39999855,"muscle65":-2.00000095,"muscle66":0.999999464,"muscle67":-1,"muscle68":-0.299941003,"muscle69":-2.00000095,"muscle70":0.99999851,"muscle71":-1.00000012,"muscle72":-0.226229295,"muscle73":-2.00000072,"muscle74":0.999998331,"muscle75":-2.43333173,"muscle76":-2,"muscle77":-0.577777684,"muscle78":-0.99999994,"muscle79":-0.999996305,"muscle80":-0.70691669,"muscle81":-2.00000095,"muscle82":0.999999464,"muscle83":-0.999999464,"muscle84":-1.39999878,"muscle85":-2.00000095,"muscle86":1.00000012,"muscle87":-1,"muscle88":-0.226229846,"muscle89":-2.00000095,"muscle90":0.999999464,"muscle91":-1.00000012,"muscle92":-0.299940705,"muscle93":-2.00000095,"muscle94":1,"muscle-1":1},"strings":{},"inTangent":0,"inWeight":0,"outTangent":0,"outWeight":0,"weightedMode":0},{"property":"Muscles","index":3,"time":1.90404034,"ints":{},"floats":{"muscle0":2.24928734E-12,"muscle1":4.07110902E-14,"muscle2":5.08888667E-13,"muscle3":2.13431885E-08,"muscle4":-4.07110868E-14,"muscle5":0,"muscle6":0,"muscle7":0,"muscle8":0,"muscle9":-2.13453486E-08,"muscle10":2.03555434E-14,"muscle11":3.20599775E-13,"muscle12":9.60497104E-08,"muscle13":2.18436028E-07,"muscle14":-5.93462573E-07,"muscle15":-0.324149996,"muscle16":-1.97229184E-07,"muscle17":-0.324149996,"muscle18":1.55238649E-08,"muscle19":0,"muscle20":0,"muscle21":0.522007465,"muscle22":-0.0674838647,"muscle23":-0.308528036,"muscle24":0.930871487,"muscle25":0.238680795,"muscle26":-0.052598834,"muscle27":0.058235202,"muscle28":5.79231937E-07,"muscle29":0.522007346,"muscle30":-0.0674868375,"muscle31":-0.30853197,"muscle32":0.930870712,"muscle33":0.238684595,"muscle34":-0.0525498092,"muscle35":0.0582377873,"muscle36":-8.17754753E-08,"muscle37":-0.499999434,"muscle38":0.00360218296,"muscle39":0.0336367451,"muscle40":-0.279644996,"muscle41":0.380980402,"muscle42":-0.120192483,"muscle43":-0.126358241,"muscle44":0.0571970716,"muscle45":-0.190737545,"muscle46":-0.500002146,"muscle47":0.00360559789,"muscle48":0.0500159077,"muscle49":-0.307236105,"muscle50":0.354350269,"muscle51":-0.0773893297,"muscle52":0.0269907769,"muscle53":0.0752972141,"muscle54":-0.373858482,"muscle55":-1.89020848,"muscle56":-1.4333328,"muscle57":0.75555557,"muscle58":1,"muscle59":0.553255916,"muscle60":0.288638264,"muscle61":0.77819556,"muscle62":0.778195679,"muscle63":0.665139198,"muscle64":-0.436817974,"muscle65":0.804009378,"muscle66":0.804009557,"muscle67":0.578116179,"muscle68":0.695616305,"muscle69":0.811357975,"muscle70":0.811358154,"muscle71":0.640953302,"muscle72":0.271547824,"muscle73":0.810933769,"muscle74":0.810934424,"muscle75":-1.89020622,"muscle76":-1.43333066,"muscle77":0.75555557,"muscle78":0.999999821,"muscle79":0.553256035,"muscle80":0.288639098,"muscle81":0.77819562,"muscle82":0.77819562,"muscle83":0.665139258,"muscle84":-0.436818212,"muscle85":0.804009378,"muscle86":0.804009557,"muscle87":0.640952587,"muscle88":0.271548092,"muscle89":0.810933769,"muscle90":0.810934246,"muscle91":0.578116238,"muscle92":0.695616066,"muscle93":0.811357439,"muscle94":0.811358154,"duration":0,"muscle-1":1},"strings":{},"inTangent":0,"inWeight":0,"outTangent":0,"outWeight":0,"weightedMode":0},{"property":"Left Hand Configuration","index":1,"time":1,"ints":{"hash":-1733376000},"floats":{},"strings":{"name":"G"},"inTangent":0,"inWeight":0,"outTangent":0,"outWeight":0,"weightedMode":0},{"property":"Left Hand Configuration","index":3,"time":1.90404034,"ints":{"hash":1135767552},"floats":{"duration":0},"strings":{"name":"mao_aberta-polegar-dentro"},"inTangent":0,"inWeight":0,"outTangent":0,"outWeight":0,"weightedMode":0},{"property":"Right Hand Configuration","index":1,"time":1,"ints":{"hash":1989512192},"floats":{},"strings":{"name":"G"},"inTangent":0,"inWeight":0,"outTangent":0,"outWeight":0,"weightedMode":0},{"property":"Right Hand Configuration","index":3,"time":1.90404034,"ints":{"hash":563688448},"floats":{"duration":0},"strings":{"name":"mao_aberta-polegar-dentro"},"inTangent":0,"inWeight":0,"outTangent":0,"outWeight":0,"weightedMode":0},{"property":"Facial Expression","index":1,"time":1,"ints":{},"floats":{},"strings":{"faceName":"Bochechas"},"inTangent":0,"inWeight":0,"outTangent":0,"outWeight":0,"weightedMode":0},{"property":"Facial Expression","index":3,"time":1.90404034,"ints":{},"floats":{"duration":0},"strings":{"faceName":"Bochechas"},"inTangent":0,"inWeight":0,"outTangent":0,"outWeight":0,"weightedMode":0}]},{"properties":["Face Animation Bochechas"],"loops":false,"keyFrames":[{"property":"Face Animation Bochechas","index":0,"time":0,"ints":{},"floats":{"girl_head_.blendShape.F006":28.3999996,"girl_head_.blendShape.mClose":0,"girl_hair.blendShape.cheek1":70,"girl_head_.blendShape.F005":80,"muscle15":-0.324149996,"muscle17":-0.324149996,"girl_hair.blendShape.cheek2":0,"girl_hair.blendShape.cheek3":0,"girl_head_.blendShape.A":0,"girl_head_.blendShape.Bmp":0,"girl_head_.blendShape.Cons":0,"girl_head_.blendShape.E":0,"girl_head_.blendShape.F001":0,"girl_head_.blendShape.F003":0,"girl_head_.blendShape.F007":0,"girl_head_.blendShape.F007left":0,"girl_head_.blendShape.F008":0,"girl_head_.blendShape.F017":0,"girl_head_.blendShape.F019":0,"girl_head_.blendShape.F024":0,"girl_head_.blendShape.F031":0,"girl_head_.blendShape.Fv":0,"girl_head_.blendShape.LEyeBMad":0,"girl_head_.blendShape.LEyeClose":0,"girl_head_.blendShape.LEyeLidUp":0,"girl_head_.blendShape.LEyeMad":0,"girl_head_.blendShape.LEyeSad":0,"girl_head_.blendShape.LeyeBUp":0,"girl_head_.blendShape.O":0,"girl_head_.blendShape.REyeBMad":0,"girl_head_.blendShape.REyeClose":0,"girl_head_.blendShape.REyeLidUp":0,"girl_head_.blendShape.REyeMad":0,"girl_head_.blendShape.REyeSad":0,"girl_head_.blendShape.ReyeBSad":0,"girl_head_.blendShape.ReyeBUp":0,"girl_head_.blendShape.ReyeLSad":0,"girl_head_.blendShape.U":0,"girl_head_.blendShape.mLSide":0,"girl_head_.blendShape.mLSideUp":0,"girl_head_.blendShape.mRSide":0,"girl_head_.blendShape.mRSideUp":0,"girl_head_.blendShape.mSad":0,