{"animTracks":[{"properties":["Right Hand Configuration","Left Hand Configuration","Muscles","Facial Expression"],"loops":false,"keyFrames":[{"property":"Muscles","index":1,"time":0.999999881,"ints":{},"floats":{"muscle0":2.77478591E-07,"muscle1":-5.36441974E-07,"muscle2":-7.93866383E-13,"muscle3":-2.13454836E-08,"muscle4":1.62844388E-13,"muscle5":-6.31021982E-13,"muscle6":0,"muscle7":0,"muscle8":0,"muscle9":2.13434017E-08,"muscle10":5.90683237E-14,"muscle11":2.68220845E-07,"muscle12":2.34787919E-07,"muscle13":5.78708523E-07,"muscle14":-2.2680203E-07,"muscle15":-0.324147046,"muscle16":-1.31784475E-06,"muscle17":-0.324148148,"muscle18":-2.77395998E-07,"muscle19":0,"muscle20":0,"muscle21":0.527684152,"muscle22":-0.0759823099,"muscle23":-0.588656127,"muscle24":0.953825772,"muscle25":0.425628841,"muscle26":0.042562589,"muscle27":-0.0481424928,"muscle28":4.42761603E-07,"muscle29":0.527683556,"muscle30":-0.0759852156,"muscle31":-0.588660777,"muscle32":0.953825891,"muscle33":0.425632775,"muscle34":0.0425663367,"muscle35":-0.0480918102,"muscle36":3.96204285E-07,"muscle37":-0.499999821,"muscle38":0.00360197015,"muscle39":-0.491568297,"muscle40":0.340910196,"muscle41":-0.0466061495,"muscle42":0.592548311,"muscle43":0.117640346,"muscle44":-0.015839668,"muscle45":0.0202495288,"muscle46":-0.499999195,"muscle47":0.0036051874,"muscle48":0.12687844,"muscle49":-0.529482901,"muscle50":0.605439186,"muscle51":-0.42763558,"muscle52":0.681799889,"muscle53":0.15079698,"muscle54":-0.0197441373,"muscle55":0,"muscle56":0,"muscle57":0,"muscle58":0,"muscle59":0,"muscle60":0,"muscle61":0,"muscle62":0,"muscle63":0,"muscle64":0,"muscle65":0,"muscle66":0,"muscle67":0,"muscle68":0,"muscle69":0,"muscle70":0,"muscle71":0,"muscle72":0,"muscle73":0,"muscle74":0,"muscle75":-5.70761394E-08,"muscle76":0.338888228,"muscle77":-0.199999943,"muscle78":1.00000012,"muscle79":0.642144799,"muscle80":-0.964444101,"muscle81":0.844862044,"muscle82":0.844862521,"muscle83":0.665139377,"muscle84":-1.09014976,"muscle85":0.833332777,"muscle86":0.833332777,"muscle87":0.640952945,"muscle88":-1.39999843,"muscle89":0.810934067,"muscle90":0.810933769,"muscle91":0.711448967,"muscle92":-0.704384565,"muscle93":0.811357677,"muscle94":0.811357796,"duration":0.732323229},"strings":{},"inTangent":0,"inWeight":0,"outTangent":0,"outWeight":0,"weightedMode":0},{"property":"Muscles","index":3,"time":2.66666627,"ints":{},"floats":{"muscle0":2.24928734E-12,"muscle1":-2.84977662E-13,"muscle2":3.4604432E-13,"muscle3":2.77475266E-07,"muscle4":8.14222618E-14,"muscle5":-6.92088639E-13,"muscle6":0,"muscle7":0,"muscle8":0,"muscle9":-5.33609466E-07,"muscle10":-3.14621647E-14,"muscle11":2.68220447E-07,"muscle12":7.04363515E-07,"muscle13":-6.93270067E-07,"muscle14":-3.98417711E-07,"muscle15":0,"muscle16":-1.31784475E-06,"muscle17":0,"muscle18":-4.29032269E-07,"muscle19":0,"muscle20":0,"muscle21":0.52200675,"muscle22":-0.0674846023,"muscle23":-0.308530241,"muscle24":0.930870771,"muscle25":0.238682553,"muscle26":-0.0525992028,"muscle27":0.0582358539,"muscle28":4.42761603E-07,"muscle29":0.52200532,"muscle30":-0.0674871877,"muscle31":-0.308533728,"muscle32":0.930870771,"muscle33":0.238685966,"muscle34":-0.0525492989,"muscle35":0.0582382567,"muscle36":7.38113954E-07,"muscle37":-0.499999821,"muscle38":0.00360197015,"muscle39":-0.380064934,"muscle40":0.0387102216,"muscle41":-0.123724081,"muscle42":-0.0560315289,"muscle43":-0.644726872,"muscle44":-0.0219520424,"muscle45":0.999389529,"muscle46":-0.499999195,"muscle47":0.00360428216,"muscle48":-0.405433387,"muscle49":-0.125778407,"muscle50":-0.10511636,"muscle51":-0.21349515,"muscle52":-0.639964044,"muscle53":-0.306001067,"muscle54":0.999688089,"muscle55":0,"muscle56":0.338887513,"muscle57":-0.199999988,"muscle58":1,"muscle59":0.642144799,"muscle60":-0.964444399,"muscle61":0.844862282,"muscle62":0.844862282,"muscle63":0.665139318,"muscle64":-1.09015131,"muscle65":0.833333254,"muscle66":0.833333254,"muscle67":0.640953481,"muscle68":-1.39999998,"muscle69":0.810934126,"muscle70":0.810934126,"muscle71":0.711449504,"muscle72":-0.704384744,"muscle73":0.811357915,"muscle74":0.811357915,"muscle75":-5.39103944E-08,"muscle76":0.338836312,"muscle77":-0.199969947,"muscle78":0.999852479,"muscle79":0.64204973,"muscle80":-0.964301229,"muscle81":0.844737351,"muscle82":0.844736755,"muscle83":0.665041089,"muscle84":-1.08998942,"muscle85":0.833209991,"muscle86":0.833209872,"muscle87":0.640857875,"muscle88":-1.39979267,"muscle89":0.810814142,"muscle90":0.810814083,"muscle91":0.711343646,"muscle92":-0.704279423,"muscle93":0.811237335,"muscle94":0.811237395,"duration":1.05555558,"muscle-1":1},"strings":{"interpolation":"default"},"inTangent":0,"inWeight":0,"outTangent":0,"outWeight":0,"weightedMode":0},{"property":"Left Hand Configuration","index":1,"time":0.999999881,"ints":{"hash":-1372487680},"floats":{"duration":0.732323229},"strings":{"name":"-"},"inTangent":0,"inWeight":0,"outTangent":0,"outWeight":0,"weightedMode":0},{"property":"Left Hand Configuration","index":3,"time":2.66666627,"ints":{"hash":1715316736},"floats":{"duration":1.05555558},"strings":{"name":"palma"},"inTangent":0,"inWeight":0,"outTangent":0,"outWeight":0,"weightedMode":0},{"property":"Right Hand Configuration","index":1,"time":0.999999881,"ints":{"hash":924576768},"floats":{"duration":0.732323229},"strings":{"name":"palma"},"inTangent":0,"inWeight":0,"outTangent":0,"outWeight":0,"weightedMode":0},{"property":"Right Hand Configuration","index":3,"time":2.66666627,"ints":{"hash":1143237632},"floats":{"duration":1.05555558},"strings":{"name":"palma"},"inTangent":0,"inWeight":0,"outTangent":0,"outWeight":0,"weightedMode":0},{"property":"Facial Expression","index":1,"time":0.999999881,"ints":{},"floats":{},"strings":{"faceName":"Neutra"},"inTangent":0,"inWeight":0,"outTangent":0,"outWeight":0,"weightedMode":0},{"property":"Facial Expression","index":3,"time":2.66666627,"ints":{},"floats":{},"strings":{"faceName":"Neutra"},"inTangent":0,"inWeight":0,"outTangent":0,"outWeight":0,"weightedMode":0}]},{"properties":["Face Animation Neutra"],"loops":false,"keyFrames":[{"property":"Face Animation Neutra","index":0,"time":0,"ints":{},"floats":{"girl_head_.blendShape.mClose":100,"girl_head_.blendShape.A":0,"girl_head_.blendShape.Cons":0,"girl_head_.blendShape.Fv":0,"girl_head_.blendShape.mLSide":0,"girl_head_.blendShape.mLSideUp":0,"girl_head_.blendShape.mRSide":0,"girl_head_.blendShape.mRSideUp":0,"girl_head_.blendShape.O":0,"girl_head_.blendShape.smile":0,"girl_head_.blendShape.U":0,"girl_hair.blendShape.cheek1":0,"girl_hair.blendShape.cheek2":0,"girl_hair.blendShape.cheek3":0,"girl_head_.blendShape.Bmp":0,"girl_head_.blendShape.E":0,"girl_head_.blendShape.F001":0,"girl_head_.blendShape.F003":0,"girl_head_.blendShape.F005":0,"girl_head_.blendShape.F006":0,"girl_head_.blendShape.F007":0,"girl_head_.blendShape.F007left":0,"girl_head_.blendShape.F008":0,"girl_head_.blendShape.F017":0,"girl_head_.blendShape.F019":0,"girl_head_.blendShape.F024":0,"girl_head_.blendShape.F031":0,"girl_head_.blendShape.LEyeBMad":0,"girl_head_.blendShape.LEyeClose":0,"girl_head_.blendShape.LEyeLidUp":0,"girl_head_.blendShape.LEyeMad":0,"girl_head_.blendShape.LEyeSad":0,"girl_head_.blendShape.LeyeBUp":0,"girl_head_.blendShape.mSad":0,"girl_head_.blendShape.REyeBMad":0,"girl_head_.blendShape.REyeClose":0,"girl_head_.blendShape.REyeLidUp":0,"girl_head_.blendShape.REyeMad":0,"girl_head_.blendShape.REyeSad":0,"girl_head_.blendShape.ReyeBSad":0,"girl_head_.blendShape.ReyeBUp":0,