{"animTracks":[{"properties":["Right Hand Configuration","Left Hand Configuration","Muscles"],"keyFrames":[{"property":"Muscles","index":2,"time":2.030303,"ints":{},"floats":{"muscle0":2.77478108E-07,"muscle1":-1.51596739E-13,"muscle2":-5.36441803E-07,"muscle3":-2.13454836E-08,"muscle4":1.62844388E-13,"muscle5":-6.31021982E-13,"muscle6":0,"muscle7":0,"muscle8":0,"muscle9":-5.33609466E-07,"muscle10":-3.14621647E-14,"muscle11":2.68220447E-07,"muscle12":5.01592297E-07,"muscle13":4.04835959E-07,"muscle14":4.46016173E-07,"muscle15":-0.324147463,"muscle16":-1.84561559E-05,"muscle17":-0.324148148,"muscle18":-1.75673449E-05,"muscle19":0,"muscle20":0,"muscle21":0.522007823,"muscle22":-0.067488037,"muscle23":-0.308528632,"muscle24":0.930870891,"muscle25":0.238600999,"muscle26":0.0380838923,"muscle27":-0.0324727893,"muscle28":1.26265093E-06,"muscle29":0.522009015,"muscle30":-0.0674885958,"muscle31":-0.308531761,"muscle32":0.930870771,"muscle33":0.238603398,"muscle34":0.0380865484,"muscle35":-0.0324259587,"muscle36":7.38113954E-07,"muscle37":-0.499999255,"muscle38":0.00359992427,"muscle39":-0.51592803,"muscle40":0.211085618,"muscle41":-0.0779914558,"muscle42":0.985978842,"muscle43":0.176829949,"muscle44":-0.01821029,"muscle45":0.021788884,"muscle46":-0.499999672,"muscle47":0.00360631314,"muscle48":-0.229763836,"muscle49":0.0725468621,"muscle50":-0.256782651,"muscle51":-0.31362468,"muscle52":0.575455964,"muscle53":-0.0773721933,"muscle54":-0.302515775,"muscle55":-1.36603785E-06,"muscle56":4.78113179E-07,"muscle57":2.95390468E-08,"muscle58":4.26886757E-08,"muscle59":-2.54444197E-16,"muscle60":1.70754674E-07,"muscle61":-6.07127845E-07,"muscle62":7.58909735E-08,"muscle63":2.04905646E-07,"muscle64":-1.13836471E-07,"muscle65":1.76697442E-17,"muscle66":-5.52179507E-19,"muscle67":-4.78113236E-07,"muscle68":1.48425888E-14,"muscle69":-6.07127788E-07,"muscle70":-7.58909806E-08,"muscle71":-3.41509363E-08,"muscle72":4.26886722E-08,"muscle73":-7.58909735E-08,"muscle74":-7.58909735E-08,"muscle75":-0.244444489,"muscle76":0.138888389,"muscle77":0.639994681,"muscle78":0.639995337,"muscle79":-0.999999344,"muscle80":-0.706916511,"muscle81":-2.00000095,"muscle82":0.99999994,"muscle83":-0.99999994,"muscle84":-1.39999866,"muscle85":-2.00000095,"muscle86":0.99999994,"muscle87":-0.99999994,"muscle88":0.271548212,"muscle89":-2.00000095,"muscle90":0.999998868,"muscle91":-1.00000012,"muscle92":-0.113274015,"muscle93":-2.00000095,"muscle94":1,"duration":0.101010099},"strings":{}},{"property":"Muscles","index":3,"time":3.030303,"ints":{},"floats":{"muscle0":2.77478108E-07,"muscle1":-1.51596739E-13,"muscle2":-5.36441803E-07,"muscle3":-2.13454836E-08,"muscle4":1.62844388E-13,"muscle5":-6.31021982E-13,"muscle6":0,"muscle7":0,"muscle8":0,"muscle9":-5.33609466E-07,"muscle10":-3.14621647E-14,"muscle11":2.68220447E-07,"muscle12":6.51002608E-07,"muscle13":1.60812107E-07,"muscle14":2.58364139E-07,"muscle15":-0.324147463,"muscle16":-1.97231259E-07,"muscle17":-0.324147463,"muscle18":-4.29032269E-07,"muscle19":0,"muscle20":0,"muscle21":0.520545959,"muscle22":-0.0643839985,"muscle23":-0.23612754,"muscle24":0.924838781,"muscle25":0.190133542,"muscle26":0.0370227508,"muscle27":-0.0268349927,"muscle28":1.94607014E-06,"muscle29":0.52054739,"muscle30":-0.0643868372,"muscle31":-0.236127257,"muscle32":0.924838781,"muscle33":0.190134093,"muscle34":0.0370256454,"muscle35":-0.0267827623,"muscle36":9.43019529E-07,"muscle37":-0.499999255,"muscle38":0.00359992427,"muscle39":-0.516918421,"muscle40":0.211187348,"muscle41":-0.0540151894,"muscle42":0.984187067,"muscle43":0.152994767,"muscle44":-0.0189203713,"muscle45":0.022142211,"muscle46":-0.499999672,"muscle47":0.00360631314,"muscle48":0.269431949,"muscle49":-0.0636911765,"muscle50":0.611271679,"muscle51":-0.467264771,"muscle52":0.0588805042,"muscle53":-0.0336223282,"muscle54":-0.17129834,"muscle55":-1.36603785E-06,"muscle56":4.78113179E-07,"muscle57":2.95390468E-08,"muscle58":4.26886757E-08,"muscle59":-2.54444197E-16,"muscle60":1.70754674E-07,"muscle61":-6.07127845E-07,"muscle62":7.58909735E-08,"muscle63":2.04905646E-07,"muscle64":-1.13836471E-07,"muscle65":1.76697442E-17,"muscle66":-5.52179507E-19,"muscle67":-4.78113236E-07,"muscle68":1.48425888E-14,"muscle69":-6.07127788E-07,"muscle70":-7.58909806E-08,"muscle71":-3.41509363E-08,"muscle72":4.26886722E-08,"muscle73":-7.58909735E-08,"muscle74":-7.58909735E-08,"muscle75":-7.92701016E-08,"muscle76":0.33888793,"muscle77":-0.199999943,"muscle78":0.999999821,"muscle79":0.642144799,"muscle80":-0.964444101,"muscle81":0.844862223,"muscle82":0.844862521,"muscle83":0.665139377,"muscle84":-1.09015,"muscle85":0.833332598,"muscle86":0.833332896,"muscle87":0.640953302,"muscle88":-1.39999843,"muscle89":0.810934067,"muscle90":0.810934007,"muscle91":0.711449027,"muscle92":-0.704384565,"muscle93":0.811357677,"muscle94":0.811357856,"duration":0.343434334},"strings":{}},{"property":"Left Hand Configuration","index":2,"time":2.030303,"ints":{"hash":-659139584},"floats":{"duration":0.101010099},"strings":{"name":"-"}},{"property":"Left Hand Configuration","index":3,"time":3.030303,"ints":{"hash":-1755426816},"floats":{"duration":0.343434334},"strings":{"name":"-"}},{"property":"Right Hand Configuration","index":2,"time":2.030303,"ints":{"hash":1793198080},"floats":{"duration":0.101010099},"strings":{"name":"B"}},{"property":"Right Hand Configuration","index":3,"time":3.030303,"ints":{"hash":1967461376},"floats":{"duration":0.343434334},"strings":{"name":"palma"}}]}],"version":2,"globalSpeed":1,"globalRepetitions":1}
