{
  "animTracks": [
    {
      "properties": [
        "Right Hand Configuration",
        "Left Hand Configuration",
        "Muscles",
        "Facial Expression"
      ],
      "loops": false,
      "keyFrames": [
        {
          "property": "Muscles",
          "index": 1,
          "time": 1,
          "ints": {},
          "floats": {
            "muscle0": 2.1398753E-12,
            "muscle1": -4.07110923E-13,
            "muscle2": -9.56710622E-13,
            "muscle3": -1.48849899E-12,
            "muscle4": -1.69222731E-25,
            "muscle5": -3.25688776E-13,
            "muscle6": 0,
            "muscle7": 0,
            "muscle8": 0,
            "muscle9": -3.96933029E-13,
            "muscle10": -4.0711097E-14,
            "muscle11": -3.25688776E-13,
            "muscle12": 1.38737931E-07,
            "muscle13": 1.30605528E-07,
            "muscle14": 1.02331555E-07,
            "muscle15": 0,
            "muscle16": -3.13225756E-09,
            "muscle17": 0,
            "muscle18": -2.60550999E-12,
            "muscle19": 0,
            "muscle20": 0,
            "muscle21": 0.527684987,
            "muscle22": -0.075982213,
            "muscle23": -0.588656247,
            "muscle24": 0.953825712,
            "muscle25": 0.4257029,
            "muscle26": -0.0594078712,
            "muscle27": 0.0538544767,
            "muscle28": 3.74593156E-07,
            "muscle29": 0.527683496,
            "muscle30": -0.0759853348,
            "muscle31": -0.588659286,
            "muscle32": 0.953825295,
            "muscle33": 0.425705791,
            "muscle34": -0.0593609177,
            "muscle35": 0.053863246,
            "muscle36": 1.94633657E-07,
            "muscle37": -0.499999434,
            "muscle38": 0.00360223628,
            "muscle39": 0.0393144563,
            "muscle40": -0.295557469,
            "muscle41": -0.175541461,
            "muscle42": -0.362274706,
            "muscle43": 0.741539598,
            "muscle44": -0.523878753,
            "muscle45": -0.483539075,
            "muscle46": -0.499998987,
            "muscle47": 0.00360562769,
            "muscle48": -0.181603864,
            "muscle49": -0.236837924,
            "muscle50": -0.237976059,
            "muscle51": -0.47465983,
            "muscle52": 0.62721175,
            "muscle53": -0.123888746,
            "muscle54": -0.210590377,
            "muscle55": -1.26666522,
            "muscle56": -2,
            "muscle57": -0.0222220086,
            "muscle58": -0.200000107,
            "muscle59": -0.888888717,
            "muscle60": -0.831361532,
            "muscle61": -0.0333332531,
            "muscle62": 0.99999994,
            "muscle63": -0.999999881,
            "muscle64": -1.2768172,
            "muscle65": 0.200000063,
            "muscle66": 0.99999994,
            "muscle67": -1.00000024,
            "muscle68": -0.506229341,
            "muscle69": 0.400000036,
            "muscle70": 0.999999523,
            "muscle71": -0.99999994,
            "muscle72": -0.393272996,
            "muscle73": 0.533333242,
            "muscle74": 0.99999994,
            "muscle75": -1.26666617,
            "muscle76": -2,
            "muscle77": -0.02222207,
            "muscle78": -0.200000003,
            "muscle79": -0.888889134,
            "muscle80": -0.831361592,
            "muscle81": -0.0333333835,
            "muscle82": 1.00000012,
            "muscle83": -0.999999583,
            "muscle84": -1.27681732,
            "muscle85": 0.200000033,
            "muscle86": 0.99999994,
            "muscle87": -1,
            "muscle88": -0.506229281,
            "muscle89": 0.399999797,
            "muscle90": 0.99999994,
            "muscle91": -0.99999994,
            "muscle92": -0.393272877,
            "muscle93": 0.533333302,
            "muscle94": 0.99999994,
            "muscle-1": 1
          },
          "strings": {
            "interpolation": "default"
          },
          "inTangent": 0,
          "inWeight": 0,
          "outTangent": 0,
          "outWeight": 0,
          "weightedMode": 0
        },
        {
          "property": "Muscles",
          "index": 2,
          "time": 2,
          "ints": {},
          "floats": {
            "muscle0": 2.1398753E-12,
            "muscle1": -4.07110923E-13,
            "muscle2": -9.56710622E-13,
            "muscle3": -1.48849899E-12,
            "muscle4": -1.69222731E-25,
            "muscle5": -3.25688776E-13,
            "muscle6": 0,
            "muscle7": 0,
            "muscle8": 0,
            "muscle9": -3.96933029E-13,
            "muscle10": -4.0711097E-14,
            "muscle11": -3.25688776E-13,
            "muscle12": 3.9487E-07,
            "muscle13": 3.49323926E-07,
            "muscle14": 3.15540625E-08,
            "muscle15": 0,
            "muscle16": -3.13225756E-09,
            "muscle17": 0,
            "muscle18": -2.60550999E-12,
            "muscle19": 0,
            "muscle20": 0,
            "muscle21": 0.524233341,
            "muscle22": -0.0713504925,
            "muscle23": -0.415075719,
            "muscle24": 0.939663529,
            "muscle25": 0.309937119,
            "muscle26": -0.0621746927,
            "muscle27": 0.0624355972,
            "muscle28": 8.52839719E-07,
            "muscle29": 0.524231791,
            "muscle30": -0.0713559911,
            "muscle31": -0.415077358,
            "muscle32": 0.93966347,
            "muscle33": 0.309939772,
            "muscle34": -0.0621270873,
            "muscle35": 0.0624493845,
            "muscle36": 8.09750759E-07,
            "muscle37": -0.499999434,
            "muscle38": 0.00360223628,
            "muscle39": 0.0392399617,
            "muscle40": -0.295522809,
            "muscle41": -0.175497383,
            "muscle42": -0.362288386,
            "muscle43": 0.741518855,
            "muscle44": 0.309078455,
            "muscle45": -0.483347088,
            "muscle46": -0.499997675,
            "muscle47": 0.00360540743,
            "muscle48": -0.173872396,
            "muscle49": -0.241042763,
            "muscle50": -0.225332513,
            "muscle51": -0.48269701,
            "muscle52": 0.627481163,
            "muscle53": 0.337060094,
            "muscle54": -0.210429966,
            "muscle55": -1.26666522,
            "muscle56": -2,
            "muscle57": -0.0222220086,
            "muscle58": -0.200000107,
            "muscle59": -0.888888717,
            "muscle60": -0.831361532,
            "muscle61": -0.0333332531,
            "muscle62": 0.99999994,
            "muscle63": -0.999999881,
            "muscle64": -1.2768172,
            "muscle65": 0.200000063,
            "muscle66": 0.999999642,
            "muscle67": -1.00000024,
            "muscle68": -0.506229341,
            "muscle69": 0.399999857,
            "muscle70": 0.999999404,
            "muscle71": -0.99999994,
            "muscle72": -0.393272996,
            "muscle73": 0.533332944,
            "muscle74": 0.99999994,
            "muscle75": -1.26666617,
            "muscle76": -2,
            "muscle77": -0.02222207,
            "muscle78": -0.200000003,
            "muscle79": -0.888889194,
            "muscle80": -0.831361532,
            "muscle81": -0.0333333835,
            "muscle82": 1.00000012,
            "muscle83": -0.999999583,
            "muscle84": -1.27681732,
            "muscle85": 0.200000033,
            "muscle86": 0.99999994,
            "muscle87": -1,
            "muscle88": -0.506229281,
            "muscle89": 0.399999499,
            "muscle90": 0.99999994,
            "muscle91": -0.99999994,
            "muscle92": -0.393272877,
            "muscle93": 0.533333302,
            "muscle94": 0.99999994,
            "duration": 0,
            "muscle-1": 1
          },
          "strings": {
            "interpolation": "default"
          },
          "inTangent": 0,
          "inWeight": 0,
          "outTangent": 0,
          "outWeight": 0,