{"animTracks":[{"properties":["Right Hand Configuration","Left Hand Configuration","Muscles","Facial Expression"],"loops":false,"keyFrames":[{"property":"Muscles","index":1,"time":1,"ints":{},"floats":{"muscle0":2.56134228E-07,"muscle1":-1.42488763E-13,"muscle2":-5.49599645E-13,"muscle3":2.13431885E-08,"muscle4":-4.07110868E-14,"muscle5":0,"muscle6":0,"muscle7":0,"muscle8":0,"muscle9":-2.13452704E-08,"muscle10":2.23540313E-14,"muscle11":2.682211E-07,"muscle12":-2.02771005E-07,"muscle13":1.95387557E-07,"muscle14":-2.5273215E-07,"muscle15":-0.324149996,"muscle16":7.54565477E-08,"muscle17":-0.324149996,"muscle18":-1.25760167E-07,"muscle19":0,"muscle20":0,"muscle21":0.527684629,"muscle22":-0.0759822652,"muscle23":-0.588656783,"muscle24":0.953825772,"muscle25":0.425629228,"muscle26":0.042562034,"muscle27":-0.0481425785,"muscle28":5.79231937E-07,"muscle29":0.527684867,"muscle30":-0.0759847462,"muscle31":-0.588661671,"muscle32":0.953825772,"muscle33":0.425633192,"muscle34":0.0425647497,"muscle35":-0.0480923951,"muscle36":-8.17754753E-08,"muscle37":-0.499999434,"muscle38":0.00360218296,"muscle39":-0.231118798,"muscle40":0.0594343692,"muscle41":0.0366924144,"muscle42":-0.478633195,"muscle43":0.507422626,"muscle44":-0.625037253,"muscle45":0.801032305,"muscle46":-0.499999315,"muscle47":0.00360563514,"muscle48":-0.27400884,"muscle49":0.00432302523,"muscle50":-0.11010091,"muscle51":-0.426653981,"muscle52":0.368117005,"muscle53":-0.608789563,"muscle54":0.122431614,"muscle55":5.13667374E-07,"muscle56":0.338887721,"muscle57":-0.199999988,"muscle58":0.999998748,"muscle59":0.642144799,"muscle60":-0.964444101,"muscle61":0.844862401,"muscle62":0.844862103,"muscle63":0.665139079,"muscle64":-1.09014976,"muscle65":0.83333236,"muscle66":0.83333236,"muscle67":0.711448848,"muscle68":-0.704383731,"muscle69":0.811356843,"muscle70":0.811357141,"muscle71":0.640952885,"muscle72":-1.39999831,"muscle73":0.810933769,"muscle74":0.810934126,"muscle75":1.55369591E-07,"muscle76":0.338888317,"muscle77":-0.199999958,"muscle78":0.999999821,"muscle79":0.642144799,"muscle80":-0.964443982,"muscle81":0.844861925,"muscle82":0.844862223,"muscle83":0.665139377,"muscle84":-1.09014964,"muscle85":0.833332479,"muscle86":0.83333236,"muscle87":0.640952885,"muscle88":-1.39999843,"muscle89":0.810934067,"muscle90":0.810933769,"muscle91":0.711447895,"muscle92":-0.704384506,"muscle93":0.81135726,"muscle94":0.811357796,"muscle-1":1},"strings":{},"inTangent":0,"inWeight":0,"outTangent":0,"outWeight":0,"weightedMode":0},{"property":"Muscles","index":2,"time":2,"ints":{},"floats":{"muscle0":2.24928734E-12,"muscle1":4.07110902E-14,"muscle2":5.08888667E-13,"muscle3":2.13431885E-08,"muscle4":-4.07110868E-14,"muscle5":0,"muscle6":0,"muscle7":0,"muscle8":0,"muscle9":-2.13452704E-08,"muscle10":2.23540313E-14,"muscle11":2.682211E-07,"muscle12":1.06723785E-08,"muscle13":6.76132856E-08,"muscle14":-2.6137522E-07,"muscle15":-0.324149996,"muscle16":-1.16620686E-06,"muscle17":-0.324149996,"muscle18":1.55238649E-08,"muscle19":0,"muscle20":0,"muscle21":0.524232984,"muscle22":-0.0713517144,"muscle23":-0.415074468,"muscle24":0.939663887,"muscle25":0.309865445,"muscle26":-0.0509062447,"muscle27":0.0511474125,"muscle28":2.37589148E-07,"muscle29":0.524233282,"muscle30":-0.0713541657,"muscle31":-0.415079504,"muscle32":0.939663827,"muscle33":0.309869707,"muscle34":-0.0508564822,"muscle35":0.0511496402,"muscle36":-8.17754753E-08,"muscle37":-0.499999434,"muscle38":0.00360218296,"muscle39":-0.280135334,"muscle40":0.0603439584,"muscle41":-0.0136950398,"muscle42":-0.47107619,"muscle43":0.508804619,"muscle44":-0.60290432,"muscle45":0.731292427,"muscle46":-0.500000954,"muscle47":0.00360560464,"muscle48":-0.274212331,"muscle49":0.00436981535,"muscle50":-0.110015124,"muscle51":-0.426678479,"muscle52":0.368058056,"muscle53":-0.913214564,"muscle54":0.122661896,"muscle55":1.58540203E-07,"muscle56":0.33888793,"muscle57":-0.199999988,"muscle58":0.999998629,"muscle59":0.642144799,"muscle60":-0.964444101,"muscle61":0.844862401,"muscle62":0.844861984,"muscle63":0.665139079,"muscle64":-1.09014976,"muscle65":0.83333236,"muscle66":0.83333236,"muscle67":0.640952885,"muscle68":-1.39999831,"muscle69":0.810933709,"muscle70":0.810934246,"muscle71":0.71144861,"muscle72":-0.704383373,"muscle73":0.811356843,"muscle74":0.811356783,"muscle75":1.55369591E-07,"muscle76":0.338888317,"muscle77":-0.199999958,"muscle78":0.999999225,"muscle79":0.64214462,"muscle80":-0.964444101,"muscle81":0.844861925,"muscle82":0.844862223,"muscle83":0.665139377,"muscle84":-1.09014964,"muscle85":0.833332479,"muscle86":0.83333236,"muscle87":0.640952885,"muscle88":-1.39999843,"muscle89":0.810933769,"muscle90":0.810933769,"muscle91":0.711447477,"muscle92":-0.704384565,"muscle93":0.81135726,"muscle94":0.811357796,"duration":0,"muscle-1":1},"strings":{},"inTangent":0,"inWeight":0,"outTangent":0,"outWeight":0,"weightedMode":0},{"property":"Muscles","index":3,"time":3,"ints":{},"floats":{"muscle0":2.24928734E-12,"muscle1":4.07110902E-14,"muscle2":5.08888667E-13,"muscle3":2.13431885E-08,"muscle4":-4.07110868E-14,"muscle5":0,"muscle6":0,"muscle7":0,"muscle8":0,"muscle9":-2.13452704E-08,"muscle10":2.23540313E-14,"muscle11":2.682211E-07,"muscle12":-1.06718767E-08,"muscle13":-2.01714911E-07,"muscle14":-7.07456024E-07,"muscle15":-0.324149996,"muscle16":-1.16620686E-06,"muscle17":-0.324149996,"muscle18":1.55238649E-08,"muscle19":0,"muscle20":0,"muscle21":0.522007227,"muscle22":-0.0674842522,"muscle23":-0.308527321,"muscle24":0.930871248,"muscle25":0.23868075,"muscle26":-0.0525988862,"muscle27":0.0582354814,"muscle28":8.52572839E-07,"muscle29":0.522007406,"muscle30":-0.0674863905,"muscle31":-0.308533579,"muscle32":0.930871248,"muscle33":0.238685757,"muscle34":-0.0525494628,"muscle35":0.0582372211,"muscle36":-4.9172013E-07,"muscle37":-0.499999136,"muscle38":0.00360311777,"muscle39":-0.16179727,"muscle40":0.0863680989,"muscle41":0.0899370089,"muscle42":-0.382892311,"muscle43":0.507612109,"muscle44":-0.603157341,"muscle45":0.732443273,"muscle46":-0.500000954,"muscle47":0.00360560464,"muscle48":-0.274413675,"muscle49":0.00441757264,"muscle50":-0.109927632,"muscle51":-0.426702887,"muscle52":0.368023783,"muscle53":-0.913488209,"muscle54":0.12293645,"muscle55":1.58540203E-07,"muscle56":0.33888793,"muscle57":-0.199999988,"muscle58":0.999998629,"muscle59":0.64214462,"muscle60":-0.964444101,"muscle61":0.844862401,"muscle62":0.844861984,"muscle63":0.665139079,"muscle64":-1.09014976,"muscle65":0.83333236,"muscle66":0.83333236,"muscle67":0.640952885,"muscle68":-1.39999843,"muscle69":0.810933709,"muscle70":0.810934246,"muscle71":0.71144861,"muscle72":-0.704383373,"muscle73":0.811356843,"muscle74":0.811356783,"muscle75":1.55369591E-07,"muscle76":0.338888317,"muscle77":-0.199999958,"muscle78":0.999999225,"muscle79":0.64214462,"muscle80":-0.964444101,"muscle81":0.844861925,"muscle82":0.844862223,"muscle83":0.665139377,"muscle84":-1.09014964,"muscle85":0.833332479,"muscle86":0.83333236,"muscle87":0.640952885,"muscle88":-1.39999855,"muscle89":0.810933769,"muscle90":0.810933769,"muscle91":0.711447477,"muscle92":-0.704384565,"muscle93":0.81135726,"muscle94":0.811357796,"duration":0,"muscle-1":1},"strings":{},"inTangent":0,"inWeight":0,"outTangent":0,"outWeight":0,"weightedMode":0},{"property":"Left Hand Configuration","index":1,"time":1,"ints":{"hash":895897600},"floats":{},"strings":{"name":"palma"},"inTangent":0,"inWeight":0,"outTangent":0,"outWeight":0,"weightedMode":0},{"property":"Left Hand Configuration","index":2,"time":2,"ints":{"hash":895897600},"floats":{"duration":0},"strings":{"name":"palma"},"inTangent":0,"inWeight":0,"outTangent":0,"outWeight":0,"weightedMode":0},{"property":"Left Hand Configuration","index":3,"time":3,"ints":{"hash":887149568},"floats":{"duration":0},"strings":{"name":"palma"},"inTangent":0,"inWeight":0,"outTangent":0,"outWeight":0,"weightedMode":0},{"property":"Right Hand Configuration","index":1,"time":1,"ints":{"hash":-248260608},"floats":{},"strings":{"name":"palma"},"inTangent":0,