{"animTracks":[{"properties":["Right Hand Configuration","Left Hand Configuration","Muscles","Facial Expression"],"loops":false,"keyFrames":[{"property":"Muscles","index":3,"time":3.79797983,"ints":{},"floats":{"muscle0":2.24928734E-12,"muscle1":4.07110902E-14,"muscle2":5.08888667E-13,"muscle3":2.13431885E-08,"muscle4":-4.07110868E-14,"muscle5":0,"muscle6":0,"muscle7":0,"muscle8":0,"muscle9":-2.13453486E-08,"muscle10":2.03555434E-14,"muscle11":3.20599775E-13,"muscle12":-2.13441247E-08,"muscle13":-2.33316921E-08,"muscle14":-1.81954718E-07,"muscle15":-0.324149996,"muscle16":-1.97229184E-07,"muscle17":-0.324149996,"muscle18":1.55238649E-08,"muscle19":0,"muscle20":0,"muscle21":0.522006929,"muscle22":-0.0674842745,"muscle23":-0.308529884,"muscle24":0.930871248,"muscle25":0.238624319,"muscle26":0.049438931,"muscle27":-0.0438281931,"muscle28":5.79231937E-07,"muscle29":0.522006512,"muscle30":-0.0674864128,"muscle31":-0.308532685,"muscle32":0.930871129,"muscle33":0.238627121,"muscle34":0.0494409651,"muscle35":-0.0437787548,"muscle36":2.59867249E-07,"muscle37":-0.499999434,"muscle38":0.00360218296,"muscle39":0.295523286,"muscle40":0.817894161,"muscle41":-0.271965921,"muscle42":-0.712898552,"muscle43":1.22580981,"muscle44":0.465347201,"muscle45":0.984911084,"muscle46":-0.500000954,"muscle47":0.00360560464,"muscle48":0.00692595728,"muscle49":-0.301164478,"muscle50":0.0805689767,"muscle51":-0.276729345,"muscle52":-0.785849035,"muscle53":-0.0276062563,"muscle54":1.00111175,"muscle55":-1.98093701E-07,"muscle56":-1.32777917,"muscle57":0.35110572,"muscle58":0.595550597,"muscle59":0.553255558,"muscle60":0.288638264,"muscle61":-0.321804076,"muscle62":0.0799999535,"muscle63":0.665139198,"muscle64":-0.436818004,"muscle65":-0.195990041,"muscle66":0.160000056,"muscle67":0.578116179,"muscle68":0.695616305,"muscle69":-0.321975291,"muscle70":0.120000027,"muscle71":0.640953302,"muscle72":0.271547824,"muscle73":-0.266666353,"muscle74":0.600000024,"muscle75":-2.36666584,"muscle76":-2.00000024,"muscle77":-0.0222221091,"muscle78":0.999999821,"muscle79":-1,"muscle80":-0.831361413,"muscle81":0.266666651,"muscle82":0.999999702,"muscle83":-0.999998152,"muscle84":-1.2768172,"muscle85":0.199999675,"muscle86":1.00000012,"muscle87":-0.99999994,"muscle88":-0.506229341,"muscle89":0.399999559,"muscle90":0.99999994,"muscle91":-0.999999642,"muscle92":-0.393272907,"muscle93":0.533333004,"muscle94":1,"duration":0.409090906,"muscle-1":1},"strings":{},"inTangent":0,"inWeight":0,"outTangent":0,"outWeight":0,"weightedMode":0},{"property":"Left Hand Configuration","index":3,"time":3.79797983,"ints":{"hash":-1675848704},"floats":{"duration":0.409090906},"strings":{"name":"garra aberta"},"inTangent":0,"inWeight":0,"outTangent":0,"outWeight":0,"weightedMode":0},{"property":"Right Hand Configuration","index":3,"time":3.79797983,"ints":{"hash":2047039488},"floats":{"duration":0.409090906},"strings":{"name":"bico de pato"},"inTangent":0,"inWeight":0,"outTangent":0,"outWeight":0,"weightedMode":0},{"property":"Facial Expression","index":3,"time":3.79797983,"ints":{},"floats":{"duration":0.409090906},"strings":{"faceName":"Neutra"},"inTangent":0,"inWeight":0,"outTangent":0,"outWeight":0,"weightedMode":0}]},{"properties":["Face Animation Neutra"],"loops":false,"keyFrames":[{"property":"Face Animation Neutra","index":0,"time":0,"ints":{},"floats":{"girl_head_.blendShape.mClose":100,"girl_head_.blendShape.A":0,"girl_head_.blendShape.Cons":0,"girl_head_.blendShape.Fv":0,"girl_head_.blendShape.mLSide":0,"girl_head_.blendShape.mLSideUp":0,"girl_head_.blendShape.mRSide":0,"girl_head_.blendShape.mRSideUp":0,"girl_head_.blendShape.O":0,"girl_head_.blendShape.smile":0,"girl_head_.blendShape.U":0,"girl_hair.blendShape.cheek1":0,"girl_hair.blendShape.cheek2":0,"girl_hair.blendShape.cheek3":0,"girl_head_.blendShape.Bmp":0,"girl_head_.blendShape.E":0,"girl_head_.blendShape.F001":0,"girl_head_.blendShape.F003":0,"girl_head_.blendShape.F005":0,"girl_head_.blendShape.F006":0,"girl_head_.blendShape.F007":0,"girl_head_.blendShape.F007left":0,"girl_head_.blendShape.F008":0,"girl_head_.blendShape.F017":0,"girl_head_.blendShape.F019":0,"girl_head_.blendShape.F024":0,"girl_head_.blendShape.F031":0,"girl_head_.blendShape.LEyeBMad":0,"girl_head_.blendShape.LEyeClose":0,"girl_head_.blendShape.LEyeLidUp":0,"girl_head_.blendShape.LEyeMad":0,"girl_head_.blendShape.LEyeSad":0,"girl_head_.blendShape.LeyeBUp":0,"girl_head_.blendShape.mSad":0,"girl_head_.blendShape.REyeBMad":0,"girl_head_.blendShape.REyeClose":0,"girl_head_.blendShape.REyeLidUp":0,"girl_head_.blendShape.REyeMad":0,"girl_head_.blendShape.REyeSad":0,"girl_head_.blendShape.ReyeBSad":0,"girl_head_.blendShape.ReyeBUp":0,"girl_head_.blendShape.ReyeLSad":0,"tgrl1_dmyHeadObjsRoot/tgrl1_logGumTeethAngle/tgrl1_logGumTeethMove/tgrl1_tongue.blendShape.tongue_A":0,"tgrl1_dmyHeadObjsRoot/tgrl1_logGumTeethAngle/tgrl1_logGumTeethMove/tgrl1_tongue.blendShape.tongue_down":0,"tgrl1_dmyHeadObjsRoot/tgrl1_logGumTeethAngle/tgrl1_logGumTeethMove/tgrl1_tongue.blendShape.tongue_F007":0,"tgrl1_dmyHeadObjsRoot/tgrl1_logGumTeethAngle/tgrl1_logGumTeethMove/tgrl1_tongue.blendShape.tongue_F007left":0,"tgrl1_dmyHeadObjsRoot/tgrl1_logGumTeethAngle/tgrl1_logGumTeethMove/tgrl1_tongue.blendShape.tongue_left":0,"tgrl1_dmyHeadObjsRoot/tgrl1_logGumTeethAngle/tgrl1_logGumTeethMove/tgrl1_tongue.blendShape.tongue_O":0,"tgrl1_dmyHeadObjsRoot/tgrl1_logGumTeethAngle/tgrl1_logGumTeethMove/tgrl1_tongue.blendShape.tongue_out":0,"tgrl1_dmyHeadObjsRoot/tgrl1_logGumTeethAngle/tgrl1_logGumTeethMove/tgrl1_tongue.blendShape.tongue_right":0,"tgrl1_dmyHeadObjsRoot/tgrl1_logGumTeethAngle/tgrl1_logGumTeethMove/tgrl1_tongue.blendShape.tongue_up":0,"rig_CharRoot/bip/bip Pelvis/bip Spine/bip Spine1/bip Neck/bip Head/rig_boneTongue.m_LocalPosition.x":-0.0188717656,"rig_CharRoot/bip/bip Pelvis/bip Spine/bip Spine1/bip Neck/bip Head/rig_boneTongue.m_LocalPosition.y":0.0733392909,"rig_CharRoot/bip/bip Pelvis/bip Spine/bip Spine1/bip Neck/bip Head/rig_boneTongue.m_LocalPosition.z":1.52587887E-07,"rig_CharRoot/bip/bip Pelvis/bip Spine/bip Spine1/bip Neck/bip Head/rig_boneTongue.localEulerAnglesRaw.x":178.884003,"rig_CharRoot/bip/bip Pelvis/bip Spine/bip Spine1/bip Neck/bip Head/rig_boneTongue.localEulerAnglesRaw.y":89.9999924,"rig_CharRoot/bip/bip Pelvis/bip Spine/bip Spine1/bip Neck/bip Head/rig_boneTongue.localEulerAnglesRaw.z":0,"rig_CharRoot/bip/bip Pelvis/bip Spine/bip Spine1/bip Neck/bip Head/rig_boneTongue.m_LocalScale.x":1,"rig_CharRoot/bip/bip Pelvis/bip Spine/bip Spine1/bip Neck/bip Head/rig_boneTongue.m_LocalScale.y":1,"rig_CharRoot/bip/bip Pelvis/bip Spine/bip Spine1/bip Neck/bip Head/rig_boneTongue.m_LocalScale.z":1,"muscle15":-0.324149996,"muscle17":-0.324149996},"strings":{},"inTangent":0,"inWeight":0.333333343,"outTangent":0,"outWeight":0.333333343,"weightedMode":0}]}],"linguisticTags":{},"version":11,"globalSpeed":1,"globalRepetitions":1}
