{
  "animTracks": [
    {
      "properties": [
        "Right Hand Configuration",
        "Left Hand Configuration",
        "Muscles",
        "Facial Expression"
      ],
      "loops": false,
      "keyFrames": [
        {
          "property": "Muscles",
          "index": 1,
          "time": 1,
          "ints": {},
          "floats": {
            "muscle0": 2.1398753E-12,
            "muscle1": -4.07110923E-13,
            "muscle2": -9.56710622E-13,
            "muscle3": -1.48849899E-12,
            "muscle4": -1.69222731E-25,
            "muscle5": -3.25688776E-13,
            "muscle6": 0,
            "muscle7": 0,
            "muscle8": 0,
            "muscle9": -3.96933029E-13,
            "muscle10": -4.0711097E-14,
            "muscle11": -3.25688776E-13,
            "muscle12": -0.215999588,
            "muscle13": 0.265000641,
            "muscle14": -0.0310003515,
            "muscle15": 0,
            "muscle16": -3.13225756E-09,
            "muscle17": 0,
            "muscle18": -2.60550999E-12,
            "muscle19": 0,
            "muscle20": 0,
            "muscle21": 0.527684987,
            "muscle22": -0.075982213,
            "muscle23": -0.588656247,
            "muscle24": 0.953825712,
            "muscle25": 0.4257029,
            "muscle26": -0.0594078712,
            "muscle27": 0.0538544767,
            "muscle28": 3.74593156E-07,
            "muscle29": 0.527683496,
            "muscle30": -0.0759853348,
            "muscle31": -0.588659286,
            "muscle32": 0.953825295,
            "muscle33": 0.425705791,
            "muscle34": -0.0593609177,
            "muscle35": 0.053863246,
            "muscle36": 1.94633657E-07,
            "muscle37": -0.499999434,
            "muscle38": 0.00360223628,
            "muscle39": -0.425296187,
            "muscle40": 0.123587012,
            "muscle41": 0.211336687,
            "muscle42": -0.624026,
            "muscle43": -0.555372059,
            "muscle44": 0.249049768,
            "muscle45": -0.374639571,
            "muscle46": -0.499998987,
            "muscle47": 0.00360562769,
            "muscle48": -0.218146026,
            "muscle49": -0.0100479843,
            "muscle50": 0.24793452,
            "muscle51": -0.53290385,
            "muscle52": -0.582852662,
            "muscle53": 0.129488647,
            "muscle54": -0.596868813,
            "muscle55": -0.690208375,
            "muscle56": 0.60555464,
            "muscle57": 0.71111083,
            "muscle58": 1,
            "muscle59": 0.642144799,
            "muscle60": -0.902222157,
            "muscle61": 0.799999952,
            "muscle62": 0.799999952,
            "muscle63": 0.620695531,
            "muscle64": -1.09014964,
            "muscle65": 0.904009938,
            "muscle66": 0.904009581,
            "muscle67": 0.618731081,
            "muscle68": -1.39999866,
            "muscle69": 0.83333236,
            "muscle70": 0.833332896,
            "muscle71": 0.644782603,
            "muscle72": -0.766606271,
            "muscle73": 0.87802422,
            "muscle74": 0.87802428,
            "muscle75": -0.690208852,
            "muscle76": 0.605554342,
            "muscle77": 0.71111083,
            "muscle78": 1.00000012,
            "muscle79": 0.64214474,
            "muscle80": -0.902222276,
            "muscle81": 0.799999952,
            "muscle82": 0.799999952,
            "muscle83": 0.620695293,
            "muscle84": -1.09015012,
            "muscle85": 0.904010117,
            "muscle86": 0.904010057,
            "muscle87": 0.618730724,
            "muscle88": -1.39999878,
            "muscle89": 0.833332777,
            "muscle90": 0.833333015,
            "muscle91": 0.644782424,
            "muscle92": -0.76660639,
            "muscle93": 0.87802428,
            "muscle94": 0.87802428,
            "muscle-1": 1
          },
          "strings": {
            "interpolation": "smooth"
          },
          "inTangent": 0,
          "inWeight": 0,
          "outTangent": 0,
          "outWeight": 0,
          "weightedMode": 0
        },
        {
          "property": "Muscles",
          "index": 2,
          "time": 2.42929292,
          "ints": {},
          "floats": {
            "muscle0": 2.1398753E-12,
            "muscle1": -4.07110923E-13,
            "muscle2": -9.56710622E-13,
            "muscle3": -1.48849899E-12,
            "muscle4": -1.69222731E-25,
            "muscle5": -3.25688776E-13,
            "muscle6": 0,
            "muscle7": 0,
            "muscle8": 0,
            "muscle9": -3.96933029E-13,
            "muscle10": -4.0711097E-14,
            "muscle11": -3.25688776E-13,
            "muscle12": 2.98820453E-07,
            "muscle13": 6.27091694E-08,
            "muscle14": -1.5897939E-07,
            "muscle15": 0,
            "muscle16": 9.56501296E-08,
            "muscle17": 0,
            "muscle18": -2.60550999E-12,
            "muscle19": 0,
            "muscle20": 0,
            "muscle21": 0.524233997,
            "muscle22": -0.0713516474,
            "muscle23": -0.41507563,
            "muscle24": 0.939664066,
            "muscle25": 0.309937537,
            "muscle26": -0.0621742345,
            "muscle27": 0.0624383725,
            "muscle28": 3.74593156E-07,
            "muscle29": 0.524232149,
            "muscle30": -0.0713536292,
            "muscle31": -0.415078521,
            "muscle32": 0.93966347,
            "muscle33": 0.309939772,
            "muscle34": -0.0621276163,
            "muscle35": 0.0624454506,
            "muscle36": 3.996727E-07,
            "muscle37": -0.499998987,
            "muscle38": 0.00360269262,
            "muscle39": -0.33247146,
            "muscle40": 0.310428977,
            "muscle41": 0.0194778629,
            "muscle42": -0.297064304,
            "muscle43": -0.564394534,
            "muscle44": 0.239969805,
            "muscle45": -0.0447666198,
            "muscle46": -0.499998987,
            "muscle47": 0.00360562769,
            "muscle48": -0.437221318,
            "muscle49": 0.280861914,
            "muscle50": 0.0910259932,
            "muscle51": -0.141006887,
            "muscle52": -0.589532554,
            "muscle53": 0.317427814,
            "muscle54": -0.999893427,
            "muscle55": -0.690208554,
            "muscle56": 0.605555534,
            "muscle57": 0.71111083,
            "muscle58": 0.999999106,
            "muscle59": 0.64214462,
            "muscle60": -0.902221978,
            "muscle61": 0.799999952,
            "muscle62": 0.799999952,
            "muscle63": 0.620695531,
            "muscle64": -1.09014964,
            "muscle65": 0.904010177,
            "muscle66": 0.904009879,
            "muscle67": 0.618730783,
            "muscle68": -1.39999855,
            "muscle69": 0.83333236,
            "muscle70": 0.83333236,
            "muscle71": 0.644782603,
            "muscle72": -0.766606271,
            "muscle73": 0.87802428,
            "muscle74": 0.87802422,
            "muscle75": -0.690208733,
            "muscle76": 0.605554581,
            "muscle77": 0.71111083,
            "muscle78": 1.00000012,
            "muscle79": 0.642144918,
            "muscle80": -0.902222157,
            "muscle81": 0.799999952,
            "muscle82": 0.799999952,
            "muscle83": 0.620694697,
            "muscle84": -1.09015,
            "muscle85": 0.904010117,
            "muscle86": 0.904010057,
            "muscle87": 0.618730724,
            "muscle88": -1.39999855,
            "muscle89": 0.833332777,
            "muscle90": 0.833333015,
            "muscle91": 0.644782424,
            "muscle92": -0.76660639,
            "muscle93": 0.87802422,
            "muscle94": 0.87802422,
            "duration": 0,
            "muscle-1": 1
          },
          "strings": {
            "interpolation": "smooth"
          },
          "inTangent": 0,
          "inWeight": 0,
          "outTangent": 0,
          "outWeight": 0,