{
  "animTracks": [
    {
      "properties": [
        "Right Hand Configuration",
        "Left Hand Configuration",
        "Muscles",
        "Facial Expression"
      ],
      "loops": false,
      "keyFrames": [
        {
          "property": "Muscles",
          "index": 1,
          "time": 1,
          "ints": {},
          "floats": {
            "muscle0": 2.1398753E-12,
            "muscle1": -4.07110923E-13,
            "muscle2": -9.56710622E-13,
            "muscle3": -1.48849899E-12,
            "muscle4": -1.69222731E-25,
            "muscle5": -3.25688776E-13,
            "muscle6": 0,
            "muscle7": 0,
            "muscle8": 0,
            "muscle9": -3.96933029E-13,
            "muscle10": -4.0711097E-14,
            "muscle11": -3.25688776E-13,
            "muscle12": 1.38737931E-07,
            "muscle13": 1.30605528E-07,
            "muscle14": 1.02331555E-07,
            "muscle15": 0,
            "muscle16": -3.13225756E-09,
            "muscle17": 0,
            "muscle18": -2.60550999E-12,
            "muscle19": 0,
            "muscle20": 0,
            "muscle21": 0.527684987,
            "muscle22": -0.075982213,
            "muscle23": -0.588656247,
            "muscle24": 0.953825712,
            "muscle25": 0.4257029,
            "muscle26": -0.0594078712,
            "muscle27": 0.0538544767,
            "muscle28": 3.74593156E-07,
            "muscle29": 0.527683496,
            "muscle30": -0.0759853348,
            "muscle31": -0.588659286,
            "muscle32": 0.953825295,
            "muscle33": 0.425705791,
            "muscle34": -0.0593609177,
            "muscle35": 0.053863246,
            "muscle36": 1.94633657E-07,
            "muscle37": -0.499999434,
            "muscle38": 0.00360223628,
            "muscle39": -0.488619477,
            "muscle40": 0.116538659,
            "muscle41": 0.140945509,
            "muscle42": -0.626884282,
            "muscle43": -0.724238813,
            "muscle44": -0.0158368628,
            "muscle45": 0.0202516299,
            "muscle46": -0.499998987,
            "muscle47": 0.00360562769,
            "muscle48": -0.194457963,
            "muscle49": -0.0372312292,
            "muscle50": 0.0755180269,
            "muscle51": -0.270473212,
            "muscle52": 1.19785368,
            "muscle53": 0.242050976,
            "muscle54": 0.999355674,
            "muscle55": -1.59020722,
            "muscle56": 0.638887882,
            "muscle57": 0.0444447286,
            "muscle58": -0.111111015,
            "muscle59": -0.113410674,
            "muscle60": -0.964444101,
            "muscle61": 0.878195703,
            "muscle62": 0.999999404,
            "muscle63": -0.112639055,
            "muscle64": -1.09014952,
            "muscle65": 0.699998975,
            "muscle66": 0.999999464,
            "muscle67": -0.13682431,
            "muscle68": -1.39999843,
            "muscle69": 0.610934019,
            "muscle70": 0.999999404,
            "muscle71": -0.177439541,
            "muscle72": -0.79771781,
            "muscle73": 0.678025067,
            "muscle74": 0.999999702,
            "muscle75": -0.333334476,
            "muscle76": -1.99999964,
            "muscle77": 0.151105523,
            "muscle78": 1.00000012,
            "muscle79": 0.377777457,
            "muscle80": -1.0646944,
            "muscle81": -0.233333051,
            "muscle82": -0.233333036,
            "muscle83": 0.311110675,
            "muscle84": -1.39999855,
            "muscle85": -0.233333185,
            "muscle86": -0.233333215,
            "muscle87": 0.688888729,
            "muscle88": -1.23777866,
            "muscle89": -0.199999779,
            "muscle90": -0.199999779,
            "muscle91": 0.911111116,
            "muscle92": -0.748828828,
            "muscle93": -0.099999845,
            "muscle94": -0.0999998897,
            "muscle-1": 1
          },
          "strings": {
            "interpolation": "default"
          },
          "inTangent": 0,
          "inWeight": 0,
          "outTangent": 0,
          "outWeight": 0,
          "weightedMode": 0
        },
        {
          "property": "Muscles",
          "index": 2,
          "time": 2,
          "ints": {},
          "floats": {
            "muscle0": 2.77478506E-07,
            "muscle1": -4.27466412E-13,
            "muscle2": -5.08888667E-13,
            "muscle3": -1.48849899E-12,
            "muscle4": -1.69222731E-25,
            "muscle5": -3.25688776E-13,
            "muscle6": 0,
            "muscle7": 0,
            "muscle8": 0,
            "muscle9": -3.96933029E-13,
            "muscle10": -4.0711097E-14,
            "muscle11": -3.25688776E-13,
            "muscle12": 1.28065793E-07,
            "muscle13": 4.28744926E-07,
            "muscle14": 1.22498804E-07,
            "muscle15": 0,
            "muscle16": -3.13225756E-09,
            "muscle17": 0,
            "muscle18": -2.60550999E-12,
            "muscle19": 0,
            "muscle20": 0,
            "muscle21": 0.524233162,
            "muscle22": -0.0713503957,
            "muscle23": -0.415075392,
            "muscle24": 0.939663649,
            "muscle25": 0.309937,
            "muscle26": -0.062174011,
            "muscle27": 0.0624357313,
            "muscle28": 8.52839719E-07,
            "muscle29": 0.524231672,
            "muscle30": -0.0713561624,
            "muscle31": -0.415078312,
            "muscle32": 0.939663529,
            "muscle33": 0.309940487,
            "muscle34": -0.0621270724,
            "muscle35": 0.0624493696,
            "muscle36": 8.09750759E-07,
            "muscle37": -0.499998987,
            "muscle38": 0.00360289821,
            "muscle39": -0.565527141,
            "muscle40": -0.0854059681,
            "muscle41": 0.0916852728,
            "muscle42": -0.324178815,
            "muscle43": -0.732743025,
            "muscle44": -0.256573558,
            "muscle45": -0.125599012,
            "muscle46": -0.499998987,
            "muscle47": 0.00360562769,
            "muscle48": -0.194023266,
            "muscle49": -0.037241973,
            "muscle50": 0.0752978921,
            "muscle51": -0.270428061,
            "muscle52": 1.1980952,
            "muscle53": 0.241936848,
            "muscle54": 0.998719454,
            "muscle55": -1.59020746,
            "muscle56": 0.638887823,
            "muscle57": 0.0444450192,
            "muscle58": -0.111111015,
            "muscle59": -0.113411196,
            "muscle60": -0.964444101,
            "muscle61": 0.878195703,
            "muscle62": 0.999999404,
            "muscle63": -0.112639055,
            "muscle64": -1.09014952,
            "muscle65": 0.699998975,
            "muscle66": 0.999999464,
            "muscle67": -0.13682431,
            "muscle68": -1.39999843,
            "muscle69": 0.610934019,
            "muscle70": 0.999999404,
            "muscle71": -0.177439541,
            "muscle72": -0.79771781,
            "muscle73": 0.678025067,
            "muscle74": 0.999999702,
            "muscle75": -0.333334476,
            "muscle76": -1.99999964,
            "muscle77": 0.151105523,
            "muscle78": 0.999999821,
            "muscle79": 0.377777457,
            "muscle80": -1.0646944,
            "muscle81": -0.233333051,
            "muscle82": -0.233333036,
            "muscle83": 0.311110675,
            "muscle84": -1.39999843,
            "muscle85": -0.233333185,
            "muscle86": -0.233333215,
            "muscle87": 0.688888729,
            "muscle88": -1.23777866,
            "muscle89": -0.199999779,
            "muscle90": -0.199999779,
            "muscle91": 0.911111116,
            "muscle92": -0.748828828,
            "muscle93": -0.099999845,
            "muscle94": -0.0999998897,
            "duration": 0,
            "muscle-1": 1
          },
          "strings": {
            "interpolation": "default"
          },
          "inTangent": 0,
          "inWeight": 0,