{"animTracks":[{"properties":["Right Hand Configuration","Left Hand Configuration","Muscles","Facial Expression"],"loops":false,"keyFrames":[{"property":"Muscles","index":1,"time":1,"ints":{},"floats":{"muscle0":2.77478591E-07,"muscle1":-5.36441974E-07,"muscle2":-7.93866383E-13,"muscle3":-2.13454836E-08,"muscle4":1.62844388E-13,"muscle5":-6.31021982E-13,"muscle6":0,"muscle7":0,"muscle8":0,"muscle9":2.13434017E-08,"muscle10":5.90683237E-14,"muscle11":2.68220845E-07,"muscle12":2.34787919E-07,"muscle13":5.78708523E-07,"muscle14":-2.2680203E-07,"muscle15":-0.324147046,"muscle16":-1.31784475E-06,"muscle17":-0.324148148,"muscle18":-2.77395998E-07,"muscle19":0,"muscle20":0,"muscle21":0.527684152,"muscle22":-0.0759823099,"muscle23":-0.588656127,"muscle24":0.953825772,"muscle25":0.425628841,"muscle26":0.042562589,"muscle27":-0.0481424928,"muscle28":4.42761603E-07,"muscle29":0.527683556,"muscle30":-0.0759852156,"muscle31":-0.588660777,"muscle32":0.953825891,"muscle33":0.425632775,"muscle34":0.0425663367,"muscle35":-0.0480918102,"muscle36":3.96204285E-07,"muscle37":-0.499999821,"muscle38":0.00360197015,"muscle39":-0.456673622,"muscle40":0.226597935,"muscle41":0.250942171,"muscle42":-0.999859214,"muscle43":0.431037962,"muscle44":0.0517120734,"muscle45":-0.126259685,"muscle46":-0.499999195,"muscle47":0.0036051874,"muscle48":-0.485185713,"muscle49":0.217115656,"muscle50":0.218438953,"muscle51":-0.999876857,"muscle52":0.458383352,"muscle53":0.124904312,"muscle54":-0.238205656,"muscle55":0,"muscle56":-2,"muscle57":-0.222222209,"muscle58":0.799999952,"muscle59":-0.822222233,"muscle60":-0.49777773,"muscle61":0.77819562,"muscle62":0.77819562,"muscle63":-1,"muscle64":-1.33904028,"muscle65":-2,"muscle66":-1,"muscle67":-1,"muscle68":-0.070674099,"muscle69":-2,"muscle70":-1,"muscle71":-1,"muscle72":-0.113273621,"muscle73":-2,"muscle74":-1,"muscle75":5.61998377E-07,"muscle76":-1.99940777,"muscle77":-0.222156674,"muscle78":0.799763322,"muscle79":-0.821979344,"muscle80":-0.497631282,"muscle81":0.777965963,"muscle82":0.777965665,"muscle83":-0.999705374,"muscle84":-1.33864379,"muscle85":-1.9994123,"muscle86":-0.999705076,"muscle87":-0.999705076,"muscle88":-0.0706500411,"muscle89":-1.99940968,"muscle90":-0.999704778,"muscle91":-0.999705255,"muscle92":-0.113240711,"muscle93":-1.99940932,"muscle94":-0.999704957,"duration":0.313131303},"strings":{},"inTangent":0,"inWeight":0,"outTangent":0,"outWeight":0,"weightedMode":0},{"property":"Muscles","index":2,"time":1.99999988,"ints":{},"floats":{"muscle0":2.77478591E-07,"muscle1":-5.36441974E-07,"muscle2":-7.93866383E-13,"muscle3":-2.13454836E-08,"muscle4":1.62844388E-13,"muscle5":-6.31021982E-13,"muscle6":0,"muscle7":0,"muscle8":0,"muscle9":2.13434017E-08,"muscle10":5.90683237E-14,"muscle11":2.68220845E-07,"muscle12":2.98820822E-07,"muscle13":7.35293384E-07,"muscle14":-6.44071577E-07,"muscle15":0,"muscle16":-1.31784475E-06,"muscle17":0,"muscle18":-1.58908722E-06,"muscle19":0,"muscle20":0,"muscle21":0.524233937,"muscle22":-0.0713479519,"muscle23":-0.415075928,"muscle24":0.939663887,"muscle25":0.309824765,"muscle26":0.0397863351,"muscle27":-0.0395699032,"muscle28":1.12591374E-06,"muscle29":0.524227679,"muscle30":-0.0713563338,"muscle31":-0.415078163,"muscle32":0.939663708,"muscle33":0.309829205,"muscle34":0.0397959165,"muscle35":-0.0395094194,"muscle36":3.96204285E-07,"muscle37":-0.499999821,"muscle38":0.00360197015,"muscle39":-0.511543334,"muscle40":0.354080081,"muscle41":0.103690483,"muscle42":-0.732159019,"muscle43":0.409112066,"muscle44":-0.21023643,"muscle45":-0.126700938,"muscle46":-0.499998987,"muscle47":0.0036056363,"muscle48":-0.544347346,"muscle49":0.338089079,"muscle50":0.0421952233,"muscle51":-0.711083949,"muscle52":0.431657284,"muscle53":-0.267330229,"muscle54":-0.238875136,"muscle55":-1.83333325,"muscle56":-2,"muscle57":-0.0666666627,"muscle58":1,"muscle59":-1,"muscle60":-0.831361532,"muscle61":0.26666671,"muscle62":1,"muscle63":-1,"muscle64":-1.27681828,"muscle65":-1.4666667,"muscle66":-0.720000029,"muscle67":-1,"muscle68":0.271548361,"muscle69":-1.4666667,"muscle70":-0.800000012,"muscle71":-1,"muscle72":0.228948832,"muscle73":-1.60000002,"muscle74":-0.519999981,"muscle75":-1.83279181,"muscle76":-1.99999881,"muscle77":-0.0667130277,"muscle78":0.999941051,"muscle79":-0.999945343,"muscle80":-0.831262708,"muscle81":0.266817272,"muscle82":0.999934494,"muscle83":-0.999999881,"muscle84":-1.27683449,"muscle85":-1.46682048,"muscle86":-0.720082462,"muscle87":-1,"muscle88":0.271446645,"muscle89":-1.46682358,"muscle90":-0.800058424,"muscle91":-0.999999583,"muscle92":0.228847712,"muscle93":-1.6001178,"muscle94":-0.520141542,"duration":0.287878782,"muscle-1":1},"strings":{"interpolation":"default"},"inTangent":0,"inWeight":0,"outTangent":0,"outWeight":0,"weightedMode":0},{"property":"Left Hand Configuration","index":1,"time":1,"ints":{"hash":-474564608},"floats":{"duration":0.313131303},"strings":{"name":"Bico_Redondo_Aberto"},"inTangent":0,"inWeight":0,"outTangent":0,"outWeight":0,"weightedMode":0},{"property":"Left Hand Configuration","index":2,"time":1.99999988,"ints":{"hash":-1423181824},"floats":{"duration":0.287878782},"strings":{"name":"bico de p\u00E1ssaro"},"inTangent":0,"inWeight":0,"outTangent":0,"outWeight":0,"weightedMode":0},{"property":"Right Hand Configuration","index":1,"time":1,"ints":{"hash":-1046643712},"floats":{"duration":0.313131303},"strings":{"name":"Bico_Redondo_Aberto"},"inTangent":0,"inWeight":0,"outTangent":0,"outWeight":0,"weightedMode":0},{"property":"Right Hand Configuration","index":2,"time":1.99999988,"ints":{"hash":-1995260928},"floats":{"duration":0.287878782},"strings":{"name":"bico de p\u00E1ssaro"},"inTangent":0,"inWeight":0,"outTangent":0,"outWeight":0,"weightedMode":0},{"property":"Facial Expression","index":1,"time":1,"ints":{},"floats":{},"strings":{"faceName":"Neutra"},"inTangent":0,"inWeight":0,"outTangent":0,"outWeight":0,"weightedMode":0},{"property":"Facial Expression","index":2,"time":1.99999988,"ints":{},"floats":{},"strings":{"faceName":"Neutra"},"inTangent":0,"inWeight":0,"outTangent":0,"outWeight":0,"weightedMode":0}]},{"properties":["Face Animation Neutra"],"loops":false,"keyFrames":[{"property":"Face Animation Neutra","index":0,"time":0,"ints":{},"floats":{"girl_head_.blendShape.mClose":100,"girl_head_.blendShape.A":0,"girl_head_.blendShape.Cons":0,"girl_head_.blendShape.Fv":0,"girl_head_.blendShape.mLSide":0,"girl_head_.blendShape.mLSideUp":0,"girl_head_.blendShape.mRSide":0,"girl_head_.blendShape.mRSideUp":0,"girl_head_.blendShape.O":0,"girl_head_.blendShape.smile":0,"girl_head_.blendShape.U":0,"girl_hair.blendShape.cheek1":0,"girl_hair.blendShape.cheek2":0,"girl_hair.blendShape.cheek3":0,"girl_head_.blendShape.Bmp":0,"girl_head_.blendShape.E":0,"girl_head_.blendShape.F001":0,"girl_head_.blendShape.F003":0,"girl_head_.blendShape.F005":0,"girl_head_.blendShape.F006":0,"girl_head_.blendShape.F007":0,"girl_head_.blendShape.F007left":0,"girl_head_.blendShape.F008":0,"girl_head_.blendShape.F017":0,"girl_head_.blendShape.F019":0,"girl_head_.blendShape.F024":0,"girl_head_.blendShape.F031":0,"girl_head_.blendShape.LEyeBMad":0,"girl_head_.blendShape.LEyeClose":0,"girl_head_.blendShape.LEyeLidUp":0,"girl_head_.blendShape.LEyeMad":0,"girl_head_.blendShape.LEyeSad":0,"girl_head_.blendShape.LeyeBUp":0,"girl_head_.blendShape.mSad":0,"girl_head_.blendShape.REyeBMad":0,"girl_head_.blendShape.REyeClose":0,"girl_head_.blendShape.REyeLidUp":0,"girl_head_.blendShape.REyeMad":0,"girl_head_.blendShape.REyeSad":0,"girl_head_.blendShape.ReyeBSad":0,"girl_head_.blendShape.ReyeBUp":0,