{"animTracks":[{"properties":["Right Hand Configuration","Left Hand Configuration","Muscles"],"keyFrames":[{"property":"Muscles","index":1,"time":1.51010084,"ints":{},"floats":{"muscle0":2.24928734E-12,"muscle1":-2.84977662E-13,"muscle2":3.4604432E-13,"muscle3":-2.13454836E-08,"muscle4":1.62844388E-13,"muscle5":-6.31021982E-13,"muscle6":0,"muscle7":0,"muscle8":0,"muscle9":2.13433218E-08,"muscle10":6.10666438E-14,"muscle11":-1.5266661E-14,"muscle12":1.38738429E-07,"muscle13":-3.48565692E-08,"muscle14":-1.15892025E-08,"muscle15":-0.324147463,"muscle16":-1.97231259E-07,"muscle17":-0.324148268,"muscle18":-1.58908722E-06,"muscle19":0,"muscle20":0,"muscle21":0.522006631,"muscle22":-0.0674843341,"muscle23":-0.308530539,"muscle24":0.930871427,"muscle25":0.238682792,"muscle26":-0.0525989719,"muscle27":0.0582356974,"muscle28":4.42761603E-07,"muscle29":0.52200526,"muscle30":-0.0674878359,"muscle31":-0.308534384,"muscle32":0.930870771,"muscle33":0.238686398,"muscle34":-0.0525489002,"muscle35":0.0582395531,"muscle36":3.96204285E-07,"muscle37":-0.499999821,"muscle38":0.00360197015,"muscle39":-0.51592195,"muscle40":0.21108599,"muscle41":-0.07798893,"muscle42":0.985978961,"muscle43":0.17682749,"muscle44":-0.0182150658,"muscle45":0.0217887145,"muscle46":-0.499998987,"muscle47":0.0036056363,"muscle48":-0.0654269531,"muscle49":0.0148412911,"muscle50":-0.0648773387,"muscle51":-0.694556475,"muscle52":0.678573668,"muscle53":-0.54694438,"muscle54":-0.396217495,"muscle55":-1.36603785E-06,"muscle56":1.36603731E-07,"muscle57":2.95390468E-08,"muscle58":4.26886757E-08,"muscle59":-2.54444197E-16,"muscle60":1.70754674E-07,"muscle61":-7.58909735E-08,"muscle62":7.58909806E-08,"muscle63":6.83018797E-08,"muscle64":-2.27672942E-07,"muscle65":0,"muscle66":-5.52179507E-19,"muscle67":-3.4150947E-08,"muscle68":-5.69182426E-08,"muscle69":-6.07127788E-07,"muscle70":-7.58909806E-08,"muscle71":-3.41509363E-08,"muscle72":4.26886722E-08,"muscle73":-5.31236765E-07,"muscle74":-7.58909735E-08,"muscle75":-0.999850988,"muscle76":-1.99970484,"muscle77":-0.999851465,"muscle78":-0.537703037,"muscle79":-0.399940938,"muscle80":-0.706811488,"muscle81":0.999851942,"muscle82":0.999852598,"muscle83":-0.999851882,"muscle84":-1.39979267,"muscle85":-1.99970627,"muscle86":0.999851942,"muscle87":-0.99985224,"muscle88":0.271508127,"muscle89":-1.9997046,"muscle90":0.999851227,"muscle91":-0.999852359,"muscle92":-0.113257922,"muscle93":-1.99970543,"muscle94":0.999852717,"duration":0},"strings":{}},{"property":"Muscles","index":2,"time":1.02525246,"ints":{},"floats":{"muscle0":2.24928734E-12,"muscle1":-2.84977662E-13,"muscle2":3.4604432E-13,"muscle3":-2.13454836E-08,"muscle4":1.62844388E-13,"muscle5":-6.31021982E-13,"muscle6":0,"muscle7":0,"muscle8":0,"muscle9":2.13433218E-08,"muscle10":6.10666438E-14,"muscle11":-1.5266661E-14,"muscle12":1.70754916E-07,"muscle13":-1.99459649E-07,"muscle14":-1.08296824E-07,"muscle15":-0.324147195,"muscle16":-4.55958755E-08,"muscle17":-0.324148148,"muscle18":-2.77395998E-07,"muscle19":0,"muscle20":0,"muscle21":0.520544946,"muscle22":-0.064379923,"muscle23":-0.236127213,"muscle24":0.924839318,"muscle25":0.190260738,"muscle26":-0.05365026,"muscle27":0.0638785809,"muscle28":1.12591374E-06,"muscle29":0.520545304,"muscle30":-0.0643856451,"muscle31":-0.236130148,"muscle32":0.924838722,"muscle33":0.190264151,"muscle34":-0.0536016449,"muscle35":0.0638873652,"muscle36":3.96204285E-07,"muscle37":-0.499999821,"muscle38":0.00360197015,"muscle39":-0.516909063,"muscle40":0.211191207,"muscle41":-0.0540153608,"muscle42":0.984186888,"muscle43":0.152993977,"muscle44":-0.0189274233,"muscle45":0.0221344512,"muscle46":-0.499999195,"muscle47":0.0036051874,"muscle48":-0.0744750872,"muscle49":0.119934,"muscle50":-0.1426626,"muscle51":-0.687060297,"muscle52":0.799651504,"muscle53":0.510875642,"muscle54":-0.826392889,"muscle55":-1.36603785E-06,"muscle56":1.36603731E-07,"muscle57":2.95390468E-08,"muscle58":4.26886757E-08,"muscle59":-2.54444197E-16,"muscle60":1.70754674E-07,"muscle61":-7.58909735E-08,"muscle62":7.58909806E-08,"muscle63":6.83018797E-08,"muscle64":-2.27672942E-07,"muscle65":-5.31236765E-07,"muscle66":-5.52179507E-19,"muscle67":-3.4150947E-08,"muscle68":-5.69182426E-08,"muscle69":-6.07127788E-07,"muscle70":-7.58909806E-08,"muscle71":2.04905632E-07,"muscle72":9.54165992E-16,"muscle73":-5.31236765E-07,"muscle74":-7.58909735E-08,"muscle75":-0.000147893123,"muscle76":-1.99999988,"muscle77":-0.337880075,"muscle78":-0.40002051,"muscle79":-0.957772613,"muscle80":-0.489171684,"muscle81":0.211645663,"muscle82":0.21164602,"muscle83":-0.912652135,"muscle84":-1.39999855,"muscle85":-1.46273434,"muscle86":-0.999705493,"muscle87":-0.959052444,"muscle88":0.271548122,"muscle89":-1.18918622,"muscle90":-0.999703944,"muscle91":-1.00000012,"muscle92":0.322217524,"muscle93":-1.35540378,"muscle94":-0.99970448,"duration":0},"strings":{}},{"property":"Muscles","index":3,"time":3.02020192,"ints":{},"floats":{"muscle0":2.24928734E-12,"muscle1":-2.84977662E-13,"muscle2":3.4604432E-13,"muscle3":2.77475266E-07,"muscle4":8.14222618E-14,"muscle5":-6.92088639E-13,"muscle6":0,"muscle7":0,"muscle8":0,"muscle9":2.13433218E-08,"muscle10":6.10666438E-14,"muscle11":-1.5266661E-14,"muscle12":2.13443599E-07,"muscle13":-4.18178615E-07,"muscle14":-3.75196869E-08,"muscle15":-0.324145645,"muscle16":-1.33756555E-06,"muscle17":-0.324147195,"muscle18":-1.76044307E-06,"muscle19":0,"muscle20":0,"muscle21":0.518861771,"muscle22":-0.0599404797,"muscle23":-0.145373106,"muscle24":0.917206466,"muscle25":0.129531041,"muscle26":-0.0547528751,"muscle27":0.0719361231,"muscle28":2.01463877E-06,"muscle29":0.518861711,"muscle30":-0.0599439815,"muscle31":-0.145372376,"muscle32":0.917205393,"muscle33":0.129531503,"muscle34":-0.0547035262,"muscle35":0.0719403848,"muscle36":1.14805857E-06,"muscle37":-0.500002563,"muscle38":0.00359944534,"muscle39":-0.518068492,"muscle40":0.211246282,"muscle41":-0.0264559705,"muscle42":0.982117772,"muscle43":0.125616893,"muscle44":-0.0198153816,"muscle45":0.0226064399,"muscle46":-0.499998987,"muscle47":0.0036056363,"muscle48":-0.0665175915,"muscle49":0.0150867542,"muscle50":-0.064577505,"muscle51":-0.694727719,"muscle52":0.678588152,"muscle53":-0.547370076,"muscle54":-0.394494116,"muscle55":-2.56132103E-06,"muscle56":2.04905461E-07,"muscle57":2.95390468E-08,"muscle58":4.26886757E-08,"muscle59":-2.54444197E-16,"muscle60":1.70754674E-07,"muscle61":-6.07127845E-07,"muscle62":7.58909806E-08,"muscle63":2.7320749E-07,"muscle64":3.39258994E-15,"muscle65":0,"muscle66":-5.52179507E-19,"muscle67":-3.4150947E-08,"muscle68":-5.69182426E-08,"muscle69":-6.07127788E-07,"muscle70":-7.58909806E-08,"muscle71":-3.41509363E-08,"muscle72":4.26886722E-08,"muscle73":-5.31236765E-07,"muscle74":-7.58909735E-08,"muscle75":-0.999851584,"muscle76":-1.99970388,"muscle77":-0.999851465,"muscle78":-0.537703037,"muscle79":-0.399940997,"muscle80":-0.706811368,"muscle81":0.999851942,"muscle82":0.999852598,"muscle83":-0.999851465,"muscle84":-1.39979267,"muscle85":-1.99970627,"muscle86":0.999851942,"muscle87":-0.999851525,"muscle88":0.271508366,"muscle89":-1.9997046,"muscle90":0.999851227,"muscle91":-0.999851942,"muscle92":-0.11325793,"muscle93":-1.99970543,"muscle94":0.999852896,"duration":0},"strings":{}},{"property":"Muscles","index":5,"time":1.86868644,"ints":{},"floats":{"muscle0":2.24928734E-12,"muscle1":-2.84977662E-13,"muscle2":3.4604432E-13,"muscle3":2.77475266E-07,"muscle4":8.14222618E-14,"muscle5":-6.92088639E-13,"muscle6":0,"muscle7":0,"muscle8":0,"muscle9":2.13433218E-08,"muscle10":6.10666438E-14,"muscle11":-1.5266661E-14,"muscle12":2.66804477E-07,"muscle13":-5.09123652E-07,"muscle14":4.19011634E-08,"muscle15":-0.324147195,"muscle16":-4.55958755E-08,"muscle17":-0.324148148,"muscle18":-2.77395998E-07,"muscle19":0,"muscle20":0,"muscle21":0.51955229,"muscle22":-0.0619078502,"muscle23":-0.184100658,"muscle24":0.920473695,"muscle25":0.15544863,"muscle26":-0.0543172322,"muscle27":0.0683594793,"muscle28":1.53612518E-06,"muscle29":0.519551396,