{"animTracks":[{"properties":["Right Hand Configuration","Left Hand Configuration","Muscles"],"loops":false,"keyFrames":[{"property":"Muscles","index":1,"time":1,"ints":{},"floats":{"muscle0":2.77478591E-07,"muscle1":-5.36441974E-07,"muscle2":-7.93866383E-13,"muscle3":-2.13454836E-08,"muscle4":1.62844388E-13,"muscle5":-6.31021982E-13,"muscle6":0,"muscle7":0,"muscle8":0,"muscle9":2.13434017E-08,"muscle10":5.90683237E-14,"muscle11":2.68220845E-07,"muscle12":2.34787919E-07,"muscle13":5.78708523E-07,"muscle14":-2.2680203E-07,"muscle15":-0.324147463,"muscle16":-1.84561559E-05,"muscle17":-0.324148268,"muscle18":-1.65786478E-05,"muscle19":0,"muscle20":0,"muscle21":0.527684152,"muscle22":-0.0759823099,"muscle23":-0.588656127,"muscle24":0.953825772,"muscle25":0.425628841,"muscle26":0.042562589,"muscle27":-0.0481424928,"muscle28":4.42761603E-07,"muscle29":0.527683556,"muscle30":-0.0759852156,"muscle31":-0.588660777,"muscle32":0.953825891,"muscle33":0.425632775,"muscle34":0.0425663367,"muscle35":-0.0480918102,"muscle36":3.96204285E-07,"muscle37":-0.499999821,"muscle38":0.00360197015,"muscle39":-0.512595832,"muscle40":0.210587695,"muscle41":-0.16981034,"muscle42":0.992770672,"muscle43":0.268193841,"muscle44":-0.015839668,"muscle45":0.0202495288,"muscle46":-0.499999195,"muscle47":0.0036051874,"muscle48":0.136087015,"muscle49":-0.249294311,"muscle50":0.43683821,"muscle51":-0.58501476,"muscle52":-0.043224182,"muscle53":0.197894722,"muscle54":0.210256234,"muscle55":-1.36603785E-06,"muscle56":1.36603731E-07,"muscle57":2.95390468E-08,"muscle58":4.26886757E-08,"muscle59":-2.54444197E-16,"muscle60":1.70754674E-07,"muscle61":-6.07127845E-07,"muscle62":7.58909806E-08,"muscle63":6.83018797E-08,"muscle64":-2.27672942E-07,"muscle65":0,"muscle66":-5.52179507E-19,"muscle67":-3.4150947E-08,"muscle68":-5.69182426E-08,"muscle69":-1.51781947E-07,"muscle70":-7.58909806E-08,"muscle71":-3.41509363E-08,"muscle72":4.26886722E-08,"muscle73":-7.58909735E-08,"muscle74":-7.58909735E-08,"muscle75":-2.4333334,"muscle76":-2.00000024,"muscle77":-0.577777684,"muscle78":-0.999999344,"muscle79":-0.999999702,"muscle80":-0.706916571,"muscle81":-2,"muscle82":0.99999994,"muscle83":-0.999999583,"muscle84":-1.3999989,"muscle85":-2.00000095,"muscle86":0.999999702,"muscle87":-0.999999821,"muscle88":-0.226229712,"muscle89":-1.99999988,"muscle90":0.999999344,"muscle91":-1.00000012,"muscle92":-0.299940735,"muscle93":-2.00000072,"muscle94":1},"strings":{}},{"property":"Muscles","index":3,"time":2.68686867,"ints":{},"floats":{"muscle0":2.561342E-07,"muscle1":-5.3644186E-07,"muscle2":-7.53155134E-13,"muscle3":2.77475209E-07,"muscle4":-4.07110801E-14,"muscle5":-5.08888586E-14,"muscle6":0,"muscle7":0,"muscle8":0,"muscle9":-2.13452704E-08,"muscle10":2.23540313E-14,"muscle11":2.682211E-07,"muscle12":6.4033074E-08,"muscle13":8.20476714E-07,"muscle14":-6.38309245E-07,"muscle15":-0.324147671,"muscle16":-1.889134E-05,"muscle17":-0.324148178,"muscle18":-1.72246273E-05,"muscle19":0,"muscle20":0,"muscle21":0.522005379,"muscle22":-0.0674881041,"muscle23":-0.308526278,"muscle24":0.930871248,"muscle25":0.238600031,"muscle26":0.0380874127,"muscle27":-0.0324732773,"muscle28":1.53599171E-06,"muscle29":0.522027254,"muscle30":-0.067489855,"muscle31":-0.308532536,"muscle32":0.930871248,"muscle33":0.238600925,"muscle34":0.0380683541,"muscle35":-0.0324204303,"muscle36":-4.9172013E-07,"muscle37":-0.499996513,"muscle38":0.00360311777,"muscle39":-0.51593703,"muscle40":0.211078018,"muscle41":-0.0779876113,"muscle42":0.98597908,"muscle43":0.176828757,"muscle44":-0.0182035398,"muscle45":0.0218043867,"muscle46":-0.500000954,"muscle47":0.00360560464,"muscle48":0.136234879,"muscle49":-0.24921526,"muscle50":0.436762393,"muscle51":-0.584976971,"muscle52":-0.0431451052,"muscle53":-0.414769739,"muscle54":0.210272551,"muscle55":-1.36603751E-06,"muscle56":8.19622528E-07,"muscle57":-1.67169532E-08,"muscle58":-9.05049902E-08,"muscle59":-4.43962136E-07,"muscle60":4.13471806E-15,"muscle61":-4.55345827E-07,"muscle62":7.58909593E-08,"muscle63":3.41509363E-08,"muscle64":-2.27672913E-07,"muscle65":0,"muscle66":-2.20871741E-18,"muscle67":0,"muscle68":0,"muscle69":-5.31236765E-07,"muscle70":-8.28269027E-19,"muscle71":-6.36110494E-17,"muscle72":4.26886686E-08,"muscle73":4.41743481E-18,"muscle74":-3.31307611E-18,"muscle75":-2.43333101,"muscle76":-2,"muscle77":-0.577777684,"muscle78":-0.999999583,"muscle79":-0.999997973,"muscle80":-0.706916511,"muscle81":-2.00000095,"muscle82":0.999999702,"muscle83":-0.999999464,"muscle84":-1.39999878,"muscle85":-2.00000095,"muscle86":0.999999702,"muscle87":-1,"muscle88":-0.226229846,"muscle89":-2.00000095,"muscle90":0.999999464,"muscle91":-1.00000012,"muscle92":-0.299940705,"muscle93":-2.00000095,"muscle94":1,"duration":0},"strings":{}},{"property":"Muscles","index":2,"time":2.10101008,"ints":{},"floats":{"muscle0":2.20384518E-12,"muscle1":-5.3644186E-07,"muscle2":3.05333178E-13,"muscle3":2.77475209E-07,"muscle4":-4.07110801E-14,"muscle5":-5.08888586E-14,"muscle6":0,"muscle7":0,"muscle8":0,"muscle9":-2.13452704E-08,"muscle10":2.23540313E-14,"muscle11":2.682211E-07,"muscle12":5.65624987E-07,"muscle13":8.6306693E-07,"muscle14":-6.3542808E-07,"muscle15":-0.324147671,"muscle16":-1.889134E-05,"muscle17":-0.32414791,"muscle18":-1.65786441E-05,"muscle19":0,"muscle20":0,"muscle21":0.524229228,"muscle22":-0.0713677406,"muscle23":-0.415071517,"muscle24":0.939664245,"muscle25":0.309827656,"muscle26":0.0397933871,"muscle27":-0.039532952,"muscle28":1.12591374E-06,"muscle29":0.524227321,"muscle30":-0.0713509321,"muscle31":-0.415080726,"muscle32":0.939663887,"muscle33":0.309829354,"muscle34":0.0397956111,"muscle35":-0.0395198539,"muscle36":-8.17754753E-08,"muscle37":-0.499999434,"muscle38":0.00360218296,"muscle39":-0.514528811,"muscle40":0.210909545,"muscle41":-0.113972805,"muscle42":0.988652825,"muscle43":0.212617263,"muscle44":-0.0172205437,"muscle45":0.0212121569,"muscle46":-0.499999762,"muscle47":0.00360652548,"muscle48":0.136174038,"muscle49":-0.24927716,"muscle50":0.436798036,"muscle51":-0.584996223,"muscle52":-0.043191582,"muscle53":0.198007062,"muscle54":0.210329041,"muscle55":-1.36603751E-06,"muscle56":8.19622528E-07,"muscle57":-1.67169532E-08,"muscle58":-9.05049902E-08,"muscle59":-4.43962136E-07,"muscle60":4.13471806E-15,"muscle61":-4.55345827E-07,"muscle62":7.58909593E-08,"muscle63":3.41509363E-08,"muscle64":-2.27672913E-07,"muscle65":0,"muscle66":-2.20871741E-18,"muscle67":0,"muscle68":0,"muscle69":-7.58909735E-08,"muscle70":-8.28269027E-19,"muscle71":2.39056561E-07,"muscle72":-8.53773443E-08,"muscle73":-4.55345827E-07,"muscle74":-3.31307611E-18,"muscle75":-2.43333173,"muscle76":-2,"muscle77":-0.577777684,"muscle78":-0.999999583,"muscle79":-0.999998569,"muscle80":-0.706916392,"muscle81":-2.00000095,"muscle82":0.999999702,"muscle83":-0.999999464,"muscle84":-1.39999878,"muscle85":-2.00000095,"muscle86":0.999999702,"muscle87":-1,"muscle88":-0.226229846,"muscle89":-2.00000072,"muscle90":0.999999464,"muscle91":-1.00000012,"muscle92":-0.299940705,"muscle93":-2.00000095,"muscle94":1,"duration":0},"strings":{}},{"property":"Muscles","index":4,"time":1.55050492,"ints":{},"floats":{"muscle0":2.561342E-07,"muscle1":-5.3644186E-07,"muscle2":-7.53155134E-13,"muscle3":2.77475209E-07,"muscle4":-4.07110801E-14,"muscle5":-5.08888586E-14,"muscle6":0,"muscle7":0,"muscle8":0,"muscle9":-2.13452704E-08,"muscle10":2.23540313E-14,"muscle11":2.682211E-07,"muscle12":5.33609352E-08,"muscle13":9.73555416E-07,"muscle14":-3.71237036E-07,"muscle15":-0.324147671,"muscle16":-1.889134E-05,"muscle17":-0.324148178,"muscle18":-1.72246273E-05,"muscle19":0,"muscle20":0,"muscle21":0.524234116,"muscle22":-0.0713528693,"muscle23":-0.415074974,"muscle24":0.939663827,"muscle25":0.30982554,"muscle26":0.0397862755,"muscle27":-0.0395612046,"muscle28":1.26251746E-06,"muscle29":0.524233162,"muscle30":-0.0713556781,"muscle31":-0.415077537,"muscle32":0.939663708,"muscle33":0.309827626,"muscle34":0.0397903211,"muscle35":-0.0395097695,"muscle36":-8.17754753E-08,