{"animTracks":[{"properties":["Right Hand Configuration","Left Hand Configuration","Muscles"],"loops":false,"keyFrames":[{"property":"Muscles","index":1,"time":1,"ints":{},"floats":{"muscle0":2.56134228E-07,"muscle1":-1.42488763E-13,"muscle2":-5.49599645E-13,"muscle3":2.13431885E-08,"muscle4":-4.07110868E-14,"muscle5":0,"muscle6":0,"muscle7":0,"muscle8":0,"muscle9":-2.13452704E-08,"muscle10":2.23540313E-14,"muscle11":2.682211E-07,"muscle12":-2.02771005E-07,"muscle13":1.95387557E-07,"muscle14":-2.5273215E-07,"muscle15":-0.324147224,"muscle16":7.54565477E-08,"muscle17":-0.32414791,"muscle18":-1.25760167E-07,"muscle19":0,"muscle20":0,"muscle21":0.527684629,"muscle22":-0.0759822652,"muscle23":-0.588656783,"muscle24":0.953825772,"muscle25":0.425629228,"muscle26":0.042562034,"muscle27":-0.0481425785,"muscle28":5.79231937E-07,"muscle29":0.527684867,"muscle30":-0.0759847462,"muscle31":-0.588661671,"muscle32":0.953825772,"muscle33":0.425633192,"muscle34":0.0425647497,"muscle35":-0.0480923951,"muscle36":-8.17754753E-08,"muscle37":-0.499999434,"muscle38":0.00360218296,"muscle39":-0.512599766,"muscle40":0.210586742,"muscle41":-0.169809639,"muscle42":0.99277091,"muscle43":0.268193185,"muscle44":-0.0158367883,"muscle45":0.0202510636,"muscle46":-0.499999315,"muscle47":0.00360563514,"muscle48":0.47674498,"muscle49":0.0679522231,"muscle50":0.781068385,"muscle51":-0.101243757,"muscle52":1.00500047,"muscle53":-0.695998311,"muscle54":-0.284400672,"muscle55":-1.36603751E-06,"muscle56":8.19622528E-07,"muscle57":-1.67169532E-08,"muscle58":-9.05049902E-08,"muscle59":-3.41509327E-08,"muscle60":1.70754674E-07,"muscle61":7.58909735E-08,"muscle62":7.58909593E-08,"muscle63":3.41509363E-08,"muscle64":-2.27672913E-07,"muscle65":0,"muscle66":-2.20871741E-18,"muscle67":0,"muscle68":0,"muscle69":-7.58909735E-08,"muscle70":-8.28269027E-19,"muscle71":-6.36110494E-17,"muscle72":4.26886686E-08,"muscle73":4.41743481E-18,"muscle74":-3.31307611E-18,"muscle75":-1.33333218,"muscle76":-1.36111259,"muscle77":-0.888887584,"muscle78":-0.47111547,"muscle79":-0.380077153,"muscle80":-0.45802784,"muscle81":0.744862556,"muscle82":0.744862378,"muscle83":-0.290415794,"muscle84":-1.09014976,"muscle85":0.804009378,"muscle86":0.804009557,"muscle87":-0.87015748,"muscle88":-1.31511784,"muscle89":-1.42239869,"muscle90":-1,"muscle91":-1,"muscle92":-0.611051261,"muscle93":-1.48864222,"muscle94":-0.99999994},"strings":{}},{"property":"Muscles","index":2,"time":1.4444443,"ints":{},"floats":{"muscle0":2.24928734E-12,"muscle1":4.07110902E-14,"muscle2":5.08888667E-13,"muscle3":2.13431885E-08,"muscle4":-4.07110868E-14,"muscle5":0,"muscle6":0,"muscle7":0,"muscle8":0,"muscle9":-2.13452704E-08,"muscle10":2.23540313E-14,"muscle11":2.682211E-07,"muscle12":-7.47049782E-08,"muscle13":1.95387514E-07,"muscle14":-2.5273215E-07,"muscle15":-0.324147493,"muscle16":4.63046945E-07,"muscle17":-0.32414791,"muscle18":-1.25760167E-07,"muscle19":0,"muscle20":0,"muscle21":0.524232566,"muscle22":-0.0713518038,"muscle23":-0.415076435,"muscle24":0.939663708,"muscle25":0.309866756,"muscle26":-0.0509062968,"muscle27":0.0511467941,"muscle28":5.79231937E-07,"muscle29":0.52423346,"muscle30":-0.0713541955,"muscle31":-0.415078491,"muscle32":0.939664245,"muscle33":0.309869081,"muscle34":-0.0508561358,"muscle35":0.0511503965,"muscle36":-8.17754753E-08,"muscle37":-0.499999136,"muscle38":0.00360311777,"muscle39":-0.514534533,"muscle40":0.210906699,"muscle41":-0.113971293,"muscle42":0.988653243,"muscle43":0.212615952,"muscle44":-0.0172159318,"muscle45":0.0212174375,"muscle46":-0.499999315,"muscle47":0.00360563514,"muscle48":0.367131263,"muscle49":0.0539029613,"muscle50":0.785206318,"muscle51":-0.266169757,"muscle52":0.880896509,"muscle53":-0.999988794,"muscle54":0.410159707,"muscle55":-1.36603751E-06,"muscle56":8.19622528E-07,"muscle57":-1.67169532E-08,"muscle58":-5.17475087E-07,"muscle59":-3.41509327E-08,"muscle60":1.70754674E-07,"muscle61":7.58909735E-08,"muscle62":7.58909593E-08,"muscle63":3.41509363E-08,"muscle64":-2.27672913E-07,"muscle65":0,"muscle66":-2.20871741E-18,"muscle67":0,"muscle68":0,"muscle69":-7.58909735E-08,"muscle70":-8.28269027E-19,"muscle71":-6.36110494E-17,"muscle72":4.26886686E-08,"muscle73":4.41743481E-18,"muscle74":-3.31307611E-18,"muscle75":-1.33313489,"muscle76":-1.36091173,"muscle77":-0.888756096,"muscle78":-0.471045792,"muscle79":-0.380020976,"muscle80":-0.457960308,"muscle81":0.744752645,"muscle82":0.744752645,"muscle83":-0.290372998,"muscle84":-1.08998954,"muscle85":0.803890347,"muscle86":0.803891361,"muscle87":-0.870029151,"muscle88":-1.31492281,"muscle89":-1.42218864,"muscle90":-0.999852538,"muscle91":-0.999852479,"muscle92":-0.61096096,"muscle93":-1.48842204,"muscle94":-0.999852777,"duration":0.313131303},"strings":{}},{"property":"Left Hand Configuration","index":1,"time":1,"ints":{"hash":-1244248064},"floats":{},"strings":{"name":"-"}},{"property":"Left Hand Configuration","index":2,"time":1.4444443,"ints":{"hash":1906561024},"floats":{"duration":0.313131303},"strings":{"name":"-"}},{"property":"Right Hand Configuration","index":1,"time":1,"ints":{"hash":-1816327168},"floats":{},"strings":{"name":"V_1"}},{"property":"Right Hand Configuration","index":2,"time":1.4444443,"ints":{"hash":1334481920},"floats":{"duration":0.313131303},"strings":{"name":"V_1"}}]}],"version":3,"globalSpeed":1,"globalRepetitions":1}
