{
  "animTracks": [
    {
      "properties": [
        "Right Hand Configuration",
        "Left Hand Configuration",
        "Muscles",
        "Facial Expression"
      ],
      "loops": false,
      "keyFrames": [
        {
          "property": "Muscles",
          "index": 1,
          "time": 1,
          "ints": {},
          "floats": {
            "muscle0": 2.1398753E-12,
            "muscle1": -4.07110923E-13,
            "muscle2": -9.56710622E-13,
            "muscle3": -1.48849899E-12,
            "muscle4": -1.69222731E-25,
            "muscle5": -3.25688776E-13,
            "muscle6": 0,
            "muscle7": 0,
            "muscle8": 0,
            "muscle9": -3.96933029E-13,
            "muscle10": -4.0711097E-14,
            "muscle11": -3.25688776E-13,
            "muscle12": 1.38737931E-07,
            "muscle13": 1.30605528E-07,
            "muscle14": 1.02331555E-07,
            "muscle15": 0,
            "muscle16": -3.13225756E-09,
            "muscle17": 0,
            "muscle18": -2.60550999E-12,
            "muscle19": 0,
            "muscle20": 0,
            "muscle21": 0.527684987,
            "muscle22": -0.075982213,
            "muscle23": -0.588656247,
            "muscle24": 0.953825712,
            "muscle25": 0.4257029,
            "muscle26": -0.0594078712,
            "muscle27": 0.0538544767,
            "muscle28": 3.74593156E-07,
            "muscle29": 0.527683496,
            "muscle30": -0.0759853348,
            "muscle31": -0.588659286,
            "muscle32": 0.953825295,
            "muscle33": 0.425705791,
            "muscle34": -0.0593609177,
            "muscle35": 0.053863246,
            "muscle36": 1.94633657E-07,
            "muscle37": -0.499999434,
            "muscle38": 0.00360223628,
            "muscle39": -0.512600362,
            "muscle40": 0.210586652,
            "muscle41": -0.169805929,
            "muscle42": 0.992770255,
            "muscle43": 0.268189847,
            "muscle44": -0.0158368628,
            "muscle45": 0.0202516299,
            "muscle46": -0.499998987,
            "muscle47": 0.00360562769,
            "muscle48": -0.281804025,
            "muscle49": -0.142980084,
            "muscle50": 0.309683323,
            "muscle51": -0.441743225,
            "muscle52": -0.907119513,
            "muscle53": 0.7851758,
            "muscle54": 0.292534441,
            "muscle55": -1.017777E-14,
            "muscle56": 1.36603745E-07,
            "muscle57": 3.64950097E-08,
            "muscle58": 9.11422333E-08,
            "muscle59": -6.83018726E-08,
            "muscle60": 8.53773443E-08,
            "muscle61": -7.58909735E-08,
            "muscle62": -2.20871803E-18,
            "muscle63": 6.83018939E-08,
            "muscle64": -2.2767297E-07,
            "muscle65": -7.58909806E-08,
            "muscle66": 4.96961642E-17,
            "muscle67": 3.41509399E-08,
            "muscle68": -1.13836471E-07,
            "muscle69": -6.07127788E-07,
            "muscle70": -2.76089676E-19,
            "muscle71": -3.41509399E-08,
            "muscle72": 4.26886793E-08,
            "muscle73": 1.51781947E-07,
            "muscle74": 0,
            "muscle75": -1.26666617,
            "muscle76": -2,
            "muscle77": -0.02222207,
            "muscle78": -0.200000003,
            "muscle79": -0.888888717,
            "muscle80": -0.831361532,
            "muscle81": -0.0333333835,
            "muscle82": 1.00000012,
            "muscle83": -0.999999821,
            "muscle84": -1.27681732,
            "muscle85": 0.200000033,
            "muscle86": 0.99999994,
            "muscle87": -1,
            "muscle88": -0.506229281,
            "muscle89": 0.399999797,
            "muscle90": 0.99999994,
            "muscle91": -0.99999994,
            "muscle92": -0.393272877,
            "muscle93": 0.533333302,
            "muscle94": 0.99999994,
            "muscle-1": 1
          },
          "strings": {
            "interpolation": "default"
          },
          "inTangent": 0,
          "inWeight": 0,
          "outTangent": 0,
          "outWeight": 0,
          "weightedMode": 0
        },
        {
          "property": "Muscles",
          "index": 2,
          "time": 2,
          "ints": {},
          "floats": {
            "muscle0": 2.15925563E-12,
            "muscle1": 2.68220703E-07,
            "muscle2": -2.03555451E-14,
            "muscle3": -1.48849899E-12,
            "muscle4": -1.69222731E-25,
            "muscle5": -3.25688776E-13,
            "muscle6": 0,
            "muscle7": 0,
            "muscle8": 0,
            "muscle9": -3.96933029E-13,
            "muscle10": -4.0711097E-14,
            "muscle11": -3.25688776E-13,
            "muscle12": 5.12263853E-07,
            "muscle13": -3.39982833E-08,
            "muscle14": 5.62388047E-09,
            "muscle15": 0,
            "muscle16": 9.75310357E-08,
            "muscle17": 0,
            "muscle18": -2.60550999E-12,
            "muscle19": 0,
            "muscle20": 0,
            "muscle21": 0.524233103,
            "muscle22": -0.0713501722,
            "muscle23": -0.415073365,
            "muscle24": 0.939663708,
            "muscle25": 0.30993551,
            "muscle26": -0.0621738657,
            "muscle27": 0.0624360591,
            "muscle28": 3.74593156E-07,
            "muscle29": 0.524231434,
            "muscle30": -0.0713562816,
            "muscle31": -0.415078551,
            "muscle32": 0.93966347,
            "muscle33": 0.309940785,
            "muscle34": -0.0621267483,
            "muscle35": 0.0624497682,
            "muscle36": 8.09750759E-07,
            "muscle37": -0.499998987,
            "muscle38": 0.00360269262,
            "muscle39": -0.514537334,
            "muscle40": 0.210906118,
            "muscle41": -0.113970496,
            "muscle42": 0.988652945,
            "muscle43": 0.212615684,
            "muscle44": -0.0172148366,
            "muscle45": 0.0212187488,
            "muscle46": -0.499998987,
            "muscle47": 0.00360562769,
            "muscle48": -0.311028451,
            "muscle49": -0.399515271,
            "muscle50": 0.133944467,
            "muscle51": 0.027058376,
            "muscle52": -0.911765575,
            "muscle53": 0.252181798,
            "muscle54": 0.292534441,
            "muscle55": -1.017777E-14,
            "muscle56": 1.36603745E-07,
            "muscle57": 3.64950097E-08,
            "muscle58": 9.11422333E-08,
            "muscle59": -5.12264137E-07,
            "muscle60": 2.56132068E-07,
            "muscle61": -7.58909735E-08,
            "muscle62": -2.20871803E-18,
            "muscle63": 6.83018939E-08,
            "muscle64": -2.2767297E-07,
            "muscle65": -7.58909806E-08,
            "muscle66": 4.96961642E-17,
            "muscle67": 2.3905659E-07,
            "muscle68": -2.96851675E-15,
            "muscle69": -6.07127788E-07,
            "muscle70": -2.76089676E-19,
            "muscle71": -3.41509399E-08,
            "muscle72": 4.26886793E-08,
            "muscle73": 1.51781947E-07,
            "muscle74": 0,
            "muscle75": -1.26666617,
            "muscle76": -2,
            "muscle77": -0.02222207,
            "muscle78": -0.200000003,
            "muscle79": -0.888888299,
            "muscle80": -0.831361532,
            "muscle81": -0.0333333835,
            "muscle82": 1.00000012,
            "muscle83": -0.999999821,
            "muscle84": -1.27681732,
            "muscle85": 0.200000033,
            "muscle86": 0.99999994,
            "muscle87": -1,
            "muscle88": -0.506229281,
            "muscle89": 0.399999499,
            "muscle90": 0.999999642,
            "muscle91": -0.99999994,
            "muscle92": -0.393272877,
            "muscle93": 0.533333302,
            "muscle94": 0.99999994,
            "duration": 0,
            "muscle-1": 1
          },
          "strings": {
            "interpolation": "default"
          },