{
  "animTracks": [
    {
      "properties": [
        "Right Hand Configuration",
        "Left Hand Configuration",
        "Muscles",
        "Facial Expression"
      ],
      "loops": false,
      "keyFrames": [
        {
          "property": "Muscles",
          "index": 1,
          "time": 1,
          "ints": {},
          "floats": {
            "muscle0": 2.1398753E-12,
            "muscle1": -4.07110923E-13,
            "muscle2": -9.56710622E-13,
            "muscle3": -1.48849899E-12,
            "muscle4": -1.69222731E-25,
            "muscle5": -3.25688776E-13,
            "muscle6": 0,
            "muscle7": 0,
            "muscle8": 0,
            "muscle9": -3.96933029E-13,
            "muscle10": -4.0711097E-14,
            "muscle11": -3.25688776E-13,
            "muscle12": 1.38737931E-07,
            "muscle13": 1.30605528E-07,
            "muscle14": 1.02331555E-07,
            "muscle15": 0,
            "muscle16": -3.13225756E-09,
            "muscle17": 0,
            "muscle18": -2.60550999E-12,
            "muscle19": 0,
            "muscle20": 0,
            "muscle21": 0.527684987,
            "muscle22": -0.075982213,
            "muscle23": -0.588656247,
            "muscle24": 0.953825712,
            "muscle25": 0.4257029,
            "muscle26": -0.0594078712,
            "muscle27": 0.0538544767,
            "muscle28": 3.74593156E-07,
            "muscle29": 0.527683496,
            "muscle30": -0.0759853348,
            "muscle31": -0.588659286,
            "muscle32": 0.953825295,
            "muscle33": 0.425705791,
            "muscle34": -0.0593609177,
            "muscle35": 0.053863246,
            "muscle36": 1.94633657E-07,
            "muscle37": -0.499999434,
            "muscle38": 0.00360223628,
            "muscle39": -0.0730077699,
            "muscle40": -0.344412535,
            "muscle41": 0.415730655,
            "muscle42": -0.420263588,
            "muscle43": 0.867497087,
            "muscle44": -0.326792002,
            "muscle45": 0.503910303,
            "muscle46": -0.499998987,
            "muscle47": 0.00360562769,
            "muscle48": -0.0823628977,
            "muscle49": -0.380542994,
            "muscle50": 0.36557886,
            "muscle51": -0.311113,
            "muscle52": 1.05403602,
            "muscle53": -0.545853794,
            "muscle54": 0.508912623,
            "muscle55": -0.999999344,
            "muscle56": -1.99999976,
            "muscle57": -0.999999642,
            "muscle58": -0.537782311,
            "muscle59": 0.422222346,
            "muscle60": -0.706916273,
            "muscle61": 0.866666377,
            "muscle62": 0.866666615,
            "muscle63": -0.999999464,
            "muscle64": -1.39999843,
            "muscle65": -1.99999964,
            "muscle66": 0.99999994,
            "muscle67": -0.99999994,
            "muscle68": 0.271548241,
            "muscle69": -2.00000072,
            "muscle70": 0.999998868,
            "muscle71": -0.99999994,
            "muscle72": -0.113273963,
            "muscle73": -2.00000095,
            "muscle74": 0.99999994,
            "muscle75": -0.999999404,
            "muscle76": -2,
            "muscle77": -0.999999464,
            "muscle78": -0.537782431,
            "muscle79": 0.422222316,
            "muscle80": -0.706916392,
            "muscle81": 0.866666496,
            "muscle82": 0.866666317,
            "muscle83": -0.999999583,
            "muscle84": -1.39999855,
            "muscle85": -2.00000095,
            "muscle86": 0.999999702,
            "muscle87": -0.99999994,
            "muscle88": 0.271548301,
            "muscle89": -2.00000072,
            "muscle90": 0.999998808,
            "muscle91": -0.999998629,
            "muscle92": -0.113273963,
            "muscle93": -2.00000072,
            "muscle94": 0.99999994,
            "muscle-1": 1
          },
          "strings": {
            "interpolation": "default"
          },
          "inTangent": 0,
          "inWeight": 0,
          "outTangent": 0,
          "outWeight": 0,
          "weightedMode": 0
        },
        {
          "property": "Muscles",
          "index": 2,
          "time": 2,
          "ints": {},
          "floats": {
            "muscle0": 2.1398753E-12,
            "muscle1": -4.07110923E-13,
            "muscle2": -9.56710622E-13,
            "muscle3": -1.48849899E-12,
            "muscle4": -1.69222731E-25,
            "muscle5": -3.25688776E-13,
            "muscle6": 0,
            "muscle7": 0,
            "muscle8": 0,
            "muscle9": -3.96933029E-13,
            "muscle10": -4.0711097E-14,
            "muscle11": -3.25688776E-13,
            "muscle12": 2.13443073E-07,
            "muscle13": 2.33074715E-07,
            "muscle14": -1.47454855E-07,
            "muscle15": 0,
            "muscle16": -3.13225756E-09,
            "muscle17": 0,
            "muscle18": -2.60550999E-12,
            "muscle19": 0,
            "muscle20": 0,
            "muscle21": 0.524233222,
            "muscle22": -0.0713521764,
            "muscle23": -0.415074736,
            "muscle24": 0.939663649,
            "muscle25": 0.309937,
            "muscle26": -0.0621741675,
            "muscle27": 0.0624388754,
            "muscle28": 3.74593156E-07,
            "muscle29": 0.524232268,
            "muscle30": -0.0713557824,
            "muscle31": -0.415076584,
            "muscle32": 0.93966347,
            "muscle33": 0.309938997,
            "muscle34": -0.0621274821,
            "muscle35": 0.06244969,
            "muscle36": 3.996727E-07,
            "muscle37": -0.499998987,
            "muscle38": 0.00360289821,
            "muscle39": -0.16903846,
            "muscle40": -0.270619988,
            "muscle41": 0.381874621,
            "muscle42": -0.351264536,
            "muscle43": 0.86797744,
            "muscle44": 0.120356701,
            "muscle45": 0.428459316,
            "muscle46": -0.499997675,
            "muscle47": 0.00360540743,
            "muscle48": -0.12267489,
            "muscle49": -0.300414503,
            "muscle50": 0.379581392,
            "muscle51": -0.297600061,
            "muscle52": 1.05483985,
            "muscle53": -0.115863644,
            "muscle54": 0.508755147,
            "muscle55": -0.999999225,
            "muscle56": -1.99999964,
            "muscle57": -0.999999464,
            "muscle58": -0.537781775,
            "muscle59": -0.955554664,
            "muscle60": -0.61358428,
            "muscle61": 0.733332932,
            "muscle62": 0.733332753,
            "muscle63": -0.999999881,
            "muscle64": -1.39999855,
            "muscle65": -1.99999964,
            "muscle66": 0.99999994,
            "muscle67": -1.00000012,
            "muscle68": 0.27154687,
            "muscle69": -2.00000095,
            "muscle70": 0.999999404,
            "muscle71": -0.99999994,
            "muscle72": -0.113273963,
            "muscle73": -2.00000095,
            "muscle74": 0.99999994,
            "muscle75": -0.999999404,
            "muscle76": -2,
            "muscle77": -0.999999464,
            "muscle78": -0.537782431,
            "muscle79": -0.955555618,
            "muscle80": -0.613584101,
            "muscle81": 0.733332813,
            "muscle82": 0.733332872,
            "muscle83": -0.99999994,
            "muscle84": -1.39999843,
            "muscle85": -2.00000095,
            "muscle86": 0.999999464,
            "muscle87": -0.999999464,
            "muscle88": 0.271548331,
            "muscle89": -2.00000095,
            "muscle90": 0.999999404,
            "muscle91": -0.999997795,
            "muscle92": -0.113273993,
            "muscle93": -2.00000072,
            "muscle94": 0.999999702,
            "duration": 0,
            "muscle-1": 1
          },
          "strings": {
            "interpolation": "default"
          },
          "inTangent": 0,
          "inWeight": 0,
          "outTangent": 0,
          "outWeight": 0,