{"animTracks":[{"properties":["Right Hand Configuration","Left Hand Configuration","Muscles"],"keyFrames":[{"property":"Muscles","index":1,"time":1,"ints":{},"floats":{"muscle0":2.77478591E-07,"muscle1":-5.36441974E-07,"muscle2":-7.93866383E-13,"muscle3":-2.13454836E-08,"muscle4":1.62844388E-13,"muscle5":-6.31021982E-13,"muscle6":0,"muscle7":0,"muscle8":0,"muscle9":2.13434017E-08,"muscle10":5.90683237E-14,"muscle11":2.68220845E-07,"muscle12":2.34787919E-07,"muscle13":5.78708523E-07,"muscle14":-2.2680203E-07,"muscle15":-0.324147463,"muscle16":-1.84561559E-05,"muscle17":-0.324148268,"muscle18":-1.65786478E-05,"muscle19":0,"muscle20":0,"muscle21":0.527684152,"muscle22":-0.0759823099,"muscle23":-0.588656127,"muscle24":0.953825772,"muscle25":0.425628841,"muscle26":0.042562589,"muscle27":-0.0481424928,"muscle28":4.42761603E-07,"muscle29":0.527683556,"muscle30":-0.0759852156,"muscle31":-0.588660777,"muscle32":0.953825891,"muscle33":0.425632775,"muscle34":0.0425663367,"muscle35":-0.0480918102,"muscle36":3.96204285E-07,"muscle37":-0.499999821,"muscle38":0.00360197015,"muscle39":-0.512595832,"muscle40":0.210587695,"muscle41":-0.16981034,"muscle42":0.992770672,"muscle43":0.268193841,"muscle44":-0.015839668,"muscle45":0.0202495288,"muscle46":-0.499999195,"muscle47":0.0036051874,"muscle48":-0.235689402,"muscle49":-0.140593976,"muscle50":-0.299264252,"muscle51":-0.224008307,"muscle52":0.085076794,"muscle53":0.687077165,"muscle54":-0.649710178,"muscle55":-1.36603785E-06,"muscle56":1.36603731E-07,"muscle57":2.95390468E-08,"muscle58":4.26886757E-08,"muscle59":-2.54444197E-16,"muscle60":1.70754674E-07,"muscle61":-6.07127845E-07,"muscle62":7.58909806E-08,"muscle63":6.83018797E-08,"muscle64":-2.27672942E-07,"muscle65":0,"muscle66":-5.52179507E-19,"muscle67":-3.4150947E-08,"muscle68":-5.69182426E-08,"muscle69":-1.51781947E-07,"muscle70":-7.58909806E-08,"muscle71":-3.41509363E-08,"muscle72":4.26886722E-08,"muscle73":-7.58909735E-08,"muscle74":-7.58909735E-08,"muscle75":-1.88406986E-07,"muscle76":-1.99999964,"muscle77":-0.0266719721,"muscle78":-0.426671356,"muscle79":0.0666668639,"muscle80":-0.722472072,"muscle81":-0.500000179,"muscle82":-0.50000006,"muscle83":-0.0888888761,"muscle84":-0.462221086,"muscle85":-0.533333361,"muscle86":-0.533332825,"muscle87":0.0888885707,"muscle88":-1.30000007,"muscle89":-0.233333215,"muscle90":-0.233333111,"muscle91":0.333333313,"muscle92":-0.748828828,"muscle93":-0.099999994,"muscle94":-0.100000069},"strings":{}},{"property":"Muscles","index":2,"time":1.34343421,"ints":{},"floats":{"muscle0":2.24928734E-12,"muscle1":-2.84977662E-13,"muscle2":3.4604432E-13,"muscle3":-2.13454836E-08,"muscle4":1.62844388E-13,"muscle5":-6.31021982E-13,"muscle6":0,"muscle7":0,"muscle8":0,"muscle9":2.13433218E-08,"muscle10":6.10666438E-14,"muscle11":-1.5266661E-14,"muscle12":1.81427112E-07,"muscle13":5.03261255E-08,"muscle14":-5.82693538E-09,"muscle15":-0.324147195,"muscle16":-4.55958755E-08,"muscle17":-0.324148148,"muscle18":-2.77395998E-07,"muscle19":0,"muscle20":0,"muscle21":0.524232626,"muscle22":-0.0713515505,"muscle23":-0.415073723,"muscle24":0.939663887,"muscle25":0.309865057,"muscle26":-0.0509062186,"muscle27":0.0511476099,"muscle28":2.3772256E-07,"muscle29":0.524232686,"muscle30":-0.0713548809,"muscle31":-0.415078133,"muscle32":0.939663708,"muscle33":0.309868723,"muscle34":-0.0508566014,"muscle35":0.0511518531,"muscle36":3.96204285E-07,"muscle37":-0.499998927,"muscle38":0.00360286771,"muscle39":-0.514530599,"muscle40":0.210908398,"muscle41":-0.113972716,"muscle42":0.988652945,"muscle43":0.212617472,"muscle44":-0.0172192734,"muscle45":0.0212147683,"muscle46":-0.499998987,"muscle47":0.0036056363,"muscle48":-0.165019125,"muscle49":-0.082486771,"muscle50":-0.28396365,"muscle51":-0.25384596,"muscle52":0.0860329717,"muscle53":0.686971009,"muscle54":-0.64961046,"muscle55":-1.36603785E-06,"muscle56":1.36603731E-07,"muscle57":2.95390468E-08,"muscle58":4.26886757E-08,"muscle59":-2.54444197E-16,"muscle60":1.70754674E-07,"muscle61":-6.07127845E-07,"muscle62":7.58909806E-08,"muscle63":6.83018797E-08,"muscle64":-2.27672942E-07,"muscle65":0,"muscle66":-5.52179507E-19,"muscle67":-3.4150947E-08,"muscle68":-5.69182426E-08,"muscle69":-1.51781947E-07,"muscle70":-7.58909806E-08,"muscle71":-3.41509363E-08,"muscle72":4.26886722E-08,"muscle73":-7.58909735E-08,"muscle74":-7.58909735E-08,"muscle75":-0.166650057,"muscle76":-1.99999964,"muscle77":-0.337752491,"muscle78":-0.426671356,"muscle79":-0.511053085,"muscle80":-0.722472429,"muscle81":-0.500000179,"muscle82":-0.50000006,"muscle83":-0.599949419,"muscle84":-0.462221205,"muscle85":-0.533333361,"muscle86":-0.533333302,"muscle87":-0.377730489,"muscle88":-1.29999983,"muscle89":-0.233333215,"muscle90":-0.233333111,"muscle91":-0.111066595,"muscle92":-0.748828948,"muscle93":-0.099999994,"muscle94":-0.100000069,"duration":0},"strings":{}},{"property":"Muscles","index":3,"time":1.68686855,"ints":{},"floats":{"muscle0":2.24928734E-12,"muscle1":-2.84977662E-13,"muscle2":3.4604432E-13,"muscle3":-2.13454836E-08,"muscle4":1.62844388E-13,"muscle5":-6.31021982E-13,"muscle6":0,"muscle7":0,"muscle8":0,"muscle9":2.13434017E-08,"muscle10":5.90683237E-14,"muscle11":2.68220845E-07,"muscle12":1.81427126E-07,"muscle13":-1.93697389E-07,"muscle14":-1.9347894E-07,"muscle15":-0.324147463,"muscle16":-1.97231259E-07,"muscle17":-0.324148148,"muscle18":-2.77395998E-07,"muscle19":0,"muscle20":0,"muscle21":0.524232805,"muscle22":-0.0713519454,"muscle23":-0.415075511,"muscle24":0.939663649,"muscle25":0.309866309,"muscle26":-0.0509064533,"muscle27":0.0511479378,"muscle28":2.3772256E-07,"muscle29":0.524231493,"muscle30":-0.0713548884,"muscle31":-0.415078044,"muscle32":0.93966347,"muscle33":0.309868842,"muscle34":-0.0508560129,"muscle35":0.0511513241,"muscle36":3.96204285E-07,"muscle37":-0.499999821,"muscle38":0.00360197015,"muscle39":-0.514530599,"muscle40":0.210908458,"muscle41":-0.113973834,"muscle42":0.988652825,"muscle43":0.212618634,"muscle44":-0.017219279,"muscle45":0.0212148521,"muscle46":-0.499999195,"muscle47":0.0036051874,"muscle48":-0.0751628056,"muscle49":-0.0307088401,"muscle50":-0.246512443,"muscle51":-0.286854297,"muscle52":0.0866590217,"muscle53":0.686970294,"muscle54":-0.649605036,"muscle55":-1.36603785E-06,"muscle56":4.78113236E-07,"muscle57":2.95390468E-08,"muscle58":4.26886757E-08,"muscle59":-2.54444197E-16,"muscle60":1.70754674E-07,"muscle61":-7.58909735E-08,"muscle62":7.58909806E-08,"muscle63":6.83018797E-08,"muscle64":-2.27672942E-07,"muscle65":0,"muscle66":-5.52179507E-19,"muscle67":-3.4150947E-08,"muscle68":-5.69182426E-08,"muscle69":-1.51781947E-07,"muscle70":-7.58909806E-08,"muscle71":-3.41509363E-08,"muscle72":4.26886722E-08,"muscle73":-5.31236765E-07,"muscle74":-7.58909735E-08,"muscle75":7.50424135E-07,"muscle76":-1.99970484,"muscle77":-0.0266680866,"muscle78":-0.426608503,"muscle79":0.0666569844,"muscle80":-0.722366214,"muscle81":-0.499926299,"muscle82":-0.499926627,"muscle83":-0.0888759494,"muscle84":-0.46215257,"muscle85":-0.533254802,"muscle86":-0.533253729,"muscle87":0.0888752714,"muscle88":-1.29980826,"muscle89":-0.233298764,"muscle90":-0.233298734,"muscle91":0.333283961,"muscle92":-0.748718202,"muscle93":-0.0999851823,"muscle94":-0.0999851823,"duration":0},"strings":{}},{"property":"Muscles","index":4,"time":2.0151515,"ints":{},"floats":{"muscle0":2.24928734E-12,"muscle1":-2.84977662E-13,"muscle2":3.4604432E-13,"muscle3":-2.13454836E-08,"muscle4":1.62844388E-13,"muscle5":-6.31021982E-13,"muscle6":0,"muscle7":0,"muscle8":0,"muscle9":2.13434017E-08,"muscle10":5.90683237E-14,"muscle11":2.68220845E-07,"muscle12":1.81427126E-07,"muscle13":-1.93697389E-07,"muscle14":-1.9347894E-07,"muscle15":-0.324147463,"muscle16":-1.97231259E-07,"muscle17":-0.324148148,"muscle18":-2.77395998E-07,"muscle19":0,"muscle20":0,"muscle21":0.522006571,"muscle22":-0.0674837455,"muscle23":-0.308527321,"muscle24":0.930871308,"muscle25":0.238622457,"muscle26":0.0494394526,"muscle27":-0.0438283272,"muscle28":4.42761603E-07,"muscle29":0.522006691,