{"animTracks":[{"properties":["Right Hand Configuration","Left Hand Configuration","Muscles"],"loops":false,"keyFrames":[{"property":"Muscles","index":4,"time":2.20707059,"ints":{},"floats":{"muscle0":2.24928734E-12,"muscle1":-2.84977662E-13,"muscle2":3.4604432E-13,"muscle3":2.77475266E-07,"muscle4":8.14222618E-14,"muscle5":-6.92088639E-13,"muscle6":0,"muscle7":0,"muscle8":0,"muscle9":2.13433218E-08,"muscle10":6.10666438E-14,"muscle11":-1.5266661E-14,"muscle12":1.85695774E-06,"muscle13":-2.33360744E-08,"muscle14":-1.81954462E-07,"muscle15":-0.324146777,"muscle16":-1.16620834E-06,"muscle17":-0.324148268,"muscle18":-1.58908722E-06,"muscle19":0,"muscle20":0,"muscle21":0.518868268,"muscle22":-0.059939269,"muscle23":-0.145390034,"muscle24":0.917207062,"muscle25":0.12935023,"muscle26":-0.022791462,"muscle27":0.039905753,"muscle28":2.01463877E-06,"muscle29":0.518865466,"muscle30":-0.0599357709,"muscle31":-0.145388037,"muscle32":0.917208135,"muscle33":0.129349172,"muscle34":-0.0227522366,"muscle35":0.0399130285,"muscle36":7.38113954E-07,"muscle37":-0.499999821,"muscle38":0.00360197015,"muscle39":-0.518107653,"muscle40":0.211285755,"muscle41":-0.0264657494,"muscle42":0.982117891,"muscle43":0.125619382,"muscle44":-0.0197898839,"muscle45":0.0225098878,"muscle46":-0.499996305,"muscle47":0.00360540044,"muscle48":-0.12229307,"muscle49":-0.348326832,"muscle50":0.210683256,"muscle51":-0.297424704,"muscle52":0.925535202,"muscle53":0.0570835359,"muscle54":0.0808647797,"muscle55":-1.36603785E-06,"muscle56":1.36603731E-07,"muscle57":2.95390468E-08,"muscle58":4.26886757E-08,"muscle59":-2.54444197E-16,"muscle60":1.70754674E-07,"muscle61":-7.58909735E-08,"muscle62":7.58909806E-08,"muscle63":6.83018797E-08,"muscle64":-2.27672942E-07,"muscle65":0,"muscle66":-5.52179507E-19,"muscle67":-3.4150947E-08,"muscle68":-5.69182426E-08,"muscle69":-6.07127788E-07,"muscle70":-7.58909806E-08,"muscle71":-3.41509363E-08,"muscle72":4.26886722E-08,"muscle73":-7.58909735E-08,"muscle74":-7.58909735E-08,"muscle75":-2.36642909,"muscle76":-1.99976587,"muscle77":-0.0222398303,"muscle78":0.999999821,"muscle79":-0.999835432,"muscle80":-0.831374347,"muscle81":0.266724348,"muscle82":0.999984205,"muscle83":-0.999834001,"muscle84":-1.27680016,"muscle85":0.200063258,"muscle86":0.999983788,"muscle87":-0.999836087,"muscle88":-0.506317973,"muscle89":0.400041044,"muscle90":0.999980569,"muscle91":-0.999828517,"muscle92":-0.39330411,"muscle93":0.53336072,"muscle94":0.999980867,"duration":0},"strings":{}},{"property":"Muscles","index":2,"time":1.01010084,"ints":{},"floats":{"muscle0":2.20384518E-12,"muscle1":-5.36441974E-07,"muscle2":1.42488831E-13,"muscle3":-2.13454836E-08,"muscle4":1.62844388E-13,"muscle5":-6.31021982E-13,"muscle6":0,"muscle7":0,"muscle8":0,"muscle9":2.13434017E-08,"muscle10":5.90683237E-14,"muscle11":2.68220845E-07,"muscle12":1.78225253E-06,"muscle13":2.12670002E-07,"muscle14":-5.08279243E-07,"muscle15":-0.324147046,"muscle16":-1.31784475E-06,"muscle17":-0.324148268,"muscle18":-1.58908722E-06,"muscle19":0,"muscle20":0,"muscle21":0.520545483,"muscle22":-0.0643895194,"muscle23":-0.236127526,"muscle24":0.92483896,"muscle25":0.19013457,"muscle26":0.0370250307,"muscle27":-0.0268244725,"muscle28":2.01463877E-06,"muscle29":0.520541131,"muscle30":-0.0643861443,"muscle31":-0.23612757,"muscle32":0.924839318,"muscle33":0.190134689,"muscle34":0.0370318368,"muscle35":-0.0267835371,"muscle36":7.38113954E-07,"muscle37":-0.499999821,"muscle38":0.00360197015,"muscle39":-0.516911149,"muscle40":0.211187378,"muscle41":-0.0540162064,"muscle42":0.984187424,"muscle43":0.152995408,"muscle44":-0.0189255029,"muscle45":0.0221418552,"muscle46":-0.499998987,"muscle47":0.0036056363,"muscle48":-0.110146508,"muscle49":-0.371945918,"muscle50":0.212575853,"muscle51":-0.0708082765,"muscle52":0.923411727,"muscle53":-0.00981001277,"muscle54":0.0809830576,"muscle55":-1.36603785E-06,"muscle56":4.78113236E-07,"muscle57":2.95390468E-08,"muscle58":4.26886757E-08,"muscle59":-2.54444197E-16,"muscle60":1.70754674E-07,"muscle61":-6.07127845E-07,"muscle62":7.58909806E-08,"muscle63":6.83018797E-08,"muscle64":-2.27672942E-07,"muscle65":0,"muscle66":-5.52179507E-19,"muscle67":-3.4150947E-08,"muscle68":-5.69182426E-08,"muscle69":-6.07127788E-07,"muscle70":-7.58909806E-08,"muscle71":-3.41509363E-08,"muscle72":4.26886722E-08,"muscle73":-5.31236765E-07,"muscle74":-7.58909735E-08,"muscle75":-2.36642909,"muscle76":-1.99976575,"muscle77":-0.0222398303,"muscle78":0.999999821,"muscle79":-0.999835968,"muscle80":-0.831374407,"muscle81":0.266724348,"muscle82":0.999984205,"muscle83":-0.999834001,"muscle84":-1.27680016,"muscle85":0.200063258,"muscle86":0.999983788,"muscle87":-0.999836087,"muscle88":-0.506317973,"muscle89":0.400041044,"muscle90":0.999980569,"muscle91":-0.999828517,"muscle92":-0.39330411,"muscle93":0.53336072,"muscle94":0.999981046,"duration":0},"strings":{}},{"property":"Muscles","index":3,"time":1.4141413,"ints":{},"floats":{"muscle0":2.20384518E-12,"muscle1":-5.36441974E-07,"muscle2":1.42488831E-13,"muscle3":-2.13454836E-08,"muscle4":1.62844388E-13,"muscle5":-6.31021982E-13,"muscle6":0,"muscle7":0,"muscle8":0,"muscle9":2.13434017E-08,"muscle10":5.90683237E-14,"muscle11":2.68220845E-07,"muscle12":1.92099083E-06,"muscle13":2.61023104E-07,"muscle14":-5.90580896E-07,"muscle15":-0.324146777,"muscle16":-1.16620834E-06,"muscle17":-0.324148268,"muscle18":-1.58908722E-06,"muscle19":0,"muscle20":0,"muscle21":0.51955694,"muscle22":-0.0619148016,"muscle23":-0.184101045,"muscle24":0.920473278,"muscle25":0.155266374,"muscle26":0.0363420285,"muscle27":-0.0223525204,"muscle28":2.01463877E-06,"muscle29":0.519553065,"muscle30":-0.0619116016,"muscle31":-0.18410185,"muscle32":0.920473814,"muscle33":0.15526709,"muscle34":0.0363488495,"muscle35":-0.02231244,"muscle36":7.38113954E-07,"muscle37":-0.499999821,"muscle38":0.00360197015,"muscle39":-0.517611682,"muscle40":0.21124813,"muscle41":-0.0377076678,"muscle42":0.9829638,"muscle43":0.136788815,"muscle44":-0.0194309074,"muscle45":0.0223648045,"muscle46":-0.499997497,"muscle47":0.00360539299,"muscle48":-0.12233799,"muscle49":-0.348323733,"muscle50":0.210696429,"muscle51":-0.29750219,"muscle52":0.92551595,"muscle53":0.0571023151,"muscle54":0.0809257999,"muscle55":-1.36603785E-06,"muscle56":4.78113236E-07,"muscle57":2.95390468E-08,"muscle58":4.26886757E-08,"muscle59":-2.54444197E-16,"muscle60":1.70754674E-07,"muscle61":-6.07127845E-07,"muscle62":7.58909806E-08,"muscle63":6.83018797E-08,"muscle64":-2.27672942E-07,"muscle65":0,"muscle66":-5.52179507E-19,"muscle67":-3.4150947E-08,"muscle68":-5.69182426E-08,"muscle69":-6.07127788E-07,"muscle70":-7.58909806E-08,"muscle71":-3.41509363E-08,"muscle72":4.26886722E-08,"muscle73":-5.31236765E-07,"muscle74":-7.58909735E-08,"muscle75":-2.36642909,"muscle76":-1.99976575,"muscle77":-0.0222398303,"muscle78":0.999999821,"muscle79":-0.999835432,"muscle80":-0.831374347,"muscle81":0.266724348,"muscle82":0.999984205,"muscle83":-0.999834001,"muscle84":-1.27680016,"muscle85":0.200063258,"muscle86":0.999983788,"muscle87":-0.999835968,"muscle88":-0.506318152,"muscle89":0.400041044,"muscle90":0.999980569,"muscle91":-0.999828517,"muscle92":-0.39330411,"muscle93":0.53336072,"muscle94":0.999980867,"duration":0},"strings":{}},{"property":"Muscles","index":1,"time":1.81313121,"ints":{},"floats":{"muscle0":2.24928734E-12,"muscle1":-2.84977662E-13,"muscle2":3.4604432E-13,"muscle3":-2.13454836E-08,"muscle4":1.62844388E-13,"muscle5":-6.31021982E-13,"muscle6":0,"muscle7":0,"muscle8":0,"muscle9":2.13434017E-08,"muscle10":5.90683237E-14,"muscle11":2.68220845E-07,"muscle12":1.7715804E-06,"muscle13":-6.01648296E-08,"muscle14":-2.70018319E-07,"muscle15":-0.324147046,"muscle16":-1.31784475E-06,"muscle17":-0.324148268,"muscle18":-1.58908722E-06,"muscle19":0,"muscle20":0,"muscle21":0.519557297,"muscle22":-0.0619171076,"muscle23":-0.184177086,"muscle24":0.920479417,"muscle25":0.155369401,"muscle26":-0.0274983328,"muscle27":0.041508507,"muscle28":2.01463877E-06,"muscle29":0.519553483,