{
  "animTracks": [
    {
      "properties": [
        "Right Hand Configuration",
        "Left Hand Configuration",
        "Muscles",
        "Facial Expression"
      ],
      "loops": false,
      "keyFrames": [
        {
          "property": "Muscles",
          "index": 1,
          "time": 1,
          "ints": {},
          "floats": {
            "muscle0": 2.1398753E-12,
            "muscle1": -4.07110923E-13,
            "muscle2": -9.56710622E-13,
            "muscle3": -1.48849899E-12,
            "muscle4": -1.69222731E-25,
            "muscle5": -3.25688776E-13,
            "muscle6": 0,
            "muscle7": 0,
            "muscle8": 0,
            "muscle9": -3.96933029E-13,
            "muscle10": -4.0711097E-14,
            "muscle11": -3.25688776E-13,
            "muscle12": 1.38737931E-07,
            "muscle13": 1.30605528E-07,
            "muscle14": 1.02331555E-07,
            "muscle15": 0,
            "muscle16": -3.13225756E-09,
            "muscle17": 0,
            "muscle18": -2.60550999E-12,
            "muscle19": 0,
            "muscle20": 0,
            "muscle21": 0.527684987,
            "muscle22": -0.075982213,
            "muscle23": -0.588656247,
            "muscle24": 0.953825712,
            "muscle25": 0.4257029,
            "muscle26": -0.0594078712,
            "muscle27": 0.0538544767,
            "muscle28": 3.74593156E-07,
            "muscle29": 0.527683496,
            "muscle30": -0.0759853348,
            "muscle31": -0.588659286,
            "muscle32": 0.953825295,
            "muscle33": 0.425705791,
            "muscle34": -0.0593609177,
            "muscle35": 0.053863246,
            "muscle36": 1.94633657E-07,
            "muscle37": -0.499999434,
            "muscle38": 0.00360223628,
            "muscle39": -0.381544918,
            "muscle40": -0.164702013,
            "muscle41": -0.0162480716,
            "muscle42": -0.300165594,
            "muscle43": -0.610983789,
            "muscle44": 0.826186776,
            "muscle45": 0.999765813,
            "muscle46": -0.499998987,
            "muscle47": 0.00360562769,
            "muscle48": -0.183713704,
            "muscle49": -0.146614328,
            "muscle50": 0.364443958,
            "muscle51": -0.685608029,
            "muscle52": -0.332251847,
            "muscle53": 0.334475935,
            "muscle54": 1.00034821,
            "muscle55": -1.33333385,
            "muscle56": -1.63333333,
            "muscle57": 0.0222222209,
            "muscle58": 1,
            "muscle59": 0.711110771,
            "muscle60": -1.20469391,
            "muscle61": -0.933333397,
            "muscle62": -0.679999053,
            "muscle63": -0.999999881,
            "muscle64": -1.11999905,
            "muscle65": -2.00000072,
            "muscle66": 0.99999994,
            "muscle67": -0.99999994,
            "muscle68": 0.271548241,
            "muscle69": -2.00000072,
            "muscle70": 0.999998868,
            "muscle71": -0.999999881,
            "muscle72": -0.144384414,
            "muscle73": -2.00000095,
            "muscle74": 0.99999994,
            "muscle75": -1.33333266,
            "muscle76": -1.63333309,
            "muscle77": 0.0222221892,
            "muscle78": 1.00000012,
            "muscle79": 0.711110175,
            "muscle80": -1.20469379,
            "muscle81": -0.933333993,
            "muscle82": -0.679999888,
            "muscle83": -1.00000012,
            "muscle84": -1.11999881,
            "muscle85": -2.00000095,
            "muscle86": 0.999999702,
            "muscle87": -0.99999994,
            "muscle88": 0.271548301,
            "muscle89": -2.00000072,
            "muscle90": 0.999998808,
            "muscle91": -0.999999821,
            "muscle92": -0.144384339,
            "muscle93": -2.00000072,
            "muscle94": 0.99999994,
            "muscle-1": 1
          },
          "strings": {
            "interpolation": "default"
          },
          "inTangent": 0,
          "inWeight": 0,
          "outTangent": 0,
          "outWeight": 0,
          "weightedMode": 0
        },
        {
          "property": "Muscles",
          "index": 2,
          "time": 1.35858572,
          "ints": {},
          "floats": {
            "muscle0": 2.1398753E-12,
            "muscle1": -4.07110923E-13,
            "muscle2": -9.56710622E-13,
            "muscle3": -1.48849899E-12,
            "muscle4": -1.69222731E-25,
            "muscle5": -3.25688776E-13,
            "muscle6": 0,
            "muscle7": 0,
            "muscle8": 0,
            "muscle9": -3.96933029E-13,
            "muscle10": -4.0711097E-14,
            "muscle11": -3.25688776E-13,
            "muscle12": 3.84197875E-07,
            "muscle13": 2.04263188E-07,
            "muscle14": 2.78458344E-07,
            "muscle15": 0,
            "muscle16": -3.13225756E-09,
            "muscle17": 0,
            "muscle18": -2.60550999E-12,
            "muscle19": 0,
            "muscle20": 0,
            "muscle21": 0.524233162,
            "muscle22": -0.0713505074,
            "muscle23": -0.415075153,
            "muscle24": 0.939663827,
            "muscle25": 0.309936792,
            "muscle26": -0.0621739849,
            "muscle27": 0.062435966,
            "muscle28": 8.52839719E-07,
            "muscle29": 0.524231613,
            "muscle30": -0.0713562518,
            "muscle31": -0.415077984,
            "muscle32": 0.939663291,
            "muscle33": 0.309940368,
            "muscle34": -0.0621271431,
            "muscle35": 0.0624494851,
            "muscle36": 8.09750759E-07,
            "muscle37": -0.499997795,
            "muscle38": 0.00360059389,
            "muscle39": -0.327917784,
            "muscle40": -0.266775757,
            "muscle41": -0.0552240796,
            "muscle42": 0.209639445,
            "muscle43": 0.0436260961,
            "muscle44": 0.999786139,
            "muscle45": 0.174057275,
            "muscle46": -0.499999076,
            "muscle47": 0.00360561302,
            "muscle48": -0.405335486,
            "muscle49": -0.00881463662,
            "muscle50": 0.183743507,
            "muscle51": -0.27322948,
            "muscle52": -0.344938159,
            "muscle53": 0.334866971,
            "muscle54": 1.000772,
            "muscle55": -1.33333385,
            "muscle56": -1.63333333,
            "muscle57": 0.0222222209,
            "muscle58": 1,
            "muscle59": 0.711110771,
            "muscle60": -1.20469391,
            "muscle61": -0.933333397,
            "muscle62": -0.679998517,
            "muscle63": -0.999999881,
            "muscle64": -1.11999905,
            "muscle65": -2.00000072,
            "muscle66": 0.999999642,
            "muscle67": -0.99999994,
            "muscle68": 0.271548241,
            "muscle69": -2.00000095,
            "muscle70": 0.999998689,
            "muscle71": -0.999999881,
            "muscle72": -0.144384414,
            "muscle73": -2.00000095,
            "muscle74": 0.99999994,
            "muscle75": -1.33333266,
            "muscle76": -1.63333309,
            "muscle77": 0.0222221892,
            "muscle78": 1.00000012,
            "muscle79": 0.711109817,
            "muscle80": -1.20469368,
            "muscle81": -0.933334112,
            "muscle82": -0.679999888,
            "muscle83": -1.00000012,
            "muscle84": -1.11999881,
            "muscle85": -2.00000095,
            "muscle86": 0.999999702,
            "muscle87": -0.99999994,
            "muscle88": 0.271548301,
            "muscle89": -2.00000095,
            "muscle90": 0.999998808,
            "muscle91": -0.999999821,
            "muscle92": -0.144384339,
            "muscle93": -2.00000072,
            "muscle94": 0.99999994,
            "duration": 0.383838385,
            "muscle-1": 1
          },
          "strings": {
            "interpolation": "default"
          },
          "inTangent": 0,
          "inWeight": 0,
          "outTangent": 0,