{
  "animTracks": [
    {
      "properties": [
        "Right Hand Configuration",
        "Left Hand Configuration",
        "Muscles",
        "Facial Expression"
      ],
      "loops": false,
      "keyFrames": [
        {
          "property": "Muscles",
          "index": 1,
          "time": 1,
          "ints": {},
          "floats": {
            "muscle0": 2.1398753E-12,
            "muscle1": -4.07110923E-13,
            "muscle2": -9.56710622E-13,
            "muscle3": -1.48849899E-12,
            "muscle4": -1.69222731E-25,
            "muscle5": -3.25688776E-13,
            "muscle6": 0,
            "muscle7": 0,
            "muscle8": 0,
            "muscle9": -3.96933029E-13,
            "muscle10": -4.0711097E-14,
            "muscle11": -3.25688776E-13,
            "muscle12": 1.38737931E-07,
            "muscle13": 1.30605528E-07,
            "muscle14": 1.02331555E-07,
            "muscle15": 0,
            "muscle16": -3.13225756E-09,
            "muscle17": 0,
            "muscle18": -2.60550999E-12,
            "muscle19": 0,
            "muscle20": 0,
            "muscle21": 0.527684987,
            "muscle22": -0.075982213,
            "muscle23": -0.588656247,
            "muscle24": 0.953825712,
            "muscle25": 0.4257029,
            "muscle26": -0.0594078712,
            "muscle27": 0.0538544767,
            "muscle28": 3.74593156E-07,
            "muscle29": 0.527683496,
            "muscle30": -0.0759853348,
            "muscle31": -0.588659286,
            "muscle32": 0.953825295,
            "muscle33": 0.425705791,
            "muscle34": -0.0593609177,
            "muscle35": 0.053863246,
            "muscle36": 1.94633657E-07,
            "muscle37": -0.499999434,
            "muscle38": 0.00360223628,
            "muscle39": -0.185340613,
            "muscle40": -0.0792617947,
            "muscle41": 0.128755555,
            "muscle42": -0.274672538,
            "muscle43": -0.138440073,
            "muscle44": 0.446256101,
            "muscle45": -0.549703479,
            "muscle46": -0.499998987,
            "muscle47": 0.00360562769,
            "muscle48": -0.297486007,
            "muscle49": -0.232096061,
            "muscle50": -0.0322532877,
            "muscle51": -0.190069243,
            "muscle52": 0.0845092162,
            "muscle53": 0.245337859,
            "muscle54": -0.44178912,
            "muscle55": -0.690208375,
            "muscle56": 0.60555464,
            "muscle57": 0.71111083,
            "muscle58": 1,
            "muscle59": 0.642144799,
            "muscle60": -0.902222157,
            "muscle61": 0.799999952,
            "muscle62": 0.799999952,
            "muscle63": 0.620695531,
            "muscle64": -1.09014964,
            "muscle65": 0.904009938,
            "muscle66": 0.904009581,
            "muscle67": 0.618731081,
            "muscle68": -1.39999866,
            "muscle69": 0.83333236,
            "muscle70": 0.833332896,
            "muscle71": 0.644782603,
            "muscle72": -0.766606271,
            "muscle73": 0.87802422,
            "muscle74": 0.87802428,
            "muscle75": -0.500000536,
            "muscle76": -1.99999964,
            "muscle77": 0.466666728,
            "muscle78": 1.00000012,
            "muscle79": -0.0222220253,
            "muscle80": -1.0491395,
            "muscle81": 0.566665471,
            "muscle82": 1.00000012,
            "muscle83": -0.177778095,
            "muscle84": -1.27681708,
            "muscle85": 0.733333647,
            "muscle86": 0.99999994,
            "muscle87": -0.177777782,
            "muscle88": -1.22178566,
            "muscle89": 0.666666806,
            "muscle90": 0.999999404,
            "muscle91": -0.177777722,
            "muscle92": -0.611051142,
            "muscle93": 0.533333302,
            "muscle94": 0.99999994,
            "muscle-1": 1
          },
          "strings": {
            "interpolation": "default"
          },
          "inTangent": 0,
          "inWeight": 0,
          "outTangent": 0,
          "outWeight": 0,
          "weightedMode": 0
        },
        {
          "property": "Muscles",
          "index": 2,
          "time": 2,
          "ints": {},
          "floats": {
            "muscle0": 2.1398753E-12,
            "muscle1": -4.07110923E-13,
            "muscle2": -9.56710622E-13,
            "muscle3": -1.48849899E-12,
            "muscle4": -1.69222731E-25,
            "muscle5": -3.25688776E-13,
            "muscle6": 0,
            "muscle7": 0,
            "muscle8": 0,
            "muscle9": -3.96933029E-13,
            "muscle10": -4.0711097E-14,
            "muscle11": -3.25688776E-13,
            "muscle12": 4.90919547E-07,
            "muscle13": 1.30604761E-07,
            "muscle14": 1.02331178E-07,
            "muscle15": 0,
            "muscle16": 9.56501296E-08,
            "muscle17": 0,
            "muscle18": -2.60550999E-12,
            "muscle19": 0,
            "muscle20": 0,
            "muscle21": 0.524233341,
            "muscle22": -0.0713521913,
            "muscle23": -0.415075451,
            "muscle24": 0.939663708,
            "muscle25": 0.309937328,
            "muscle26": -0.0621744059,
            "muscle27": 0.0624388121,
            "muscle28": 3.74593156E-07,
            "muscle29": 0.52423203,
            "muscle30": -0.0713535473,
            "muscle31": -0.415079117,
            "muscle32": 0.93966347,
            "muscle33": 0.309940219,
            "muscle34": -0.0621277988,
            "muscle35": 0.0624453574,
            "muscle36": 3.996727E-07,
            "muscle37": -0.499998987,
            "muscle38": 0.00360269262,
            "muscle39": -0.184558704,
            "muscle40": -0.079243809,
            "muscle41": 0.128376707,
            "muscle42": -0.274591208,
            "muscle43": -0.138171494,
            "muscle44": 0.446848184,
            "muscle45": -0.549425483,
            "muscle46": -0.499998987,
            "muscle47": 0.00360562769,
            "muscle48": -0.00203035912,
            "muscle49": 0.111624733,
            "muscle50": 0.275927484,
            "muscle51": -0.298099726,
            "muscle52": 0.0860521123,
            "muscle53": 0.24531287,
            "muscle54": -0.441778362,
            "muscle55": -0.690208673,
            "muscle56": 0.605554938,
            "muscle57": 0.71111083,
            "muscle58": 0.999999702,
            "muscle59": 0.642144799,
            "muscle60": -0.902222157,
            "muscle61": 0.799999952,
            "muscle62": 0.799999535,
            "muscle63": 0.620695531,
            "muscle64": -1.09014964,
            "muscle65": 0.904010177,
            "muscle66": 0.904009581,
            "muscle67": 0.618730783,
            "muscle68": -1.39999855,
            "muscle69": 0.833332181,
            "muscle70": 0.83333236,
            "muscle71": 0.644782603,
            "muscle72": -0.766606271,
            "muscle73": 0.87802422,
            "muscle74": 0.878023803,
            "muscle75": -1.26666617,
            "muscle76": -2,
            "muscle77": -0.02222207,
            "muscle78": -0.200000003,
            "muscle79": -0.888888299,
            "muscle80": -0.831361592,
            "muscle81": -0.0333333835,
            "muscle82": 1.00000012,
            "muscle83": -0.999999583,
            "muscle84": -1.27681732,
            "muscle85": 0.200000033,
            "muscle86": 0.99999994,
            "muscle87": -1,
            "muscle88": -0.506229281,
            "muscle89": 0.400000125,
            "muscle90": 0.999999642,
            "muscle91": -0.99999994,
            "muscle92": -0.393272877,
            "muscle93": 0.533333302,
            "muscle94": 0.99999994,
            "duration": 0,
            "muscle-1": 1
          },
          "strings": {
            "interpolation": "default"
          },
          "inTangent": 0,
          "inWeight": 0,
          "outTangent": 0,
          "outWeight": 0,