{"animTracks":[{"properties":["Right Hand Configuration","Left Hand Configuration","Muscles","Facial Expression"],"loops":false,"keyFrames":[{"property":"Muscles","index":3,"time":1.53030324,"ints":{},"floats":{"muscle0":2.24928734E-12,"muscle1":4.07110902E-14,"muscle2":5.08888667E-13,"muscle3":2.13431885E-08,"muscle4":-4.07110868E-14,"muscle5":0,"muscle6":0,"muscle7":0,"muscle8":0,"muscle9":-2.13452704E-08,"muscle10":2.23540313E-14,"muscle11":2.682211E-07,"muscle12":9.6049753E-08,"muscle13":-9.69900356E-08,"muscle14":-3.5808219E-07,"muscle15":0,"muscle16":-1.97229184E-07,"muscle17":0,"muscle18":1.55238649E-08,"muscle19":0,"muscle20":0,"muscle21":0.524233282,"muscle22":-0.071351558,"muscle23":-0.415075839,"muscle24":0.939664185,"muscle25":0.309866011,"muscle26":-0.0509061813,"muscle27":0.0511473008,"muscle28":1.12591374E-06,"muscle29":0.524234116,"muscle30":-0.0713541359,"muscle31":-0.415079236,"muscle32":0.939663827,"muscle33":0.309869349,"muscle34":-0.0508573093,"muscle35":0.0511501208,"muscle36":-8.17754753E-08,"muscle37":-0.499999136,"muscle38":0.00360311777,"muscle39":-0.437712997,"muscle40":-0.266348243,"muscle41":-0.0768779293,"muscle42":-0.220777288,"muscle43":-0.768094003,"muscle44":-0.113273397,"muscle45":0.999730647,"muscle46":-0.499999315,"muscle47":0.00360563514,"muscle48":-0.197983503,"muscle49":-0.00521991169,"muscle50":-0.120248079,"muscle51":-0.416485816,"muscle52":0.856356263,"muscle53":0.483927488,"muscle54":-0.998883188,"muscle55":4.0282589E-07,"muscle56":-1.32777858,"muscle57":0.35110572,"muscle58":0.595550597,"muscle59":0.553255916,"muscle60":0.288638264,"muscle61":-0.321804076,"muscle62":0.0799998045,"muscle63":0.665139318,"muscle64":-0.436818153,"muscle65":-0.195990041,"muscle66":0.160000056,"muscle67":0.578116179,"muscle68":0.695616305,"muscle69":-0.321975291,"muscle70":0.120000027,"muscle71":0.640953302,"muscle72":0.27154842,"muscle73":-0.266666353,"muscle74":0.600000024,"muscle75":2.21780078E-06,"muscle76":-1.32777929,"muscle77":0.35110572,"muscle78":0.595550299,"muscle79":0.553256035,"muscle80":0.288639098,"muscle81":-0.321804196,"muscle82":0.0799996853,"muscle83":0.665139258,"muscle84":-0.436818063,"muscle85":-0.195990011,"muscle86":0.160000116,"muscle87":0.640952826,"muscle88":0.271548212,"muscle89":-0.266666532,"muscle90":0.600000024,"muscle91":0.578116238,"muscle92":0.695616066,"muscle93":-0.321975291,"muscle94":0.12000031,"duration":0,"muscle-1":1},"strings":{"interpolation":"smooth"},"inTangent":0,"inWeight":0,"outTangent":0,"outWeight":0,"weightedMode":0},{"property":"Muscles","index":2,"time":1.01515174,"ints":{},"floats":{"muscle0":2.24928734E-12,"muscle1":4.07110902E-14,"muscle2":5.08888667E-13,"muscle3":2.77475209E-07,"muscle4":-4.07110801E-14,"muscle5":-5.08888586E-14,"muscle6":0,"muscle7":0,"muscle8":0,"muscle9":-2.13452704E-08,"muscle10":2.23540313E-14,"muscle11":2.682211E-07,"muscle12":-2.77476147E-07,"muscle13":-2.82158158E-10,"muscle14":-5.22685752E-07,"muscle15":0,"muscle16":-1.97229184E-07,"muscle17":0,"muscle18":1.55238649E-08,"muscle19":0,"muscle20":0,"muscle21":0.524233699,"muscle22":-0.0713517889,"muscle23":-0.415074766,"muscle24":0.939664304,"muscle25":0.309865534,"muscle26":-0.0509062074,"muscle27":0.0511478856,"muscle28":1.12591374E-06,"muscle29":0.524233401,"muscle30":-0.07135427,"muscle31":-0.415079504,"muscle32":0.939663827,"muscle33":0.309869707,"muscle34":-0.0508564226,"muscle35":0.0511502177,"muscle36":-8.17754753E-08,"muscle37":-0.499999434,"muscle38":0.00360218296,"muscle39":-0.405879557,"muscle40":-0.209270269,"muscle41":-0.0705188662,"muscle42":-0.283307463,"muscle43":-0.767298579,"muscle44":0.212479874,"muscle45":0.999193072,"muscle46":-0.499999315,"muscle47":0.00360563514,"muscle48":-0.182345033,"muscle49":-0.060102731,"muscle50":-0.0787161589,"muscle51":-0.404875427,"muscle52":0.853793502,"muscle53":0.757931828,"muscle54":-0.999519646,"muscle55":-1.98093701E-07,"muscle56":-1.32777917,"muscle57":0.35110572,"muscle58":0.595550597,"muscle59":0.553255916,"muscle60":0.288638264,"muscle61":-0.321804076,"muscle62":0.0799999535,"muscle63":0.665139318,"muscle64":-0.436818153,"muscle65":-0.195990562,"muscle66":0.160000056,"muscle67":0.640953422,"muscle68":0.271546781,"muscle69":-0.266666263,"muscle70":0.600000024,"muscle71":0.578116238,"muscle72":0.695615411,"muscle73":-0.32197535,"muscle74":0.120000035,"muscle75":8.28356121E-07,"muscle76":-1.32777917,"muscle77":0.35110572,"muscle78":0.595550656,"muscle79":0.553255975,"muscle80":0.288638532,"muscle81":-0.321804702,"muscle82":0.0799996853,"muscle83":0.665139258,"muscle84":-0.436818212,"muscle85":-0.195990473,"muscle86":0.160000116,"muscle87":0.640952826,"muscle88":0.271548212,"muscle89":-0.266666472,"muscle90":0.600000024,"muscle91":0.578116238,"muscle92":0.69561547,"muscle93":-0.321975291,"muscle94":0.120000072,"duration":0,"muscle-1":1},"strings":{"interpolation":"default"},"inTangent":0,"inWeight":0,"outTangent":0,"outWeight":0,"weightedMode":0},{"property":"Left Hand Configuration","index":3,"time":1.53030324,"ints":{"hash":-711853056},"floats":{"duration":0},"strings":{"name":"garra aberta"},"inTangent":0,"inWeight":0,"outTangent":0,"outWeight":0,"weightedMode":0},{"property":"Left Hand Configuration","index":2,"time":1.01515174,"ints":{"hash":-1856011264},"floats":{"duration":0},"strings":{"name":"garra aberta"},"inTangent":0,"inWeight":0,"outTangent":0,"outWeight":0,"weightedMode":0},{"property":"Right Hand Configuration","index":3,"time":1.53030324,"ints":{"hash":-1283932160},"floats":{"duration":0},"strings":{"name":"garra aberta"},"inTangent":0,"inWeight":0,"outTangent":0,"outWeight":0,"weightedMode":0},{"property":"Right Hand Configuration","index":2,"time":1.01515174,"ints":{"hash":1866876928},"floats":{"duration":0},"strings":{"name":"garra aberta"},"inTangent":0,"inWeight":0,"outTangent":0,"outWeight":0,"weightedMode":0},{"property":"Facial Expression","index":3,"time":1.53030324,"ints":{},"floats":{"duration":0},"strings":{"faceName":"Neutra"},"inTangent":0,"inWeight":0,"outTangent":0,"outWeight":0,"weightedMode":0},{"property":"Facial Expression","index":2,"time":1.01515174,"ints":{},"floats":{"duration":0},"strings":{"faceName":"Trincar"},"inTangent":0,"inWeight":0,"outTangent":0,"outWeight":0,"weightedMode":0}]},{"properties":["Face Animation Neutra"],"loops":false,"keyFrames":[{"property":"Face Animation Neutra","index":0,"time":0,"ints":{},"floats":{"girl_head_.blendShape.mClose":100,"girl_head_.blendShape.A":0,"girl_head_.blendShape.Cons":0,"girl_head_.blendShape.Fv":0,"girl_head_.blendShape.mLSide":0,"girl_head_.blendShape.mLSideUp":0,"girl_head_.blendShape.mRSide":0,"girl_head_.blendShape.mRSideUp":0,"girl_head_.blendShape.O":0,"girl_head_.blendShape.smile":0,"girl_head_.blendShape.U":0,"girl_hair.blendShape.cheek1":0,"girl_hair.blendShape.cheek2":0,"girl_hair.blendShape.cheek3":0,"girl_head_.blendShape.Bmp":0,"girl_head_.blendShape.E":0,"girl_head_.blendShape.F001":0,"girl_head_.blendShape.F003":0,"girl_head_.blendShape.F005":0,"girl_head_.blendShape.F006":0,"girl_head_.blendShape.F007":0,"girl_head_.blendShape.F007left":0,"girl_head_.blendShape.F008":0,"girl_head_.blendShape.F017":0,"girl_head_.blendShape.F019":0,"girl_head_.blendShape.F024":0,"girl_head_.blendShape.F031":0,"girl_head_.blendShape.LEyeBMad":0,"girl_head_.blendShape.LEyeClose":0,"girl_head_.blendShape.LEyeLidUp":0,"girl_head_.blendShape.LEyeMad":0,"girl_head_.blendShape.LEyeSad":0,"girl_head_.blendShape.LeyeBUp":0,"girl_head_.blendShape.mSad":0,"girl_head_.blendShape.REyeBMad":0,"girl_head_.blendShape.REyeClose":0,"girl_head_.blendShape.REyeLidUp":0,"girl_head_.blendShape.REyeMad":0,"girl_head_.blendShape.REyeSad":0,"girl_head_.blendShape.ReyeBSad":0,"girl_head_.blendShape.ReyeBUp":0,