{
  "animTracks": [
    {
      "properties": [
        "Right Hand Configuration",
        "Left Hand Configuration",
        "Muscles",
        "Facial Expression"
      ],
      "loops": false,
      "keyFrames": [
        {
          "property": "Muscles",
          "index": 1,
          "time": 1,
          "ints": {},
          "floats": {
            "muscle0": 2.1398753E-12,
            "muscle1": -4.07110923E-13,
            "muscle2": -9.56710622E-13,
            "muscle3": -1.48849899E-12,
            "muscle4": -1.69222731E-25,
            "muscle5": -3.25688776E-13,
            "muscle6": 0,
            "muscle7": 0,
            "muscle8": 0,
            "muscle9": -3.96933029E-13,
            "muscle10": -4.0711097E-14,
            "muscle11": -3.25688776E-13,
            "muscle12": -0.235999197,
            "muscle13": 1.30605528E-07,
            "muscle14": 1.02331555E-07,
            "muscle15": 0,
            "muscle16": -3.13225756E-09,
            "muscle17": 0,
            "muscle18": -2.60550999E-12,
            "muscle19": 0,
            "muscle20": 0,
            "muscle21": 0.527684987,
            "muscle22": -0.075982213,
            "muscle23": -0.588656247,
            "muscle24": 0.953825712,
            "muscle25": 0.4257029,
            "muscle26": -0.0594078712,
            "muscle27": 0.0538544767,
            "muscle28": 3.74593156E-07,
            "muscle29": 0.527683496,
            "muscle30": -0.0759853348,
            "muscle31": -0.588659286,
            "muscle32": 0.953825295,
            "muscle33": 0.425705791,
            "muscle34": -0.0593609177,
            "muscle35": 0.053863246,
            "muscle36": 1.94633657E-07,
            "muscle37": -0.499999434,
            "muscle38": 0.00360223628,
            "muscle39": -0.0750939772,
            "muscle40": -0.108986095,
            "muscle41": 0.259319693,
            "muscle42": -0.716372788,
            "muscle43": -0.237461314,
            "muscle44": -0.209597111,
            "muscle45": 0.0202516299,
            "muscle46": -0.499998987,
            "muscle47": 0.00360562769,
            "muscle48": -0.0646022931,
            "muscle49": -0.140617117,
            "muscle50": 0.261889219,
            "muscle51": -0.675364316,
            "muscle52": -0.381005555,
            "muscle53": -0.194718346,
            "muscle54": 0.0202562679,
            "muscle55": -1.54444373,
            "muscle56": 0.0333336815,
            "muscle57": 0.311111093,
            "muscle58": -0.582226992,
            "muscle59": -0.999999523,
            "muscle60": -0.706916511,
            "muscle61": -1.49999869,
            "muscle62": -0.99999994,
            "muscle63": -0.999999464,
            "muscle64": -1.39999843,
            "muscle65": -1.10000098,
            "muscle66": -1.00000083,
            "muscle67": -0.999999702,
            "muscle68": -0.101783708,
            "muscle69": -1.26666629,
            "muscle70": -0.999999702,
            "muscle71": -0.99999994,
            "muscle72": -0.113273963,
            "muscle73": -1.63333333,
            "muscle74": -0.999999702,
            "muscle75": -1.54444396,
            "muscle76": 0.0333335847,
            "muscle77": 0.311110765,
            "muscle78": -0.582226872,
            "muscle79": -1,
            "muscle80": -0.706916273,
            "muscle81": -1.49999893,
            "muscle82": -1.00000012,
            "muscle83": -0.999999583,
            "muscle84": -1.39999855,
            "muscle85": -1.10000062,
            "muscle86": -0.999999702,
            "muscle87": -0.999999881,
            "muscle88": -0.101783685,
            "muscle89": -1.26666629,
            "muscle90": -1,
            "muscle91": -0.999998629,
            "muscle92": -0.113273963,
            "muscle93": -1.63333344,
            "muscle94": -1.00000012,
            "muscle-1": 1
          },
          "strings": {
            "interpolation": "default"
          },
          "inTangent": 0,
          "inWeight": 0,
          "outTangent": 0,
          "outWeight": 0,
          "weightedMode": 0
        },
        {
          "property": "Muscles",
          "index": 2,
          "time": 1.77272713,
          "ints": {},
          "floats": {
            "muscle0": 2.1398753E-12,
            "muscle1": -4.07110923E-13,
            "muscle2": -9.56710622E-13,
            "muscle3": -1.48849899E-12,
            "muscle4": -1.69222731E-25,
            "muscle5": -3.25688776E-13,
            "muscle6": 0,
            "muscle7": 0,
            "muscle8": 0,
            "muscle9": -3.96933029E-13,
            "muscle10": -4.0711097E-14,
            "muscle11": -3.25688776E-13,
            "muscle12": 0.0500008389,
            "muscle13": 1.53653886E-07,
            "muscle14": -2.38399281E-07,
            "muscle15": 0,
            "muscle16": -3.13225756E-09,
            "muscle17": 0,
            "muscle18": -2.60550999E-12,
            "muscle19": 0,
            "muscle20": 0,
            "muscle21": 0.524232566,
            "muscle22": -0.0713521317,
            "muscle23": -0.415075511,
            "muscle24": 0.939663708,
            "muscle25": 0.309937507,
            "muscle26": -0.062173605,
            "muscle27": 0.0624387972,
            "muscle28": 3.74593156E-07,
            "muscle29": 0.52423209,
            "muscle30": -0.0713536516,
            "muscle31": -0.415079117,
            "muscle32": 0.93966347,
            "muscle33": 0.3099401,
            "muscle34": -0.0621279478,
            "muscle35": 0.0624448806,
            "muscle36": 3.996727E-07,
            "muscle37": -0.499998987,
            "muscle38": 0.00360269262,
            "muscle39": 0.0874071196,
            "muscle40": -0.277963251,
            "muscle41": 0.255732507,
            "muscle42": 0.191020295,
            "muscle43": -0.603787482,
            "muscle44": -0.377182901,
            "muscle45": 0.975717843,
            "muscle46": -0.499999076,
            "muscle47": 0.00360561302,
            "muscle48": 0.0858842656,
            "muscle49": -0.30892694,
            "muscle50": 0.270740032,
            "muscle51": 0.216500953,
            "muscle52": -0.686947346,
            "muscle53": -0.389431775,
            "muscle54": 0.81986016,
            "muscle55": -0.156874791,
            "muscle56": 0.505554914,
            "muscle57": 0.63999474,
            "muscle58": 0.639994979,
            "muscle59": 0.553256035,
            "muscle60": 0.288638294,
            "muscle61": 0.778195858,
            "muscle62": 0.77819562,
            "muscle63": 0.665139258,
            "muscle64": -0.436817914,
            "muscle65": 0.80400914,
            "muscle66": 0.804009497,
            "muscle67": 0.640953362,
            "muscle68": 0.271548152,
            "muscle69": 0.810933828,
            "muscle70": 0.810933828,
            "muscle71": 0.578116,
            "muscle72": 0.695616007,
            "muscle73": 0.811357319,
            "muscle74": 0.811358094,
            "muscle75": -0.156874791,
            "muscle76": 0.505552351,
            "muscle77": 0.639995039,
            "muscle78": 0.639995098,
            "muscle79": 0.553255141,
            "muscle80": 0.288637847,
            "muscle81": 0.77819556,
            "muscle82": 0.77819562,
            "muscle83": 0.665139198,
            "muscle84": -0.436818302,
            "muscle85": 0.804009497,
            "muscle86": 0.80400902,
            "muscle87": 0.6409536,
            "muscle88": 0.271548241,
            "muscle89": 0.810934246,
            "muscle90": 0.81093353,
            "muscle91": 0.578116179,
            "muscle92": 0.695615828,
            "muscle93": 0.811358094,
            "muscle94": 0.811357796,
            "duration": 0.181818187,
            "muscle-1": 1
          },
          "strings": {
            "interpolation": "smooth"
          },
          "inTangent": 0,
          "inWeight": 0,
          "outTangent": 0,