{"animTracks":[{"properties":["Right Hand Configuration","Left Hand Configuration","Muscles"],"loops":false,"keyFrames":[{"property":"Muscles","index":1,"time":2.01010084,"ints":{},"floats":{"muscle0":2.77478591E-07,"muscle1":-5.36441974E-07,"muscle2":-7.93866383E-13,"muscle3":-2.13454836E-08,"muscle4":1.62844388E-13,"muscle5":-6.31021982E-13,"muscle6":0,"muscle7":0,"muscle8":0,"muscle9":-5.33609466E-07,"muscle10":2.68220901E-07,"muscle11":2.68220901E-07,"muscle12":1.04587275E-06,"muscle13":7.18005595E-07,"muscle14":-3.8852383E-07,"muscle15":-0.324147046,"muscle16":-1.31784475E-06,"muscle17":-0.324148268,"muscle18":-1.58908722E-06,"muscle19":0,"muscle20":0,"muscle21":0.522006691,"muscle22":-0.0674853325,"muscle23":-0.308527648,"muscle24":0.930870771,"muscle25":0.238599688,"muscle26":0.0380852409,"muscle27":-0.0324774534,"muscle28":1.12591374E-06,"muscle29":0.522005916,"muscle30":-0.0674877539,"muscle31":-0.308530152,"muscle32":0.930871248,"muscle33":0.238602102,"muscle34":0.0380899534,"muscle35":-0.0324264541,"muscle36":3.96204285E-07,"muscle37":-0.499999821,"muscle38":0.00360197015,"muscle39":-0.51592356,"muscle40":0.211086199,"muscle41":-0.0779894963,"muscle42":0.985978901,"muscle43":0.176827863,"muscle44":-0.0182140507,"muscle45":0.0217879172,"muscle46":-0.499999672,"muscle47":0.00360631314,"muscle48":-0.0903304815,"muscle49":-0.262040049,"muscle50":-0.330249012,"muscle51":-0.55171591,"muscle52":0.551930368,"muscle53":-0.0357083194,"muscle54":0.0305254608,"muscle55":-1.36603785E-06,"muscle56":1.36603731E-07,"muscle57":2.95390468E-08,"muscle58":4.26886757E-08,"muscle59":-2.54444197E-16,"muscle60":1.70754674E-07,"muscle61":-6.07127845E-07,"muscle62":7.58909806E-08,"muscle63":6.83018797E-08,"muscle64":-2.27672942E-07,"muscle65":0,"muscle66":-5.52179507E-19,"muscle67":-3.4150947E-08,"muscle68":-5.69182426E-08,"muscle69":-1.51781947E-07,"muscle70":-7.58909806E-08,"muscle71":-3.41509363E-08,"muscle72":4.26886722E-08,"muscle73":-5.31236765E-07,"muscle74":-7.58909735E-08,"muscle75":-1.83306491,"muscle76":0.999850631,"muscle77":-0.999851763,"muscle78":-0.999851286,"muscle79":-0.733225048,"muscle80":-0.271321476,"muscle81":-1.99970484,"muscle82":0.279958457,"muscle83":-0.999852479,"muscle84":-0.43675226,"muscle85":-1.99970627,"muscle86":0.51992321,"muscle87":-0.999852479,"muscle88":-1.19049776,"muscle89":-1.9997046,"muscle90":0.51992327,"muscle91":-0.999852598,"muscle92":-0.486534357,"muscle93":-1.99970543,"muscle94":0.479928881,"duration":0},"strings":{}},{"property":"Muscles","index":2,"time":0.999999881,"ints":{},"floats":{"muscle0":2.20384518E-12,"muscle1":-5.36441974E-07,"muscle2":1.42488831E-13,"muscle3":-2.13454836E-08,"muscle4":1.62844388E-13,"muscle5":-6.31021982E-13,"muscle6":0,"muscle7":0,"muscle8":0,"muscle9":-5.33609466E-07,"muscle10":-3.14621647E-14,"muscle11":2.68220447E-07,"muscle12":9.925119E-07,"muscle13":7.83645476E-07,"muscle14":-7.26372832E-07,"muscle15":-0.324147046,"muscle16":-1.31784475E-06,"muscle17":-0.324148268,"muscle18":-1.58908722E-06,"muscle19":0,"muscle20":0,"muscle21":0.524232745,"muscle22":-0.0713528842,"muscle23":-0.415075034,"muscle24":0.939663708,"muscle25":0.30982548,"muscle26":0.0397878848,"muscle27":-0.0395606458,"muscle28":1.12591374E-06,"muscle29":0.524231851,"muscle30":-0.0713557377,"muscle31":-0.415077806,"muscle32":0.939663708,"muscle33":0.309828192,"muscle34":0.0397916995,"muscle35":-0.0395094864,"muscle36":3.96204285E-07,"muscle37":-0.499999821,"muscle38":0.00360197015,"muscle39":-0.514532924,"muscle40":0.210908607,"muscle41":-0.113973625,"muscle42":0.988652766,"muscle43":0.212618619,"muscle44":-0.0172174778,"muscle45":0.0212141629,"muscle46":-0.499999672,"muscle47":0.00360631314,"muscle48":-0.0900067687,"muscle49":-0.262202382,"muscle50":-0.330337316,"muscle51":-0.551664889,"muscle52":0.552062213,"muscle53":-0.0355107002,"muscle54":0.030052647,"muscle55":-1.36603785E-06,"muscle56":1.36603731E-07,"muscle57":2.95390468E-08,"muscle58":4.26886757E-08,"muscle59":-2.54444197E-16,"muscle60":1.70754674E-07,"muscle61":-6.07127845E-07,"muscle62":7.58909806E-08,"muscle63":6.83018797E-08,"muscle64":-2.27672942E-07,"muscle65":0,"muscle66":-5.52179507E-19,"muscle67":-3.4150947E-08,"muscle68":-5.69182426E-08,"muscle69":-1.51781947E-07,"muscle70":-7.58909806E-08,"muscle71":-3.41509363E-08,"muscle72":4.26886722E-08,"muscle73":-5.31236765E-07,"muscle74":-7.58909735E-08,"muscle75":-1.83306336,"muscle76":0.999850571,"muscle77":-0.999851763,"muscle78":-0.999851286,"muscle79":-0.733225048,"muscle80":-0.271321446,"muscle81":-1.99970484,"muscle82":0.279958457,"muscle83":-0.999852479,"muscle84":-0.43675226,"muscle85":-1.99970627,"muscle86":0.51992321,"muscle87":-0.999852479,"muscle88":-1.19049776,"muscle89":-1.9997046,"muscle90":0.51992327,"muscle91":-0.999852598,"muscle92":-0.486534357,"muscle93":-1.99970543,"muscle94":0.479928881,"duration":0},"strings":{}},{"property":"Muscles","index":3,"time":2.51010084,"ints":{},"floats":{"muscle0":2.24928734E-12,"muscle1":-2.84977662E-13,"muscle2":3.4604432E-13,"muscle3":-2.13454836E-08,"muscle4":1.62844388E-13,"muscle5":-6.31021982E-13,"muscle6":0,"muscle7":0,"muscle8":0,"muscle9":2.13433218E-08,"muscle10":6.10666438E-14,"muscle11":-1.5266661E-14,"muscle12":2.13445777E-08,"muscle13":-4.2873971E-08,"muscle14":-5.25566975E-07,"muscle15":-0.324147046,"muscle16":-1.31784475E-06,"muscle17":-0.324148268,"muscle18":-1.58908722E-06,"muscle19":0,"muscle20":0,"muscle21":0.520547807,"muscle22":-0.0643813908,"muscle23":-0.236125916,"muscle24":0.924839675,"muscle25":0.190221369,"muscle26":-0.0423035584,"muscle27":0.0525211431,"muscle28":1.53612518E-06,"muscle29":0.520546615,"muscle30":-0.0643839166,"muscle31":-0.236128807,"muscle32":0.924839139,"muscle33":0.190223962,"muscle34":-0.04225263,"muscle35":0.0525253192,"muscle36":3.96204285E-07,"muscle37":-0.499999821,"muscle38":0.00360197015,"muscle39":-0.516910553,"muscle40":0.211188719,"muscle41":-0.0540159978,"muscle42":0.984187365,"muscle43":0.152995482,"muscle44":-0.0189260673,"muscle45":0.0221395697,"muscle46":-0.499999195,"muscle47":0.0036051874,"muscle48":-0.0806382671,"muscle49":-0.259990633,"muscle50":-0.316687495,"muscle51":-0.543846309,"muscle52":0.553818226,"muscle53":0.363943368,"muscle54":0.0310341045,"muscle55":-1.36603785E-06,"muscle56":1.36603731E-07,"muscle57":2.95390468E-08,"muscle58":4.26886757E-08,"muscle59":-4.43962193E-07,"muscle60":-4.13471933E-15,"muscle61":-6.07127845E-07,"muscle62":7.58909806E-08,"muscle63":6.83018797E-08,"muscle64":-2.27672942E-07,"muscle65":0,"muscle66":-5.52179507E-19,"muscle67":-3.4150947E-08,"muscle68":-5.69182426E-08,"muscle69":-6.07127788E-07,"muscle70":-7.58909806E-08,"muscle71":-3.41509363E-08,"muscle72":4.26886722E-08,"muscle73":-5.31236765E-07,"muscle74":-7.58909735E-08,"muscle75":-1.83306491,"muscle76":0.999850631,"muscle77":-0.999851763,"muscle78":-0.999851286,"muscle79":-0.733225048,"muscle80":-0.271321446,"muscle81":-1.99970484,"muscle82":0.279958457,"muscle83":-0.999852479,"muscle84":-0.43675226,"muscle85":-1.99970627,"muscle86":0.51992321,"muscle87":-0.999852479,"muscle88":-1.19049776,"muscle89":-1.9997046,"muscle90":0.51992327,"muscle91":-0.999852598,"muscle92":-0.486534357,"muscle93":-1.99970543,"muscle94":0.479928881,"duration":0},"strings":{}},{"property":"Muscles","index":4,"time":1.52020192,"ints":{},"floats":{"muscle0":2.24928734E-12,"muscle1":-2.84977662E-13,"muscle2":3.4604432E-13,"muscle3":-2.13454836E-08,"muscle4":1.62844388E-13,"muscle5":-6.31021982E-13,"muscle6":0,"muscle7":0,"muscle8":0,"muscle9":2.13433218E-08,"muscle10":6.10666438E-14,"muscle11":-1.5266661E-14,"muscle12":-1.06721473E-07,"muscle13":-1.0275194E-07,"muscle14":-2.72899428E-07,"muscle15":-0.324147046,"muscle16":-1.31784475E-06,"muscle17":-0.324148268,"muscle18":-1.58908722E-06,"muscle19":0,"muscle20":0,"muscle21":0.522007346,"muscle22":-0.0674853921,"muscle23":-0.308528334,"muscle24":0.930871427,"muscle25":0.238642499,"muscle26":-0.0412522294,"muscle27":0.0468765907,"muscle28":1.26265093E-06,"muscle29":0.522005737,