{"animTracks":[{"properties":["Right Hand Configuration","Left Hand Configuration","Muscles"],"loops":false,"keyFrames":[{"property":"Muscles","index":2,"time":1.74747467,"ints":{},"floats":{"muscle0":2.77478591E-07,"muscle1":-5.36441974E-07,"muscle2":-7.93866383E-13,"muscle3":-2.13454836E-08,"muscle4":1.62844388E-13,"muscle5":-6.31021982E-13,"muscle6":0,"muscle7":0,"muscle8":0,"muscle9":2.13434017E-08,"muscle10":5.90683237E-14,"muscle11":2.68220845E-07,"muscle12":4.69575525E-07,"muscle13":9.05658283E-07,"muscle14":-6.32547369E-07,"muscle15":-0.324147046,"muscle16":-1.31784475E-06,"muscle17":-0.324148268,"muscle18":-1.58908722E-06,"muscle19":0,"muscle20":0,"muscle21":0.524232924,"muscle22":-0.0713527948,"muscle23":-0.415074319,"muscle24":0.939663708,"muscle25":0.309825063,"muscle26":0.0397878326,"muscle27":-0.0395608768,"muscle28":1.12591374E-06,"muscle29":0.524231911,"muscle30":-0.0713557079,"muscle31":-0.415077001,"muscle32":0.939664185,"muscle33":0.309827745,"muscle34":0.0397923291,"muscle35":-0.0395087861,"muscle36":3.96204285E-07,"muscle37":-0.499999821,"muscle38":0.00360197015,"muscle39":-0.514532566,"muscle40":0.210907564,"muscle41":-0.11397355,"muscle42":0.988652647,"muscle43":0.212618887,"muscle44":-0.0172176845,"muscle45":0.0212169662,"muscle46":-0.499999672,"muscle47":0.00360631314,"muscle48":-0.0873717442,"muscle49":0.204464704,"muscle50":0.475696027,"muscle51":-0.11590223,"muscle52":0.220694408,"muscle53":0.440382123,"muscle54":0.632034898,"muscle55":-1.36603785E-06,"muscle56":1.36603731E-07,"muscle57":2.95390468E-08,"muscle58":4.26886757E-08,"muscle59":-2.54444197E-16,"muscle60":1.70754674E-07,"muscle61":-6.07127845E-07,"muscle62":7.58909806E-08,"muscle63":6.83018797E-08,"muscle64":-2.27672942E-07,"muscle65":0,"muscle66":-5.52179507E-19,"muscle67":-3.4150947E-08,"muscle68":-5.69182426E-08,"muscle69":-6.07127788E-07,"muscle70":-7.58909806E-08,"muscle71":-3.41509363E-08,"muscle72":4.26886722E-08,"muscle73":-7.58909735E-08,"muscle74":-7.58909735E-08,"muscle75":-0.99985069,"muscle76":-1.99970496,"muscle77":-0.999851763,"muscle78":-0.537703037,"muscle79":0.422159702,"muscle80":-0.706811428,"muscle81":0.999851942,"muscle82":0.999852598,"muscle83":-0.999852359,"muscle84":-1.39979267,"muscle85":-1.99970627,"muscle86":0.999852836,"muscle87":-0.999851942,"muscle88":0.271508187,"muscle89":-1.9997046,"muscle90":0.999851942,"muscle91":-0.999852359,"muscle92":-0.113257922,"muscle93":-1.99970615,"muscle94":0.999852717,"duration":0.121212125},"strings":{}},{"property":"Left Hand Configuration","index":2,"time":1.74747467,"ints":{"hash":-2076385280},"floats":{"duration":0.121212125},"strings":{"name":"-"}},{"property":"Right Hand Configuration","index":2,"time":1.74747467,"ints":{"hash":1856350208},"floats":{"duration":0.121212125},"strings":{"name":"indicativa"}}]}],"version":3,"globalSpeed":1.04214287,"globalRepetitions":1}
