{
  "animTracks": [
    {
      "properties": [
        "Right Hand Configuration",
        "Left Hand Configuration",
        "Muscles",
        "Facial Expression"
      ],
      "loops": false,
      "keyFrames": [
        {
          "property": "Muscles",
          "index": 1,
          "time": 1,
          "ints": {},
          "floats": {
            "muscle0": 2.1398753E-12,
            "muscle1": -4.07110923E-13,
            "muscle2": -9.56710622E-13,
            "muscle3": -1.48849899E-12,
            "muscle4": -1.69222731E-25,
            "muscle5": -3.25688776E-13,
            "muscle6": 0,
            "muscle7": 0,
            "muscle8": 0,
            "muscle9": -3.96933029E-13,
            "muscle10": -4.0711097E-14,
            "muscle11": -3.25688776E-13,
            "muscle12": -0.123999432,
            "muscle13": 1.30605528E-07,
            "muscle14": 0.0909996778,
            "muscle15": 0,
            "muscle16": -3.13225756E-09,
            "muscle17": 0,
            "muscle18": -2.60550999E-12,
            "muscle19": 0,
            "muscle20": 0,
            "muscle21": 0.527684987,
            "muscle22": -0.075982213,
            "muscle23": -0.588656247,
            "muscle24": 0.953825712,
            "muscle25": 0.4257029,
            "muscle26": -0.0594078712,
            "muscle27": 0.0538544767,
            "muscle28": 3.74593156E-07,
            "muscle29": 0.527683496,
            "muscle30": -0.0759853348,
            "muscle31": -0.588659286,
            "muscle32": 0.953825295,
            "muscle33": 0.425705791,
            "muscle34": -0.0593609177,
            "muscle35": 0.053863246,
            "muscle36": 1.94633657E-07,
            "muscle37": -0.499999434,
            "muscle38": 0.00360223628,
            "muscle39": -0.496260136,
            "muscle40": -0.0489804037,
            "muscle41": -0.110309184,
            "muscle42": -0.370214373,
            "muscle43": -0.876650035,
            "muscle44": 0.550135732,
            "muscle45": 0.569742441,
            "muscle46": -0.499998987,
            "muscle47": 0.00360562769,
            "muscle48": -0.524733603,
            "muscle49": 0.14435856,
            "muscle50": 0.0718170851,
            "muscle51": -0.545153379,
            "muscle52": -1.1999867,
            "muscle53": 0.530051529,
            "muscle54": 0.729461253,
            "muscle55": -2.31111097,
            "muscle56": -1.66111183,
            "muscle57": -0.311111122,
            "muscle58": -0.999999821,
            "muscle59": -0.999999523,
            "muscle60": -0.706916511,
            "muscle61": -2,
            "muscle62": 0.999999702,
            "muscle63": -0.999999464,
            "muscle64": -1.39999843,
            "muscle65": -1.99999964,
            "muscle66": 0.99999994,
            "muscle67": -0.99999994,
            "muscle68": 0.271548241,
            "muscle69": -2.00000072,
            "muscle70": 0.999998868,
            "muscle71": -0.99999994,
            "muscle72": -0.113273963,
            "muscle73": -2.00000095,
            "muscle74": 0.99999994,
            "muscle75": -2.31111121,
            "muscle76": -1.66111183,
            "muscle77": -0.311111718,
            "muscle78": -0.999998868,
            "muscle79": -1,
            "muscle80": -0.706916273,
            "muscle81": -2.00000095,
            "muscle82": 1.00000012,
            "muscle83": -0.999999583,
            "muscle84": -1.39999855,
            "muscle85": -2.00000095,
            "muscle86": 0.999999702,
            "muscle87": -0.99999994,
            "muscle88": 0.271548301,
            "muscle89": -2.00000072,
            "muscle90": 0.999998808,
            "muscle91": -0.999998629,
            "muscle92": -0.113273963,
            "muscle93": -2.00000072,
            "muscle94": 0.99999994,
            "muscle-1": 1
          },
          "strings": {
            "interpolation": "smooth"
          },
          "inTangent": 0,
          "inWeight": 0,
          "outTangent": 0,
          "outWeight": 0,
          "weightedMode": 0
        },
        {
          "property": "Muscles",
          "index": 2,
          "time": 2,
          "ints": {},
          "floats": {
            "muscle0": 2.1398753E-12,
            "muscle1": -4.07110923E-13,
            "muscle2": -9.56710622E-13,
            "muscle3": -1.48849899E-12,
            "muscle4": -1.69222731E-25,
            "muscle5": -3.25688776E-13,
            "muscle6": 0,
            "muscle7": 0,
            "muscle8": 0,
            "muscle9": -3.96933029E-13,
            "muscle10": -4.0711097E-14,
            "muscle11": -3.25688776E-13,
            "muscle12": -0.276999682,
            "muscle13": 2.69903552E-07,
            "muscle14": 0.253000259,
            "muscle15": 0,
            "muscle16": -3.13225756E-09,
            "muscle17": 0,
            "muscle18": -2.60550999E-12,
            "muscle19": 0,
            "muscle20": 0,
            "muscle21": 0.52423346,
            "muscle22": -0.0713517517,
            "muscle23": -0.415073454,
            "muscle24": 0.939663827,
            "muscle25": 0.309935927,
            "muscle26": -0.0621738322,
            "muscle27": 0.0624387264,
            "muscle28": 3.74593156E-07,
            "muscle29": 0.52423209,
            "muscle30": -0.0713537261,
            "muscle31": -0.415079117,
            "muscle32": 0.93966347,
            "muscle33": 0.309940219,
            "muscle34": -0.062127836,
            "muscle35": 0.0624450967,
            "muscle36": 3.996727E-07,
            "muscle37": -0.499999434,
            "muscle38": 0.00360223628,
            "muscle39": -0.435684681,
            "muscle40": -0.419638187,
            "muscle41": -0.270137697,
            "muscle42": 0.384736717,
            "muscle43": -0.552028537,
            "muscle44": 0.904875934,
            "muscle45": 0.569585025,
            "muscle46": -0.499997675,
            "muscle47": 0.00360540743,
            "muscle48": -0.222268522,
            "muscle49": -0.0114039499,
            "muscle50": 0.236552134,
            "muscle51": -0.101528279,
            "muscle52": -1.206864,
            "muscle53": 0.529925704,
            "muscle54": 0.730290651,
            "muscle55": -2.31111097,
            "muscle56": -1.66111183,
            "muscle57": -0.311111122,
            "muscle58": -0.999999821,
            "muscle59": -0.999999523,
            "muscle60": -0.706916511,
            "muscle61": -2.00000072,
            "muscle62": 0.999999404,
            "muscle63": -0.999999464,
            "muscle64": -1.39999855,
            "muscle65": -1.99999964,
            "muscle66": 0.999999464,
            "muscle67": -0.99999994,
            "muscle68": 0.271548241,
            "muscle69": -2.00000095,
            "muscle70": 0.999998689,
            "muscle71": -0.99999994,
            "muscle72": -0.113273963,
            "muscle73": -2.00000095,
            "muscle74": 0.999999702,
            "muscle75": -2.31111121,
            "muscle76": -1.66111183,
            "muscle77": -0.311111718,
            "muscle78": -0.999998868,
            "muscle79": -1,
            "muscle80": -0.706916273,
            "muscle81": -2.00000095,
            "muscle82": 1.00000012,
            "muscle83": -0.999999583,
            "muscle84": -1.39999878,
            "muscle85": -2.00000095,
            "muscle86": 0.999999464,
            "muscle87": -0.99999994,
            "muscle88": 0.271548301,
            "muscle89": -2.00000095,
            "muscle90": 0.999998808,
            "muscle91": -0.999997795,
            "muscle92": -0.113273993,
            "muscle93": -2.00000072,
            "muscle94": 0.999999702,
            "duration": 0,
            "muscle-1": 1
          },
          "strings": {
            "interpolation": "smooth"
          },
          "inTangent": 0,
          "inWeight": 0,
          "outTangent": 0,
          "outWeight": 0,