{"animTracks":[{"properties":["Right Hand Configuration","Left Hand Configuration","Muscles"],"loops":false,"keyFrames":[{"property":"Muscles","index":1,"time":1,"ints":{},"floats":{"muscle0":2.77478591E-07,"muscle1":-5.36441974E-07,"muscle2":-7.93866383E-13,"muscle3":-2.13454836E-08,"muscle4":1.62844388E-13,"muscle5":-6.31021982E-13,"muscle6":0,"muscle7":0,"muscle8":0,"muscle9":2.13434017E-08,"muscle10":5.90683237E-14,"muscle11":2.68220845E-07,"muscle12":2.34787919E-07,"muscle13":5.78708523E-07,"muscle14":-2.2680203E-07,"muscle15":-0.324147046,"muscle16":-1.31784475E-06,"muscle17":-0.324148148,"muscle18":-2.77395998E-07,"muscle19":0,"muscle20":0,"muscle21":0.527684152,"muscle22":-0.0759823099,"muscle23":-0.588656127,"muscle24":0.953825772,"muscle25":0.425628841,"muscle26":0.042562589,"muscle27":-0.0481424928,"muscle28":4.42761603E-07,"muscle29":0.527683556,"muscle30":-0.0759852156,"muscle31":-0.588660777,"muscle32":0.953825891,"muscle33":0.425632775,"muscle34":0.0425663367,"muscle35":-0.0480918102,"muscle36":3.96204285E-07,"muscle37":-0.499999821,"muscle38":0.00360197015,"muscle39":-0.554397523,"muscle40":0.0706842542,"muscle41":0.0575225279,"muscle42":-0.0356673487,"muscle43":1.00542915,"muscle44":-0.16098395,"muscle45":-0.497549206,"muscle46":-0.499999195,"muscle47":0.0036051874,"muscle48":-0.599974692,"muscle49":0.0432618,"muscle50":0.0513340198,"muscle51":-0.0215630643,"muscle52":0.905438185,"muscle53":-0.100194409,"muscle54":-0.473059177,"muscle55":6.34020703E-09,"muscle56":0.338839084,"muscle57":-0.199970484,"muscle58":0.999852657,"muscle59":0.642049909,"muscle60":-0.964301348,"muscle61":0.844737649,"muscle62":0.84473753,"muscle63":0.665041029,"muscle64":-1.0899893,"muscle65":0.833209217,"muscle66":0.833209038,"muscle67":0.711344063,"muscle68":-0.704280734,"muscle69":0.811237454,"muscle70":0.811237454,"muscle71":0.640858352,"muscle72":-1.39979243,"muscle73":0.810814083,"muscle74":0.810814559,"muscle75":-5.70761394E-08,"muscle76":0.338888228,"muscle77":-0.199999943,"muscle78":1.00000012,"muscle79":0.642144799,"muscle80":-0.964444101,"muscle81":0.844861925,"muscle82":0.844862521,"muscle83":0.665139377,"muscle84":-1.09014976,"muscle85":0.833332598,"muscle86":0.83333236,"muscle87":0.640952885,"muscle88":-1.39999855,"muscle89":0.810934067,"muscle90":0.810933769,"muscle91":0.71144861,"muscle92":-0.704384565,"muscle93":0.811357379,"muscle94":0.811357796},"strings":{}},{"property":"Muscles","index":2,"time":1.51010084,"ints":{},"floats":{"muscle0":2.24928734E-12,"muscle1":-2.84977662E-13,"muscle2":3.4604432E-13,"muscle3":-2.13454836E-08,"muscle4":1.62844388E-13,"muscle5":-6.31021982E-13,"muscle6":0,"muscle7":0,"muscle8":0,"muscle9":2.13434017E-08,"muscle10":5.90683237E-14,"muscle11":2.68220845E-07,"muscle12":7.47054401E-08,"muscle13":-2.73117678E-07,"muscle14":-2.84424317E-07,"muscle15":-0.324146777,"muscle16":-1.16620834E-06,"muscle17":-0.324148148,"muscle18":-2.77395998E-07,"muscle19":0,"muscle20":0,"muscle21":0.524233282,"muscle22":-0.0713516623,"muscle23":-0.415076256,"muscle24":0.939664185,"muscle25":0.309866577,"muscle26":-0.0509065092,"muscle27":0.051147759,"muscle28":2.3772256E-07,"muscle29":0.524231553,"muscle30":-0.0713550374,"muscle31":-0.415077686,"muscle32":0.939663231,"muscle33":0.309868604,"muscle34":-0.0508559272,"muscle35":0.0511519052,"muscle36":3.96204285E-07,"muscle37":-0.499999821,"muscle38":0.00360197015,"muscle39":-0.592058003,"muscle40":0.0547464676,"muscle41":0.0417576656,"muscle42":-0.0372784548,"muscle43":1.00617933,"muscle44":-0.159896523,"muscle45":-0.554300249,"muscle46":-0.499999195,"muscle47":0.0036051874,"muscle48":-0.654861867,"muscle49":0.0140028512,"muscle50":0.0314790569,"muscle51":0.00569931418,"muscle52":0.906699538,"muscle53":-0.128768414,"muscle54":-0.566019952,"muscle55":-1.45861563E-07,"muscle56":0.338838518,"muscle57":-0.199970484,"muscle58":0.999852657,"muscle59":0.642049909,"muscle60":-0.964301348,"muscle61":0.844737351,"muscle62":0.844737828,"muscle63":0.665041029,"muscle64":-1.0899893,"muscle65":0.833209872,"muscle66":0.833209038,"muscle67":0.711343825,"muscle68":-0.704280794,"muscle69":0.811237454,"muscle70":0.811237454,"muscle71":0.640858352,"muscle72":-1.39979243,"muscle73":0.810814381,"muscle74":0.810814559,"muscle75":-1.10990719E-07,"muscle76":0.338837177,"muscle77":-0.199970424,"muscle78":0.999852479,"muscle79":0.642049909,"muscle80":-0.964301348,"muscle81":0.844737351,"muscle82":0.844737589,"muscle83":0.665041089,"muscle84":-1.08998942,"muscle85":0.833209515,"muscle86":0.833209217,"muscle87":0.640857995,"muscle88":-1.39979243,"muscle89":0.810814381,"muscle90":0.810814083,"muscle91":0.711343646,"muscle92":-0.704280436,"muscle93":0.811237335,"muscle94":0.811237454,"duration":0},"strings":{}},{"property":"Muscles","index":4,"time":2.51515174,"ints":{},"floats":{"muscle0":1.70762482E-12,"muscle1":-1.22132962E-13,"muscle2":-5.36441632E-07,"muscle3":-2.13454836E-08,"muscle4":1.62844388E-13,"muscle5":-6.31021982E-13,"muscle6":0,"muscle7":0,"muscle8":0,"muscle9":2.13434017E-08,"muscle10":5.90683237E-14,"muscle11":2.68220845E-07,"muscle12":1.60082863E-07,"muscle13":-6.99031091E-07,"muscle14":-3.13234949E-07,"muscle15":-0.324146777,"muscle16":-1.16620834E-06,"muscle17":-0.324148268,"muscle18":-1.58908722E-06,"muscle19":0,"muscle20":0,"muscle21":0.522004664,"muscle22":-0.0674866065,"muscle23":-0.308529317,"muscle24":0.930871725,"muscle25":0.238682926,"muscle26":-0.0525960922,"muscle27":0.0582399443,"muscle28":4.42761603E-07,"muscle29":0.522002518,"muscle30":-0.0674901381,"muscle31":-0.308530927,"muscle32":0.930870473,"muscle33":0.238684878,"muscle34":-0.0525454655,"muscle35":0.0582444035,"muscle36":7.38113954E-07,"muscle37":-0.499999821,"muscle38":0.00360197015,"muscle39":-0.591816843,"muscle40":0.0547335967,"muscle41":0.0415885225,"muscle42":-0.037254516,"muscle43":1.00633729,"muscle44":-0.159897238,"muscle45":-0.554640412,"muscle46":-0.499999195,"muscle47":0.0036051874,"muscle48":-0.654555976,"muscle49":0.0139762154,"muscle50":0.0312500224,"muscle51":0.00573065784,"muscle52":0.906910539,"muscle53":-0.128724098,"muscle54":-0.566468179,"muscle55":-1.45861563E-07,"muscle56":0.338838518,"muscle57":-0.199970484,"muscle58":0.999852657,"muscle59":0.642049909,"muscle60":-0.964301407,"muscle61":0.844737351,"muscle62":0.844737828,"muscle63":0.665041029,"muscle64":-1.0899893,"muscle65":0.833209872,"muscle66":0.833208978,"muscle67":0.711343586,"muscle68":-0.704280734,"muscle69":0.811237335,"muscle70":0.811237335,"muscle71":0.640858352,"muscle72":-1.39979243,"muscle73":0.810814381,"muscle74":0.810814559,"muscle75":2.82194094E-07,"muscle76":0.338835806,"muscle77":-0.199970424,"muscle78":0.999852479,"muscle79":0.642049909,"muscle80":-0.964301348,"muscle81":0.844737351,"muscle82":0.844737291,"muscle83":0.665041089,"muscle84":-1.08998942,"muscle85":0.833209515,"muscle86":0.833209217,"muscle87":0.640857875,"muscle88":-1.39979267,"muscle89":0.810814381,"muscle90":0.810814083,"muscle91":0.711343646,"muscle92":-0.704280436,"muscle93":0.811237335,"muscle94":0.811237395,"duration":0},"strings":{}},{"property":"Muscles","index":3,"time":2.0151515,"ints":{},"floats":{"muscle0":2.77478591E-07,"muscle1":-5.36441974E-07,"muscle2":-7.93866383E-13,"muscle3":-2.13454836E-08,"muscle4":1.62844388E-13,"muscle5":-6.31021982E-13,"muscle6":0,"muscle7":0,"muscle8":0,"muscle9":2.13434017E-08,"muscle10":5.90683237E-14,"muscle11":2.68220845E-07,"muscle12":1.70754802E-07,"muscle13":6.13282225E-07,"muscle14":-7.37898063E-07,"muscle15":-0.324147046,"muscle16":-1.31784475E-06,"muscle17":-0.324148148,"muscle18":-2.77395998E-07,"muscle19":0,"muscle20":0,"muscle21":0.524228215,"muscle22":-0.0713482201,"muscle23":-0.415077001,"muscle24":0.939663529,"muscle25":0.309826314,"muscle26":0.0397918001,"muscle27":-0.0395710878,"muscle28":1.12591374E-06,"muscle29":0.5242275,"muscle30":-0.0713510066,"muscle31":-0.415077478,"muscle32":0.93966347,"muscle33":0.309827387,"muscle34":0.0397955067,"muscle35":-0.0395194367,"muscle36":3.96204285E-07,