{
  "animTracks": [
    {
      "properties": [
        "Right Hand Configuration",
        "Left Hand Configuration",
        "Muscles",
        "Facial Expression"
      ],
      "loops": false,
      "keyFrames": [
        {
          "property": "Muscles",
          "index": 1,
          "time": 1,
          "ints": {},
          "floats": {
            "muscle0": 2.1398753E-12,
            "muscle1": -4.07110923E-13,
            "muscle2": -9.56710622E-13,
            "muscle3": -1.48849899E-12,
            "muscle4": -1.69222731E-25,
            "muscle5": -3.25688776E-13,
            "muscle6": 0,
            "muscle7": 0,
            "muscle8": 0,
            "muscle9": -3.96933029E-13,
            "muscle10": -4.0711097E-14,
            "muscle11": -3.25688776E-13,
            "muscle12": 1.38737931E-07,
            "muscle13": 1.30605528E-07,
            "muscle14": 1.02331555E-07,
            "muscle15": 0,
            "muscle16": -3.13225756E-09,
            "muscle17": 0,
            "muscle18": -2.60550999E-12,
            "muscle19": 0,
            "muscle20": 0,
            "muscle21": 0.527684987,
            "muscle22": -0.075982213,
            "muscle23": -0.588656247,
            "muscle24": 0.953825712,
            "muscle25": 0.4257029,
            "muscle26": -0.0594078712,
            "muscle27": 0.0538544767,
            "muscle28": 3.74593156E-07,
            "muscle29": 0.527683496,
            "muscle30": -0.0759853348,
            "muscle31": -0.588659286,
            "muscle32": 0.953825295,
            "muscle33": 0.425705791,
            "muscle34": -0.0593609177,
            "muscle35": 0.053863246,
            "muscle36": 1.94633657E-07,
            "muscle37": -0.499999434,
            "muscle38": 0.00360223628,
            "muscle39": -0.0495035499,
            "muscle40": -0.158808455,
            "muscle41": 0.40731886,
            "muscle42": -0.617255211,
            "muscle43": -0.76774317,
            "muscle44": -0.743820071,
            "muscle45": 0.574348986,
            "muscle46": -0.499998987,
            "muscle47": 0.00360562769,
            "muscle48": 0.0113112386,
            "muscle49": -0.085662283,
            "muscle50": 0.496457249,
            "muscle51": -0.623941302,
            "muscle52": -0.75746727,
            "muscle53": -0.796837032,
            "muscle54": 0.206429258,
            "muscle55": -0.599999785,
            "muscle56": 0.138887182,
            "muscle57": 3.64950097E-08,
            "muscle58": 1,
            "muscle59": 0.553256035,
            "muscle60": 0.288638294,
            "muscle61": -0.321803927,
            "muscle62": 0.0799996033,
            "muscle63": 0.665139079,
            "muscle64": -0.436817974,
            "muscle65": -0.195989981,
            "muscle66": 0.16000016,
            "muscle67": 0.640953362,
            "muscle68": 0.271548152,
            "muscle69": -0.266666353,
            "muscle70": 0.599999964,
            "muscle71": 0.578116179,
            "muscle72": 0.695615411,
            "muscle73": -0.321974754,
            "muscle74": 0.120000131,
            "muscle75": -0.599999487,
            "muscle76": 0.138887227,
            "muscle77": 4.87870651E-08,
            "muscle78": 1.00000012,
            "muscle79": 0.553255916,
            "muscle80": 0.288638234,
            "muscle81": -0.321804136,
            "muscle82": 0.080000028,
            "muscle83": 0.665139318,
            "muscle84": -0.436818361,
            "muscle85": -0.19599013,
            "muscle86": 0.160000041,
            "muscle87": 0.640953422,
            "muscle88": 0.271548092,
            "muscle89": -0.266666323,
            "muscle90": 0.600000024,
            "muscle91": 0.578116179,
            "muscle92": 0.695615232,
            "muscle93": -0.321975172,
            "muscle94": 0.120000355,
            "muscle-1": 1
          },
          "strings": {
            "interpolation": "smooth"
          },
          "inTangent": 0,
          "inWeight": 0,
          "outTangent": 0,
          "outWeight": 0,
          "weightedMode": 0
        },
        {
          "property": "Muscles",
          "index": 2,
          "time": 2,
          "ints": {},
          "floats": {
            "muscle0": 2.1398753E-12,
            "muscle1": -4.07110923E-13,
            "muscle2": -9.56710622E-13,
            "muscle3": -1.48849899E-12,
            "muscle4": -1.69222731E-25,
            "muscle5": -3.25688776E-13,
            "muscle6": 0,
            "muscle7": 0,
            "muscle8": 0,
            "muscle9": -3.96933029E-13,
            "muscle10": -4.0711097E-14,
            "muscle11": -3.25688776E-13,
            "muscle12": 2.34787493E-07,
            "muscle13": 3.00970754E-07,
            "muscle14": 1.138554E-07,
            "muscle15": 0,
            "muscle16": -3.13225756E-09,
            "muscle17": 0,
            "muscle18": -2.60550999E-12,
            "muscle19": 0,
            "muscle20": 0,
            "muscle21": 0.524233282,
            "muscle22": -0.0713519007,
            "muscle23": -0.415075421,
            "muscle24": 0.939663708,
            "muscle25": 0.309937328,
            "muscle26": -0.0621741973,
            "muscle27": 0.0624386072,
            "muscle28": 3.74593156E-07,
            "muscle29": 0.524232447,
            "muscle30": -0.0713548809,
            "muscle31": -0.415078819,
            "muscle32": 0.93966347,
            "muscle33": 0.309940308,
            "muscle34": -0.0621277541,
            "muscle35": 0.0624475069,
            "muscle36": 3.996727E-07,
            "muscle37": -0.499998987,
            "muscle38": 0.00360289821,
            "muscle39": 0.0573785715,
            "muscle40": -0.225306317,
            "muscle41": 0.426983356,
            "muscle42": -0.0231701657,
            "muscle43": -0.777778447,
            "muscle44": -0.743753493,
            "muscle45": 0.574781418,
            "muscle46": -0.499999613,
            "muscle47": 0.00360401603,
            "muscle48": 0.0325799249,
            "muscle49": -0.233658582,
            "muscle50": 0.399612576,
            "muscle51": -0.0448336452,
            "muscle52": -0.768009722,
            "muscle53": -0.796749294,
            "muscle54": 0.207030624,
            "muscle55": -0.599999666,
            "muscle56": 0.138887331,
            "muscle57": 3.64950097E-08,
            "muscle58": 1,
            "muscle59": 0.553256035,
            "muscle60": 0.288638294,
            "muscle61": -0.321803927,
            "muscle62": 0.0799994543,
            "muscle63": 0.665139079,
            "muscle64": -0.436817974,
            "muscle65": -0.195989981,
            "muscle66": 0.16000016,
            "muscle67": 0.640953362,
            "muscle68": 0.271548152,
            "muscle69": -0.266666353,
            "muscle70": 0.599999964,
            "muscle71": 0.578116238,
            "muscle72": 0.695615947,
            "muscle73": -0.321974754,
            "muscle74": 0.120000131,
            "muscle75": -0.599999487,
            "muscle76": 0.138887227,
            "muscle77": 4.87870651E-08,
            "muscle78": 1.00000012,
            "muscle79": 0.553255916,
            "muscle80": 0.288638234,
            "muscle81": -0.321804136,
            "muscle82": 0.080000028,
            "muscle83": 0.665139318,
            "muscle84": -0.436818361,
            "muscle85": -0.19599013,
            "muscle86": 0.160000041,
            "muscle87": 0.640953422,
            "muscle88": 0.271548092,
            "muscle89": -0.266666323,
            "muscle90": 0.600000024,
            "muscle91": 0.578116179,
            "muscle92": 0.695615232,
            "muscle93": -0.321975172,
            "muscle94": 0.120000355,
            "duration": 0,
            "muscle-1": 1
          },
          "strings": {
            "interpolation": "default"
          },
          "inTangent": 0,
          "inWeight": 0,
          "outTangent": 0,