{"animTracks":[{"properties":["Right Hand Configuration","Left Hand Configuration","Muscles"],"loops":false,"keyFrames":[{"property":"Muscles","index":1,"time":2.0151515,"ints":{},"floats":{"muscle0":2.56134228E-07,"muscle1":-1.42488763E-13,"muscle2":-5.49599645E-13,"muscle3":2.77475209E-07,"muscle4":-4.07110801E-14,"muscle5":-5.08888586E-14,"muscle6":0,"muscle7":0,"muscle8":0,"muscle9":-5.33609239E-07,"muscle10":2.6822093E-07,"muscle11":2.682211E-07,"muscle12":3.94870455E-07,"muscle13":2.34470932E-07,"muscle14":4.3449154E-07,"muscle15":-0.324147224,"muscle16":7.54565477E-08,"muscle17":-0.324146986,"muscle18":-2.0637151E-06,"muscle19":0,"muscle20":0,"muscle21":0.519556284,"muscle22":-0.0619098358,"muscle23":-0.184099525,"muscle24":0.92047441,"muscle25":0.155264571,"muscle26":0.0363440588,"muscle27":-0.0223598983,"muscle28":2.08280699E-06,"muscle29":0.519560516,"muscle30":-0.0619093813,"muscle31":-0.184102312,"muscle32":0.920472801,"muscle33":0.155265912,"muscle34":0.0363418758,"muscle35":-0.0223170612,"muscle36":-4.9172013E-07,"muscle37":-0.499999434,"muscle38":0.00360218296,"muscle39":-0.517614901,"muscle40":0.211248472,"muscle41":-0.0377065316,"muscle42":0.982964635,"muscle43":0.136787102,"muscle44":-0.0194290765,"muscle45":0.0223655794,"muscle46":-0.499999315,"muscle47":0.00360563514,"muscle48":-0.0761642605,"muscle49":-0.338293195,"muscle50":0.0654715896,"muscle51":-0.328892261,"muscle52":-0.0184745193,"muscle53":0.480523884,"muscle54":-0.500535131,"muscle55":-1.36603751E-06,"muscle56":2.45886758E-06,"muscle57":-1.67169532E-08,"muscle58":-9.05049902E-08,"muscle59":-3.41509327E-08,"muscle60":1.70754674E-07,"muscle61":3.03563894E-07,"muscle62":7.58909593E-08,"muscle63":3.41509363E-08,"muscle64":-2.27672913E-07,"muscle65":0,"muscle66":-2.20871741E-18,"muscle67":0,"muscle68":0,"muscle69":-7.58909735E-08,"muscle70":-8.28269027E-19,"muscle71":2.39056561E-07,"muscle72":-8.53773443E-08,"muscle73":4.41743481E-18,"muscle74":-3.31307611E-18,"muscle75":-2.79958558,"muscle76":0.17219612,"muscle77":0.506586075,"muscle78":0.999851465,"muscle79":0.0888755396,"muscle80":-0.582387149,"muscle81":-1.33313644,"muscle82":-0.359947264,"muscle83":-0.999852061,"muscle84":-0.436752141,"muscle85":-1.99970627,"muscle86":0.999853253,"muscle87":-0.999852061,"muscle88":0.271508276,"muscle89":-1.99970615,"muscle90":0.999851942,"muscle91":-0.999852657,"muscle92":0.695514321,"muscle93":-1.99970543,"muscle94":0.999853134,"duration":0},"strings":{}},{"property":"Muscles","index":2,"time":1.53030288,"ints":{},"floats":{"muscle0":2.56134228E-07,"muscle1":-1.42488763E-13,"muscle2":-5.49599645E-13,"muscle3":2.13431885E-08,"muscle4":-4.07110868E-14,"muscle5":0,"muscle6":0,"muscle7":0,"muscle8":0,"muscle9":-2.13452367E-08,"muscle10":2.68220958E-07,"muscle11":2.68221157E-07,"muscle12":-7.0436289E-07,"muscle13":2.74809281E-07,"muscle14":-1.61787142E-07,"muscle15":-0.324147224,"muscle16":7.54565477E-08,"muscle17":-0.324146986,"muscle18":-2.0637151E-06,"muscle19":0,"muscle20":0,"muscle21":0.524233162,"muscle22":-0.071352914,"muscle23":-0.415076554,"muscle24":0.939664185,"muscle25":0.309826434,"muscle26":0.0397879593,"muscle27":-0.0395601541,"muscle28":1.12591374E-06,"muscle29":0.524234772,"muscle30":-0.0713533238,"muscle31":-0.415081024,"muscle32":0.939663887,"muscle33":0.309829831,"muscle34":0.0397891253,"muscle35":-0.0395148098,"muscle36":-8.17754753E-08,"muscle37":-0.499999434,"muscle38":0.00360218296,"muscle39":-0.514532268,"muscle40":0.210907087,"muscle41":-0.113972649,"muscle42":0.9886536,"muscle43":0.212617084,"muscle44":-0.0172178298,"muscle45":0.0212174896,"muscle46":-0.499999315,"muscle47":0.00360563514,"muscle48":-0.0301784184,"muscle49":-0.165895566,"muscle50":-0.0872935131,"muscle51":-0.378997207,"muscle52":-0.379340678,"muscle53":0.480326891,"muscle54":-0.370689631,"muscle55":-1.36603751E-06,"muscle56":1.77584877E-06,"muscle57":-1.67169532E-08,"muscle58":-9.05049902E-08,"muscle59":-3.41509327E-08,"muscle60":1.70754674E-07,"muscle61":7.58909735E-08,"muscle62":7.58909593E-08,"muscle63":3.41509363E-08,"muscle64":-2.27672913E-07,"muscle65":0,"muscle66":-2.20871741E-18,"muscle67":0,"muscle68":0,"muscle69":-7.58909735E-08,"muscle70":-8.28269027E-19,"muscle71":-6.36110494E-17,"muscle72":4.26886686E-08,"muscle73":4.41743481E-18,"muscle74":-3.31307611E-18,"muscle75":-2.79958558,"muscle76":0.17219612,"muscle77":0.506586373,"muscle78":0.99985218,"muscle79":0.088875711,"muscle80":-0.58238709,"muscle81":-1.33313644,"muscle82":-0.359947264,"muscle83":-0.999852359,"muscle84":-0.436752439,"muscle85":-1.99970627,"muscle86":0.999853253,"muscle87":-0.999852061,"muscle88":0.271508276,"muscle89":-1.99970615,"muscle90":0.999851942,"muscle91":-0.999852657,"muscle92":0.695514321,"muscle93":-1.99970543,"muscle94":0.999853015,"duration":0},"strings":{}},{"property":"Muscles","index":3,"time":2.48484826,"ints":{},"floats":{"muscle0":2.56134228E-07,"muscle1":-1.42488763E-13,"muscle2":-5.49599645E-13,"muscle3":2.77475209E-07,"muscle4":-4.07110801E-14,"muscle5":-5.08888586E-14,"muscle6":0,"muscle7":0,"muscle8":0,"muscle9":-5.33609239E-07,"muscle10":2.6822093E-07,"muscle11":2.682211E-07,"muscle12":-3.20162883E-08,"muscle13":3.79532736E-07,"muscle14":1.87586977E-07,"muscle15":-0.324147224,"muscle16":7.54565477E-08,"muscle17":-0.324146986,"muscle18":-2.0637151E-06,"muscle19":0,"muscle20":0,"muscle21":0.522004247,"muscle22":-0.0674880594,"muscle23":-0.308527678,"muscle24":0.930871546,"muscle25":0.238600999,"muscle26":0.0380895846,"muscle27":-0.0324717201,"muscle28":1.53599171E-06,"muscle29":0.522011638,"muscle30":-0.0674884915,"muscle31":-0.308533967,"muscle32":0.930871248,"muscle33":0.238604531,"muscle34":0.0380845554,"muscle35":-0.0324266329,"muscle36":-8.17754753E-08,"muscle37":-0.499999434,"muscle38":0.00360218296,"muscle39":-0.515923917,"muscle40":0.21108453,"muscle41":-0.0779880285,"muscle42":0.985980034,"muscle43":0.176826328,"muscle44":-0.0182135478,"muscle45":0.0217916407,"muscle46":-0.499999315,"muscle47":0.00360563514,"muscle48":0.0016281741,"muscle49":-0.116674863,"muscle50":-0.0730750933,"muscle51":-0.398587495,"muscle52":-0.451813698,"muscle53":0.48031193,"muscle54":-0.37071383,"muscle55":-1.02452816E-06,"muscle56":1.9807544E-06,"muscle57":-1.67169532E-08,"muscle58":-9.05049902E-08,"muscle59":-3.41509327E-08,"muscle60":1.70754674E-07,"muscle61":7.58909735E-08,"muscle62":7.58909593E-08,"muscle63":3.41509363E-08,"muscle64":-2.27672913E-07,"muscle65":0,"muscle66":-2.20871741E-18,"muscle67":0,"muscle68":0,"muscle69":-7.58909735E-08,"muscle70":-8.28269027E-19,"muscle71":-6.36110494E-17,"muscle72":4.26886686E-08,"muscle73":4.41743481E-18,"muscle74":-3.31307611E-18,"muscle75":-2.79958558,"muscle76":0.17219612,"muscle77":0.506586373,"muscle78":0.99985218,"muscle79":0.088875711,"muscle80":-0.58238709,"muscle81":-1.33313644,"muscle82":-0.359947264,"muscle83":-0.999852359,"muscle84":-0.436752439,"muscle85":-1.99970627,"muscle86":0.999853253,"muscle87":-0.999852061,"muscle88":0.271508276,"muscle89":-1.99970615,"muscle90":0.999851942,"muscle91":-0.999852657,"muscle92":0.695514321,"muscle93":-1.99970543,"muscle94":0.999853134,"duration":0.479797989},"strings":{}},{"property":"Muscles","index":4,"time":1.01010084,"ints":{},"floats":{"muscle0":2.56134228E-07,"muscle1":-1.42488763E-13,"muscle2":-5.49599645E-13,"muscle3":2.13431885E-08,"muscle4":-4.07110868E-14,"muscle5":0,"muscle6":0,"muscle7":0,"muscle8":0,"muscle9":-2.13452367E-08,"muscle10":2.68220958E-07,"muscle11":2.68221157E-07,"muscle12":-1.06719664E-08,"muscle13":1.66576072E-07,"muscle14":1.73181334E-07,"muscle15":-0.324147224,"muscle16":7.54565477E-08,"muscle17":-0.324147224,"muscle18":-1.89235766E-06,"muscle19":0,"muscle20":0,"muscle21":0.520545542,"muscle22":-0.0643819273,"muscle23":-0.236127108,"muscle24":0.924839914,"muscle25":0.190132648,"muscle26":0.0370256454,"muscle27":-0.0268365499,"muscle28":1.53599171E-06,"muscle29":0.520549953,"muscle30":-0.0643817037,"muscle31":-0.23613061,"muscle32":0.924838901,"muscle33":0.190134406,