{"animTracks":[{"properties":["Right Hand Configuration","Left Hand Configuration","Muscles"],"keyFrames":[{"property":"Muscles","index":5,"time":13,"ints":{},"floats":{"muscle0":2.24928734E-12,"muscle1":-2.84977662E-13,"muscle2":3.4604432E-13,"muscle3":2.77475266E-07,"muscle4":8.14222618E-14,"muscle5":-6.92088639E-13,"muscle6":0,"muscle7":0,"muscle8":0,"muscle9":-5.33609466E-07,"muscle10":-3.14621647E-14,"muscle11":2.68220447E-07,"muscle12":3.41509633E-07,"muscle13":-1.93697787E-07,"muscle14":-1.93479266E-07,"muscle15":-0.324147463,"muscle16":-1.97231259E-07,"muscle17":-0.324148148,"muscle18":-2.77395998E-07,"muscle19":0,"muscle20":0,"muscle21":0.517282426,"muscle22":-0.0539810099,"muscle23":-0.0401393473,"muscle24":0.908249497,"muscle25":0.0585019626,"muscle26":0.0602483265,"muscle27":-0.0335387364,"muscle28":2.2878462E-06,"muscle29":0.517282605,"muscle30":-0.0539828613,"muscle31":-0.0401393175,"muscle32":0.908248603,"muscle33":0.0585027076,"muscle34":0.0602485724,"muscle35":-0.0334865004,"muscle36":3.96204285E-07,"muscle37":-0.499999434,"muscle38":0.00359901134,"muscle39":-0.489866674,"muscle40":0.227144226,"muscle41":0.0113186687,"muscle42":0.748100042,"muscle43":-0.00621896097,"muscle44":-0.392277241,"muscle45":0.267521262,"muscle46":-0.499999195,"muscle47":0.0036051874,"muscle48":0.35853374,"muscle49":-0.237896055,"muscle50":-0.390638798,"muscle51":-0.612146735,"muscle52":0.405933797,"muscle53":0.0300649591,"muscle54":0.359210938,"muscle55":-1.59015489,"muscle56":0.638867021,"muscle57":0.0444431044,"muscle58":-0.111106701,"muscle59":-0.113407195,"muscle60":-0.964411914,"muscle61":0.878165126,"muscle62":0.999966025,"muscle63":-0.112634689,"muscle64":-1.09011567,"muscle65":0.699975669,"muscle66":0.999966025,"muscle67":-0.17743355,"muscle68":-0.797693193,"muscle69":0.678002,"muscle70":0.999966085,"muscle71":-0.136819705,"muscle72":-1.39994991,"muscle73":0.610913932,"muscle74":0.999966085,"muscle75":-2.43299937,"muscle76":-1.99963272,"muscle77":-0.577599168,"muscle78":-0.999761105,"muscle79":-0.999771595,"muscle80":-0.706770778,"muscle81":-1.99959159,"muscle82":0.999967217,"muscle83":-0.999756277,"muscle84":-1.39985836,"muscle85":-1.99959135,"muscle86":0.999971211,"muscle87":-0.999759078,"muscle88":-0.226158276,"muscle89":-1.99958742,"muscle90":0.999971211,"muscle91":-0.999770045,"muscle92":-0.299794704,"muscle93":-1.99958873,"muscle94":0.999972045,"duration":0},"strings":{}},{"property":"Muscles","index":2,"time":10,"ints":{},"floats":{"muscle0":2.24928734E-12,"muscle1":-2.84977662E-13,"muscle2":3.4604432E-13,"muscle3":2.77475266E-07,"muscle4":8.14222618E-14,"muscle5":-6.92088639E-13,"muscle6":0,"muscle7":0,"muscle8":0,"muscle9":-5.33609466E-07,"muscle10":-3.14621647E-14,"muscle11":2.68220447E-07,"muscle12":3.41509633E-07,"muscle13":-1.93697787E-07,"muscle14":-1.93479266E-07,"muscle15":-0.324147463,"muscle16":-1.97231259E-07,"muscle17":-0.324148148,"muscle18":-2.77395998E-07,"muscle19":0,"muscle20":0,"muscle21":0.517753005,"muscle22":-0.0560436361,"muscle23":-0.0749599263,"muscle24":0.911225796,"muscle25":0.0820355117,"muscle26":-0.0358986147,"muscle27":0.0592510551,"muscle28":1.53612518E-06,"muscle29":0.517752647,"muscle30":-0.0560460202,"muscle31":-0.0749619156,"muscle32":0.911225319,"muscle33":0.0820377022,"muscle34":-0.0358451866,"muscle35":0.059251532,"muscle36":3.96204285E-07,"muscle37":-0.499999434,"muscle38":0.00359901134,"muscle39":-0.491532564,"muscle40":0.227214485,"muscle41":0.0170294046,"muscle42":0.74766326,"muscle43":-0.0118241329,"muscle44":-0.393497199,"muscle45":0.267489433,"muscle46":-0.499999195,"muscle47":0.0036051874,"muscle48":0.511335135,"muscle49":-0.300963581,"muscle50":-0.0179338753,"muscle51":-0.630705357,"muscle52":0.399185658,"muscle53":0.0308339689,"muscle54":0.358100474,"muscle55":-1.59015489,"muscle56":0.638867021,"muscle57":0.0444431044,"muscle58":-0.111106701,"muscle59":-0.113407195,"muscle60":-0.964411914,"muscle61":0.878165722,"muscle62":0.999966145,"muscle63":-0.112634689,"muscle64":-1.09011567,"muscle65":0.699975669,"muscle66":0.999966025,"muscle67":-0.136819705,"muscle68":-1.39995277,"muscle69":0.610913754,"muscle70":0.999966145,"muscle71":-0.17743355,"muscle72":-0.797691047,"muscle73":0.678002298,"muscle74":0.999966145,"muscle75":-0.156865224,"muscle76":0.505523145,"muscle77":0.639952064,"muscle78":0.639952719,"muscle79":0.553218246,"muscle80":0.288619697,"muscle81":0.778143466,"muscle82":0.778142393,"muscle83":0.665095091,"muscle84":-0.436792225,"muscle85":0.803955436,"muscle86":0.803955436,"muscle87":0.640910864,"muscle88":0.271524101,"muscle89":0.810879886,"muscle90":0.810880959,"muscle91":0.578077912,"muscle92":0.695568144,"muscle93":0.811304271,"muscle94":0.811304033,"duration":0},"strings":{}},{"property":"Muscles","index":1,"time":9,"ints":{},"floats":{"muscle0":2.24928734E-12,"muscle1":-2.84977662E-13,"muscle2":3.4604432E-13,"muscle3":-2.13454836E-08,"muscle4":1.62844388E-13,"muscle5":-6.31021982E-13,"muscle6":0,"muscle7":0,"muscle8":0,"muscle9":2.13434017E-08,"muscle10":5.90683237E-14,"muscle11":2.68220845E-07,"muscle12":1.49410724E-07,"muscle13":-5.53970324E-07,"muscle14":-5.60139881E-07,"muscle15":-0.324147463,"muscle16":-1.97231259E-07,"muscle17":-0.324148953,"muscle18":-1.76044443E-06,"muscle19":0,"muscle20":0,"muscle21":0.51801914,"muscle22":-0.0570727028,"muscle23":-0.0929476395,"muscle24":0.912758648,"muscle25":0.0940729901,"muscle26":0.0574061908,"muscle27":-0.035760574,"muscle28":1.26265093E-06,"muscle29":0.518017292,"muscle30":-0.057075996,"muscle31":-0.0929487571,"muscle32":0.912757635,"muscle33":0.094074659,"muscle34":0.0574093089,"muscle35":-0.0357067548,"muscle36":3.96204285E-07,"muscle37":-0.499999702,"muscle38":0.00360017479,"muscle39":-0.492048919,"muscle40":0.227235079,"muscle41":0.0188075434,"muscle42":0.747523189,"muscle43":-0.0135711208,"muscle44":-0.393883228,"muscle45":0.267478168,"muscle46":-0.499998987,"muscle47":0.0036056363,"muscle48":0.598484993,"muscle49":-0.31842643,"muscle50":0.0793881044,"muscle51":-0.587037385,"muscle52":0.393230379,"muscle53":0.0307138599,"muscle54":0.358270466,"muscle55":-1.59018183,"muscle56":0.638877511,"muscle57":0.0444437414,"muscle58":-0.111108847,"muscle59":-0.113409057,"muscle60":-0.964427948,"muscle61":0.878180742,"muscle62":0.999983311,"muscle63":-0.112636521,"muscle64":-1.09013247,"muscle65":0.699987352,"muscle66":0.999983251,"muscle67":-0.177436486,"muscle68":-0.797704577,"muscle69":0.678013742,"muscle70":0.999983311,"muscle71":-0.136822268,"muscle72":-1.39997482,"muscle73":0.610923886,"muscle74":0.999983132,"muscle75":-0.156867161,"muscle76":0.505530894,"muscle77":0.639962554,"muscle78":0.639963388,"muscle79":0.553227663,"muscle80":0.288624495,"muscle81":0.778156757,"muscle82":0.778155386,"muscle83":0.665106118,"muscle84":-0.436798006,"muscle85":0.803968787,"muscle86":0.803968668,"muscle87":0.640921474,"muscle88":0.271529764,"muscle89":0.810893834,"muscle90":0.810894251,"muscle91":0.578087449,"muscle92":0.695579171,"muscle93":0.811317563,"muscle94":0.811317921,"duration":0},"strings":{}},{"property":"Muscles","index":3,"time":11,"ints":{},"floats":{"muscle0":2.24928734E-12,"muscle1":-2.84977662E-13,"muscle2":3.4604432E-13,"muscle3":2.77475266E-07,"muscle4":8.14222618E-14,"muscle5":-6.92088639E-13,"muscle6":0,"muscle7":0,"muscle8":0,"muscle9":-5.33609466E-07,"muscle10":-3.14621647E-14,"muscle11":2.68220447E-07,"muscle12":3.41509633E-07,"muscle13":-1.93697787E-07,"muscle14":-1.93479266E-07,"muscle15":-0.324147463,"muscle16":-1.97231259E-07,"muscle17":-0.324148148,"muscle18":-2.77395998E-07,"muscle19":0,"muscle20":0,"muscle21":0.517553329,"muscle22":-0.0552093945,"muscle23":-0.0606948026,"muscle24":0.910008132,"muscle25":0.0723706111,"muscle26":0.0591213927,"muscle27":-0.0344307087,"muscle28":1.94607014E-06,"muscle29":0.517552912,"muscle30":-0.0552115366,"muscle31":-0.0606966801,"muscle32":0.910007417,"muscle33":0.0723726749,"muscle34":0.0591219775,"muscle35":-0.0343772322,"muscle36":3.96204285E-07,"muscle37":-0.499999434,