{"animTracks":[{"properties":["Right Hand Configuration","Left Hand Configuration","Muscles"],"loops":false,"keyFrames":[{"property":"Muscles","index":1,"time":2.01010084,"ints":{},"floats":{"muscle0":2.24928734E-12,"muscle1":-2.84977662E-13,"muscle2":3.4604432E-13,"muscle3":2.77475266E-07,"muscle4":8.14222618E-14,"muscle5":-6.92088639E-13,"muscle6":0,"muscle7":0,"muscle8":0,"muscle9":-5.3360958E-07,"muscle10":4.07110801E-14,"muscle11":-1.17044422E-13,"muscle12":8.11085044E-07,"muscle13":-8.89739766E-08,"muscle14":1.55894568E-07,"muscle15":-0.324147046,"muscle16":-1.31784475E-06,"muscle17":-0.324148148,"muscle18":-2.77395998E-07,"muscle19":0,"muscle20":0,"muscle21":0.522004128,"muscle22":-0.0674866438,"muscle23":-0.308527648,"muscle24":0.930871248,"muscle25":0.238681898,"muscle26":-0.0525963828,"muscle27":0.05824003,"muscle28":1.12591374E-06,"muscle29":0.522002757,"muscle30":-0.0674901903,"muscle31":-0.308531314,"muscle32":0.930870354,"muscle33":0.238684997,"muscle34":-0.0525457747,"muscle35":0.0582437105,"muscle36":3.96204285E-07,"muscle37":-0.499999821,"muscle38":0.00360197015,"muscle39":-0.512621582,"muscle40":0.254365504,"muscle41":-0.0442955494,"muscle42":-0.0634163171,"muscle43":0.612783551,"muscle44":0.0429025739,"muscle45":0.0469950326,"muscle46":-0.499999195,"muscle47":0.0036051874,"muscle48":0.0398968533,"muscle49":0.23009491,"muscle50":-0.39583689,"muscle51":-0.38377279,"muscle52":0.199126765,"muscle53":-0.0954781845,"muscle54":0.396445245,"muscle55":1.90242901E-07,"muscle56":0.3388381,"muscle57":-0.199970484,"muscle58":0.999852657,"muscle59":0.642049909,"muscle60":-0.964301407,"muscle61":0.844737351,"muscle62":0.84473753,"muscle63":0.665041029,"muscle64":-1.0899893,"muscle65":0.833209217,"muscle66":0.833208323,"muscle67":0.711343586,"muscle68":-0.704280734,"muscle69":0.811237335,"muscle70":0.811237335,"muscle71":0.640859485,"muscle72":-1.39979255,"muscle73":0.810814083,"muscle74":0.810814559,"muscle75":-2.29966021,"muscle76":-1.99970353,"muscle77":-0.9998523,"muscle78":0.22218959,"muscle79":0.666567028,"muscle80":0.288596064,"muscle81":0.999851942,"muscle82":0.999851942,"muscle83":0.599911749,"muscle84":-0.436752379,"muscle85":0.999851763,"muscle86":0.999852717,"muscle87":0.533254683,"muscle88":0.271508008,"muscle89":0.999851942,"muscle90":0.999851942,"muscle91":-0.84431982,"muscle92":-0.642067194,"muscle93":-1.76640499,"muscle94":0.119982384,"duration":0},"strings":{}},{"property":"Muscles","index":2,"time":1.01010084,"ints":{},"floats":{"muscle0":2.24928734E-12,"muscle1":-2.84977662E-13,"muscle2":3.4604432E-13,"muscle3":2.77475266E-07,"muscle4":8.14222618E-14,"muscle5":-6.92088639E-13,"muscle6":0,"muscle7":0,"muscle8":0,"muscle9":2.13433218E-08,"muscle10":6.10666438E-14,"muscle11":-1.5266661E-14,"muscle12":-4.26884696E-08,"muscle13":-7.16852497E-08,"muscle14":-9.96531E-08,"muscle15":-0.324147046,"muscle16":-1.31784475E-06,"muscle17":-0.324148148,"muscle18":-2.77395998E-07,"muscle19":0,"muscle20":0,"muscle21":0.524232864,"muscle22":-0.071351856,"muscle23":-0.415075004,"muscle24":0.939663708,"muscle25":0.309866011,"muscle26":-0.0509064719,"muscle27":0.0511478968,"muscle28":4.42761603E-07,"muscle29":0.524231613,"muscle30":-0.0713548809,"muscle31":-0.415078461,"muscle32":0.93966341,"muscle33":0.309869111,"muscle34":-0.0508559719,"muscle35":0.0511514395,"muscle36":3.96204285E-07,"muscle37":-0.499999821,"muscle38":0.00360197015,"muscle39":-0.512467146,"muscle40":0.25435248,"muscle41":-0.0444282778,"muscle42":-0.0634003058,"muscle43":0.61289233,"muscle44":0.0429655202,"muscle45":0.0467845984,"muscle46":-0.499998987,"muscle47":0.0036056363,"muscle48":-0.032333307,"muscle49":0.192548022,"muscle50":-0.420438647,"muscle51":-0.306733012,"muscle52":0.197151735,"muscle53":-0.0953953862,"muscle54":0.396408826,"muscle55":1.90242901E-07,"muscle56":0.3388381,"muscle57":-0.199970484,"muscle58":0.999852657,"muscle59":0.642049909,"muscle60":-0.964301407,"muscle61":0.844737351,"muscle62":0.84473753,"muscle63":0.665041029,"muscle64":-1.0899893,"muscle65":0.833209455,"muscle66":0.833209038,"muscle67":0.711344063,"muscle68":-0.704280734,"muscle69":0.811237454,"muscle70":0.811237454,"muscle71":0.640859067,"muscle72":-1.39979219,"muscle73":0.810814381,"muscle74":0.810814559,"muscle75":-2.29966021,"muscle76":-1.99970388,"muscle77":-0.9998523,"muscle78":0.22218959,"muscle79":0.666567147,"muscle80":0.288596034,"muscle81":0.999851942,"muscle82":0.999851942,"muscle83":0.599911749,"muscle84":-0.436752379,"muscle85":0.999851763,"muscle86":0.999852717,"muscle87":0.533254683,"muscle88":0.271508008,"muscle89":0.999851942,"muscle90":0.999851942,"muscle91":-0.84431982,"muscle92":-0.642067194,"muscle93":-1.76640499,"muscle94":0.119982384,"duration":0},"strings":{}},{"property":"Muscles","index":3,"time":3.00505042,"ints":{},"floats":{"muscle0":2.24928734E-12,"muscle1":-2.84977662E-13,"muscle2":3.4604432E-13,"muscle3":-2.13454836E-08,"muscle4":1.62844388E-13,"muscle5":-6.31021982E-13,"muscle6":0,"muscle7":0,"muscle8":0,"muscle9":2.13433218E-08,"muscle10":6.10666438E-14,"muscle11":-1.5266661E-14,"muscle12":3.30837508E-07,"muscle13":-2.33324879E-08,"muscle14":-1.81954434E-07,"muscle15":-0.324147046,"muscle16":-1.31784475E-06,"muscle17":-0.324148268,"muscle18":-1.58908722E-06,"muscle19":0,"muscle20":0,"muscle21":0.522007287,"muscle22":-0.0674843788,"muscle23":-0.308528781,"muscle24":0.930871248,"muscle25":0.238623738,"muscle26":0.0494391508,"muscle27":-0.0438278615,"muscle28":1.12591374E-06,"muscle29":0.522005498,"muscle30":-0.0674863458,"muscle31":-0.308533609,"muscle32":0.930870771,"muscle33":0.238627315,"muscle34":0.0494430363,"muscle35":-0.0437807329,"muscle36":7.38113954E-07,"muscle37":-0.500000656,"muscle38":0.00360196223,"muscle39":-0.5126248,"muscle40":0.254370898,"muscle41":-0.0443165004,"muscle42":-0.0633373037,"muscle43":0.612761676,"muscle44":0.0428971201,"muscle45":0.0469773933,"muscle46":-0.499998987,"muscle47":0.0036056363,"muscle48":-0.0324440785,"muscle49":0.192596778,"muscle50":-0.420364767,"muscle51":-0.306647152,"muscle52":0.197101817,"muscle53":-0.0954681858,"muscle54":0.396458119,"muscle55":-1.45861563E-07,"muscle56":0.338838518,"muscle57":-0.199970484,"muscle58":0.999852657,"muscle59":0.64204973,"muscle60":-0.964301348,"muscle61":0.844737351,"muscle62":0.84473753,"muscle63":0.665041029,"muscle64":-1.0899893,"muscle65":0.833209217,"muscle66":0.833208978,"muscle67":0.640858889,"muscle68":-1.39979267,"muscle69":0.810814083,"muscle70":0.81081444,"muscle71":0.711344182,"muscle72":-0.704280436,"muscle73":0.811237395,"muscle74":0.811237156,"muscle75":-2.29966021,"muscle76":-1.99970353,"muscle77":-0.9998523,"muscle78":0.22218959,"muscle79":0.666567028,"muscle80":0.288596064,"muscle81":0.999851942,"muscle82":0.999851942,"muscle83":0.599911928,"muscle84":-0.436752379,"muscle85":0.999851763,"muscle86":0.999852836,"muscle87":0.533254683,"muscle88":0.271508008,"muscle89":0.999851942,"muscle90":0.999851942,"muscle91":-0.84431982,"muscle92":-0.642066061,"muscle93":-1.76640499,"muscle94":0.119982384,"duration":0},"strings":{}},{"property":"Muscles","index":4,"time":4.01010084,"ints":{},"floats":{"muscle0":2.24928734E-12,"muscle1":-2.84977662E-13,"muscle2":3.4604432E-13,"muscle3":-2.13454836E-08,"muscle4":1.62844388E-13,"muscle5":-6.31021982E-13,"muscle6":0,"muscle7":0,"muscle8":0,"muscle9":2.13433218E-08,"muscle10":6.10666438E-14,"muscle11":-1.5266661E-14,"muscle12":3.30837508E-07,"muscle13":-2.33324879E-08,"muscle14":-1.81954434E-07,"muscle15":-0.324147046,"muscle16":-1.31784475E-06,"muscle17":-0.324148268,"muscle18":-1.58908722E-06,"muscle19":0,"muscle20":0,"muscle21":0.520543039,"muscle22":-0.0643826276,"muscle23":-0.236127228,"muscle24":0.924839497,"muscle25":0.190180108,"muscle26":0.0571658537,"muscle27":-0.0469685793,"muscle28":1.53612518E-06,"muscle29":0.520541728,"muscle30":-0.0643870234,"muscle31":-0.236129165,"muscle32":0.924838722,"muscle33":0.190182194,"muscle34":0.0571702421,"muscle35":-0.0469159558,"muscle36":7.38113954E-07,"muscle37":-0.500000656,