{"animTracks":[{"properties":["Right Hand Configuration","Left Hand Configuration","Muscles"],"loops":false,"keyFrames":[{"property":"Muscles","index":1,"time":1.55555534,"ints":{},"floats":{"muscle0":2.77478648E-07,"muscle1":-1.2213322E-13,"muscle2":-5.90310895E-13,"muscle3":2.77475266E-07,"muscle4":8.14222618E-14,"muscle5":-6.92088639E-13,"muscle6":0,"muscle7":0,"muscle8":0,"muscle9":-5.33609466E-07,"muscle10":-3.14621647E-14,"muscle11":2.68220447E-07,"muscle12":1.47275978E-06,"muscle13":-6.39155871E-07,"muscle14":-5.65902155E-07,"muscle15":-0.324146777,"muscle16":-1.16620834E-06,"muscle17":-0.324147195,"muscle18":-1.76044307E-06,"muscle19":0,"muscle20":0,"muscle21":0.518870592,"muscle22":-0.059927687,"muscle23":-0.145375565,"muscle24":0.917206168,"muscle25":0.129528448,"muscle26":-0.054763034,"muscle27":0.0719129369,"muscle28":1.94607014E-06,"muscle29":0.518866539,"muscle30":-0.0599357188,"muscle31":-0.14537631,"muscle32":0.917205751,"muscle33":0.129531294,"muscle34":-0.0547102168,"muscle35":0.0719251037,"muscle36":1.14805857E-06,"muscle37":-0.500003576,"muscle38":0.00360171217,"muscle39":-0.651231766,"muscle40":0.232775241,"muscle41":0.159084186,"muscle42":0.628416896,"muscle43":-0.201015472,"muscle44":-0.0259433128,"muscle45":0.272383809,"muscle46":-0.499999434,"muscle47":0.00360269262,"muscle48":0.432137609,"muscle49":-0.324923575,"muscle50":0.299045116,"muscle51":-0.265242428,"muscle52":0.278890818,"muscle53":-0.0837713256,"muscle54":-0.196723014,"muscle55":-1.36603785E-06,"muscle56":1.36603731E-07,"muscle57":2.95390468E-08,"muscle58":4.26886757E-08,"muscle59":-2.54444197E-16,"muscle60":1.70754674E-07,"muscle61":-7.58909735E-08,"muscle62":7.58909806E-08,"muscle63":6.83018797E-08,"muscle64":-2.27672942E-07,"muscle65":0,"muscle66":-5.52179507E-19,"muscle67":-3.4150947E-08,"muscle68":-5.69182426E-08,"muscle69":-6.07127788E-07,"muscle70":-7.58909806E-08,"muscle71":-3.41509363E-08,"muscle72":4.26886722E-08,"muscle73":-5.31236765E-07,"muscle74":-7.58909735E-08,"muscle75":-1.59020877,"muscle76":0.638887823,"muscle77":0.0444447175,"muscle78":-0.111111,"muscle79":-0.113411114,"muscle80":-0.96444416,"muscle81":0.878195703,"muscle82":0.99999994,"muscle83":-0.112638563,"muscle84":-1.0901494,"muscle85":0.699999511,"muscle86":0.999999702,"muscle87":-0.13682434,"muscle88":-1.39999855,"muscle89":0.610934198,"muscle90":0.999999642,"muscle91":-0.177439526,"muscle92":-0.79771781,"muscle93":0.678024769,"muscle94":1,"duration":0.434343427},"strings":{}},{"property":"Muscles","index":3,"time":2.57070613,"ints":{},"floats":{"muscle0":2.77478648E-07,"muscle1":-1.2213322E-13,"muscle2":-5.90310895E-13,"muscle3":2.77475266E-07,"muscle4":8.14222618E-14,"muscle5":-6.92088639E-13,"muscle6":0,"muscle7":0,"muscle8":0,"muscle9":-5.33609466E-07,"muscle10":-3.14621647E-14,"muscle11":2.68220447E-07,"muscle12":1.67553094E-06,"muscle13":-6.27631664E-07,"muscle14":-7.36266713E-07,"muscle15":-0.324146777,"muscle16":-1.16620834E-06,"muscle17":-0.324147195,"muscle18":-1.76044307E-06,"muscle19":0,"muscle20":0,"muscle21":0.518025041,"muscle22":-0.0570684783,"muscle23":-0.0929509178,"muscle24":0.91275841,"muscle25":0.0944443643,"muscle26":-0.0552608706,"muscle27":0.0770418048,"muscle28":2.2878462E-06,"muscle29":0.518018603,"muscle30":-0.0570791326,"muscle31":-0.0929499716,"muscle32":0.912757933,"muscle33":0.0944472402,"muscle34":-0.0552055016,"muscle35":0.0770585909,"muscle36":1.14805857E-06,"muscle37":-0.500003576,"muscle38":0.00360171217,"muscle39":-0.649989843,"muscle40":0.232895672,"muscle41":0.156021491,"muscle42":0.628653169,"muscle43":-0.19809033,"muscle44":-0.0250713043,"muscle45":0.272944331,"muscle46":-0.500001132,"muscle47":0.00360266259,"muscle48":0.270029157,"muscle49":-0.275941014,"muscle50":0.265173107,"muscle51":-0.362079173,"muscle52":0.386440545,"muscle53":-0.3912054,"muscle54":-0.196794748,"muscle55":-1.36603785E-06,"muscle56":1.36603731E-07,"muscle57":2.95390468E-08,"muscle58":4.26886757E-08,"muscle59":-2.54444197E-16,"muscle60":1.70754674E-07,"muscle61":-7.58909735E-08,"muscle62":7.58909806E-08,"muscle63":6.83018797E-08,"muscle64":-2.27672942E-07,"muscle65":0,"muscle66":-5.52179507E-19,"muscle67":-3.4150947E-08,"muscle68":-5.69182426E-08,"muscle69":-6.07127788E-07,"muscle70":-7.58909806E-08,"muscle71":-3.41509363E-08,"muscle72":4.26886722E-08,"muscle73":-5.31236765E-07,"muscle74":-7.58909735E-08,"muscle75":-1.59020758,"muscle76":0.638887703,"muscle77":0.0444447175,"muscle78":-0.111111,"muscle79":-0.113411114,"muscle80":-0.96444416,"muscle81":0.878195703,"muscle82":0.99999994,"muscle83":-0.112638563,"muscle84":-1.0901494,"muscle85":0.699999332,"muscle86":0.999999702,"muscle87":-0.13682434,"muscle88":-1.39999855,"muscle89":0.6109339,"muscle90":0.999999344,"muscle91":-0.177439526,"muscle92":-0.79771781,"muscle93":0.678024769,"muscle94":1,"duration":0.424242437},"strings":{}},{"property":"Left Hand Configuration","index":1,"time":1.55555534,"ints":{"hash":-2045326336},"floats":{"duration":0.434343427},"strings":{"name":"-"}},{"property":"Left Hand Configuration","index":3,"time":2.57070613,"ints":{"hash":-944802816},"floats":{"duration":0.424242437},"strings":{"name":"-"}},{"property":"Right Hand Configuration","index":1,"time":1.55555534,"ints":{"hash":1677561856},"floats":{"duration":0.434343427},"strings":{"name":"concha"}},{"property":"Right Hand Configuration","index":3,"time":2.57070613,"ints":{"hash":-1516881920},"floats":{"duration":0.424242437},"strings":{"name":"concha"}}]}],"version":3,"globalSpeed":1.37928581,"globalRepetitions":1}
