{"animTracks":[{"properties":["Right Hand Configuration","Left Hand Configuration","Muscles","Facial Expression"],"loops":false,"keyFrames":[{"property":"Muscles","index":2,"time":1.14141405,"ints":{},"floats":{"muscle0":2.20384518E-12,"muscle1":-5.36441974E-07,"muscle2":1.42488831E-13,"muscle3":-2.13454836E-08,"muscle4":1.62844388E-13,"muscle5":-6.31021982E-13,"muscle6":0,"muscle7":0,"muscle8":0,"muscle9":2.13434017E-08,"muscle10":5.90683237E-14,"muscle11":2.68220845E-07,"muscle12":5.97641588E-07,"muscle13":9.25200993E-07,"muscle14":-2.88935439E-07,"muscle15":0,"muscle16":-1.16620834E-06,"muscle17":0,"muscle18":-2.77395998E-07,"muscle19":0,"muscle20":0,"muscle21":0.524232805,"muscle22":-0.0713529289,"muscle23":-0.415074438,"muscle24":0.939663887,"muscle25":0.309825093,"muscle26":0.0397879034,"muscle27":-0.0395604149,"muscle28":1.12591374E-06,"muscle29":0.524231911,"muscle30":-0.071356006,"muscle31":-0.415079147,"muscle32":0.93966347,"muscle33":0.309829146,"muscle34":0.0397912636,"muscle35":-0.0395097323,"muscle36":3.96204285E-07,"muscle37":-0.500000656,"muscle38":0.00360196223,"muscle39":-0.484828264,"muscle40":0.08976385,"muscle41":0.0256695431,"muscle42":-0.465209156,"muscle43":0.491442502,"muscle44":0.300226957,"muscle45":0.712510228,"muscle46":-0.499998987,"muscle47":0.0036056363,"muscle48":-0.350379527,"muscle49":-0.0549674928,"muscle50":-0.242856205,"muscle51":-0.195722744,"muscle52":-0.248089671,"muscle53":0.779841304,"muscle54":-0.333597153,"muscle55":0,"muscle56":-1.76666665,"muscle57":0.644444466,"muscle58":0.111111164,"muscle59":0.48888886,"muscle60":-0.986916959,"muscle61":-1,"muscle62":-0.119999945,"muscle63":0.577777743,"muscle64":-1.12,"muscle65":-1.33333337,"muscle66":-0.199999988,"muscle67":0.688888907,"muscle68":-1.39999998,"muscle69":-1.26666665,"muscle70":-0.400000334,"muscle71":0.644444466,"muscle72":-0.579940259,"muscle73":-1,"muscle74":-0.800000012,"muscle75":-4.38396075E-09,"muscle76":0.466667622,"muscle77":-0.222222134,"muscle78":0.466666728,"muscle79":0.48888877,"muscle80":-0.986916661,"muscle81":-1.3999995,"muscle82":-0.63999933,"muscle83":0.577777445,"muscle84":-1.11999881,"muscle85":-1.69999957,"muscle86":-0.440000117,"muscle87":0.688888729,"muscle88":-1.39999843,"muscle89":-1.63333309,"muscle90":-0.200000226,"muscle91":0.644444168,"muscle92":-0.579940856,"muscle93":-1.59999955,"muscle94":-0.800000072,"duration":0.434343427,"muscle-1":1},"strings":{"interpolation":"default"},"inTangent":0,"inWeight":0,"outTangent":0,"outWeight":0,"weightedMode":0},{"property":"Muscles","index":3,"time":1.01010084,"ints":{},"floats":{"muscle0":2.24928734E-12,"muscle1":-2.84977662E-13,"muscle2":3.4604432E-13,"muscle3":-2.13454836E-08,"muscle4":1.62844388E-13,"muscle5":-6.31021982E-13,"muscle6":0,"muscle7":0,"muscle8":0,"muscle9":2.13433218E-08,"muscle10":6.10666438E-14,"muscle11":-1.5266661E-14,"muscle12":1.81427168E-07,"muscle13":-3.52538223E-07,"muscle14":-3.75368728E-07,"muscle15":-0.324146777,"muscle16":-1.16620834E-06,"muscle17":-0.324148148,"muscle18":-2.77395998E-07,"muscle19":0,"muscle20":0,"muscle21":0.522007465,"muscle22":-0.0674853176,"muscle23":-0.308557302,"muscle24":0.93087393,"muscle25":0.238661751,"muscle26":-0.0412538461,"muscle27":0.046876438,"muscle28":1.26265093E-06,"muscle29":0.522006571,"muscle30":-0.0674885139,"muscle31":-0.308562636,"muscle32":0.930873215,"muscle33":0.238666117,"muscle34":-0.0412029661,"muscle35":0.0468794405,"muscle36":3.96204285E-07,"muscle37":-0.500002503,"muscle38":0.00360196247,"muscle39":-0.40842393,"muscle40":0.082589522,"muscle41":0.176511511,"muscle42":-0.49034223,"muscle43":0.492358834,"muscle44":0.300206274,"muscle45":0.712373793,"muscle46":-0.499998987,"muscle47":0.0036056363,"muscle48":-0.287205577,"muscle49":0.101067424,"muscle50":0.0911398232,"muscle51":-0.395082176,"muscle52":-0.2443178,"muscle53":0.779590368,"muscle54":-0.33381933,"muscle55":0,"muscle56":-1.76666665,"muscle57":0.644444466,"muscle58":0.111111164,"muscle59":0.48888886,"muscle60":-0.986916959,"muscle61":-1,"muscle62":-0.119999945,"muscle63":0.577777743,"muscle64":-1.12,"muscle65":-1.33333337,"muscle66":-0.199999988,"muscle67":0.688888907,"muscle68":-1.39999998,"muscle69":-1.26666665,"muscle70":-0.400000334,"muscle71":0.644444466,"muscle72":-0.579940259,"muscle73":-1,"muscle74":-0.800000012,"muscle75":-4.38396075E-09,"muscle76":0.466667622,"muscle77":-0.222222134,"muscle78":0.466666728,"muscle79":0.48888877,"muscle80":-0.986916661,"muscle81":-1.3999995,"muscle82":-0.639998972,"muscle83":0.577777445,"muscle84":-1.11999881,"muscle85":-1.69999957,"muscle86":-0.440000117,"muscle87":0.688888729,"muscle88":-1.39999843,"muscle89":-1.63333309,"muscle90":-0.200000226,"muscle91":0.644444168,"muscle92":-0.579940856,"muscle93":-1.59999955,"muscle94":-0.800000131,"duration":0.0101010101},"strings":{},"inTangent":0,"inWeight":0,"outTangent":0,"outWeight":0,"weightedMode":0},{"property":"Left Hand Configuration","index":2,"time":1.14141405,"ints":{"hash":1162567680},"floats":{"duration":0.434343427},"strings":{"name":"Teta_semifechado2"},"inTangent":0,"inWeight":0,"outTangent":0,"outWeight":0,"weightedMode":0},{"property":"Left Hand Configuration","index":3,"time":1.01010084,"ints":{"hash":-1511012352},"floats":{"duration":0.0101010101},"strings":{"name":"Teta_semifechado2"},"inTangent":0,"inWeight":0,"outTangent":0,"outWeight":0,"weightedMode":0},{"property":"Right Hand Configuration","index":2,"time":1.14141405,"ints":{"hash":18409472},"floats":{"duration":0.434343427},"strings":{"name":"Teta_semifechado"},"inTangent":0,"inWeight":0,"outTangent":0,"outWeight":0,"weightedMode":0},{"property":"Right Hand Configuration","index":3,"time":1.01010084,"ints":{"hash":-2083091456},"floats":{"duration":0.0101010101},"strings":{"name":"Teta_semifechado"},"inTangent":0,"inWeight":0,"outTangent":0,"outWeight":0,"weightedMode":0},{"property":"Facial Expression","index":2,"time":1.14141405,"ints":{},"floats":{},"strings":{"faceName":"Neutra"},"inTangent":0,"inWeight":0,"outTangent":0,"outWeight":0,"weightedMode":0},{"property":"Facial Expression","index":3,"time":1.01010084,"ints":{},"floats":{},"strings":{"faceName":"Neutra"},"inTangent":0,"inWeight":0,"outTangent":0,"outWeight":0,"weightedMode":0}]},{"properties":["Face Animation Neutra"],"loops":false,"keyFrames":[{"property":"Face Animation Neutra","index":0,"time":0,"ints":{},"floats":{"girl_head_.blendShape.mClose":100,"girl_head_.blendShape.A":0,"girl_head_.blendShape.Cons":0,"girl_head_.blendShape.Fv":0,"girl_head_.blendShape.mLSide":0,"girl_head_.blendShape.mLSideUp":0,"girl_head_.blendShape.mRSide":0,"girl_head_.blendShape.mRSideUp":0,"girl_head_.blendShape.O":0,"girl_head_.blendShape.smile":0,"girl_head_.blendShape.U":0,"girl_hair.blendShape.cheek1":0,"girl_hair.blendShape.cheek2":0,"girl_hair.blendShape.cheek3":0,"girl_head_.blendShape.Bmp":0,"girl_head_.blendShape.E":0,"girl_head_.blendShape.F001":0,"girl_head_.blendShape.F003":0,"girl_head_.blendShape.F005":0,"girl_head_.blendShape.F006":0,"girl_head_.blendShape.F007":0,"girl_head_.blendShape.F007left":0,"girl_head_.blendShape.F008":0,"girl_head_.blendShape.F017":0,"girl_head_.blendShape.F019":0,"girl_head_.blendShape.F024":0,"girl_head_.blendShape.F031":0,"girl_head_.blendShape.LEyeBMad":0,"girl_head_.blendShape.LEyeClose":0,"girl_head_.blendShape.LEyeLidUp":0,"girl_head_.blendShape.LEyeMad":0,"girl_head_.blendShape.LEyeSad":0,"girl_head_.blendShape.LeyeBUp":0,"girl_head_.blendShape.mSad":0,"girl_head_.blendShape.REyeBMad":0,"girl_head_.blendShape.REyeClose":0,"girl_head_.blendShape.REyeLidUp":0,"girl_head_.blendShape.REyeMad":0,"girl_head_.blendShape.REyeSad":0,"girl_head_.blendShape.ReyeBSad":0,"girl_head_.blendShape.ReyeBUp":0,