{"animTracks":[{"properties":["Right Hand Configuration","Left Hand Configuration","Muscles"],"loops":false,"keyFrames":[{"property":"Muscles","index":1,"time":1,"ints":{},"floats":{"muscle0":2.77478591E-07,"muscle1":-5.36441974E-07,"muscle2":-7.93866383E-13,"muscle3":-2.13454836E-08,"muscle4":1.62844388E-13,"muscle5":-6.31021982E-13,"muscle6":0,"muscle7":0,"muscle8":0,"muscle9":2.13434017E-08,"muscle10":5.90683237E-14,"muscle11":2.68220845E-07,"muscle12":2.34787919E-07,"muscle13":5.78708523E-07,"muscle14":-2.2680203E-07,"muscle15":-0.324147046,"muscle16":-1.31784475E-06,"muscle17":-0.324148148,"muscle18":-2.77395998E-07,"muscle19":0,"muscle20":0,"muscle21":0.527684152,"muscle22":-0.0759823099,"muscle23":-0.588656127,"muscle24":0.953825772,"muscle25":0.425628841,"muscle26":0.042562589,"muscle27":-0.0481424928,"muscle28":4.42761603E-07,"muscle29":0.527683556,"muscle30":-0.0759852156,"muscle31":-0.588660777,"muscle32":0.953825891,"muscle33":0.425632775,"muscle34":0.0425663367,"muscle35":-0.0480918102,"muscle36":3.96204285E-07,"muscle37":-0.499999821,"muscle38":0.00360197015,"muscle39":-0.62087971,"muscle40":0.0752485469,"muscle41":-0.0159134585,"muscle42":-0.214798734,"muscle43":-0.0778479204,"muscle44":0.849152863,"muscle45":0.0202495288,"muscle46":-0.499999195,"muscle47":0.0036051874,"muscle48":-0.504678309,"muscle49":0.0488940328,"muscle50":-0.0800881237,"muscle51":-0.201372579,"muscle52":-0.0987873673,"muscle53":1.00018692,"muscle54":0.0711701661,"muscle55":-1.59020865,"muscle56":0.638888597,"muscle57":0.044444669,"muscle58":-0.11111097,"muscle59":-0.113410704,"muscle60":-0.964444101,"muscle61":0.878195643,"muscle62":0.999999821,"muscle63":-0.112638578,"muscle64":-1.09015012,"muscle65":0.699999154,"muscle66":0.999999821,"muscle67":-0.136824489,"muscle68":-1.39999855,"muscle69":0.610934198,"muscle70":0.99999994,"muscle71":-0.177439466,"muscle72":-0.79771769,"muscle73":0.678024769,"muscle74":1,"muscle75":-1.59020758,"muscle76":0.638887703,"muscle77":0.0444450118,"muscle78":-0.111111,"muscle79":-0.113411114,"muscle80":-0.96444416,"muscle81":0.878195703,"muscle82":0.99999994,"muscle83":-0.112638563,"muscle84":-1.0901494,"muscle85":0.699999332,"muscle86":0.99999994,"muscle87":-0.13682434,"muscle88":-1.39999855,"muscle89":0.610934198,"muscle90":0.999999344,"muscle91":-0.177439526,"muscle92":-0.79771781,"muscle93":0.678024769,"muscle94":1,"duration":0.25757575},"strings":{}},{"property":"Muscles","index":4,"time":2.0454545,"ints":{},"floats":{"muscle0":1.70762482E-12,"muscle1":-1.22132962E-13,"muscle2":-5.36441632E-07,"muscle3":-2.13454836E-08,"muscle4":1.62844388E-13,"muscle5":-6.31021982E-13,"muscle6":0,"muscle7":0,"muscle8":0,"muscle9":2.13433218E-08,"muscle10":6.10666438E-14,"muscle11":-1.5266661E-14,"muscle12":5.33610169E-08,"muscle13":-3.07690982E-07,"muscle14":2.26671716E-07,"muscle15":-0.324147046,"muscle16":-1.31784475E-06,"muscle17":-0.324148148,"muscle18":-2.77395998E-07,"muscle19":0,"muscle20":0,"muscle21":0.518867433,"muscle22":-0.0599321537,"muscle23":-0.145374089,"muscle24":0.917207062,"muscle25":0.12933898,"muscle26":-0.0228012633,"muscle27":0.0399073474,"muscle28":2.69779093E-06,"muscle29":0.51886636,"muscle30":-0.0599307679,"muscle31":-0.145377278,"muscle32":0.917205393,"muscle33":0.129340023,"muscle34":-0.0227603018,"muscle35":0.0399105214,"muscle36":3.96204285E-07,"muscle37":-0.500000656,"muscle38":0.00360196223,"muscle39":-0.569439769,"muscle40":0.109166622,"muscle41":0.0104599493,"muscle42":-0.219204336,"muscle43":-0.129388675,"muscle44":0.689007163,"muscle45":-0.0878074691,"muscle46":-0.499999195,"muscle47":0.00360428216,"muscle48":-0.471565455,"muscle49":0.070908837,"muscle50":-0.0638465807,"muscle51":-0.218210608,"muscle52":-0.098822251,"muscle53":0.548189461,"muscle54":0.0718480721,"muscle55":-2.40000033,"muscle56":-2,"muscle57":0.484439164,"muscle58":1.00000012,"muscle59":-0.0666668415,"muscle60":0.288638413,"muscle61":0.678195477,"muscle62":0.999999702,"muscle63":-0.377777308,"muscle64":-1.39999866,"muscle65":-0.633332968,"muscle66":0.999999464,"muscle67":-0.0441062674,"muscle68":0.695617616,"muscle69":0.999999642,"muscle70":0.99999994,"muscle71":0.263175339,"muscle72":0.271548033,"muscle73":0.64426744,"muscle74":0.999999702,"muscle75":-2.40000081,"muscle76":-2,"muscle77":0.484439254,"muscle78":1.00000012,"muscle79":-0.0666668862,"muscle80":0.288638324,"muscle81":0.678193569,"muscle82":0.999999762,"muscle83":-0.377777785,"muscle84":-1.39999855,"muscle85":-0.63333416,"muscle86":0.99999994,"muscle87":0.263175577,"muscle88":0.271548241,"muscle89":0.644267738,"muscle90":0.99999994,"muscle91":-0.0441063046,"muscle92":0.695615292,"muscle93":0.999999702,"muscle94":1,"duration":0.282828271},"strings":{}},{"property":"Left Hand Configuration","index":1,"time":1,"ints":{"hash":-1417956352},"floats":{"duration":0.25757575},"strings":{"name":"concha"}},{"property":"Left Hand Configuration","index":4,"time":2.0454545,"ints":{"hash":-1417956352},"floats":{"duration":0.282828271},"strings":{"name":"miu"}},{"property":"Right Hand Configuration","index":1,"time":1,"ints":{"hash":-1990035456},"floats":{"duration":0.25757575},"strings":{"name":"concha"}},{"property":"Right Hand Configuration","index":4,"time":2.0454545,"ints":{"hash":-1990035456},"floats":{"duration":0.282828271},"strings":{"name":"miu"}}]}],"version":3,"globalSpeed":2.1378572,"globalRepetitions":1}
