{"animTracks":[{"properties":["Right Hand Configuration","Left Hand Configuration","Muscles"],"loops":false,"keyFrames":[{"property":"Muscles","index":1,"time":0.999999881,"ints":{},"floats":{"muscle0":2.77478591E-07,"muscle1":-5.36441974E-07,"muscle2":-7.93866383E-13,"muscle3":-2.13454836E-08,"muscle4":1.62844388E-13,"muscle5":-6.31021982E-13,"muscle6":0,"muscle7":0,"muscle8":0,"muscle9":2.13434017E-08,"muscle10":5.90683237E-14,"muscle11":2.68220845E-07,"muscle12":2.34787919E-07,"muscle13":5.78708523E-07,"muscle14":-2.2680203E-07,"muscle15":-0.324147046,"muscle16":-1.31784475E-06,"muscle17":-0.324148148,"muscle18":-2.77395998E-07,"muscle19":0,"muscle20":0,"muscle21":0.527684152,"muscle22":-0.0759823099,"muscle23":-0.588656127,"muscle24":0.953825772,"muscle25":0.425628841,"muscle26":0.042562589,"muscle27":-0.0481424928,"muscle28":4.42761603E-07,"muscle29":0.527683556,"muscle30":-0.0759852156,"muscle31":-0.588660777,"muscle32":0.953825891,"muscle33":0.425632775,"muscle34":0.0425663367,"muscle35":-0.0480918102,"muscle36":3.96204285E-07,"muscle37":-0.499999821,"muscle38":0.00360197015,"muscle39":-0.605917633,"muscle40":0.322819322,"muscle41":-0.0812587142,"muscle42":-0.217401773,"muscle43":-0.856324911,"muscle44":0.669660032,"muscle45":0.313338071,"muscle46":-0.499999195,"muscle47":0.0036051874,"muscle48":-0.297283113,"muscle49":0.334186256,"muscle50":-0.217335969,"muscle51":-0.437107831,"muscle52":-0.508817375,"muscle53":0.371281236,"muscle54":-0.225305989,"muscle55":-1.83333266,"muscle56":-1.99999964,"muscle57":-0.066666849,"muscle58":1.00000012,"muscle59":-0.999999702,"muscle60":-0.831361532,"muscle61":0.26666671,"muscle62":0.999999702,"muscle63":-1,"muscle64":-1.27681708,"muscle65":-1.46666646,"muscle66":-0.719999671,"muscle67":-0.99999994,"muscle68":0.27154842,"muscle69":-1.46666622,"muscle70":-0.800000131,"muscle71":-1,"muscle72":0.228948593,"muscle73":-1.60000062,"muscle74":-0.519999921,"muscle75":-1.83333158,"muscle76":-1.99999988,"muscle77":-0.0666668639,"muscle78":1.00000012,"muscle79":-1.00000012,"muscle80":-0.831361353,"muscle81":0.266666621,"muscle82":0.99999994,"muscle83":-0.999999583,"muscle84":-1.27681696,"muscle85":-1.46666563,"muscle86":-0.71999979,"muscle87":-1,"muscle88":0.271548212,"muscle89":-1.46666574,"muscle90":-0.799999952,"muscle91":-0.99999994,"muscle92":0.228948474,"muscle93":-1.59999955,"muscle94":-0.519999981,"duration":0.055555556},"strings":{}},{"property":"Muscles","index":2,"time":1.33838367,"ints":{},"floats":{"muscle0":2.77478591E-07,"muscle1":-5.36441974E-07,"muscle2":-7.93866383E-13,"muscle3":-2.13454836E-08,"muscle4":1.62844388E-13,"muscle5":-6.31021982E-13,"muscle6":0,"muscle7":0,"muscle8":0,"muscle9":2.13434017E-08,"muscle10":5.90683237E-14,"muscle11":2.68220845E-07,"muscle12":2.13443442E-07,"muscle13":1.10709095E-06,"muscle14":-4.47776529E-07,"muscle15":-0.324147046,"muscle16":-1.31784475E-06,"muscle17":-0.324148148,"muscle18":-2.77395998E-07,"muscle19":0,"muscle20":0,"muscle21":0.524234295,"muscle22":-0.0713528022,"muscle23":-0.415074587,"muscle24":0.939663887,"muscle25":0.309825033,"muscle26":0.0397866555,"muscle27":-0.0395603664,"muscle28":1.12591374E-06,"muscle29":0.524232984,"muscle30":-0.0713556856,"muscle31":-0.415076733,"muscle32":0.93966347,"muscle33":0.309827328,"muscle34":0.0397900678,"muscle35":-0.0395102799,"muscle36":3.96204285E-07,"muscle37":-0.499999821,"muscle38":0.00360197015,"muscle39":-0.606116652,"muscle40":0.322854221,"muscle41":-0.0811244845,"muscle42":-0.217421621,"muscle43":-0.856370449,"muscle44":0.669626415,"muscle45":0.272544801,"muscle46":-0.499999195,"muscle47":0.0036051874,"muscle48":-0.271931618,"muscle49":0.343549043,"muscle50":-0.206574589,"muscle51":-0.183715045,"muscle52":-0.509650052,"muscle53":0.371100187,"muscle54":-0.226073995,"muscle55":-1.83333313,"muscle56":-1.99999881,"muscle57":-0.0666668937,"muscle58":1.00000012,"muscle59":-0.999999344,"muscle60":-0.831361532,"muscle61":0.26666671,"muscle62":0.999999404,"muscle63":-0.999999583,"muscle64":-1.27681696,"muscle65":-1.46666646,"muscle66":-0.719999194,"muscle67":-0.99999994,"muscle68":0.27154842,"muscle69":-1.46666574,"muscle70":-0.800000429,"muscle71":-1,"muscle72":0.228948593,"muscle73":-1.60000086,"muscle74":-0.519999921,"muscle75":-1.83333158,"muscle76":-1.99999988,"muscle77":-0.0666668639,"muscle78":1.00000012,"muscle79":-1.00000012,"muscle80":-0.831361234,"muscle81":0.266666621,"muscle82":0.99999994,"muscle83":-0.999999583,"muscle84":-1.27681696,"muscle85":-1.46666527,"muscle86":-0.71999979,"muscle87":-1,"muscle88":0.271548212,"muscle89":-1.46666574,"muscle90":-0.799999952,"muscle91":-0.99999994,"muscle92":0.228948474,"muscle93":-1.59999955,"muscle94":-0.520000398,"duration":0.0454545468},"strings":{}},{"property":"Left Hand Configuration","index":1,"time":0.999999881,"ints":{"hash":-1034486784},"floats":{"duration":0.055555556},"strings":{"name":"bico de p\u00A0ssaro"}},{"property":"Left Hand Configuration","index":2,"time":1.33838367,"ints":{"hash":137808896},"floats":{"duration":0.0454545468},"strings":{"name":"bico de p\u00A0ssaro"}},{"property":"Right Hand Configuration","index":1,"time":0.999999881,"ints":{"hash":-1606565888},"floats":{"duration":0.055555556},"strings":{"name":"bico de p\u00A0ssaro"}},{"property":"Right Hand Configuration","index":2,"time":1.33838367,"ints":{"hash":-434270208},"floats":{"duration":0.0454545468},"strings":{"name":"bico de p\u00A0ssaro"}}]}],"version":3,"globalSpeed":0.957857192,"globalRepetitions":1}
