{"animTracks":[{"properties":["Right Hand Configuration","Left Hand Configuration","Muscles"],"loops":false,"keyFrames":[{"property":"Muscles","index":2,"time":1.02525246,"ints":{},"floats":{"muscle0":2.24928734E-12,"muscle1":-2.84977662E-13,"muscle2":3.4604432E-13,"muscle3":-2.13454836E-08,"muscle4":1.62844388E-13,"muscle5":-6.31021982E-13,"muscle6":0,"muscle7":0,"muscle8":0,"muscle9":2.13434017E-08,"muscle10":5.90683237E-14,"muscle11":2.68220845E-07,"muscle12":1.81427126E-07,"muscle13":-1.93697389E-07,"muscle14":-1.9347894E-07,"muscle15":-0.324147046,"muscle16":-1.31784475E-06,"muscle17":-0.324148148,"muscle18":-2.77395998E-07,"muscle19":0,"muscle20":0,"muscle21":0.524232745,"muscle22":-0.0713520348,"muscle23":-0.415075511,"muscle24":0.939663708,"muscle25":0.309866369,"muscle26":-0.0509063303,"muscle27":0.0511479564,"muscle28":2.3772256E-07,"muscle29":0.524231613,"muscle30":-0.0713547692,"muscle31":-0.415078133,"muscle32":0.939663291,"muscle33":0.309868813,"muscle34":-0.0508561879,"muscle35":0.0511510819,"muscle36":3.96204285E-07,"muscle37":-0.499999821,"muscle38":0.00360197015,"muscle39":-0.331774056,"muscle40":0.081401594,"muscle41":-0.114943437,"muscle42":-0.11614725,"muscle43":-0.698646605,"muscle44":-0.0442911536,"muscle45":0.999828219,"muscle46":-0.499999195,"muscle47":0.00360428216,"muscle48":-0.414334506,"muscle49":-0.0119128758,"muscle50":-0.156937167,"muscle51":-0.0168527551,"muscle52":-0.704739332,"muscle53":-0.0131226322,"muscle54":0.877418101,"muscle55":-6.34113562E-09,"muscle56":0.338888317,"muscle57":-0.199999988,"muscle58":1.00000012,"muscle59":0.642144799,"muscle60":-0.96444416,"muscle61":0.844862401,"muscle62":0.844862223,"muscle63":0.665139258,"muscle64":-1.09014964,"muscle65":0.833332598,"muscle66":0.833332598,"muscle67":0.640952945,"muscle68":-1.39999843,"muscle69":0.810934067,"muscle70":0.810934126,"muscle71":0.711449087,"muscle72":-0.704384625,"muscle73":0.811357379,"muscle74":0.811357796,"muscle75":-1.10990719E-07,"muscle76":0.338837177,"muscle77":-0.199970424,"muscle78":0.999852479,"muscle79":0.64204973,"muscle80":-0.964301229,"muscle81":0.844737351,"muscle82":0.844737589,"muscle83":0.665041089,"muscle84":-1.08998942,"muscle85":0.833209991,"muscle86":0.833209872,"muscle87":0.640857995,"muscle88":-1.39979243,"muscle89":0.810814142,"muscle90":0.810814083,"muscle91":0.711343646,"muscle92":-0.704280436,"muscle93":0.811237454,"muscle94":0.811237454,"duration":0.075757578},"strings":{}},{"property":"Muscles","index":3,"time":1.51515138,"ints":{},"floats":{"muscle0":2.24928734E-12,"muscle1":-2.84977662E-13,"muscle2":3.4604432E-13,"muscle3":2.77475266E-07,"muscle4":8.14222618E-14,"muscle5":-6.92088639E-13,"muscle6":0,"muscle7":0,"muscle8":0,"muscle9":-5.33609466E-07,"muscle10":-3.14621647E-14,"muscle11":2.68220447E-07,"muscle12":7.04363515E-07,"muscle13":-6.93270067E-07,"muscle14":-3.98417711E-07,"muscle15":-0.324147046,"muscle16":-1.31784475E-06,"muscle17":-0.324147463,"muscle18":-4.29032269E-07,"muscle19":0,"muscle20":0,"muscle21":0.52200675,"muscle22":-0.0674846023,"muscle23":-0.308530241,"muscle24":0.930870771,"muscle25":0.238682553,"muscle26":-0.0525992028,"muscle27":0.0582358539,"muscle28":4.42761603E-07,"muscle29":0.52200532,"muscle30":-0.0674871877,"muscle31":-0.308533728,"muscle32":0.930870771,"muscle33":0.238685966,"muscle34":-0.0525492989,"muscle35":0.0582382567,"muscle36":7.38113954E-07,"muscle37":-0.499999821,"muscle38":0.00360197015,"muscle39":-0.22661908,"muscle40":0.131962612,"muscle41":-0.0724154189,"muscle42":-0.143644646,"muscle43":-0.569574416,"muscle44":0.0232614614,"muscle45":0.895379007,"muscle46":-0.499999195,"muscle47":0.00360428216,"muscle48":-0.277581185,"muscle49":0.0661534145,"muscle50":-0.1126623,"muscle51":-0.0887231231,"muscle52":-0.632994592,"muscle53":-0.0223237574,"muscle54":0.750380218,"muscle55":-1.53466112E-06,"muscle56":0.33888796,"muscle57":-0.199999988,"muscle58":1.00000012,"muscle59":0.642144799,"muscle60":-0.96444416,"muscle61":0.844862401,"muscle62":0.844862223,"muscle63":0.665139258,"muscle64":-1.09014964,"muscle65":0.833332598,"muscle66":0.833332598,"muscle67":0.640952945,"muscle68":-1.39999855,"muscle69":0.810934067,"muscle70":0.810934126,"muscle71":0.711449087,"muscle72":-0.704384625,"muscle73":0.811357796,"muscle74":0.811357796,"muscle75":-5.39103944E-08,"muscle76":0.338836312,"muscle77":-0.199969947,"muscle78":0.999852479,"muscle79":0.64204973,"muscle80":-0.964301229,"muscle81":0.844737351,"muscle82":0.844736755,"muscle83":0.665041089,"muscle84":-1.08998942,"muscle85":0.833209991,"muscle86":0.833209872,"muscle87":0.640857875,"muscle88":-1.39979267,"muscle89":0.810814142,"muscle90":0.810814083,"muscle91":0.711343646,"muscle92":-0.704279423,"muscle93":0.811237335,"muscle94":0.811237395,"duration":0.0707070678},"strings":{}},{"property":"Muscles","index":4,"time":1.9747473,"ints":{},"floats":{"muscle0":2.77478648E-07,"muscle1":-1.2213322E-13,"muscle2":-5.90310895E-13,"muscle3":2.77475266E-07,"muscle4":8.14222618E-14,"muscle5":-6.92088639E-13,"muscle6":0,"muscle7":0,"muscle8":0,"muscle9":-5.33609466E-07,"muscle10":-3.14621647E-14,"muscle11":2.68220447E-07,"muscle12":9.60495527E-07,"muscle13":-3.09948604E-07,"muscle14":-3.72488216E-07,"muscle15":-0.324147046,"muscle16":-1.31784475E-06,"muscle17":-0.324147195,"muscle18":-1.76044307E-06,"muscle19":0,"muscle20":0,"muscle21":0.520544946,"muscle22":-0.0643800497,"muscle23":-0.236127153,"muscle24":0.924838781,"muscle25":0.190260544,"muscle26":-0.0536499694,"muscle27":0.0638791919,"muscle28":1.26265093E-06,"muscle29":0.520543456,"muscle30":-0.0643826425,"muscle31":-0.236129284,"muscle32":0.924838722,"muscle33":0.190263167,"muscle34":-0.0536002032,"muscle35":0.0638811141,"muscle36":1.14805857E-06,"muscle37":-0.500000656,"muscle38":0.00360196223,"muscle39":-0.165087402,"muscle40":0.159856319,"muscle41":-0.0433327965,"muscle42":-0.13304162,"muscle43":-0.518567324,"muscle44":-0.0212829486,"muscle45":0.694247961,"muscle46":-0.499999881,"muscle47":0.00360358274,"muscle48":-0.177390486,"muscle49":0.107908815,"muscle50":-0.0687854514,"muscle51":-0.0846336335,"muscle52":-0.499726146,"muscle53":0.0247734841,"muscle54":0.688406885,"muscle55":-1.19221625E-06,"muscle56":0.338888317,"muscle57":-0.199999988,"muscle58":1.00000012,"muscle59":0.642144799,"muscle60":-0.96444416,"muscle61":0.844862342,"muscle62":0.844862223,"muscle63":0.665139079,"muscle64":-1.09014964,"muscle65":0.833332598,"muscle66":0.833332598,"muscle67":0.640952945,"muscle68":-1.39999855,"muscle69":0.810934067,"muscle70":0.810934126,"muscle71":0.711449087,"muscle72":-0.704384625,"muscle73":0.811357796,"muscle74":0.811357796,"muscle75":1.58503557E-08,"muscle76":0.338835686,"muscle77":-0.199969992,"muscle78":0.999852479,"muscle79":0.64204973,"muscle80":-0.964301229,"muscle81":0.844737351,"muscle82":0.844736397,"muscle83":0.665041089,"muscle84":-1.08998942,"muscle85":0.833209991,"muscle86":0.833209872,"muscle87":0.640857875,"muscle88":-1.39979267,"muscle89":0.810814142,"muscle90":0.810814083,"muscle91":0.711343646,"muscle92":-0.704279423,"muscle93":0.811237335,"muscle94":0.811237395,"duration":0.0656565651},"strings":{}},{"property":"Muscles","index":5,"time":2.41414189,"ints":{},"floats":{"muscle0":2.77478648E-07,"muscle1":-1.2213322E-13,"muscle2":-5.90310895E-13,"muscle3":2.77475266E-07,"muscle4":8.14222618E-14,"muscle5":-6.92088639E-13,"muscle6":0,"muscle7":0,"muscle8":0,"muscle9":-5.33609466E-07,"muscle10":-3.14621647E-14,"muscle11":2.68220447E-07,"muscle12":1.19528352E-06,"muscle13":-8.40587347E-07,"muscle14":-7.50672996E-07,"muscle15":-0.324147046,"muscle16":-1.31784475E-06,"muscle17":-0.324147195,"muscle18":-1.76044307E-06,"muscle19":0,"muscle20":0,"muscle21":0.519558012,"muscle22":-0.0619053841,"muscle23":-0.184099987,"muscle24":0.920473278,"muscle25":0.155446753,"muscle26":-0.0543231554,"muscle27":0.0683551505,"muscle28":1.53612518E-06,"muscle29":0.5195539,"muscle30":-0.0619083717,"muscle31":-0.184102774,"muscle32":0.920473039,"muscle33":0.155450135,"muscle34":-0.0542708188,