{"animTracks":[{"properties":["Right Hand Configuration","Left Hand Configuration","Muscles","Facial Expression"],"loops":false,"keyFrames":[{"property":"Muscles","index":2,"time":10,"ints":{},"floats":{"muscle0":2.24928734E-12,"muscle1":-2.84977662E-13,"muscle2":3.4604432E-13,"muscle3":2.77475266E-07,"muscle4":8.14222618E-14,"muscle5":-6.92088639E-13,"muscle6":0,"muscle7":0,"muscle8":0,"muscle9":2.13434017E-08,"muscle10":5.90683237E-14,"muscle11":2.68220845E-07,"muscle12":4.26890097E-08,"muscle13":-6.0232361E-07,"muscle14":-4.77838569E-07,"muscle15":0,"muscle16":-1.97231259E-07,"muscle17":0,"muscle18":-1.58908722E-06,"muscle19":0,"muscle20":0,"muscle21":0.517752111,"muscle22":-0.0560436137,"muscle23":-0.0749584734,"muscle24":0.911225915,"muscle25":0.0819203034,"muscle26":0.0572390184,"muscle27":-0.0339372121,"muscle28":1.94607014E-06,"muscle29":0.517753243,"muscle30":-0.0560467839,"muscle31":-0.0749596506,"muscle32":0.9112252,"muscle33":0.0819216445,"muscle34":0.0572398081,"muscle35":-0.0338833518,"muscle36":3.96204285E-07,"muscle37":-0.499999702,"muscle38":0.00360017479,"muscle39":-0.553064406,"muscle40":0.119563632,"muscle41":-0.187805817,"muscle42":1.02266622,"muscle43":0.0254414938,"muscle44":-0.110531971,"muscle45":0.268099159,"muscle46":-0.499999672,"muscle47":0.00360631314,"muscle48":-0.316883415,"muscle49":-0.331243634,"muscle50":0.328577578,"muscle51":-0.139289588,"muscle52":0.365868628,"muscle53":0.0309401602,"muscle54":0.999689758,"muscle55":-1.59020865,"muscle56":0.638887584,"muscle57":0.0444444418,"muscle58":-0.111111104,"muscle59":-0.113410771,"muscle60":-0.964444399,"muscle61":0.878195703,"muscle62":1,"muscle63":-0.112638533,"muscle64":-1.09015131,"muscle65":0.699999928,"muscle66":1,"muscle67":-0.136824131,"muscle68":-1.39999998,"muscle69":0.610934138,"muscle70":1,"muscle71":-0.177439451,"muscle72":-0.797717988,"muscle73":0.67802459,"muscle74":1,"muscle75":-0.244697675,"muscle76":0.138891235,"muscle77":0.639980853,"muscle78":0.640030861,"muscle79":-0.999891341,"muscle80":-0.706903517,"muscle81":-1.99993432,"muscle82":0.999865234,"muscle83":-0.999999881,"muscle84":-1.39990127,"muscle85":-2.00000095,"muscle86":0.999999702,"muscle87":-1,"muscle88":0.271548212,"muscle89":-1.99999988,"muscle90":0.999999344,"muscle91":-1,"muscle92":-0.113193505,"muscle93":-2.00000095,"muscle94":1,"duration":0,"muscle-1":1},"strings":{"interpolation":"default"},"inTangent":0,"inWeight":0,"outTangent":0,"outWeight":0,"weightedMode":0},{"property":"Muscles","index":1,"time":9,"ints":{},"floats":{"muscle0":2.24928734E-12,"muscle1":-2.84977662E-13,"muscle2":3.4604432E-13,"muscle3":-2.13454836E-08,"muscle4":1.62844388E-13,"muscle5":-6.31021982E-13,"muscle6":0,"muscle7":0,"muscle8":0,"muscle9":2.13434017E-08,"muscle10":5.90683237E-14,"muscle11":2.68220845E-07,"muscle12":1.49410724E-07,"muscle13":-5.53970324E-07,"muscle14":-5.60139881E-07,"muscle15":-0.324147463,"muscle16":-1.97231259E-07,"muscle17":-0.324148953,"muscle18":-1.76044443E-06,"muscle19":0,"muscle20":0,"muscle21":0.51801914,"muscle22":-0.0570727028,"muscle23":-0.0929476395,"muscle24":0.912758648,"muscle25":0.0940729901,"muscle26":0.0574061908,"muscle27":-0.035760574,"muscle28":1.26265093E-06,"muscle29":0.518017292,"muscle30":-0.057075996,"muscle31":-0.0929487571,"muscle32":0.912757635,"muscle33":0.094074659,"muscle34":0.0574093089,"muscle35":-0.0357067548,"muscle36":3.96204285E-07,"muscle37":-0.499999702,"muscle38":0.00360017479,"muscle39":-0.768634617,"muscle40":0.330660343,"muscle41":0.32662949,"muscle42":0.39994207,"muscle43":-0.511553049,"muscle44":-0.110832222,"muscle45":0.267478168,"muscle46":-0.499998987,"muscle47":0.0036056363,"muscle48":-0.317260623,"muscle49":-0.331313968,"muscle50":0.328650892,"muscle51":-0.548372507,"muscle52":0.394405842,"muscle53":0.0307138599,"muscle54":0.358270466,"muscle55":-1.59020865,"muscle56":0.638887584,"muscle57":0.0444444418,"muscle58":-0.111111104,"muscle59":-0.113410771,"muscle60":-0.964444399,"muscle61":0.878195703,"muscle62":1,"muscle63":-0.112638533,"muscle64":-1.09015131,"muscle65":0.699999928,"muscle66":1,"muscle67":-0.136824131,"muscle68":-1.39999998,"muscle69":0.610934138,"muscle70":1,"muscle71":-0.177439451,"muscle72":-0.797717988,"muscle73":0.67802459,"muscle74":1,"muscle75":-2.79995513,"muscle76":0.172218248,"muscle77":0.506653309,"muscle78":0.99998343,"muscle79":0.0888868794,"muscle80":-0.582463145,"muscle81":-1.33331168,"muscle82":-0.359993786,"muscle83":-0.999983668,"muscle84":-0.436812609,"muscle85":-1.99996781,"muscle86":0.999983788,"muscle87":-0.999983788,"muscle88":0.27154398,"muscle89":-1.9999671,"muscle90":0.999982774,"muscle91":-0.999983788,"muscle92":0.695604265,"muscle93":-1.9999671,"muscle94":0.999983311,"duration":0},"strings":{},"inTangent":0,"inWeight":0,"outTangent":0,"outWeight":0,"weightedMode":0},{"property":"Left Hand Configuration","index":2,"time":10,"ints":{"hash":1162567680},"floats":{"duration":0},"strings":{"name":"concha"},"inTangent":0,"inWeight":0,"outTangent":0,"outWeight":0,"weightedMode":0},{"property":"Left Hand Configuration","index":1,"time":9,"ints":{"hash":60113920},"floats":{"duration":0},"strings":{"name":"concha"},"inTangent":0,"inWeight":0,"outTangent":0,"outWeight":0,"weightedMode":0},{"property":"Right Hand Configuration","index":2,"time":10,"ints":{"hash":18409472},"floats":{"duration":0},"strings":{"name":"B"},"inTangent":0,"inWeight":0,"outTangent":0,"outWeight":0,"weightedMode":0},{"property":"Right Hand Configuration","index":1,"time":9,"ints":{"hash":-511965184},"floats":{"duration":0},"strings":{"name":"E"},"inTangent":0,"inWeight":0,"outTangent":0,"outWeight":0,"weightedMode":0},{"property":"Facial Expression","index":2,"time":10,"ints":{},"floats":{},"strings":{"faceName":"Neutra"},"inTangent":0,"inWeight":0,"outTangent":0,"outWeight":0,"weightedMode":0},{"property":"Facial Expression","index":1,"time":9,"ints":{},"floats":{},"strings":{"faceName":"Neutra"},"inTangent":0,"inWeight":0,"outTangent":0,"outWeight":0,"weightedMode":0}]},{"properties":["Face Animation Neutra"],"loops":false,"keyFrames":[{"property":"Face Animation Neutra","index":0,"time":0,"ints":{},"floats":{"girl_head_.blendShape.mClose":100,"girl_head_.blendShape.A":0,"girl_head_.blendShape.Cons":0,"girl_head_.blendShape.Fv":0,"girl_head_.blendShape.mLSide":0,"girl_head_.blendShape.mLSideUp":0,"girl_head_.blendShape.mRSide":0,"girl_head_.blendShape.mRSideUp":0,"girl_head_.blendShape.O":0,"girl_head_.blendShape.smile":0,"girl_head_.blendShape.U":0,"girl_hair.blendShape.cheek1":0,"girl_hair.blendShape.cheek2":0,"girl_hair.blendShape.cheek3":0,"girl_head_.blendShape.Bmp":0,"girl_head_.blendShape.E":0,"girl_head_.blendShape.F001":0,"girl_head_.blendShape.F003":0,"girl_head_.blendShape.F005":0,"girl_head_.blendShape.F006":0,"girl_head_.blendShape.F007":0,"girl_head_.blendShape.F007left":0,"girl_head_.blendShape.F008":0,"girl_head_.blendShape.F017":0,"girl_head_.blendShape.F019":0,"girl_head_.blendShape.F024":0,"girl_head_.blendShape.F031":0,"girl_head_.blendShape.LEyeBMad":0,"girl_head_.blendShape.LEyeClose":0,"girl_head_.blendShape.LEyeLidUp":0,"girl_head_.blendShape.LEyeMad":0,"girl_head_.blendShape.LEyeSad":0,"girl_head_.blendShape.LeyeBUp":0,"girl_head_.blendShape.mSad":0,"girl_head_.blendShape.REyeBMad":0,"girl_head_.blendShape.REyeClose":0,"girl_head_.blendShape.REyeLidUp":0,"girl_head_.blendShape.REyeMad":0,"girl_head_.blendShape.REyeSad":0,"girl_head_.blendShape.ReyeBSad":0,"girl_head_.blendShape.ReyeBUp":0,