{"animTracks":[{"properties":["Right Hand Configuration","Left Hand Configuration","Muscles"],"loops":false,"keyFrames":[{"property":"Muscles","index":1,"time":1.00505042,"ints":{},"floats":{"muscle0":2.77478591E-07,"muscle1":-5.36441974E-07,"muscle2":-7.93866383E-13,"muscle3":-2.13454836E-08,"muscle4":1.62844388E-13,"muscle5":-6.31021982E-13,"muscle6":0,"muscle7":0,"muscle8":0,"muscle9":2.13434017E-08,"muscle10":5.90683237E-14,"muscle11":2.68220845E-07,"muscle12":2.34787919E-07,"muscle13":5.78708523E-07,"muscle14":-2.2680203E-07,"muscle15":-0.324147046,"muscle16":-1.31784475E-06,"muscle17":-0.324148148,"muscle18":-2.77395998E-07,"muscle19":0,"muscle20":0,"muscle21":0.527684152,"muscle22":-0.0759823099,"muscle23":-0.588656127,"muscle24":0.953825772,"muscle25":0.425628841,"muscle26":0.042562589,"muscle27":-0.0481424928,"muscle28":4.42761603E-07,"muscle29":0.527683556,"muscle30":-0.0759852156,"muscle31":-0.588660777,"muscle32":0.953825891,"muscle33":0.425632775,"muscle34":0.0425663367,"muscle35":-0.0480918102,"muscle36":3.96204285E-07,"muscle37":-0.499999821,"muscle38":0.00360197015,"muscle39":-0.487939715,"muscle40":0.288526684,"muscle41":-0.0981266424,"muscle42":0.799890459,"muscle43":0.176595181,"muscle44":-0.015839668,"muscle45":0.0202495288,"muscle46":-0.499999195,"muscle47":0.0036051874,"muscle48":0.125923872,"muscle49":-0.389903009,"muscle50":-0.368319184,"muscle51":-0.469212532,"muscle52":0.516326606,"muscle53":-0.419553041,"muscle54":-0.959258676,"muscle55":-1.36603785E-06,"muscle56":1.36603731E-07,"muscle57":2.95390468E-08,"muscle58":4.26886757E-08,"muscle59":-2.54444197E-16,"muscle60":1.70754674E-07,"muscle61":-6.07127845E-07,"muscle62":7.58909806E-08,"muscle63":6.83018797E-08,"muscle64":-2.27672942E-07,"muscle65":0,"muscle66":-5.52179507E-19,"muscle67":-3.4150947E-08,"muscle68":-5.69182426E-08,"muscle69":-1.51781947E-07,"muscle70":-7.58909806E-08,"muscle71":-3.41509363E-08,"muscle72":4.26886722E-08,"muscle73":-7.58909735E-08,"muscle74":-7.58909735E-08,"muscle75":-0.999999166,"muscle76":-1.99999976,"muscle77":-0.999999464,"muscle78":-0.537782371,"muscle79":0.422222316,"muscle80":-0.706916392,"muscle81":0.999999821,"muscle82":0.999999762,"muscle83":-0.999999583,"muscle84":-1.3999989,"muscle85":-2.00000095,"muscle86":0.999999702,"muscle87":-1,"muscle88":0.271548212,"muscle89":-1.99999988,"muscle90":0.999998868,"muscle91":-1,"muscle92":-0.113273993,"muscle93":-2.00000024,"muscle94":1,"duration":0},"strings":{}},{"property":"Muscles","index":2,"time":1.4141413,"ints":{},"floats":{"muscle0":2.24928734E-12,"muscle1":-2.84977662E-13,"muscle2":3.4604432E-13,"muscle3":-2.13454836E-08,"muscle4":1.62844388E-13,"muscle5":-6.31021982E-13,"muscle6":0,"muscle7":0,"muscle8":0,"muscle9":2.13433218E-08,"muscle10":6.10666438E-14,"muscle11":-1.5266661E-14,"muscle12":-8.53771382E-08,"muscle13":-2.84641686E-07,"muscle14":-1.1405907E-07,"muscle15":-0.324147046,"muscle16":-1.31784475E-06,"muscle17":-0.324148148,"muscle18":-2.77395998E-07,"muscle19":0,"muscle20":0,"muscle21":0.524232805,"muscle22":-0.071351707,"muscle23":-0.415074706,"muscle24":0.939663708,"muscle25":0.309865773,"muscle26":-0.0509063974,"muscle27":0.0511472151,"muscle28":4.42761603E-07,"muscle29":0.524232388,"muscle30":-0.0713548437,"muscle31":-0.415079534,"muscle32":0.939663649,"muscle33":0.309869796,"muscle34":-0.0508563668,"muscle35":0.0511519201,"muscle36":3.96204285E-07,"muscle37":-0.499999821,"muscle38":0.00360197015,"muscle39":-0.514530718,"muscle40":0.210908383,"muscle41":-0.113974318,"muscle42":0.988652825,"muscle43":0.21261932,"muscle44":-0.0172191281,"muscle45":0.0212151837,"muscle46":-0.499999195,"muscle47":0.0036051874,"muscle48":0.176342487,"muscle49":-0.264091671,"muscle50":-0.421939969,"muscle51":-0.47000882,"muscle52":0.517970085,"muscle53":-0.419565767,"muscle54":-0.958958924,"muscle55":-1.36603785E-06,"muscle56":1.36603731E-07,"muscle57":2.95390468E-08,"muscle58":4.26886757E-08,"muscle59":-2.54444197E-16,"muscle60":1.70754674E-07,"muscle61":-6.07127845E-07,"muscle62":7.58909806E-08,"muscle63":6.83018797E-08,"muscle64":-2.27672942E-07,"muscle65":0,"muscle66":-5.52179507E-19,"muscle67":-3.4150947E-08,"muscle68":-5.69182426E-08,"muscle69":-1.51781947E-07,"muscle70":-7.58909806E-08,"muscle71":-3.41509363E-08,"muscle72":4.26886722E-08,"muscle73":-7.58909735E-08,"muscle74":-7.58909735E-08,"muscle75":-0.999850988,"muscle76":-1.99970484,"muscle77":-0.999851763,"muscle78":-0.537703037,"muscle79":0.42215991,"muscle80":-0.706811368,"muscle81":0.999852538,"muscle82":0.999851942,"muscle83":-0.999851882,"muscle84":-1.39979267,"muscle85":-1.99970627,"muscle86":0.999851942,"muscle87":-0.999851942,"muscle88":0.271508187,"muscle89":-1.9997046,"muscle90":0.999851227,"muscle91":-0.999852359,"muscle92":-0.113257922,"muscle93":-1.99970543,"muscle94":0.999852717,"duration":0},"strings":{}},{"property":"Muscles","index":3,"time":1.82323217,"ints":{},"floats":{"muscle0":2.24928734E-12,"muscle1":-2.84977662E-13,"muscle2":3.4604432E-13,"muscle3":-2.13454836E-08,"muscle4":1.62844388E-13,"muscle5":-6.31021982E-13,"muscle6":0,"muscle7":0,"muscle8":0,"muscle9":2.13433218E-08,"muscle10":6.10666438E-14,"muscle11":-1.5266661E-14,"muscle12":-8.53771382E-08,"muscle13":-2.84641686E-07,"muscle14":-1.1405907E-07,"muscle15":-0.324147046,"muscle16":-1.31784475E-06,"muscle17":-0.324148148,"muscle18":-2.77395998E-07,"muscle19":0,"muscle20":0,"muscle21":0.522006571,"muscle22":-0.0674847886,"muscle23":-0.308530331,"muscle24":0.930871308,"muscle25":0.238624588,"muscle26":0.0494389422,"muscle27":-0.0438277423,"muscle28":2.3772256E-07,"muscle29":0.522006273,"muscle30":-0.067485936,"muscle31":-0.308534801,"muscle32":0.930870712,"muscle33":0.238628194,"muscle34":0.0494430549,"muscle35":-0.0437808447,"muscle36":3.96204285E-07,"muscle37":-0.499999821,"muscle38":0.00360197015,"muscle39":-0.515924037,"muscle40":0.211086407,"muscle41":-0.0779902786,"muscle42":0.985978961,"muscle43":0.176828995,"muscle44":-0.0182135943,"muscle45":0.0217878371,"muscle46":-0.499999195,"muscle47":0.0036051874,"muscle48":0.321210235,"muscle49":-0.073248215,"muscle50":-0.387592494,"muscle51":-0.54629004,"muscle52":0.540562987,"muscle53":-0.363378882,"muscle54":-0.888971925,"muscle55":-1.36603785E-06,"muscle56":1.36603731E-07,"muscle57":2.95390468E-08,"muscle58":4.26886757E-08,"muscle59":-2.54444197E-16,"muscle60":1.70754674E-07,"muscle61":-7.58909735E-08,"muscle62":7.58909806E-08,"muscle63":6.83018797E-08,"muscle64":-2.27672942E-07,"muscle65":-5.31236765E-07,"muscle66":-5.52179507E-19,"muscle67":-3.4150947E-08,"muscle68":-5.69182426E-08,"muscle69":-1.51781947E-07,"muscle70":-7.58909806E-08,"muscle71":-3.41509363E-08,"muscle72":4.26886722E-08,"muscle73":-7.58909735E-08,"muscle74":-7.58909735E-08,"muscle75":-0.999850988,"muscle76":-1.99970484,"muscle77":-0.999851763,"muscle78":-0.537703097,"muscle79":0.42215991,"muscle80":-0.706811368,"muscle81":0.999852538,"muscle82":0.999851942,"muscle83":-0.999851882,"muscle84":-1.39979267,"muscle85":-1.99970627,"muscle86":0.999851942,"muscle87":-0.999851942,"muscle88":0.271508187,"muscle89":-1.9997046,"muscle90":0.999851227,"muscle91":-0.999852359,"muscle92":-0.113257922,"muscle93":-1.99970543,"muscle94":0.999852717,"duration":0},"strings":{}},{"property":"Muscles","index":4,"time":2.21717167,"ints":{},"floats":{"muscle0":2.24928734E-12,"muscle1":-2.84977662E-13,"muscle2":3.4604432E-13,"muscle3":-2.13454836E-08,"muscle4":1.62844388E-13,"muscle5":-6.31021982E-13,"muscle6":0,"muscle7":0,"muscle8":0,"muscle9":2.13434017E-08,"muscle10":5.90683237E-14,"muscle11":2.68220845E-07,"muscle12":1.92099336E-07,"muscle13":-8.75158833E-07,"muscle14":-2.39577332E-07,"muscle15":-0.324147046,"muscle16":-1.31784475E-06,"muscle17":-0.324148148,"muscle18":-2.77395998E-07,"muscle19":0,"muscle20":0,"muscle21":0.520544112,"muscle22":-0.0643803552,"muscle23":-0.236127913,"muscle24":0.92483896,"muscle25":0.190138057,"muscle26":0.0483718403,"muscle27":-0.0381957404,"muscle28":4.42761603E-07,"muscle29":0.520544529,"muscle30":-0.0643865019,