{"animTracks":[{"properties":["Right Hand Configuration","Left Hand Configuration","Muscles"],"keyFrames":[{"property":"Muscles","index":2,"time":10,"ints":{},"floats":{"muscle0":2.24928734E-12,"muscle1":-2.84977662E-13,"muscle2":3.4604432E-13,"muscle3":2.77475266E-07,"muscle4":8.14222618E-14,"muscle5":-6.92088639E-13,"muscle6":0,"muscle7":0,"muscle8":0,"muscle9":2.13434017E-08,"muscle10":5.90683237E-14,"muscle11":2.68220845E-07,"muscle12":4.26890097E-08,"muscle13":-6.0232361E-07,"muscle14":-4.77838569E-07,"muscle15":-0.324147463,"muscle16":-1.97231259E-07,"muscle17":-0.324148268,"muscle18":-1.58908722E-06,"muscle19":0,"muscle20":0,"muscle21":0.517752111,"muscle22":-0.0560436137,"muscle23":-0.0749584734,"muscle24":0.911225915,"muscle25":0.0819203034,"muscle26":0.0572390184,"muscle27":-0.0339372121,"muscle28":1.94607014E-06,"muscle29":0.517753243,"muscle30":-0.0560467839,"muscle31":-0.0749596506,"muscle32":0.9112252,"muscle33":0.0819216445,"muscle34":0.0572398081,"muscle35":-0.0338833518,"muscle36":3.96204285E-07,"muscle37":-0.499999702,"muscle38":0.00360017479,"muscle39":-0.553064406,"muscle40":0.119563632,"muscle41":-0.187805817,"muscle42":1.02266622,"muscle43":0.0254414938,"muscle44":-0.110531971,"muscle45":0.268099159,"muscle46":-0.499999672,"muscle47":0.00360631314,"muscle48":-0.236802906,"muscle49":-0.40966624,"muscle50":0.363144249,"muscle51":-0.112568952,"muscle52":0.367018431,"muscle53":0.0309401602,"muscle54":0.999689758,"muscle55":-1.59018099,"muscle56":0.638877273,"muscle57":0.0444437414,"muscle58":-0.111108847,"muscle59":-0.113409057,"muscle60":-0.964427948,"muscle61":0.878180444,"muscle62":0.999983311,"muscle63":-0.112636521,"muscle64":-1.09013247,"muscle65":0.699987054,"muscle66":0.999983311,"muscle67":-0.177436486,"muscle68":-0.797704577,"muscle69":0.678013742,"muscle70":0.999983311,"muscle71":-0.136822268,"muscle72":-1.39997482,"muscle73":0.610923886,"muscle74":0.999983132,"muscle75":-0.244697675,"muscle76":0.138891235,"muscle77":0.639980853,"muscle78":0.640030861,"muscle79":-0.999891341,"muscle80":-0.706903517,"muscle81":-1.99993432,"muscle82":0.999865234,"muscle83":-0.999999881,"muscle84":-1.39990127,"muscle85":-2.00000095,"muscle86":0.999999702,"muscle87":-1,"muscle88":0.271548212,"muscle89":-1.99999988,"muscle90":0.999999344,"muscle91":-1,"muscle92":-0.113193505,"muscle93":-2.00000095,"muscle94":1,"duration":0},"strings":{}},{"property":"Muscles","index":1,"time":9,"ints":{},"floats":{"muscle0":2.24928734E-12,"muscle1":-2.84977662E-13,"muscle2":3.4604432E-13,"muscle3":-2.13454836E-08,"muscle4":1.62844388E-13,"muscle5":-6.31021982E-13,"muscle6":0,"muscle7":0,"muscle8":0,"muscle9":2.13434017E-08,"muscle10":5.90683237E-14,"muscle11":2.68220845E-07,"muscle12":1.49410724E-07,"muscle13":-5.53970324E-07,"muscle14":-5.60139881E-07,"muscle15":-0.324147463,"muscle16":-1.97231259E-07,"muscle17":-0.324148953,"muscle18":-1.76044443E-06,"muscle19":0,"muscle20":0,"muscle21":0.51801914,"muscle22":-0.0570727028,"muscle23":-0.0929476395,"muscle24":0.912758648,"muscle25":0.0940729901,"muscle26":0.0574061908,"muscle27":-0.035760574,"muscle28":1.26265093E-06,"muscle29":0.518017292,"muscle30":-0.057075996,"muscle31":-0.0929487571,"muscle32":0.912757635,"muscle33":0.094074659,"muscle34":0.0574093089,"muscle35":-0.0357067548,"muscle36":3.96204285E-07,"muscle37":-0.499999702,"muscle38":0.00360017479,"muscle39":-0.768634617,"muscle40":0.330660343,"muscle41":0.32662949,"muscle42":0.39994207,"muscle43":-0.511553049,"muscle44":-0.110832222,"muscle45":0.267478168,"muscle46":-0.499998987,"muscle47":0.0036056363,"muscle48":-0.171570435,"muscle49":-0.395132154,"muscle50":0.445507169,"muscle51":-0.453709543,"muscle52":0.258532912,"muscle53":0.0892625153,"muscle54":0.358270466,"muscle55":-1.59018183,"muscle56":0.638877511,"muscle57":0.0444437414,"muscle58":-0.111108847,"muscle59":-0.113409057,"muscle60":-0.964427948,"muscle61":0.878180742,"muscle62":0.999983311,"muscle63":-0.112636521,"muscle64":-1.09013247,"muscle65":0.699987352,"muscle66":0.999983251,"muscle67":-0.177436486,"muscle68":-0.797704577,"muscle69":0.678013742,"muscle70":0.999983311,"muscle71":-0.136822268,"muscle72":-1.39997482,"muscle73":0.610923886,"muscle74":0.999983132,"muscle75":-1.83330286,"muscle76":-1.99996746,"muscle77":-0.0666657537,"muscle78":0.999983907,"muscle79":-0.999983549,"muscle80":-0.831347525,"muscle81":0.266662121,"muscle82":0.99998337,"muscle83":-0.999983668,"muscle84":-1.27679431,"muscle85":-1.46664011,"muscle86":-0.71998781,"muscle87":-0.999984145,"muscle88":0.271544009,"muscle89":-1.46664238,"muscle90":-0.799986541,"muscle91":-0.999983668,"muscle92":0.228944764,"muscle93":-1.59997284,"muscle94":-0.519991338,"duration":0},"strings":{}},{"property":"Left Hand Configuration","index":2,"time":10,"ints":{"hash":632193024},"floats":{"duration":0},"strings":{"name":"concha"}},{"property":"Left Hand Configuration","index":1,"time":9,"ints":{"hash":632193024},"floats":{"duration":0},"strings":{"name":"concha"}},{"property":"Right Hand Configuration","index":2,"time":10,"ints":{"hash":60113920},"floats":{"duration":0},"strings":{"name":"B"}},{"property":"Right Hand Configuration","index":1,"time":9,"ints":{"hash":60113920},"floats":{"duration":0},"strings":{"name":"bico de p\u00E1ssaro"}}]}],"version":2,"globalSpeed":3.65714264,"globalRepetitions":1}
