{"animTracks":[{"properties":["Right Hand Configuration","Left Hand Configuration","Muscles"],"keyFrames":[{"property":"Muscles","index":2,"time":4.00505114,"ints":{},"floats":{"muscle0":2.24928734E-12,"muscle1":-2.84977662E-13,"muscle2":3.4604432E-13,"muscle3":-2.13454836E-08,"muscle4":1.62844388E-13,"muscle5":-6.31021982E-13,"muscle6":0,"muscle7":0,"muscle8":0,"muscle9":2.13434017E-08,"muscle10":5.90683237E-14,"muscle11":2.68220845E-07,"muscle12":2.7320757E-06,"muscle13":1.12662769E-06,"muscle14":-1.04163945E-07,"muscle15":-0.324147463,"muscle16":-1.97231259E-07,"muscle17":-0.324148148,"muscle18":-2.77395998E-07,"muscle19":0,"muscle20":0,"muscle21":0.517551839,"muscle22":-0.0552110635,"muscle23":-0.0606911369,"muscle24":0.91000694,"muscle25":0.0729983076,"muscle26":-0.0118216807,"muscle27":0.0367315225,"muscle28":2.01463877E-06,"muscle29":0.517550528,"muscle30":-0.055216901,"muscle31":-0.0606941618,"muscle32":0.910006881,"muscle33":0.072997503,"muscle34":-0.0117654018,"muscle35":0.0367353931,"muscle36":1.91298639E-07,"muscle37":-0.499999821,"muscle38":0.00360197015,"muscle39":-0.660270691,"muscle40":0.286984682,"muscle41":0.814256489,"muscle42":0.0823471844,"muscle43":0.195576787,"muscle44":-0.0175353233,"muscle45":0.0216817036,"muscle46":-0.499996305,"muscle47":0.00360540044,"muscle48":-0.377119064,"muscle49":0.0116436295,"muscle50":-0.586452723,"muscle51":0.0435704291,"muscle52":0.996491551,"muscle53":0.00255879527,"muscle54":0.0836408138,"muscle55":-0.999994814,"muscle56":-1.99999881,"muscle57":-0.999998808,"muscle58":-0.537782431,"muscle59":0.422222346,"muscle60":-0.706916511,"muscle61":0.999999344,"muscle62":0.999999404,"muscle63":-1,"muscle64":-1.39999878,"muscle65":-2,"muscle66":0.999999464,"muscle67":-0.999999225,"muscle68":-0.113270693,"muscle69":-2,"muscle70":0.99999994,"muscle71":-0.99999994,"muscle72":0.27154842,"muscle73":-2.00000072,"muscle74":0.999998808,"muscle75":-0.999999166,"muscle76":-1.99999976,"muscle77":-0.999999464,"muscle78":-0.537781775,"muscle79":0.422222316,"muscle80":-0.706916392,"muscle81":0.999999344,"muscle82":0.999999762,"muscle83":-0.999999583,"muscle84":-1.3999989,"muscle85":-2.00000095,"muscle86":0.99999994,"muscle87":-1,"muscle88":0.271548212,"muscle89":-2.00000095,"muscle90":0.999998808,"muscle91":-1,"muscle92":-0.113273993,"muscle93":-2.00000095,"muscle94":1,"duration":0},"strings":{}},{"property":"Muscles","index":3,"time":5.01010132,"ints":{},"floats":{"muscle0":2.24928734E-12,"muscle1":-2.84977662E-13,"muscle2":3.4604432E-13,"muscle3":-2.13454836E-08,"muscle4":1.62844388E-13,"muscle5":-6.31021982E-13,"muscle6":0,"muscle7":0,"muscle8":0,"muscle9":2.13434017E-08,"muscle10":5.90683237E-14,"muscle11":2.68220845E-07,"muscle12":2.74274794E-06,"muscle13":9.07909111E-07,"muscle14":-3.33871313E-08,"muscle15":-0.324147463,"muscle16":-1.97231259E-07,"muscle17":-0.324148148,"muscle18":-2.77395998E-07,"muscle19":0,"muscle20":0,"muscle21":0.517398357,"muscle22":-0.0545342565,"muscle23":-0.0492951386,"muscle24":0.909032047,"muscle25":0.0653022006,"muscle26":0.0366438068,"muscle27":-0.0106196897,"muscle28":2.01463877E-06,"muscle29":0.517397463,"muscle30":-0.0545400977,"muscle31":-0.0492965877,"muscle32":0.909032464,"muscle33":0.0653007179,"muscle34":0.0366485454,"muscle35":-0.0105618313,"muscle36":3.96204285E-07,"muscle37":-0.499999821,"muscle38":0.00360197015,"muscle39":-0.68440938,"muscle40":0.325765699,"muscle41":0.862198591,"muscle42":-0.247013837,"muscle43":0.195200294,"muscle44":-0.01749615,"muscle45":0.0216568168,"muscle46":-0.499996305,"muscle47":0.00360540044,"muscle48":-0.325507998,"muscle49":-0.0182019714,"muscle50":-0.500068247,"muscle51":-0.289921761,"muscle52":0.997151434,"muscle53":0.00255776756,"muscle54":0.0840854719,"muscle55":-0.999994814,"muscle56":-1.99999881,"muscle57":-0.999998808,"muscle58":-0.537782431,"muscle59":0.422222346,"muscle60":-0.706916511,"muscle61":0.999999344,"muscle62":0.999999404,"muscle63":-1,"muscle64":-1.39999878,"muscle65":-2,"muscle66":0.999999464,"muscle67":-0.99999994,"muscle68":0.27154842,"muscle69":-2.00000095,"muscle70":0.999998689,"muscle71":-0.999998748,"muscle72":-0.113270782,"muscle73":-1.99999964,"muscle74":1,"muscle75":-0.999999166,"muscle76":-1.99999976,"muscle77":-0.999999464,"muscle78":-0.537781775,"muscle79":0.422222316,"muscle80":-0.706916392,"muscle81":0.999999344,"muscle82":0.999999762,"muscle83":-0.999999583,"muscle84":-1.3999989,"muscle85":-2.00000095,"muscle86":0.99999994,"muscle87":-1,"muscle88":0.271548212,"muscle89":-2.00000095,"muscle90":0.999998808,"muscle91":-1,"muscle92":-0.113273993,"muscle93":-2.00000095,"muscle94":1,"duration":0},"strings":{}},{"property":"Muscles","index":1,"time":3.00505066,"ints":{},"floats":{"muscle0":2.20384518E-12,"muscle1":-5.36441974E-07,"muscle2":1.42488831E-13,"muscle3":2.77475266E-07,"muscle4":8.14222618E-14,"muscle5":-6.92088639E-13,"muscle6":0,"muscle7":0,"muscle8":0,"muscle9":-5.33609466E-07,"muscle10":-3.14621647E-14,"muscle11":2.68220447E-07,"muscle12":2.70005899E-06,"muscle13":1.27168846E-06,"muscle14":-3.51068877E-07,"muscle15":-0.324148268,"muscle16":-4.55957938E-08,"muscle17":-0.324148148,"muscle18":-2.77395998E-07,"muscle19":0,"muscle20":0,"muscle21":0.517752171,"muscle22":-0.0560442694,"muscle23":-0.0749574378,"muscle24":0.911224842,"muscle25":0.0819508731,"muscle26":0.0352113545,"muscle27":-0.0118515305,"muscle28":2.01463877E-06,"muscle29":0.517750144,"muscle30":-0.0560512133,"muscle31":-0.0749595016,"muscle32":0.911224425,"muscle33":0.0819541216,"muscle34":0.0352177322,"muscle35":-0.0117945019,"muscle36":9.43019529E-07,"muscle37":-0.499999821,"muscle38":0.00360197015,"muscle39":-0.706456959,"muscle40":0.337716043,"muscle41":0.854807794,"muscle42":-0.30874154,"muscle43":0.195426509,"muscle44":-0.0176757313,"muscle45":0.0217695832,"muscle46":-0.499997169,"muscle47":0.00360632851,"muscle48":-0.281809509,"muscle49":-0.00814849976,"muscle50":-0.521550059,"muscle51":-0.267905653,"muscle52":0.996690452,"muscle53":0.00255742995,"muscle54":0.0835758746,"muscle55":-0.999995589,"muscle56":-1.99999893,"muscle57":-0.999998808,"muscle58":-0.537782431,"muscle59":0.422222346,"muscle60":-0.706916511,"muscle61":0.999999344,"muscle62":0.999999404,"muscle63":-1,"muscle64":-1.39999878,"muscle65":-2,"muscle66":0.999999702,"muscle67":-0.99999994,"muscle68":0.27154842,"muscle69":-2.00000095,"muscle70":0.999998868,"muscle71":-0.999999523,"muscle72":-0.113273941,"muscle73":-1.99999964,"muscle74":1,"muscle75":-0.999999166,"muscle76":-1.99999976,"muscle77":-0.999999464,"muscle78":-0.537781775,"muscle79":0.422222316,"muscle80":-0.706916392,"muscle81":0.999999344,"muscle82":0.999999762,"muscle83":-1,"muscle84":-1.39999866,"muscle85":-2.00000095,"muscle86":0.99999994,"muscle87":-1,"muscle88":0.271548212,"muscle89":-2.00000072,"muscle90":0.999998808,"muscle91":-1,"muscle92":-0.113273993,"muscle93":-2.00000095,"muscle94":1,"duration":0},"strings":{}},{"property":"Muscles","index":5,"time":2.00504923,"ints":{},"floats":{"muscle0":2.77478591E-07,"muscle1":-5.36441974E-07,"muscle2":-7.93866383E-13,"muscle3":2.77475266E-07,"muscle4":8.14222618E-14,"muscle5":-6.92088639E-13,"muscle6":0,"muscle7":0,"muscle8":0,"muscle9":-5.33609466E-07,"muscle10":-3.14621647E-14,"muscle11":2.68220447E-07,"muscle12":2.52930408E-06,"muscle13":1.50769495E-06,"muscle14":-6.77393984E-07,"muscle15":-0.324147195,"muscle16":-4.55958755E-08,"muscle17":-0.324148268,"muscle18":-1.58908722E-06,"muscle19":0,"muscle20":0,"muscle21":0.518017948,"muscle22":-0.0570735335,"muscle23":-0.0929472744,"muscle24":0.912757933,"muscle25":0.0940594897,"muscle26":0.0353660882,"muscle27":-0.0136883259,"muscle28":2.01463877E-06,"muscle29":0.518017232,"muscle30":-0.0570803098,"muscle31":-0.0929479972,"muscle32":0.912757456,"muscle33":0.094061628,"muscle34":0.0353711918,"muscle35":-0.0136305057,"muscle36":9.43019529E-07,"muscle37":-0.499999821,"muscle38":0.00360197015,"muscle39":-0.695717871,"muscle40":0.297173172,"muscle41":0.801496744,"muscle42":0.042012088,"muscle43":0.193803579,