{"animTracks":[{"properties":["Right Hand Configuration","Left Hand Configuration","Muscles"],"loops":false,"keyFrames":[{"property":"Muscles","index":1,"time":1,"ints":{},"floats":{"muscle0":2.77478591E-07,"muscle1":-5.36441974E-07,"muscle2":-7.93866383E-13,"muscle3":-2.13454836E-08,"muscle4":1.62844388E-13,"muscle5":-6.31021982E-13,"muscle6":0,"muscle7":0,"muscle8":0,"muscle9":2.13434017E-08,"muscle10":5.90683237E-14,"muscle11":2.68220845E-07,"muscle12":2.34787919E-07,"muscle13":5.78708523E-07,"muscle14":-2.2680203E-07,"muscle15":-0.324147046,"muscle16":-1.31784475E-06,"muscle17":-0.324148148,"muscle18":-2.77395998E-07,"muscle19":0,"muscle20":0,"muscle21":0.527684152,"muscle22":-0.0759823099,"muscle23":-0.588656127,"muscle24":0.953825772,"muscle25":0.425628841,"muscle26":0.042562589,"muscle27":-0.0481424928,"muscle28":4.42761603E-07,"muscle29":0.527683556,"muscle30":-0.0759852156,"muscle31":-0.588660777,"muscle32":0.953825891,"muscle33":0.425632775,"muscle34":0.0425663367,"muscle35":-0.0480918102,"muscle36":3.96204285E-07,"muscle37":-0.499999821,"muscle38":0.00360197015,"muscle39":-0.592860341,"muscle40":0.119365297,"muscle41":0.0451187566,"muscle42":-0.147905976,"muscle43":-0.0638184324,"muscle44":-0.055811435,"muscle45":0.0397534296,"muscle46":-0.499999195,"muscle47":0.0036051874,"muscle48":-0.604415715,"muscle49":0.106438421,"muscle50":0.0242055189,"muscle51":-0.279990554,"muscle52":-0.703773558,"muscle53":-0.254291892,"muscle54":-0.0495548695,"muscle55":-0.166642517,"muscle56":-1.99970472,"muscle57":-0.337733448,"muscle58":-0.426608771,"muscle59":-0.511035442,"muscle60":-0.722366095,"muscle61":-0.499926031,"muscle62":-0.499925554,"muscle63":-0.599912524,"muscle64":-0.462152481,"muscle65":-0.533254504,"muscle66":-0.533254504,"muscle67":-0.111095518,"muscle68":-0.748718202,"muscle69":-0.0999851003,"muscle70":-0.0999856442,"muscle71":-0.377721548,"muscle72":-1.29980719,"muscle73":-0.233298689,"muscle74":-0.233298853,"muscle75":-5.70761394E-08,"muscle76":0.338888228,"muscle77":-0.199999943,"muscle78":1.00000012,"muscle79":0.642144799,"muscle80":-0.964444101,"muscle81":0.844861925,"muscle82":0.844862521,"muscle83":0.665139377,"muscle84":-1.09014976,"muscle85":0.833332598,"muscle86":0.83333236,"muscle87":0.640952885,"muscle88":-1.39999855,"muscle89":0.810934067,"muscle90":0.810933769,"muscle91":0.71144861,"muscle92":-0.704384565,"muscle93":0.811357379,"muscle94":0.811357796},"strings":{}},{"property":"Muscles","index":2,"time":2,"ints":{},"floats":{"muscle0":2.24928734E-12,"muscle1":-2.84977662E-13,"muscle2":3.4604432E-13,"muscle3":-2.13454836E-08,"muscle4":1.62844388E-13,"muscle5":-6.31021982E-13,"muscle6":0,"muscle7":0,"muscle8":0,"muscle9":2.13433218E-08,"muscle10":6.10666438E-14,"muscle11":-1.5266661E-14,"muscle12":2.66804477E-07,"muscle13":4.45636879E-08,"muscle14":7.93555159E-08,"muscle15":-0.324147046,"muscle16":-1.31784475E-06,"muscle17":-0.324148148,"muscle18":-2.77395998E-07,"muscle19":0,"muscle20":0,"muscle21":0.524232745,"muscle22":-0.0713518113,"muscle23":-0.415073037,"muscle24":0.939663887,"muscle25":0.309864551,"muscle26":-0.0509062633,"muscle27":0.0511484519,"muscle28":2.3772256E-07,"muscle29":0.524232268,"muscle30":-0.0713548288,"muscle31":-0.415080249,"muscle32":0.939663708,"muscle33":0.309870332,"muscle34":-0.050856255,"muscle35":0.0511512384,"muscle36":3.96204285E-07,"muscle37":-0.500000656,"muscle38":0.00360196223,"muscle39":-0.59281075,"muscle40":0.119377159,"muscle41":0.0450482778,"muscle42":-0.147733852,"muscle43":-0.0637323707,"muscle44":-0.0557775684,"muscle45":0.0397559851,"muscle46":-0.499998987,"muscle47":0.0036056363,"muscle48":-0.60362798,"muscle49":0.106370635,"muscle50":0.0237560496,"muscle51":-0.279906571,"muscle52":-0.703288317,"muscle53":0.0928577781,"muscle54":-0.0492875651,"muscle55":-0.166667268,"muscle56":-1.99999988,"muscle57":-0.337783396,"muscle58":-0.426671505,"muscle59":-0.511110961,"muscle60":-0.72247231,"muscle61":-0.499999881,"muscle62":-0.500000179,"muscle63":-0.600000441,"muscle64":-0.462221175,"muscle65":-0.533333302,"muscle66":-0.533333361,"muscle67":-0.111138336,"muscle68":-0.748884082,"muscle69":-0.100013211,"muscle70":-0.100013196,"muscle71":-0.377751052,"muscle72":-1.29994452,"muscle73":-0.233319506,"muscle74":-0.23331973,"muscle75":-1.10990719E-07,"muscle76":0.338837177,"muscle77":-0.199970424,"muscle78":0.999852479,"muscle79":0.642049909,"muscle80":-0.964301348,"muscle81":0.844737351,"muscle82":0.844737589,"muscle83":0.665041089,"muscle84":-1.08998942,"muscle85":0.833209515,"muscle86":0.833209217,"muscle87":0.640858114,"muscle88":-1.39979243,"muscle89":0.810814381,"muscle90":0.810814083,"muscle91":0.711343646,"muscle92":-0.704280436,"muscle93":0.811237335,"muscle94":0.811237454,"duration":0},"strings":{}},{"property":"Muscles","index":3,"time":3,"ints":{},"floats":{"muscle0":2.77478591E-07,"muscle1":-5.36441974E-07,"muscle2":-7.93866383E-13,"muscle3":-2.13454836E-08,"muscle4":1.62844388E-13,"muscle5":-6.31021982E-13,"muscle6":0,"muscle7":0,"muscle8":0,"muscle9":2.13434017E-08,"muscle10":5.90683237E-14,"muscle11":2.68220845E-07,"muscle12":2.56132125E-07,"muscle13":7.77885077E-07,"muscle14":-6.41190411E-07,"muscle15":-0.324147046,"muscle16":-1.31784475E-06,"muscle17":-0.324148268,"muscle18":-1.58908722E-06,"muscle19":0,"muscle20":0,"muscle21":0.524228334,"muscle22":-0.0713481158,"muscle23":-0.415076256,"muscle24":0.939663708,"muscle25":0.309825629,"muscle26":0.0397919007,"muscle27":-0.0395702049,"muscle28":1.12591374E-06,"muscle29":0.524227262,"muscle30":-0.0713506192,"muscle31":-0.415078193,"muscle32":0.93966341,"muscle33":0.309827775,"muscle34":0.0397955067,"muscle35":-0.0395203531,"muscle36":3.96204285E-07,"muscle37":-0.500000656,"muscle38":0.00360196223,"muscle39":-0.592822313,"muscle40":0.119364887,"muscle41":0.0450935289,"muscle42":-0.147902325,"muscle43":-0.0637945235,"muscle44":-0.0557840727,"muscle45":0.0397557132,"muscle46":-0.499999195,"muscle47":0.0036051874,"muscle48":-0.604245782,"muscle49":0.106419742,"muscle50":0.0241258405,"muscle51":-0.279973358,"muscle52":-0.703667104,"muscle53":-0.254245818,"muscle54":-0.0493433215,"muscle55":-0.166642517,"muscle56":-1.99970472,"muscle57":-0.337733448,"muscle58":-0.426608771,"muscle59":-0.511035442,"muscle60":-0.722366095,"muscle61":-0.499925584,"muscle62":-0.499925554,"muscle63":-0.599912524,"muscle64":-0.462152481,"muscle65":-0.533254504,"muscle66":-0.533254504,"muscle67":-0.111095518,"muscle68":-0.748718202,"muscle69":-0.0999851003,"muscle70":-0.0999856442,"muscle71":-0.377721518,"muscle72":-1.29980707,"muscle73":-0.233298689,"muscle74":-0.233298853,"muscle75":-5.70761394E-08,"muscle76":0.338888228,"muscle77":-0.199999943,"muscle78":1.00000012,"muscle79":0.642144799,"muscle80":-0.964444101,"muscle81":0.844861925,"muscle82":0.844862521,"muscle83":0.665139377,"muscle84":-1.09014976,"muscle85":0.833332479,"muscle86":0.83333236,"muscle87":0.640952885,"muscle88":-1.39999843,"muscle89":0.810934067,"muscle90":0.810933769,"muscle91":0.71144861,"muscle92":-0.704384565,"muscle93":0.811357141,"muscle94":0.811357796,"duration":0},"strings":{}},{"property":"Muscles","index":4,"time":4,"ints":{},"floats":{"muscle0":2.24928734E-12,"muscle1":-2.84977662E-13,"muscle2":3.4604432E-13,"muscle3":-2.13454836E-08,"muscle4":1.62844388E-13,"muscle5":-6.31021982E-13,"muscle6":0,"muscle7":0,"muscle8":0,"muscle9":2.13433218E-08,"muscle10":6.10666438E-14,"muscle11":-1.5266661E-14,"muscle12":4.16214874E-07,"muscle13":-1.6839337E-07,"muscle14":6.49501928E-08,"muscle15":-0.324147046,"muscle16":-1.31784475E-06,"muscle17":-0.324148148,"muscle18":-2.77395998E-07,"muscle19":0,"muscle20":0,"muscle21":0.52200371,"muscle22":-0.0674873516,"muscle23":-0.308527738,"muscle24":0.930871427,"muscle25":0.238681883,"muscle26":-0.052595403,"muscle27":0.0582415685,"muscle28":8.5270625E-07,"muscle29":0.522003651,"muscle30":-0.067489773,"muscle31":-0.308532655,"muscle32":0.930871248,"muscle33":0.238686025,"muscle34":-0.0525457561,"muscle35":0.0582442842,"muscle36":3.96204285E-07,