{"animTracks":[{"properties":["Right Hand Configuration","Left Hand Configuration","Muscles"],"loops":false,"keyFrames":[{"property":"Muscles","index":1,"time":1,"ints":{},"floats":{"muscle0":2.77478591E-07,"muscle1":-5.36441974E-07,"muscle2":-7.93866383E-13,"muscle3":-2.13454836E-08,"muscle4":1.62844388E-13,"muscle5":-6.31021982E-13,"muscle6":0,"muscle7":0,"muscle8":0,"muscle9":2.13434017E-08,"muscle10":5.90683237E-14,"muscle11":2.68220845E-07,"muscle12":2.34787919E-07,"muscle13":5.78708523E-07,"muscle14":-2.2680203E-07,"muscle15":-0.324147046,"muscle16":-1.31784475E-06,"muscle17":-0.324148148,"muscle18":-2.77395998E-07,"muscle19":0,"muscle20":0,"muscle21":0.527684152,"muscle22":-0.0759823099,"muscle23":-0.588656127,"muscle24":0.953825772,"muscle25":0.425628841,"muscle26":0.042562589,"muscle27":-0.0481424928,"muscle28":4.42761603E-07,"muscle29":0.527683556,"muscle30":-0.0759852156,"muscle31":-0.588660777,"muscle32":0.953825891,"muscle33":0.425632775,"muscle34":0.0425663367,"muscle35":-0.0480918102,"muscle36":3.96204285E-07,"muscle37":-0.499999821,"muscle38":0.00360197015,"muscle39":-0.512595832,"muscle40":0.210587695,"muscle41":-0.16981034,"muscle42":0.992770672,"muscle43":0.268193841,"muscle44":-0.015839668,"muscle45":0.0202495288,"muscle46":-0.499999195,"muscle47":0.0036051874,"muscle48":0.0848451033,"muscle49":-0.189427763,"muscle50":0.633847475,"muscle51":-0.658336401,"muscle52":-0.352891684,"muscle53":-0.0158378035,"muscle54":0.162611708,"muscle55":-1.36603785E-06,"muscle56":1.36603731E-07,"muscle57":2.95390468E-08,"muscle58":4.26886757E-08,"muscle59":-2.54444197E-16,"muscle60":1.70754674E-07,"muscle61":-6.07127845E-07,"muscle62":7.58909806E-08,"muscle63":6.83018797E-08,"muscle64":-2.27672942E-07,"muscle65":0,"muscle66":-5.52179507E-19,"muscle67":-3.4150947E-08,"muscle68":-5.69182426E-08,"muscle69":-1.51781947E-07,"muscle70":-7.58909806E-08,"muscle71":-3.41509363E-08,"muscle72":4.26886722E-08,"muscle73":-7.58909735E-08,"muscle74":-7.58909735E-08,"muscle75":-0.999999166,"muscle76":-1.99999976,"muscle77":-0.999999464,"muscle78":-0.537782371,"muscle79":0.422222316,"muscle80":-0.706916392,"muscle81":0.999999821,"muscle82":0.999999762,"muscle83":-0.999999583,"muscle84":-1.3999989,"muscle85":-2.00000095,"muscle86":0.999999702,"muscle87":-1,"muscle88":0.271548212,"muscle89":-1.99999988,"muscle90":0.999998868,"muscle91":-1,"muscle92":-0.113273993,"muscle93":-2.00000024,"muscle94":1},"strings":{}},{"property":"Muscles","index":2,"time":1.52020192,"ints":{},"floats":{"muscle0":2.24928734E-12,"muscle1":-2.84977662E-13,"muscle2":3.4604432E-13,"muscle3":-2.13454836E-08,"muscle4":1.62844388E-13,"muscle5":-6.31021982E-13,"muscle6":0,"muscle7":0,"muscle8":0,"muscle9":2.13433218E-08,"muscle10":6.10666438E-14,"muscle11":-1.5266661E-14,"muscle12":1.49410596E-07,"muscle13":-1.93697389E-07,"muscle14":-1.93479281E-07,"muscle15":-0.324147046,"muscle16":-1.31784475E-06,"muscle17":-0.324148268,"muscle18":-1.58908722E-06,"muscle19":0,"muscle20":0,"muscle21":0.524232745,"muscle22":-0.0713522062,"muscle23":-0.415074736,"muscle24":0.939663887,"muscle25":0.309865862,"muscle26":-0.0509060733,"muscle27":0.0511482619,"muscle28":2.3772256E-07,"muscle29":0.524231791,"muscle30":-0.0713549629,"muscle31":-0.415077776,"muscle32":0.93966341,"muscle33":0.309868544,"muscle34":-0.050856106,"muscle35":0.0511516407,"muscle36":3.96204285E-07,"muscle37":-0.500000656,"muscle38":0.00360196223,"muscle39":-0.514530599,"muscle40":0.210908458,"muscle41":-0.113972992,"muscle42":0.988652825,"muscle43":0.212618038,"muscle44":-0.0172190629,"muscle45":0.0212146696,"muscle46":-0.499998987,"muscle47":0.0036056363,"muscle48":0.0220796615,"muscle49":0.0845484808,"muscle50":0.59630698,"muscle51":-0.710145235,"muscle52":-0.343235731,"muscle53":-0.0154258823,"muscle54":-0.232023671,"muscle55":-1.36603785E-06,"muscle56":1.36603731E-07,"muscle57":2.95390468E-08,"muscle58":4.26886757E-08,"muscle59":-2.54444197E-16,"muscle60":1.70754674E-07,"muscle61":-7.58909735E-08,"muscle62":7.58909806E-08,"muscle63":2.7320749E-07,"muscle64":3.39258994E-15,"muscle65":0,"muscle66":-5.52179507E-19,"muscle67":-3.4150947E-08,"muscle68":-5.69182426E-08,"muscle69":-1.51781947E-07,"muscle70":-7.58909806E-08,"muscle71":-3.41509363E-08,"muscle72":4.26886722E-08,"muscle73":-5.31236765E-07,"muscle74":-7.58909735E-08,"muscle75":-0.999850988,"muscle76":-1.99970484,"muscle77":-0.999851763,"muscle78":-0.537703037,"muscle79":0.422159702,"muscle80":-0.706811428,"muscle81":0.999852538,"muscle82":0.999851942,"muscle83":-0.999851882,"muscle84":-1.39979267,"muscle85":-1.99970627,"muscle86":0.999851942,"muscle87":-0.999851763,"muscle88":0.271506578,"muscle89":-1.9997046,"muscle90":0.999851227,"muscle91":-0.999851942,"muscle92":-0.11325793,"muscle93":-1.99970543,"muscle94":0.999852717,"duration":0},"strings":{}},{"property":"Muscles","index":3,"time":2.00505042,"ints":{},"floats":{"muscle0":2.24928734E-12,"muscle1":-2.84977662E-13,"muscle2":3.4604432E-13,"muscle3":-2.13454836E-08,"muscle4":1.62844388E-13,"muscle5":-6.31021982E-13,"muscle6":0,"muscle7":0,"muscle8":0,"muscle9":2.13433218E-08,"muscle10":6.10666438E-14,"muscle11":-1.5266661E-14,"muscle12":2.4546037E-07,"muscle13":-8.03756166E-07,"muscle14":-6.62609182E-07,"muscle15":-0.324147046,"muscle16":-1.31784475E-06,"muscle17":-0.324148953,"muscle18":-1.76044443E-06,"muscle19":0,"muscle20":0,"muscle21":0.522006452,"muscle22":-0.0674849972,"muscle23":-0.308529019,"muscle24":0.930871248,"muscle25":0.238681972,"muscle26":-0.0525982268,"muscle27":0.0582363494,"muscle28":8.5270625E-07,"muscle29":0.522005737,"muscle30":-0.0674878433,"muscle31":-0.308533669,"muscle32":0.930870652,"muscle33":0.238685533,"muscle34":-0.0525493324,"muscle35":0.0582404584,"muscle36":3.96204285E-07,"muscle37":-0.500002503,"muscle38":0.00360196247,"muscle39":-0.515921175,"muscle40":0.211086392,"muscle41":-0.0779901296,"muscle42":0.985978663,"muscle43":0.176828906,"muscle44":-0.0182150826,"muscle45":0.0217884649,"muscle46":-0.499997497,"muscle47":0.00360539299,"muscle48":-0.0469993763,"muscle49":0.125004232,"muscle50":0.589402437,"muscle51":-0.71160084,"muscle52":-0.336571187,"muscle53":-0.015193983,"muscle54":0.541210294,"muscle55":-1.36603785E-06,"muscle56":1.36603731E-07,"muscle57":2.95390468E-08,"muscle58":4.26886757E-08,"muscle59":-2.54444197E-16,"muscle60":1.70754674E-07,"muscle61":-7.58909735E-08,"muscle62":7.58909806E-08,"muscle63":2.7320749E-07,"muscle64":3.39258994E-15,"muscle65":0,"muscle66":-5.52179507E-19,"muscle67":-3.4150947E-08,"muscle68":-5.69182426E-08,"muscle69":-1.51781947E-07,"muscle70":-7.58909806E-08,"muscle71":-3.41509363E-08,"muscle72":4.26886722E-08,"muscle73":-5.31236765E-07,"muscle74":-7.58909735E-08,"muscle75":-0.99985069,"muscle76":-1.99970496,"muscle77":-0.999851763,"muscle78":-0.537703037,"muscle79":0.422159702,"muscle80":-0.706811428,"muscle81":0.999852538,"muscle82":0.999851942,"muscle83":-0.999851882,"muscle84":-1.39979267,"muscle85":-1.99970627,"muscle86":0.999851942,"muscle87":-0.999851763,"muscle88":0.271506578,"muscle89":-1.9997046,"muscle90":0.999851227,"muscle91":-0.999851942,"muscle92":-0.11325793,"muscle93":-1.99970543,"muscle94":0.999852717,"duration":0},"strings":{}},{"property":"Muscles","index":4,"time":2.5151515,"ints":{},"floats":{"muscle0":1.70762482E-12,"muscle1":-1.22132962E-13,"muscle2":-5.36441632E-07,"muscle3":-2.13454836E-08,"muscle4":1.62844388E-13,"muscle5":-6.31021982E-13,"muscle6":0,"muscle7":0,"muscle8":0,"muscle9":2.13433218E-08,"muscle10":6.10666438E-14,"muscle11":-1.5266661E-14,"muscle12":-2.13441655E-08,"muscle13":-3.87111243E-07,"muscle14":1.35726978E-07,"muscle15":-0.324147046,"muscle16":-1.31784475E-06,"muscle17":-0.324148268,"muscle18":-1.58908722E-06,"muscle19":0,"muscle20":0,"muscle21":0.520546079,"muscle22":-0.0643823221,"muscle23":-0.23612842,"muscle24":0.924839258,"muscle25":0.190180123,"muscle26":0.0571613871,"muscle27":-0.0469688959,"muscle28":4.42761603E-07,"muscle29":0.520544887,"muscle30":-0.0643848181,"muscle31":-0.23613067,"muscle32":0.924838543,