{"animTracks":[{"properties":["Right Hand Configuration","Left Hand Configuration","Muscles"],"loops":false,"keyFrames":[{"property":"Muscles","index":1,"time":1,"ints":{},"floats":{"muscle0":2.77478591E-07,"muscle1":-5.36441974E-07,"muscle2":-7.93866383E-13,"muscle3":-2.13454836E-08,"muscle4":1.62844388E-13,"muscle5":-6.31021982E-13,"muscle6":0,"muscle7":0,"muscle8":0,"muscle9":2.13434017E-08,"muscle10":5.90683237E-14,"muscle11":2.68220845E-07,"muscle12":2.34787919E-07,"muscle13":5.78708523E-07,"muscle14":-2.2680203E-07,"muscle15":-0.324147046,"muscle16":-1.31784475E-06,"muscle17":-0.324148148,"muscle18":-2.77395998E-07,"muscle19":0,"muscle20":0,"muscle21":0.527684152,"muscle22":-0.0759823099,"muscle23":-0.588656127,"muscle24":0.953825772,"muscle25":0.425628841,"muscle26":0.042562589,"muscle27":-0.0481424928,"muscle28":4.42761603E-07,"muscle29":0.527683556,"muscle30":-0.0759852156,"muscle31":-0.588660777,"muscle32":0.953825891,"muscle33":0.425632775,"muscle34":0.0425663367,"muscle35":-0.0480918102,"muscle36":3.96204285E-07,"muscle37":-0.499999821,"muscle38":0.00360197015,"muscle39":-0.244234324,"muscle40":-0.359390467,"muscle41":0.189949036,"muscle42":0.424787194,"muscle43":-0.501984179,"muscle44":-0.0854431912,"muscle45":0.0202495288,"muscle46":-0.499999195,"muscle47":0.0036051874,"muscle48":-0.274689943,"muscle49":-0.368182272,"muscle50":0.208792403,"muscle51":0.41023013,"muscle52":-0.610468566,"muscle53":-0.0829795524,"muscle54":0.116086975,"muscle55":-0.999998808,"muscle56":-1.99999893,"muscle57":-0.999999225,"muscle58":-0.537782431,"muscle59":0.422222346,"muscle60":-0.706916511,"muscle61":0.999999642,"muscle62":0.999999702,"muscle63":-1,"muscle64":-1.39999866,"muscle65":-2.00000072,"muscle66":0.999999702,"muscle67":-0.99999994,"muscle68":0.27154842,"muscle69":-2,"muscle70":0.999999404,"muscle71":-0.999999523,"muscle72":-0.113273941,"muscle73":-1.99999964,"muscle74":1,"muscle75":-0.999997854,"muscle76":-1.99999976,"muscle77":-0.999999464,"muscle78":-0.537782371,"muscle79":0.422222316,"muscle80":-0.706916392,"muscle81":0.999999344,"muscle82":0.99999994,"muscle83":-1,"muscle84":-1.39999866,"muscle85":-2.00000095,"muscle86":0.99999994,"muscle87":-1,"muscle88":0.271548212,"muscle89":-2.00000072,"muscle90":0.999998808,"muscle91":-1,"muscle92":-0.113273993,"muscle93":-2.00000095,"muscle94":0.999999702},"strings":{}},{"property":"Muscles","index":2,"time":2,"ints":{},"floats":{"muscle0":2.20384518E-12,"muscle1":-5.36441974E-07,"muscle2":1.42488831E-13,"muscle3":2.77475266E-07,"muscle4":8.14222618E-14,"muscle5":-6.92088639E-13,"muscle6":0,"muscle7":0,"muscle8":0,"muscle9":2.13434017E-08,"muscle10":5.90683237E-14,"muscle11":2.68220845E-07,"muscle12":3.09493004E-07,"muscle13":1.02190813E-06,"muscle14":-4.53538519E-07,"muscle15":-0.324147046,"muscle16":-1.31784475E-06,"muscle17":-0.324148268,"muscle18":-1.58908722E-06,"muscle19":0,"muscle20":0,"muscle21":0.524234116,"muscle22":-0.0713528469,"muscle23":-0.415074915,"muscle24":0.939663827,"muscle25":0.30982542,"muscle26":0.0397867039,"muscle27":-0.0395603962,"muscle28":1.12591374E-06,"muscle29":0.524233222,"muscle30":-0.0713556036,"muscle31":-0.4150787,"muscle32":0.939663708,"muscle33":0.309828669,"muscle34":0.0397902876,"muscle35":-0.0395096578,"muscle36":3.96204285E-07,"muscle37":-0.499999821,"muscle38":0.00360197015,"muscle39":-0.0695190877,"muscle40":-0.258946866,"muscle41":0.276788324,"muscle42":0.381976128,"muscle43":-0.500801682,"muscle44":-0.0852083564,"muscle45":0.0207115356,"muscle46":-0.499997497,"muscle47":0.00360539299,"muscle48":-0.126782745,"muscle49":-0.260963321,"muscle50":0.29298535,"muscle51":0.325995147,"muscle52":-0.611923277,"muscle53":-0.0828020796,"muscle54":0.116590001,"muscle55":-0.999998808,"muscle56":-1.99999893,"muscle57":-0.999998212,"muscle58":-0.537782431,"muscle59":0.422222346,"muscle60":-0.706916511,"muscle61":0.999999344,"muscle62":0.999999702,"muscle63":-1,"muscle64":-1.39999878,"muscle65":-2.00000072,"muscle66":0.999999464,"muscle67":-0.99999994,"muscle68":0.27154842,"muscle69":-2,"muscle70":0.999999404,"muscle71":-0.999999523,"muscle72":-0.113273941,"muscle73":-1.99999964,"muscle74":1,"muscle75":-0.999997258,"muscle76":-1.99999964,"muscle77":-0.999999464,"muscle78":-0.537782371,"muscle79":0.422222316,"muscle80":-0.706916392,"muscle81":0.999999344,"muscle82":0.99999994,"muscle83":-1,"muscle84":-1.39999866,"muscle85":-2.00000095,"muscle86":0.99999994,"muscle87":-1,"muscle88":0.271548212,"muscle89":-2.00000095,"muscle90":0.999998808,"muscle91":-1,"muscle92":-0.113273993,"muscle93":-2.00000095,"muscle94":0.999999702,"duration":0},"strings":{}},{"property":"Muscles","index":3,"time":4.01010084,"ints":{},"floats":{"muscle0":2.24928734E-12,"muscle1":-2.84977662E-13,"muscle2":3.4604432E-13,"muscle3":-2.13454836E-08,"muscle4":1.62844388E-13,"muscle5":-6.31021982E-13,"muscle6":0,"muscle7":0,"muscle8":0,"muscle9":2.13433218E-08,"muscle10":6.10666438E-14,"muscle11":-1.5266661E-14,"muscle12":2.77476659E-07,"muscle13":1.49843117E-06,"muscle14":9.21305059E-08,"muscle15":-0.324147046,"muscle16":-1.31784475E-06,"muscle17":-0.324148268,"muscle18":-1.58908722E-06,"muscle19":0,"muscle20":0,"muscle21":0.519561827,"muscle22":-0.0619046837,"muscle23":-0.184098929,"muscle24":0.920473278,"muscle25":0.155363083,"muscle26":-0.0342018344,"muscle27":0.0482067205,"muscle28":2.01463877E-06,"muscle29":0.519560814,"muscle30":-0.0619072467,"muscle31":-0.184103653,"muscle32":0.920473278,"muscle33":0.155367061,"muscle34":-0.034150403,"muscle35":0.0482104495,"muscle36":7.38113954E-07,"muscle37":-0.500002503,"muscle38":0.00360196247,"muscle39":-0.321975231,"muscle40":0.0907690674,"muscle41":0.163321719,"muscle42":-0.516097963,"muscle43":-0.576746643,"muscle44":-0.999563217,"muscle45":0.0228021704,"muscle46":-0.499996305,"muscle47":0.00360540044,"muscle48":-0.381011784,"muscle49":0.0766298026,"muscle50":0.126950786,"muscle51":-0.51437974,"muscle52":-0.607005298,"muscle53":-0.998841763,"muscle54":0.117520049,"muscle55":-0.999995589,"muscle56":-1.99999893,"muscle57":-0.999996901,"muscle58":-0.537781894,"muscle59":0.422222346,"muscle60":-0.706916511,"muscle61":0.999999344,"muscle62":0.999999404,"muscle63":-1,"muscle64":-1.39999866,"muscle65":-2.00000072,"muscle66":0.999999464,"muscle67":-0.999998212,"muscle68":-0.113273524,"muscle69":-2.00000095,"muscle70":0.999999404,"muscle71":-0.99999994,"muscle72":0.271550089,"muscle73":-2.00000072,"muscle74":0.999998808,"muscle75":-0.999997079,"muscle76":-1.99999893,"muscle77":-0.999999464,"muscle78":-0.537782371,"muscle79":0.422222316,"muscle80":-0.706914246,"muscle81":0.999998927,"muscle82":0.99999994,"muscle83":-1,"muscle84":-1.39999866,"muscle85":-2.00000095,"muscle86":0.99999994,"muscle87":-1,"muscle88":0.271548212,"muscle89":-2.00000095,"muscle90":0.999998331,"muscle91":-1,"muscle92":-0.113275029,"muscle93":-2.00000095,"muscle94":0.999999702,"duration":0},"strings":{}},{"property":"Muscles","index":4,"time":3.01010084,"ints":{},"floats":{"muscle0":2.24928734E-12,"muscle1":-2.84977662E-13,"muscle2":3.4604432E-13,"muscle3":-2.13454836E-08,"muscle4":1.62844388E-13,"muscle5":-6.31021982E-13,"muscle6":0,"muscle7":0,"muscle8":0,"muscle9":2.13433218E-08,"muscle10":6.10666438E-14,"muscle11":-1.5266661E-14,"muscle12":2.45460143E-07,"muscle13":1.37641905E-06,"muscle14":-1.69504233E-09,"muscle15":-0.324147046,"muscle16":-1.31784475E-06,"muscle17":-0.324148268,"muscle18":-1.58908722E-06,"muscle19":0,"muscle20":0,"muscle21":0.520550013,"muscle22":-0.0643792301,"muscle23":-0.236126974,"muscle24":0.924839258,"muscle25":0.190178961,"muscle26":-0.033531487,"muscle27":0.0437287241,"muscle28":1.94607014E-06,"muscle29":0.52054888,"muscle30":-0.0643819422,"muscle31":-0.236129314,"muscle32":0.92483896,"muscle33":0.190181419,"muscle34":-0.0334805623,"muscle35":0.0437325127,"muscle36":3.96204285E-07,"muscle37":-0.500000656,"muscle38":0.00360196223,"muscle39":-0.21537672,"muscle40":0.219890371,"muscle41":0.356066585,"muscle42":-0.401935995,"muscle43":-0.582726657,"muscle44":-0.99978143,