{"animTracks":[{"properties":["Right Hand Configuration","Left Hand Configuration","Muscles"],"loops":false,"keyFrames":[{"property":"Muscles","index":1,"time":0.979798198,"ints":{},"floats":{"muscle0":2.77478648E-07,"muscle1":-1.2213322E-13,"muscle2":-5.90310895E-13,"muscle3":2.77475266E-07,"muscle4":8.14222618E-14,"muscle5":-6.92088639E-13,"muscle6":0,"muscle7":0,"muscle8":0,"muscle9":-5.33609466E-07,"muscle10":-3.14621647E-14,"muscle11":2.68220447E-07,"muscle12":1.64351445E-06,"muscle13":-6.08089522E-07,"muscle14":-3.92655807E-07,"muscle15":-0.324147046,"muscle16":-1.31784475E-06,"muscle17":-0.324147195,"muscle18":-1.76044307E-06,"muscle19":0,"muscle20":0,"muscle21":0.518870354,"muscle22":-0.0599274375,"muscle23":-0.14537397,"muscle24":0.917205811,"muscle25":0.129527077,"muscle26":-0.0547636338,"muscle27":0.0719130337,"muscle28":1.94607014E-06,"muscle29":0.518866122,"muscle30":-0.0599304847,"muscle31":-0.145377621,"muscle32":0.917205811,"muscle33":0.129531115,"muscle34":-0.054710649,"muscle35":0.0719151273,"muscle36":1.14805857E-06,"muscle37":-0.500003576,"muscle38":0.00360171217,"muscle39":-0.217516929,"muscle40":0.13268207,"muscle41":-0.0615491606,"muscle42":-0.0833417922,"muscle43":1.19936979,"muscle44":-0.0672712848,"muscle45":0.515182495,"muscle46":-0.499999434,"muscle47":0.0036029059,"muscle48":-0.386477113,"muscle49":-0.0315226801,"muscle50":-0.124305837,"muscle51":-0.209290922,"muscle52":-0.636887014,"muscle53":-0.0750599205,"muscle54":0.507508516,"muscle55":-1.53466112E-06,"muscle56":0.33888796,"muscle57":-0.199999988,"muscle58":1.00000012,"muscle59":0.642144799,"muscle60":-0.964443982,"muscle61":0.844862401,"muscle62":0.844862401,"muscle63":0.665139258,"muscle64":-1.09014964,"muscle65":0.83333236,"muscle66":0.83333236,"muscle67":0.640952885,"muscle68":-1.39999843,"muscle69":0.810934067,"muscle70":0.810934126,"muscle71":0.711449087,"muscle72":-0.704383492,"muscle73":0.811357796,"muscle74":0.811357796,"muscle75":-2.36631465,"muscle76":-1.99965262,"muscle77":-0.0222484097,"muscle78":0.999999821,"muscle79":-0.999756157,"muscle80":-0.831380904,"muscle81":0.266752213,"muscle82":0.999976218,"muscle83":-0.999753118,"muscle84":-1.27678883,"muscle85":0.200093552,"muscle86":0.999975264,"muscle87":-0.999756217,"muscle88":-0.506361067,"muscle89":0.400060534,"muscle90":0.99997139,"muscle91":-0.999746442,"muscle92":-0.39331907,"muscle93":0.53337425,"muscle94":0.999972045,"duration":0.0505050495},"strings":{}},{"property":"Muscles","index":6,"time":1.29292858,"ints":{},"floats":{"muscle0":2.77478648E-07,"muscle1":-1.2213322E-13,"muscle2":-5.90310895E-13,"muscle3":2.77475266E-07,"muscle4":8.14222618E-14,"muscle5":-6.92088639E-13,"muscle6":0,"muscle7":0,"muscle8":0,"muscle9":-5.33609466E-07,"muscle10":-3.14621647E-14,"muscle11":2.68220447E-07,"muscle12":1.63284233E-06,"muscle13":-5.05619994E-07,"muscle14":-6.42440853E-07,"muscle15":-0.324147046,"muscle16":-1.31784475E-06,"muscle17":-0.324147195,"muscle18":-1.76044307E-06,"muscle19":0,"muscle20":0,"muscle21":0.518379688,"muscle22":-0.0583414324,"muscle23":-0.115848295,"muscle24":0.914704263,"muscle25":0.109765492,"muscle26":-0.0550585575,"muscle27":0.0747556165,"muscle28":2.01463877E-06,"muscle29":0.518373966,"muscle30":-0.0583446994,"muscle31":-0.115852885,"muscle32":0.914704263,"muscle33":0.109770484,"muscle34":-0.0550037622,"muscle35":0.0747569278,"muscle36":9.43019529E-07,"muscle37":-0.500003576,"muscle38":0.00360171217,"muscle39":-0.217660263,"muscle40":0.132702172,"muscle41":-0.0614400171,"muscle42":-0.0833565891,"muscle43":1.1992805,"muscle44":-0.0672349781,"muscle45":0.515391469,"muscle46":-0.499999553,"muscle47":0.00360200042,"muscle48":-0.386713952,"muscle49":-0.0314707235,"muscle50":-0.124179289,"muscle51":-0.350798726,"muscle52":-0.636928618,"muscle53":-0.0751651749,"muscle54":0.507199109,"muscle55":-1.53466112E-06,"muscle56":0.33888796,"muscle57":-0.199999988,"muscle58":1.00000012,"muscle59":0.642144799,"muscle60":-0.96444416,"muscle61":0.844862401,"muscle62":0.844862401,"muscle63":0.665139258,"muscle64":-1.09014964,"muscle65":0.83333236,"muscle66":0.83333236,"muscle67":0.640952885,"muscle68":-1.39999831,"muscle69":0.810934067,"muscle70":0.810934126,"muscle71":0.711449087,"muscle72":-0.704383492,"muscle73":0.811357379,"muscle74":0.811357796,"muscle75":-2.36631465,"muscle76":-1.99965262,"muscle77":-0.0222484097,"muscle78":0.999999821,"muscle79":-0.999756157,"muscle80":-0.831380904,"muscle81":0.266752213,"muscle82":0.999976218,"muscle83":-0.999753118,"muscle84":-1.27678883,"muscle85":0.200093552,"muscle86":0.999975264,"muscle87":-0.999756217,"muscle88":-0.506361067,"muscle89":0.400060534,"muscle90":0.999971211,"muscle91":-0.999746442,"muscle92":-0.39331907,"muscle93":0.53337425,"muscle94":0.999971867,"duration":0.0353535339},"strings":{}},{"property":"Muscles","index":7,"time":1.59595942,"ints":{},"floats":{"muscle0":2.77478648E-07,"muscle1":-1.2213322E-13,"muscle2":-5.90310895E-13,"muscle3":2.77475266E-07,"muscle4":8.14222618E-14,"muscle5":-6.92088639E-13,"muscle6":0,"muscle7":0,"muscle8":0,"muscle9":-5.33609466E-07,"muscle10":-3.14621647E-14,"muscle11":2.68220447E-07,"muscle12":1.6968753E-06,"muscle13":-7.12814312E-07,"muscle14":-7.42029329E-07,"muscle15":-0.324147046,"muscle16":-1.31784475E-06,"muscle17":-0.324147195,"muscle18":-1.76044307E-06,"muscle19":0,"muscle20":0,"muscle21":0.518022239,"muscle22":-0.0570674501,"muscle23":-0.0929483175,"muscle24":0.912757754,"muscle25":0.0944426954,"muscle26":-0.055259183,"muscle27":0.0770420283,"muscle28":2.2878462E-06,"muscle29":0.518016696,"muscle30":-0.0570707023,"muscle31":-0.0929518491,"muscle32":0.912757814,"muscle33":0.094446972,"muscle34":-0.0552043393,"muscle35":0.0770433098,"muscle36":9.43019529E-07,"muscle37":-0.500003576,"muscle38":0.00360171217,"muscle39":-0.217804417,"muscle40":0.132723436,"muscle41":-0.0613320991,"muscle42":-0.0833711773,"muscle43":1.19919074,"muscle44":-0.0672005862,"muscle45":0.515598238,"muscle46":-0.499999076,"muscle47":0.0036019932,"muscle48":-0.386783332,"muscle49":-0.0314539596,"muscle50":-0.124148399,"muscle51":-0.243848726,"muscle52":-0.637236834,"muscle53":-0.0751963258,"muscle54":0.507103801,"muscle55":-1.19221625E-06,"muscle56":0.338888317,"muscle57":-0.199999988,"muscle58":1.00000012,"muscle59":0.642144799,"muscle60":-0.96444416,"muscle61":0.844862401,"muscle62":0.844862401,"muscle63":0.665139258,"muscle64":-1.09014964,"muscle65":0.83333236,"muscle66":0.83333236,"muscle67":0.640952885,"muscle68":-1.39999831,"muscle69":0.810934067,"muscle70":0.810934126,"muscle71":0.711449087,"muscle72":-0.704383492,"muscle73":0.811357379,"muscle74":0.811357796,"muscle75":-2.36631465,"muscle76":-1.99965262,"muscle77":-0.0222484097,"muscle78":0.999999821,"muscle79":-0.999756157,"muscle80":-0.831380904,"muscle81":0.266752213,"muscle82":0.99997592,"muscle83":-0.999753118,"muscle84":-1.27678883,"muscle85":0.200093552,"muscle86":0.999975264,"muscle87":-0.999756217,"muscle88":-0.506361067,"muscle89":0.400060534,"muscle90":0.999971211,"muscle91":-0.999746442,"muscle92":-0.39331907,"muscle93":0.53337425,"muscle94":0.999971867,"duration":0.0353535339},"strings":{}},{"property":"Muscles","index":8,"time":1.99494851,"ints":{},"floats":{"muscle0":2.77478648E-07,"muscle1":-1.2213322E-13,"muscle2":-5.90310895E-13,"muscle3":2.77475266E-07,"muscle4":8.14222618E-14,"muscle5":-6.92088639E-13,"muscle6":0,"muscle7":0,"muscle8":0,"muscle9":-5.33609466E-07,"muscle10":-3.14621647E-14,"muscle11":2.68220447E-07,"muscle12":1.85695808E-06,"muscle13":-6.10345296E-07,"muscle14":-9.91815114E-07,"muscle15":-0.324147046,"muscle16":-1.31784475E-06,"muscle17":-0.324147195,"muscle18":-1.76044307E-06,"muscle19":0,"muscle20":0,"muscle21":0.51775533,"muscle22":-0.0560358576,"muscle23":-0.0749597847,"muscle24":0.911225021,"muscle25":0.0824107081,"muscle26":-0.0553963892,"muscle27":0.0788801983,"muscle28":2.2878462E-06,"muscle29":0.517749846,"muscle30":-0.0560443327,"muscle31":-0.0749615952,"muscle32":0.91122514,"muscle33":0.0824150369,"muscle34":-0.0553411506,