{"animTracks":[{"properties":["Right Hand Configuration","Left Hand Configuration","Muscles"],"loops":false,"keyFrames":[{"property":"Muscles","index":1,"time":1.28282845,"ints":{},"floats":{"muscle0":2.24928734E-12,"muscle1":-2.84977662E-13,"muscle2":3.4604432E-13,"muscle3":2.77475266E-07,"muscle4":8.14222618E-14,"muscle5":-6.92088639E-13,"muscle6":0,"muscle7":0,"muscle8":0,"muscle9":2.13433218E-08,"muscle10":6.10666438E-14,"muscle11":-1.5266661E-14,"muscle12":-2.56131898E-07,"muscle13":1.23985359E-07,"muscle14":1.70299899E-07,"muscle15":-0.324147195,"muscle16":-4.55958755E-08,"muscle17":-0.324148268,"muscle18":-1.58908722E-06,"muscle19":0,"muscle20":0,"muscle21":0.518022239,"muscle22":-0.0570761226,"muscle23":-0.0929846391,"muscle24":0.912761092,"muscle25":0.0942368358,"muscle26":-0.0356284305,"muscle27":0.0573504195,"muscle28":2.2878462E-06,"muscle29":0.518019736,"muscle30":-0.0570796765,"muscle31":-0.092983298,"muscle32":0.912761331,"muscle33":0.094237946,"muscle34":-0.0355774835,"muscle35":0.0573569126,"muscle36":3.96204285E-07,"muscle37":-0.499999821,"muscle38":0.00360197015,"muscle39":-0.609938323,"muscle40":0.188588217,"muscle41":-0.0480939932,"muscle42":-0.436268151,"muscle43":0.966036201,"muscle44":-0.149801254,"muscle45":0.233983636,"muscle46":-0.499999881,"muscle47":0.00360358274,"muscle48":-0.504052758,"muscle49":0.0641806498,"muscle50":-0.0904869288,"muscle51":-0.460406721,"muscle52":1.21100402,"muscle53":-0.0205796212,"muscle54":0.520483196,"muscle55":-1.19221625E-06,"muscle56":0.338888317,"muscle57":-0.199999988,"muscle58":1.00000012,"muscle59":0.64214462,"muscle60":-0.96444428,"muscle61":0.844862401,"muscle62":0.844862223,"muscle63":0.665139258,"muscle64":-1.09014964,"muscle65":0.83333236,"muscle66":0.833332598,"muscle67":0.711425602,"muscle68":-0.704615533,"muscle69":0.811357141,"muscle70":0.811357141,"muscle71":0.640976965,"muscle72":-1.39976549,"muscle73":0.810934305,"muscle74":0.810934365,"muscle75":-9.79782726E-07,"muscle76":0.338836044,"muscle77":-0.19997108,"muscle78":0.999854207,"muscle79":0.642050624,"muscle80":-0.964303136,"muscle81":0.844737709,"muscle82":0.844738543,"muscle83":0.665043056,"muscle84":-1.08998919,"muscle85":0.833211184,"muscle86":0.833211184,"muscle87":0.640860021,"muscle88":-1.39979851,"muscle89":0.81081605,"muscle90":0.810815692,"muscle91":0.711345732,"muscle92":-0.704281569,"muscle93":0.811238468,"muscle94":0.811239243,"duration":0.196969703},"strings":{}},{"property":"Muscles","index":4,"time":0.994949698,"ints":{},"floats":{"muscle0":2.24928734E-12,"muscle1":-2.84977662E-13,"muscle2":3.4604432E-13,"muscle3":-2.13454836E-08,"muscle4":1.62844388E-13,"muscle5":-6.31021982E-13,"muscle6":0,"muscle7":0,"muscle8":0,"muscle9":2.13434017E-08,"muscle10":5.90683237E-14,"muscle11":2.68220845E-07,"muscle12":1.81427126E-07,"muscle13":-1.93697389E-07,"muscle14":-1.9347894E-07,"muscle15":-0.324147463,"muscle16":-1.97231259E-07,"muscle17":-0.324148148,"muscle18":-2.77395998E-07,"muscle19":0,"muscle20":0,"muscle21":0.518380284,"muscle22":-0.058350753,"muscle23":-0.115894824,"muscle24":0.914708078,"muscle25":0.109572209,"muscle26":0.0550622083,"muscle27":-0.0354288109,"muscle28":2.01463877E-06,"muscle29":0.518378019,"muscle30":-0.0583545491,"muscle31":-0.115894377,"muscle32":0.914708495,"muscle33":0.109573655,"muscle34":0.0550682545,"muscle35":-0.0353776179,"muscle36":3.96204285E-07,"muscle37":-0.500000656,"muscle38":0.00360196223,"muscle39":-0.609834075,"muscle40":0.18856971,"muscle41":-0.0481353402,"muscle42":-0.436309367,"muscle43":0.966096401,"muscle44":-0.14980267,"muscle45":0.233830318,"muscle46":-0.499999195,"muscle47":0.00360428216,"muscle48":-0.293935508,"muscle49":0.176986605,"muscle50":0.167595655,"muscle51":-0.516267538,"muscle52":1.21125996,"muscle53":-0.0205489751,"muscle54":0.520674348,"muscle55":-1.53466112E-06,"muscle56":0.33888796,"muscle57":-0.199999988,"muscle58":1.00000012,"muscle59":0.642144799,"muscle60":-0.96444416,"muscle61":0.844862401,"muscle62":0.844862223,"muscle63":0.665139258,"muscle64":-1.09014964,"muscle65":0.833332181,"muscle66":0.83333236,"muscle67":0.711438417,"muscle68":-0.704486668,"muscle69":0.811357141,"muscle70":0.811357141,"muscle71":0.640963256,"muscle72":-1.39989543,"muscle73":0.810934126,"muscle74":0.810934126,"muscle75":-1.06539403E-06,"muscle76":0.338836372,"muscle77":-0.19997108,"muscle78":0.999854505,"muscle79":0.642050743,"muscle80":-0.964303195,"muscle81":0.844737709,"muscle82":0.844738543,"muscle83":0.665042937,"muscle84":-1.0899893,"muscle85":0.833211184,"muscle86":0.833211184,"muscle87":0.640860021,"muscle88":-1.39979553,"muscle89":0.81081605,"muscle90":0.810815692,"muscle91":0.711345613,"muscle92":-0.704281509,"muscle93":0.811239123,"muscle94":0.811239243,"duration":0.0252525248},"strings":{}},{"property":"Left Hand Configuration","index":1,"time":1.28282845,"ints":{"hash":-1578593280},"floats":{"duration":0.196969703},"strings":{"name":"palma"}},{"property":"Left Hand Configuration","index":4,"time":0.994949698,"ints":{"hash":-1860258816},"floats":{"duration":0.0252525248},"strings":{"name":"palma"}},{"property":"Right Hand Configuration","index":1,"time":1.28282845,"ints":{"hash":2144294912},"floats":{"duration":0.196969703},"strings":{"name":"palma"}},{"property":"Right Hand Configuration","index":4,"time":0.994949698,"ints":{"hash":1862629376},"floats":{"duration":0.0252525248},"strings":{"name":"palma"}}]}],"version":3,"globalSpeed":1.04857218,"globalRepetitions":1}
