{"animTracks":[{"properties":["Right Hand Configuration","Left Hand Configuration","Muscles"],"keyFrames":[{"property":"Muscles","index":1,"time":1,"ints":{},"floats":{"muscle0":2.77478591E-07,"muscle1":-5.36441974E-07,"muscle2":-7.93866383E-13,"muscle3":-2.13454836E-08,"muscle4":1.62844388E-13,"muscle5":-6.31021982E-13,"muscle6":0,"muscle7":0,"muscle8":0,"muscle9":2.13434017E-08,"muscle10":5.90683237E-14,"muscle11":2.68220845E-07,"muscle12":2.34787919E-07,"muscle13":5.78708523E-07,"muscle14":-2.2680203E-07,"muscle15":-0.324147463,"muscle16":-1.84561559E-05,"muscle17":-0.324148268,"muscle18":-1.65786478E-05,"muscle19":0,"muscle20":0,"muscle21":0.527684152,"muscle22":-0.0759823099,"muscle23":-0.588656127,"muscle24":0.953825772,"muscle25":0.425628841,"muscle26":0.042562589,"muscle27":-0.0481424928,"muscle28":4.42761603E-07,"muscle29":0.527683556,"muscle30":-0.0759852156,"muscle31":-0.588660777,"muscle32":0.953825891,"muscle33":0.425632775,"muscle34":0.0425663367,"muscle35":-0.0480918102,"muscle36":3.96204285E-07,"muscle37":-0.499999821,"muscle38":0.00360197015,"muscle39":-0.462918222,"muscle40":0.444997847,"muscle41":-0.186996952,"muscle42":0.478322059,"muscle43":0.36154595,"muscle44":-0.0998234302,"muscle45":-0.0453447104,"muscle46":-0.499999195,"muscle47":0.0036051874,"muscle48":0.185016528,"muscle49":-0.311194837,"muscle50":0.130376294,"muscle51":-0.447126836,"muscle52":1.1924752,"muscle53":-0.148136705,"muscle54":0.903930128,"muscle55":-0.156852618,"muscle56":0.505480528,"muscle57":0.639900684,"muscle58":0.639900804,"muscle59":0.553174019,"muscle60":0.288595438,"muscle61":0.778080881,"muscle62":0.778080881,"muscle63":0.665041327,"muscle64":-0.43675223,"muscle65":0.803890347,"muscle66":0.803891063,"muscle67":0.578030586,"muscle68":0.695511758,"muscle69":0.811238468,"muscle70":0.81123811,"muscle71":0.640858948,"muscle72":0.271508217,"muscle73":0.810814381,"muscle74":0.810815156,"muscle75":-0.999850988,"muscle76":-1.99970484,"muscle77":-0.9998523,"muscle78":-0.537703037,"muscle79":0.422159702,"muscle80":-0.706811428,"muscle81":0.999851942,"muscle82":0.999852598,"muscle83":-0.999852359,"muscle84":-1.39979267,"muscle85":-1.99970627,"muscle86":0.999852717,"muscle87":-0.99985224,"muscle88":0.271508127,"muscle89":-1.9997046,"muscle90":0.999851942,"muscle91":-0.999852359,"muscle92":-0.113257922,"muscle93":-1.99970615,"muscle94":0.999852717},"strings":{}},{"property":"Muscles","index":2,"time":2,"ints":{},"floats":{"muscle0":2.24928734E-12,"muscle1":-2.84977662E-13,"muscle2":3.4604432E-13,"muscle3":-2.13454836E-08,"muscle4":1.62844388E-13,"muscle5":-6.31021982E-13,"muscle6":0,"muscle7":0,"muscle8":0,"muscle9":2.13433218E-08,"muscle10":6.10666438E-14,"muscle11":-1.5266661E-14,"muscle12":-2.13441265E-08,"muscle13":-2.33317348E-08,"muscle14":-1.81954746E-07,"muscle15":-0.324147463,"muscle16":-1.97231259E-07,"muscle17":-0.324148148,"muscle18":-2.77395998E-07,"muscle19":0,"muscle20":0,"muscle21":0.524232924,"muscle22":-0.0713517293,"muscle23":-0.415075839,"muscle24":0.939663708,"muscle25":0.309866488,"muscle26":-0.0509066246,"muscle27":0.0511473306,"muscle28":2.3772256E-07,"muscle29":0.524231434,"muscle30":-0.0713550523,"muscle31":-0.415079504,"muscle32":0.93966341,"muscle33":0.309869796,"muscle34":-0.0508559346,"muscle35":0.0511514992,"muscle36":7.38113954E-07,"muscle37":-0.500000656,"muscle38":0.00360196223,"muscle39":-0.463708967,"muscle40":0.445177168,"muscle41":-0.18562074,"muscle42":0.47821331,"muscle43":0.360338807,"muscle44":-0.100208983,"muscle45":-0.0448226854,"muscle46":-0.499998987,"muscle47":0.0036056363,"muscle48":0.26189816,"muscle49":-0.221350476,"muscle50":0.19466953,"muscle51":-0.4906708,"muscle52":1.20114303,"muscle53":-0.148198992,"muscle54":0.903327048,"muscle55":-0.156829774,"muscle56":0.505406499,"muscle57":0.639806449,"muscle58":0.639806449,"muscle59":0.553092241,"muscle60":0.288553119,"muscle61":0.777965963,"muscle62":0.777965665,"muscle63":0.664943159,"muscle64":-0.436686456,"muscle65":0.803771377,"muscle66":0.803772628,"muscle67":0.640764236,"muscle68":0.271468014,"muscle69":0.810694933,"muscle70":0.810695708,"muscle71":0.577945292,"muscle72":0.695408881,"muscle73":0.811118484,"muscle74":0.811118305,"muscle75":-0.999702096,"muscle76":-1.99941003,"muscle77":-0.999704838,"muscle78":-0.537623525,"muscle79":0.422097445,"muscle80":-0.706707299,"muscle81":0.999704242,"muscle82":0.999705017,"muscle83":-0.999705136,"muscle84":-1.39958668,"muscle85":-1.9994123,"muscle86":0.999705017,"muscle87":-0.999705076,"muscle88":0.271468073,"muscle89":-1.99940968,"muscle90":0.999704003,"muscle91":-0.999705255,"muscle92":-0.113240711,"muscle93":-1.99941075,"muscle94":0.999705255,"duration":0},"strings":{}},{"property":"Muscles","index":3,"time":3,"ints":{},"floats":{"muscle0":2.77478648E-07,"muscle1":-1.2213322E-13,"muscle2":-5.90310895E-13,"muscle3":2.77475266E-07,"muscle4":8.14222618E-14,"muscle5":-6.92088639E-13,"muscle6":0,"muscle7":0,"muscle8":0,"muscle9":2.13434017E-08,"muscle10":5.90683237E-14,"muscle11":2.68220845E-07,"muscle12":-4.69575241E-07,"muscle13":-1.82171618E-07,"muscle14":-3.63844521E-07,"muscle15":-0.324147463,"muscle16":-1.97231259E-07,"muscle17":-0.324148148,"muscle18":-2.77395998E-07,"muscle19":0,"muscle20":0,"muscle21":0.522007287,"muscle22":-0.0674839467,"muscle23":-0.308529437,"muscle24":0.930871248,"muscle25":0.238624021,"muscle26":0.0494385213,"muscle27":-0.0438290201,"muscle28":4.42761603E-07,"muscle29":0.522005498,"muscle30":-0.0674862266,"muscle31":-0.308532625,"muscle32":0.930870712,"muscle33":0.238626838,"muscle34":0.0494431145,"muscle35":-0.0437805019,"muscle36":3.96204285E-07,"muscle37":-0.499999821,"muscle38":0.00360197015,"muscle39":-0.464491785,"muscle40":0.445354462,"muscle41":-0.18425642,"muscle42":0.478105813,"muscle43":0.359142601,"muscle44":-0.100677364,"muscle45":-0.0442188084,"muscle46":-0.499997497,"muscle47":0.00360539299,"muscle48":0.324234247,"muscle49":-0.0325530656,"muscle50":0.382538497,"muscle51":-0.614978611,"muscle52":1.22332489,"muscle53":-0.148356512,"muscle54":0.902411461,"muscle55":-0.156829864,"muscle56":0.505407453,"muscle57":0.639806449,"muscle58":0.639806449,"muscle59":0.553092241,"muscle60":0.288553119,"muscle61":0.777965963,"muscle62":0.777965367,"muscle63":0.664943159,"muscle64":-0.436686456,"muscle65":0.803771377,"muscle66":0.803772628,"muscle67":0.577945292,"muscle68":0.695405781,"muscle69":0.811118305,"muscle70":0.811118662,"muscle71":0.64076376,"muscle72":0.2714701,"muscle73":0.810694993,"muscle74":0.810695767,"muscle75":-0.999702096,"muscle76":-1.99941003,"muscle77":-0.999704838,"muscle78":-0.537622929,"muscle79":0.422097445,"muscle80":-0.706707299,"muscle81":0.999704123,"muscle82":0.999705017,"muscle83":-0.999705136,"muscle84":-1.39958668,"muscle85":-1.9994123,"muscle86":0.999705017,"muscle87":-0.999705076,"muscle88":0.271468073,"muscle89":-1.99940968,"muscle90":0.999704003,"muscle91":-0.999705613,"muscle92":-0.113240726,"muscle93":-1.99941075,"muscle94":0.999705255,"duration":0},"strings":{}},{"property":"Muscles","index":4,"time":4,"ints":{},"floats":{"muscle0":2.77478648E-07,"muscle1":-1.2213322E-13,"muscle2":-5.90310895E-13,"muscle3":2.77475266E-07,"muscle4":8.14222618E-14,"muscle5":-6.92088639E-13,"muscle6":0,"muscle7":0,"muscle8":0,"muscle9":-5.33609466E-07,"muscle10":-3.14621647E-14,"muscle11":2.68220447E-07,"muscle12":1.49410852E-07,"muscle13":-8.83176426E-07,"muscle14":-7.53554161E-07,"muscle15":-0.324147463,"muscle16":-1.97231259E-07,"muscle17":-0.324148268,"muscle18":-1.58908722E-06,"muscle19":0,"muscle20":0,"muscle21":0.520545661,"muscle22":-0.0643798187,"muscle23":-0.236127451,"muscle24":0.924839318,"muscle25":0.190137774,"muscle26":0.0483707041,"muscle27":-0.03819618,"muscle28":1.12591374E-06,"muscle29":0.520545065,"muscle30":-0.0643819124,"muscle31":-0.23612912,"muscle32":0.924838662,"muscle33":0.190139294,"muscle34":0.0483747274,"muscle35":-0.0381474011,"muscle36":3.96204285E-07,"muscle37":-0.500000656,"muscle38":0.00360196223,"muscle39":-0.465271473,