{"animTracks":[{"properties":["Right Hand Configuration","Left Hand Configuration","Muscles"],"keyFrames":[{"property":"Muscles","index":1,"time":5,"ints":{},"floats":{"muscle0":2.77478591E-07,"muscle1":-5.36441974E-07,"muscle2":-7.93866383E-13,"muscle3":2.77475266E-07,"muscle4":8.14222618E-14,"muscle5":-6.92088639E-13,"muscle6":0,"muscle7":0,"muscle8":0,"muscle9":-5.33609466E-07,"muscle10":-3.14621647E-14,"muscle11":2.68220447E-07,"muscle12":1.68620284E-06,"muscle13":1.61818366E-06,"muscle14":-4.13202656E-07,"muscle15":-0.324147195,"muscle16":-4.55958755E-08,"muscle17":-0.324148148,"muscle18":-2.77395998E-07,"muscle19":0,"muscle20":0,"muscle21":0.519556761,"muscle22":-0.061905887,"muscle23":-0.184100777,"muscle24":0.920473218,"muscle25":0.155264646,"muscle26":0.0363407135,"muscle27":-0.0223683286,"muscle28":2.01463877E-06,"muscle29":0.519556046,"muscle30":-0.0619102046,"muscle31":-0.18410176,"muscle32":0.920473278,"muscle33":0.155266061,"muscle34":0.0363450162,"muscle35":-0.0223158989,"muscle36":9.43019529E-07,"muscle37":-0.499998927,"muscle38":0.00360286771,"muscle39":-0.459505111,"muscle40":0.183324173,"muscle41":-0.12808159,"muscle42":0.718835771,"muscle43":0.238711819,"muscle44":-0.0171356034,"muscle45":0.0212944057,"muscle46":-0.499999195,"muscle47":0.0036051874,"muscle48":0.379239887,"muscle49":-0.123412758,"muscle50":0.561238587,"muscle51":-0.450282574,"muscle52":0.639554203,"muscle53":0.00245799613,"muscle54":0.083788909,"muscle55":-1.36603785E-06,"muscle56":1.36603731E-07,"muscle57":2.95390468E-08,"muscle58":4.26886757E-08,"muscle59":-2.54444197E-16,"muscle60":1.70754674E-07,"muscle61":-6.07127845E-07,"muscle62":7.58909806E-08,"muscle63":2.7320749E-07,"muscle64":3.39258994E-15,"muscle65":0,"muscle66":-5.52179507E-19,"muscle67":-4.78113236E-07,"muscle68":1.48425888E-14,"muscle69":-6.07127788E-07,"muscle70":-7.58909806E-08,"muscle71":-3.41509363E-08,"muscle72":4.26886722E-08,"muscle73":-5.31236765E-07,"muscle74":-7.58909735E-08,"muscle75":1.87070242E-07,"muscle76":0.338786632,"muscle77":-0.199940994,"muscle78":0.999704421,"muscle79":0.641955018,"muscle80":-0.964158475,"muscle81":0.8446123,"muscle82":0.844610989,"muscle83":0.66494298,"muscle84":-1.08982933,"muscle85":0.833086252,"muscle86":0.833087206,"muscle87":0.6407637,"muscle88":-1.39958656,"muscle89":0.810695112,"muscle90":0.810694158,"muscle91":0.71123904,"muscle92":-0.704176486,"muscle93":0.81111747,"muscle94":0.811117351,"duration":0},"strings":{}},{"property":"Muscles","index":2,"time":6,"ints":{},"floats":{"muscle0":2.77478591E-07,"muscle1":-5.36441974E-07,"muscle2":-7.93866383E-13,"muscle3":2.77475266E-07,"muscle4":8.14222618E-14,"muscle5":-6.92088639E-13,"muscle6":0,"muscle7":0,"muscle8":0,"muscle9":-5.33609466E-07,"muscle10":-3.14621647E-14,"muscle11":2.68220447E-07,"muscle12":1.84628527E-06,"muscle13":1.62970787E-06,"muscle14":-5.83567498E-07,"muscle15":-0.324147195,"muscle16":-4.55958755E-08,"muscle17":-0.324148268,"muscle18":-1.58908722E-06,"muscle19":0,"muscle20":0,"muscle21":0.518868864,"muscle22":-0.0599280149,"muscle23":-0.145375431,"muscle24":0.917206168,"muscle25":0.129283845,"muscle26":0.0358878896,"muscle27":-0.0188152902,"muscle28":2.01463877E-06,"muscle29":0.518868089,"muscle30":-0.0599348098,"muscle31":-0.145374641,"muscle32":0.917205811,"muscle33":0.129284859,"muscle34":0.0358925164,"muscle35":-0.0187573992,"muscle36":7.38113954E-07,"muscle37":-0.499998927,"muscle38":0.00360286771,"muscle39":-0.459945083,"muscle40":0.183407187,"muscle41":-0.12666139,"muscle42":0.718725145,"muscle43":0.237319887,"muscle44":-0.0174533743,"muscle45":0.0215414409,"muscle46":-0.499999195,"muscle47":0.0036051874,"muscle48":0.379302323,"muscle49":-0.123359382,"muscle50":0.561213851,"muscle51":-0.450267553,"muscle52":1.00005233,"muscle53":0.00251141493,"muscle54":0.0836329982,"muscle55":-1.36603785E-06,"muscle56":1.36603731E-07,"muscle57":2.95390468E-08,"muscle58":4.26886757E-08,"muscle59":-2.54444197E-16,"muscle60":1.70754674E-07,"muscle61":-6.07127845E-07,"muscle62":7.58909806E-08,"muscle63":2.7320749E-07,"muscle64":3.39258994E-15,"muscle65":0,"muscle66":-5.52179507E-19,"muscle67":-4.78113236E-07,"muscle68":1.48425888E-14,"muscle69":-6.07127788E-07,"muscle70":-7.58909806E-08,"muscle71":-3.41509363E-08,"muscle72":4.26886722E-08,"muscle73":-5.31236765E-07,"muscle74":-7.58909735E-08,"muscle75":1.87070242E-07,"muscle76":0.338786632,"muscle77":-0.199940994,"muscle78":0.999704421,"muscle79":0.641955018,"muscle80":-0.964158475,"muscle81":0.8446123,"muscle82":0.844610989,"muscle83":0.66494298,"muscle84":-1.08982933,"muscle85":0.833086252,"muscle86":0.833087206,"muscle87":0.6407637,"muscle88":-1.39958656,"muscle89":0.810695112,"muscle90":0.810694158,"muscle91":0.71123904,"muscle92":-0.704176486,"muscle93":0.81111747,"muscle94":0.811117351,"duration":0},"strings":{}},{"property":"Muscles","index":3,"time":7,"ints":{},"floats":{"muscle0":2.77478591E-07,"muscle1":-5.36441974E-07,"muscle2":-7.93866383E-13,"muscle3":2.77475266E-07,"muscle4":8.14222618E-14,"muscle5":-6.92088639E-13,"muscle6":0,"muscle7":0,"muscle8":0,"muscle9":-5.33609466E-07,"muscle10":-3.14621647E-14,"muscle11":2.68220447E-07,"muscle12":1.92099037E-06,"muscle13":1.78854827E-06,"muscle14":-4.01678108E-07,"muscle15":-0.324147195,"muscle16":-4.55958755E-08,"muscle17":-0.324148268,"muscle18":-1.58908722E-06,"muscle19":0,"muscle20":0,"muscle21":0.518378019,"muscle22":-0.0583446026,"muscle23":-0.115849763,"muscle24":0.914704502,"muscle25":0.109455325,"muscle26":0.0355796181,"muscle27":-0.0159738921,"muscle28":2.01463877E-06,"muscle29":0.518374562,"muscle30":-0.0583515242,"muscle31":-0.115848795,"muscle32":0.914704084,"muscle33":0.10945686,"muscle34":0.0355869755,"muscle35":-0.0159167126,"muscle36":1.14805857E-06,"muscle37":-0.499999821,"muscle38":0.00360197015,"muscle39":-0.460382342,"muscle40":0.183486357,"muscle41":-0.125258952,"muscle42":0.718616188,"muscle43":0.235946015,"muscle44":-0.0177653637,"muscle45":0.0217881687,"muscle46":-0.499999195,"muscle47":0.0036051874,"muscle48":0.379360706,"muscle49":-0.123301581,"muscle50":0.56118989,"muscle51":-0.450252563,"muscle52":0.601055384,"muscle53":0.00250782399,"muscle54":0.0834422931,"muscle55":-1.36603785E-06,"muscle56":4.78113236E-07,"muscle57":2.95390468E-08,"muscle58":4.26886757E-08,"muscle59":-2.54444197E-16,"muscle60":1.70754674E-07,"muscle61":-6.07127845E-07,"muscle62":7.58909806E-08,"muscle63":2.7320749E-07,"muscle64":3.39258994E-15,"muscle65":0,"muscle66":-5.52179507E-19,"muscle67":-4.78113236E-07,"muscle68":1.48425888E-14,"muscle69":-6.07127788E-07,"muscle70":-7.58909806E-08,"muscle71":-3.41509363E-08,"muscle72":4.26886722E-08,"muscle73":-5.31236765E-07,"muscle74":-7.58909735E-08,"muscle75":5.26344991E-07,"muscle76":0.338786513,"muscle77":-0.199940994,"muscle78":0.999704421,"muscle79":0.641955018,"muscle80":-0.964158475,"muscle81":0.8446123,"muscle82":0.844610989,"muscle83":0.66494298,"muscle84":-1.08982933,"muscle85":0.833086252,"muscle86":0.833087027,"muscle87":0.6407637,"muscle88":-1.39958656,"muscle89":0.810695112,"muscle90":0.810694158,"muscle91":0.71123904,"muscle92":-0.704176486,"muscle93":0.811117589,"muscle94":0.811117351,"duration":0},"strings":{}},{"property":"Muscles","index":4,"time":4,"ints":{},"floats":{"muscle0":2.77478591E-07,"muscle1":-5.36441974E-07,"muscle2":-7.93866383E-13,"muscle3":2.77475266E-07,"muscle4":8.14222618E-14,"muscle5":-6.92088639E-13,"muscle6":0,"muscle7":0,"muscle8":0,"muscle9":-5.33609466E-07,"muscle10":-3.14621647E-14,"muscle11":2.68220447E-07,"muscle12":1.33402125E-06,"muscle13":1.32004504E-06,"muscle14":-4.33370246E-07,"muscle15":-0.324147463,"muscle16":-1.97231259E-07,"muscle17":-0.324148268,"muscle18":-1.58908722E-06,"muscle19":0,"muscle20":0,"muscle21":0.520545006,"muscle22":-0.0643807948,"muscle23":-0.236128911,"muscle24":0.924839139,"muscle25":0.19013381,"muscle26":0.0370240957,"muscle27":-0.0268399436,"muscle28":2.01463877E-06,"muscle29":0.520543933,"muscle30":-0.0643843561,"muscle31":-0.236128509,"muscle32":0.924839318,