{"animTracks":[{"properties":["Right Hand Configuration","Left Hand Configuration","Muscles"],"keyFrames":[{"property":"Muscles","index":1,"time":1.03535342,"ints":{},"floats":{"muscle0":2.77478591E-07,"muscle1":-5.36441974E-07,"muscle2":-7.93866383E-13,"muscle3":-2.13454836E-08,"muscle4":1.62844388E-13,"muscle5":-6.31021982E-13,"muscle6":0,"muscle7":0,"muscle8":0,"muscle9":-5.33609466E-07,"muscle10":-3.14621647E-14,"muscle11":2.68220447E-07,"muscle12":1.9209906E-06,"muscle13":1.20955656E-06,"muscle14":-6.97561575E-07,"muscle15":-0.324147463,"muscle16":-1.84561559E-05,"muscle17":-0.324148268,"muscle18":-1.65786478E-05,"muscle19":0,"muscle20":0,"muscle21":0.519553483,"muscle22":-0.0618935078,"muscle23":-0.184106901,"muscle24":0.920473278,"muscle25":0.155265614,"muscle26":0.0363439582,"muscle27":-0.0223939028,"muscle28":2.01463877E-06,"muscle29":0.519553542,"muscle30":-0.061917726,"muscle31":-0.18409951,"muscle32":0.92047292,"muscle33":0.155267,"muscle34":0.0363490172,"muscle35":-0.0223017391,"muscle36":9.43019529E-07,"muscle37":-0.499999821,"muscle38":0.00360197015,"muscle39":-0.517616391,"muscle40":0.211247429,"muscle41":-0.0377075896,"muscle42":0.982963741,"muscle43":0.136789575,"muscle44":-0.019427713,"muscle45":0.0223672558,"muscle46":-0.499997169,"muscle47":0.00360632851,"muscle48":0.289897174,"muscle49":-0.111488871,"muscle50":0.766067326,"muscle51":-0.518093526,"muscle52":0.218601987,"muscle53":-0.319947422,"muscle54":0.327428252,"muscle55":-1.36603785E-06,"muscle56":1.36603731E-07,"muscle57":2.95390468E-08,"muscle58":4.26886757E-08,"muscle59":-2.54444197E-16,"muscle60":1.70754674E-07,"muscle61":-6.07127845E-07,"muscle62":7.58909806E-08,"muscle63":2.7320749E-07,"muscle64":3.39258994E-15,"muscle65":0,"muscle66":-5.52179507E-19,"muscle67":-4.78113236E-07,"muscle68":1.48425888E-14,"muscle69":-6.07127788E-07,"muscle70":-7.58909806E-08,"muscle71":-3.41509363E-08,"muscle72":4.26886722E-08,"muscle73":-7.58909735E-08,"muscle74":-7.58909735E-08,"muscle75":-0.999999404,"muscle76":-1.99999976,"muscle77":-0.999999464,"muscle78":-0.537782371,"muscle79":0.11111103,"muscle80":-0.675805032,"muscle81":0.733332872,"muscle82":0.733332872,"muscle83":-1,"muscle84":-1.39999866,"muscle85":-2.00000095,"muscle86":0.99999994,"muscle87":-1,"muscle88":0.271549821,"muscle89":-1.99999988,"muscle90":0.999999344,"muscle91":-1,"muscle92":-0.113273993,"muscle93":-2.00000095,"muscle94":1,"duration":0},"strings":{}},{"property":"Muscles","index":2,"time":1.40909076,"ints":{},"floats":{"muscle0":2.20384518E-12,"muscle1":-5.36441974E-07,"muscle2":1.42488831E-13,"muscle3":-2.13454836E-08,"muscle4":1.62844388E-13,"muscle5":-6.31021982E-13,"muscle6":0,"muscle7":0,"muscle8":0,"muscle9":-5.33609466E-07,"muscle10":-3.14621647E-14,"muscle11":2.68220447E-07,"muscle12":2.67871451E-06,"muscle13":1.33732863E-06,"muscle14":-6.88917908E-07,"muscle15":-0.324148268,"muscle16":-1.87594269E-05,"muscle17":-0.324148268,"muscle18":-1.77189795E-05,"muscle19":0,"muscle20":0,"muscle21":0.518874347,"muscle22":-0.0599155575,"muscle23":-0.145380542,"muscle24":0.91720587,"muscle25":0.129282981,"muscle26":0.035882365,"muscle27":-0.0188397858,"muscle28":2.01463877E-06,"muscle29":0.51887399,"muscle30":-0.0599394776,"muscle31":-0.145374566,"muscle32":0.917205453,"muscle33":0.129285231,"muscle34":0.0358875506,"muscle35":-0.0187477972,"muscle36":9.43019529E-07,"muscle37":-0.499998927,"muscle38":0.00360286771,"muscle39":-0.518110871,"muscle40":0.211291447,"muscle41":-0.0264624152,"muscle42":0.982117891,"muscle43":0.125615671,"muscle44":-0.0197887439,"muscle45":0.0224968884,"muscle46":-0.499996305,"muscle47":0.00360540044,"muscle48":0.0502590016,"muscle49":-0.111199722,"muscle50":0.765951037,"muscle51":-0.518027365,"muscle52":0.361961961,"muscle53":-0.418172538,"muscle54":0.437656671,"muscle55":-1.36603785E-06,"muscle56":1.36603731E-07,"muscle57":2.95390468E-08,"muscle58":4.26886757E-08,"muscle59":-2.54444197E-16,"muscle60":1.70754674E-07,"muscle61":-6.07127845E-07,"muscle62":3.03563894E-07,"muscle63":6.83018797E-08,"muscle64":-2.27672942E-07,"muscle65":0,"muscle66":-5.52179507E-19,"muscle67":-4.78113236E-07,"muscle68":1.48425888E-14,"muscle69":-6.07127788E-07,"muscle70":-7.58909806E-08,"muscle71":-3.41509363E-08,"muscle72":4.26886722E-08,"muscle73":-7.58909735E-08,"muscle74":-7.58909735E-08,"muscle75":-0.999999166,"muscle76":-1.99999976,"muscle77":-0.999999464,"muscle78":-0.537782371,"muscle79":0.11111103,"muscle80":-0.675805032,"muscle81":0.733332872,"muscle82":0.733332872,"muscle83":-1,"muscle84":-1.39999866,"muscle85":-2.00000095,"muscle86":0.99999994,"muscle87":-1,"muscle88":0.271549821,"muscle89":-1.99999988,"muscle90":0.999999344,"muscle91":-1,"muscle92":-0.113273993,"muscle93":-2.00000095,"muscle94":1,"duration":0},"strings":{}},{"property":"Left Hand Configuration","index":1,"time":1.03535342,"ints":{"hash":-757990400},"floats":{"duration":0},"strings":{"name":"-"}},{"property":"Left Hand Configuration","index":2,"time":1.40909076,"ints":{"hash":-1301254144},"floats":{"duration":0},"strings":{"name":"-"}},{"property":"Right Hand Configuration","index":1,"time":1.03535342,"ints":{"hash":-1330069504},"floats":{"duration":0},"strings":{"name":"INDICAR_V1"}},{"property":"Right Hand Configuration","index":2,"time":1.40909076,"ints":{"hash":1811991552},"floats":{"duration":0},"strings":{"name":"INDICAR_V1"}}]}],"version":2,"globalSpeed":1,"globalRepetitions":3}
