{"animTracks":[{"properties":["Right Hand Configuration","Left Hand Configuration","Muscles"],"loops":false,"keyFrames":[{"property":"Muscles","index":1,"time":1,"ints":{},"floats":{"muscle0":2.77478591E-07,"muscle1":-5.36441974E-07,"muscle2":-7.93866383E-13,"muscle3":-2.13454836E-08,"muscle4":1.62844388E-13,"muscle5":-6.31021982E-13,"muscle6":0,"muscle7":0,"muscle8":0,"muscle9":2.13434017E-08,"muscle10":5.90683237E-14,"muscle11":2.68220845E-07,"muscle12":2.34787919E-07,"muscle13":5.78708523E-07,"muscle14":-2.2680203E-07,"muscle15":-0.324147046,"muscle16":-1.31784475E-06,"muscle17":-0.324148148,"muscle18":-2.77395998E-07,"muscle19":0,"muscle20":0,"muscle21":0.527684152,"muscle22":-0.0759823099,"muscle23":-0.588656127,"muscle24":0.953825772,"muscle25":0.425628841,"muscle26":0.042562589,"muscle27":-0.0481424928,"muscle28":4.42761603E-07,"muscle29":0.527683556,"muscle30":-0.0759852156,"muscle31":-0.588660777,"muscle32":0.953825891,"muscle33":0.425632775,"muscle34":0.0425663367,"muscle35":-0.0480918102,"muscle36":3.96204285E-07,"muscle37":-0.499999821,"muscle38":0.00360197015,"muscle39":-0.383392334,"muscle40":0.177478746,"muscle41":-0.164892465,"muscle42":-0.143045515,"muscle43":1.1999414,"muscle44":-0.0893150046,"muscle45":0.820951343,"muscle46":-0.499999195,"muscle47":0.0036051874,"muscle48":-0.0858260021,"muscle49":0.010352972,"muscle50":-0.217402518,"muscle51":-0.326468796,"muscle52":-1.20002949,"muscle53":-0.00338014588,"muscle54":-0.349807113,"muscle55":-6.34113562E-09,"muscle56":0.338888317,"muscle57":-0.199999988,"muscle58":1.00000012,"muscle59":0.64214462,"muscle60":-0.96444428,"muscle61":0.844862401,"muscle62":0.844862401,"muscle63":0.665139258,"muscle64":-1.09014964,"muscle65":0.833332777,"muscle66":0.833332598,"muscle67":0.640952945,"muscle68":-1.39999855,"muscle69":0.810934067,"muscle70":0.810934126,"muscle71":0.711449206,"muscle72":-0.704384565,"muscle73":0.811357796,"muscle74":0.811357796,"muscle75":-2.58643126E-07,"muscle76":0.0666664913,"muscle77":1,"muscle78":0.639995337,"muscle79":0.644444406,"muscle80":-0.831361353,"muscle81":0.999999344,"muscle82":0.99999994,"muscle83":-1.00000012,"muscle84":-0.436818153,"muscle85":-2.00000095,"muscle86":0.99999994,"muscle87":-1,"muscle88":0.271548212,"muscle89":-1.99999988,"muscle90":0.999999344,"muscle91":-1,"muscle92":0.695616603,"muscle93":-2.00000095,"muscle94":1},"strings":{}},{"property":"Muscles","index":2,"time":2,"ints":{},"floats":{"muscle0":2.24928734E-12,"muscle1":-2.84977662E-13,"muscle2":3.4604432E-13,"muscle3":-2.13454836E-08,"muscle4":1.62844388E-13,"muscle5":-6.31021982E-13,"muscle6":0,"muscle7":0,"muscle8":0,"muscle9":2.13433218E-08,"muscle10":6.10666438E-14,"muscle11":-1.5266661E-14,"muscle12":3.30837508E-07,"muscle13":-2.33324879E-08,"muscle14":-1.81954434E-07,"muscle15":-0.324147046,"muscle16":-1.31784475E-06,"muscle17":-0.324148268,"muscle18":-1.58908722E-06,"muscle19":0,"muscle20":0,"muscle21":0.524232686,"muscle22":-0.071352087,"muscle23":-0.415076196,"muscle24":0.939663708,"muscle25":0.309866756,"muscle26":-0.0509065017,"muscle27":0.0511480831,"muscle28":2.3772256E-07,"muscle29":0.524231493,"muscle30":-0.0713549554,"muscle31":-0.415079862,"muscle32":0.93966347,"muscle33":0.309870034,"muscle34":-0.0508561544,"muscle35":0.0511511154,"muscle36":3.96204285E-07,"muscle37":-0.500000656,"muscle38":0.00360196223,"muscle39":-0.383515328,"muscle40":0.177510753,"muscle41":-0.164831147,"muscle42":-0.14288795,"muscle43":1.19975865,"muscle44":-0.0892755687,"muscle45":0.820992947,"muscle46":-0.500000894,"muscle47":0.0036040165,"muscle48":-0.0872847438,"muscle49":0.010771988,"muscle50":-0.216635153,"muscle51":-0.323503494,"muscle52":-1.20005405,"muscle53":-0.4533481,"muscle54":-0.0199938528,"muscle55":-1.45861563E-07,"muscle56":0.338838518,"muscle57":-0.199970484,"muscle58":0.999852657,"muscle59":0.642049909,"muscle60":-0.964301407,"muscle61":0.844737351,"muscle62":0.844737828,"muscle63":0.665041029,"muscle64":-1.0899893,"muscle65":0.833209872,"muscle66":0.833209038,"muscle67":0.711344063,"muscle68":-0.704280734,"muscle69":0.811237454,"muscle70":0.811237454,"muscle71":0.640858352,"muscle72":-1.39979243,"muscle73":0.810814381,"muscle74":0.810814559,"muscle75":9.15953677E-08,"muscle76":0.0666566491,"muscle77":0.999852836,"muscle78":0.639900744,"muscle79":0.644349575,"muscle80":-0.831239402,"muscle81":0.999851942,"muscle82":0.999852598,"muscle83":-0.999852479,"muscle84":-0.43675226,"muscle85":-1.99970627,"muscle86":0.999852836,"muscle87":-0.999851942,"muscle88":0.271508187,"muscle89":-1.9997046,"muscle90":0.999851942,"muscle91":-0.999852657,"muscle92":0.695514679,"muscle93":-1.99970615,"muscle94":0.999852896,"duration":0},"strings":{}},{"property":"Muscles","index":4,"time":4,"ints":{},"floats":{"muscle0":2.77478648E-07,"muscle1":-1.2213322E-13,"muscle2":-5.90310895E-13,"muscle3":2.77475266E-07,"muscle4":8.14222618E-14,"muscle5":-6.92088639E-13,"muscle6":0,"muscle7":0,"muscle8":0,"muscle9":2.13433218E-08,"muscle10":6.10666438E-14,"muscle11":-1.5266661E-14,"muscle12":-2.1343963E-08,"muscle13":-8.57871385E-07,"muscle14":-4.95125335E-07,"muscle15":-0.324146777,"muscle16":-1.16620834E-06,"muscle17":-0.324148953,"muscle18":-1.76044443E-06,"muscle19":0,"muscle20":0,"muscle21":0.520542383,"muscle22":-0.0643883422,"muscle23":-0.236125976,"muscle24":0.924839497,"muscle25":0.190262139,"muscle26":-0.0536463149,"muscle27":0.0638937876,"muscle28":1.53612518E-06,"muscle29":0.520546377,"muscle30":-0.0643808171,"muscle31":-0.236134216,"muscle32":0.924838722,"muscle33":0.190265194,"muscle34":-0.0536031425,"muscle35":0.063877821,"muscle36":7.38113954E-07,"muscle37":-0.500002503,"muscle38":0.00360196247,"muscle39":-0.383715272,"muscle40":0.177571073,"muscle41":-0.164678589,"muscle42":-0.142910406,"muscle43":1.19964433,"muscle44":-0.0892265067,"muscle45":0.821323633,"muscle46":-0.500000894,"muscle47":0.00360197062,"muscle48":-0.0874158666,"muscle49":0.010822068,"muscle50":-0.216559514,"muscle51":-0.323519379,"muscle52":-1.20017338,"muscle53":-0.99999243,"muscle54":0.614889264,"muscle55":-1.02733395E-06,"muscle56":0.338838428,"muscle57":-0.199970484,"muscle58":0.999852657,"muscle59":0.64204973,"muscle60":-0.964301348,"muscle61":0.844737351,"muscle62":0.844737887,"muscle63":0.665041029,"muscle64":-1.0899893,"muscle65":0.833209872,"muscle66":0.833208978,"muscle67":0.711343586,"muscle68":-0.704280734,"muscle69":0.811237335,"muscle70":0.811237335,"muscle71":0.640858352,"muscle72":-1.39979243,"muscle73":0.810814083,"muscle74":0.810814559,"muscle75":9.15953677E-08,"muscle76":0.0666566491,"muscle77":0.999852836,"muscle78":0.639900744,"muscle79":0.644349754,"muscle80":-0.831239402,"muscle81":0.999851942,"muscle82":0.999852598,"muscle83":-0.999852479,"muscle84":-0.43675226,"muscle85":-1.99970627,"muscle86":0.999852836,"muscle87":-0.999851942,"muscle88":0.271508187,"muscle89":-1.9997046,"muscle90":0.999851942,"muscle91":-0.999852657,"muscle92":0.695514679,"muscle93":-1.99970615,"muscle94":0.999852896,"duration":0},"strings":{}},{"property":"Muscles","index":3,"time":3,"ints":{},"floats":{"muscle0":2.24928734E-12,"muscle1":-2.84977662E-13,"muscle2":3.4604432E-13,"muscle3":-2.13454836E-08,"muscle4":1.62844388E-13,"muscle5":-6.31021982E-13,"muscle6":0,"muscle7":0,"muscle8":0,"muscle9":2.13433218E-08,"muscle10":6.10666438E-14,"muscle11":-1.5266661E-14,"muscle12":3.41509804E-07,"muscle13":-4.08910068E-07,"muscle14":-8.07044842E-07,"muscle15":-0.324147046,"muscle16":-1.31784475E-06,"muscle17":-0.324148268,"muscle18":-1.58908722E-06,"muscle19":0,"muscle20":0,"muscle21":0.522006512,"muscle22":-0.06748721,"muscle23":-0.308527976,"muscle24":0.930871308,"muscle25":0.238681749,"muscle26":-0.0525985323,"muscle27":0.0582415126,"muscle28":8.5270625E-07,"muscle29":0.52200526,"muscle30":-0.0674849302,"muscle31":-0.308535218,"muscle32":0.930870712,"muscle33":0.2386861,"muscle34":-0.0525492765,"muscle35":0.0582342446,"muscle36":3.96204285E-07,"muscle37":-0.500001132,"muscle38":0.00360267702,"muscle39":-0.383613437,"muscle40":0.177537054,