{"animTracks":[{"properties":["Right Hand Configuration","Left Hand Configuration","Muscles"],"loops":false,"keyFrames":[{"property":"Muscles","index":1,"time":1,"ints":{},"floats":{"muscle0":2.77478591E-07,"muscle1":-5.36441974E-07,"muscle2":-7.93866383E-13,"muscle3":-2.13454836E-08,"muscle4":1.62844388E-13,"muscle5":-6.31021982E-13,"muscle6":0,"muscle7":0,"muscle8":0,"muscle9":2.13434017E-08,"muscle10":5.90683237E-14,"muscle11":2.68220845E-07,"muscle12":2.34787919E-07,"muscle13":5.78708523E-07,"muscle14":-2.2680203E-07,"muscle15":-0.324147046,"muscle16":-1.31784475E-06,"muscle17":-0.324148148,"muscle18":-2.77395998E-07,"muscle19":0,"muscle20":0,"muscle21":0.527684152,"muscle22":-0.0759823099,"muscle23":-0.588656127,"muscle24":0.953825772,"muscle25":0.425628841,"muscle26":0.042562589,"muscle27":-0.0481424928,"muscle28":4.42761603E-07,"muscle29":0.527683556,"muscle30":-0.0759852156,"muscle31":-0.588660777,"muscle32":0.953825891,"muscle33":0.425632775,"muscle34":0.0425663367,"muscle35":-0.0480918102,"muscle36":3.96204285E-07,"muscle37":-0.499999821,"muscle38":0.00360197015,"muscle39":-0.512595832,"muscle40":0.210587695,"muscle41":-0.16981034,"muscle42":0.992770672,"muscle43":0.268193841,"muscle44":-0.015839668,"muscle45":0.0202495288,"muscle46":-0.499999195,"muscle47":0.0036051874,"muscle48":0.387786925,"muscle49":-0.328354716,"muscle50":0.325960606,"muscle51":-0.331072003,"muscle52":0.0862141103,"muscle53":-0.0158378035,"muscle54":0.0202558991,"muscle55":-1.36603785E-06,"muscle56":1.36603731E-07,"muscle57":2.95390468E-08,"muscle58":4.26886757E-08,"muscle59":-2.54444197E-16,"muscle60":1.70754674E-07,"muscle61":-6.07127845E-07,"muscle62":7.58909806E-08,"muscle63":6.83018797E-08,"muscle64":-2.27672942E-07,"muscle65":0,"muscle66":-5.52179507E-19,"muscle67":-3.4150947E-08,"muscle68":-5.69182426E-08,"muscle69":-1.51781947E-07,"muscle70":-7.58909806E-08,"muscle71":-3.41509363E-08,"muscle72":4.26886722E-08,"muscle73":-7.58909735E-08,"muscle74":-7.58909735E-08,"muscle75":-0.999850988,"muscle76":-1.99970484,"muscle77":-0.999851763,"muscle78":-0.537703037,"muscle79":-0.399940997,"muscle80":-0.706811368,"muscle81":0.999852538,"muscle82":0.999852598,"muscle83":-0.999852359,"muscle84":-1.39979267,"muscle85":-1.99970627,"muscle86":0.999852717,"muscle87":-0.99985224,"muscle88":0.271508127,"muscle89":-1.9997046,"muscle90":0.999851942,"muscle91":-0.999851942,"muscle92":-0.11325793,"muscle93":-1.99970543,"muscle94":0.999852896},"strings":{}},{"property":"Muscles","index":2,"time":1.31313121,"ints":{},"floats":{"muscle0":2.24928734E-12,"muscle1":-2.84977662E-13,"muscle2":3.4604432E-13,"muscle3":-2.13454836E-08,"muscle4":1.62844388E-13,"muscle5":-6.31021982E-13,"muscle6":0,"muscle7":0,"muscle8":0,"muscle9":2.13434017E-08,"muscle10":5.90683237E-14,"muscle11":2.68220845E-07,"muscle12":1.81427126E-07,"muscle13":-1.93697389E-07,"muscle14":-1.9347894E-07,"muscle15":-0.324147046,"muscle16":-1.31784475E-06,"muscle17":-0.324148148,"muscle18":-2.77395998E-07,"muscle19":0,"muscle20":0,"muscle21":0.524232745,"muscle22":-0.0713520348,"muscle23":-0.415075511,"muscle24":0.939663708,"muscle25":0.309866369,"muscle26":-0.0509063303,"muscle27":0.0511479564,"muscle28":2.3772256E-07,"muscle29":0.524231613,"muscle30":-0.0713547692,"muscle31":-0.415078133,"muscle32":0.939663291,"muscle33":0.309868813,"muscle34":-0.0508561879,"muscle35":0.0511510819,"muscle36":3.96204285E-07,"muscle37":-0.499999821,"muscle38":0.00360197015,"muscle39":-0.514530599,"muscle40":0.210908458,"muscle41":-0.113973834,"muscle42":0.988652825,"muscle43":0.212618634,"muscle44":-0.017219279,"muscle45":0.0212148521,"muscle46":-0.499999195,"muscle47":0.00360428216,"muscle48":0.388019472,"muscle49":-0.328274637,"muscle50":0.325874627,"muscle51":-0.331031978,"muscle52":0.0863964856,"muscle53":-0.0157442149,"muscle54":0.0202312171,"muscle55":-1.36603785E-06,"muscle56":4.78113236E-07,"muscle57":2.95390468E-08,"muscle58":4.26886757E-08,"muscle59":-2.54444197E-16,"muscle60":1.70754674E-07,"muscle61":-7.58909735E-08,"muscle62":7.58909806E-08,"muscle63":6.83018797E-08,"muscle64":-2.27672942E-07,"muscle65":0,"muscle66":-5.52179507E-19,"muscle67":-3.4150947E-08,"muscle68":-5.69182426E-08,"muscle69":-1.51781947E-07,"muscle70":-7.58909806E-08,"muscle71":-3.41509363E-08,"muscle72":4.26886722E-08,"muscle73":-5.31236765E-07,"muscle74":-7.58909735E-08,"muscle75":-0.999999404,"muscle76":-1.99999976,"muscle77":-0.999999762,"muscle78":-0.537781775,"muscle79":0.422140092,"muscle80":-0.706916392,"muscle81":0.999999344,"muscle82":0.99999994,"muscle83":-1,"muscle84":-1.39999866,"muscle85":-2.00000095,"muscle86":0.99999994,"muscle87":-1,"muscle88":0.271548212,"muscle89":-1.99999988,"muscle90":0.999999344,"muscle91":-1,"muscle92":-0.113273993,"muscle93":-2.00000095,"muscle94":1,"duration":0},"strings":{}},{"property":"Muscles","index":3,"time":1.61616147,"ints":{},"floats":{"muscle0":2.24928734E-12,"muscle1":-2.84977662E-13,"muscle2":3.4604432E-13,"muscle3":-2.13454836E-08,"muscle4":1.62844388E-13,"muscle5":-6.31021982E-13,"muscle6":0,"muscle7":0,"muscle8":0,"muscle9":2.13434017E-08,"muscle10":5.90683237E-14,"muscle11":2.68220845E-07,"muscle12":1.81427126E-07,"muscle13":-1.93697389E-07,"muscle14":-1.9347894E-07,"muscle15":-0.324147046,"muscle16":-1.31784475E-06,"muscle17":-0.324148148,"muscle18":-2.77395998E-07,"muscle19":0,"muscle20":0,"muscle21":0.524232805,"muscle22":-0.0713519454,"muscle23":-0.415075511,"muscle24":0.939663649,"muscle25":0.309866309,"muscle26":-0.0509064533,"muscle27":0.0511479378,"muscle28":2.3772256E-07,"muscle29":0.524231493,"muscle30":-0.0713548884,"muscle31":-0.415078044,"muscle32":0.93966347,"muscle33":0.309868842,"muscle34":-0.0508560129,"muscle35":0.0511513241,"muscle36":3.96204285E-07,"muscle37":-0.499999821,"muscle38":0.00360197015,"muscle39":-0.514530599,"muscle40":0.210908458,"muscle41":-0.113973834,"muscle42":0.988652825,"muscle43":0.212618634,"muscle44":-0.017219279,"muscle45":0.0212148521,"muscle46":-0.499999195,"muscle47":0.00360428216,"muscle48":0.387730777,"muscle49":-0.328246593,"muscle50":0.325845748,"muscle51":-0.330862254,"muscle52":0.0863147378,"muscle53":-0.0157442112,"muscle54":0.020228887,"muscle55":-1.36603785E-06,"muscle56":4.78113236E-07,"muscle57":2.95390468E-08,"muscle58":4.26886757E-08,"muscle59":-2.54444197E-16,"muscle60":1.70754674E-07,"muscle61":-7.58909735E-08,"muscle62":7.58909806E-08,"muscle63":6.83018797E-08,"muscle64":-2.27672942E-07,"muscle65":0,"muscle66":-5.52179507E-19,"muscle67":-3.4150947E-08,"muscle68":-5.69182426E-08,"muscle69":-1.51781947E-07,"muscle70":-7.58909806E-08,"muscle71":-3.41509363E-08,"muscle72":4.26886722E-08,"muscle73":-5.31236765E-07,"muscle74":-7.58909735E-08,"muscle75":-0.999702096,"muscle76":-1.99941003,"muscle77":-0.999704361,"muscle78":-0.537623525,"muscle79":-0.399882197,"muscle80":-0.70670712,"muscle81":0.999705017,"muscle82":0.999705017,"muscle83":-0.999705136,"muscle84":-1.39958668,"muscle85":-1.9994123,"muscle86":0.999705255,"muscle87":-0.999705076,"muscle88":0.271468073,"muscle89":-1.99940968,"muscle90":0.999704182,"muscle91":-0.99970454,"muscle92":-0.113240719,"muscle93":-1.99940932,"muscle94":0.999705553,"duration":0},"strings":{}},{"property":"Muscles","index":4,"time":1.91919184,"ints":{},"floats":{"muscle0":2.24928734E-12,"muscle1":-2.84977662E-13,"muscle2":3.4604432E-13,"muscle3":-2.13454836E-08,"muscle4":1.62844388E-13,"muscle5":-6.31021982E-13,"muscle6":0,"muscle7":0,"muscle8":0,"muscle9":2.13433218E-08,"muscle10":6.10666438E-14,"muscle11":-1.5266661E-14,"muscle12":-2.13441265E-08,"muscle13":-2.33317348E-08,"muscle14":-1.81954746E-07,"muscle15":-0.324147046,"muscle16":-1.31784475E-06,"muscle17":-0.324148148,"muscle18":-2.77395998E-07,"muscle19":0,"muscle20":0,"muscle21":0.52200681,"muscle22":-0.0674846247,"muscle23":-0.308530837,"muscle24":0.930871248,"muscle25":0.238624915,"muscle26":0.049439501,"muscle27":-0.0438287519,"muscle28":4.42761603E-07,"muscle29":0.52200526,"muscle30":-0.0674872696,"muscle31":-0.308533609,"muscle32":0.930871248,