{"animTracks":[{"properties":["Right Hand Configuration","Left Hand Configuration","Muscles"],"loops":false,"keyFrames":[{"property":"Muscles","index":1,"time":1.01515138,"ints":{},"floats":{"muscle0":2.77478591E-07,"muscle1":-5.36441974E-07,"muscle2":-7.93866383E-13,"muscle3":-2.13454836E-08,"muscle4":1.62844388E-13,"muscle5":-6.31021982E-13,"muscle6":0,"muscle7":0,"muscle8":0,"muscle9":-5.33609466E-07,"muscle10":-3.14621647E-14,"muscle11":2.68220447E-07,"muscle12":1.01385626E-06,"muscle13":1.27169267E-06,"muscle14":-3.51068877E-07,"muscle15":-0.324147046,"muscle16":-1.31784475E-06,"muscle17":-0.324148148,"muscle18":-2.77395998E-07,"muscle19":0,"muscle20":0,"muscle21":0.522003531,"muscle22":-0.0674826428,"muscle23":-0.308529168,"muscle24":0.930871308,"muscle25":0.238600448,"muscle26":0.0380893536,"muscle27":-0.0324825458,"muscle28":1.53612518E-06,"muscle29":0.522002935,"muscle30":-0.0674914867,"muscle31":-0.308531016,"muscle32":0.930870771,"muscle33":0.238604262,"muscle34":0.0380925052,"muscle35":-0.0324217789,"muscle36":7.38113954E-07,"muscle37":-0.499999821,"muscle38":0.00360197015,"muscle39":-0.55717212,"muscle40":0.186416596,"muscle41":-0.037480399,"muscle42":1.00168979,"muscle43":0.215270177,"muscle44":-0.0152768884,"muscle45":0.0200759321,"muscle46":-0.499999672,"muscle47":0.00360631314,"muscle48":-0.558827102,"muscle49":0.179830581,"muscle50":-0.387163579,"muscle51":0.110660017,"muscle52":0.403997391,"muscle53":0.475663275,"muscle54":-0.167006567,"muscle55":-1.36603785E-06,"muscle56":1.36603731E-07,"muscle57":2.95390468E-08,"muscle58":4.26886757E-08,"muscle59":-2.54444197E-16,"muscle60":1.70754674E-07,"muscle61":-7.58909735E-08,"muscle62":7.58909806E-08,"muscle63":6.83018797E-08,"muscle64":-2.27672942E-07,"muscle65":0,"muscle66":-5.52179507E-19,"muscle67":-4.78113236E-07,"muscle68":1.48425888E-14,"muscle69":-6.07127788E-07,"muscle70":-7.58909806E-08,"muscle71":-3.41509363E-08,"muscle72":4.26886722E-08,"muscle73":-5.31236765E-07,"muscle74":-7.58909735E-08,"muscle75":-1.73302126,"muscle76":0.999818683,"muscle77":-0.199964106,"muscle78":0.999819994,"muscle79":0.642029285,"muscle80":-0.964269161,"muscle81":0.844710052,"muscle82":0.844710708,"muscle83":0.665019333,"muscle84":-1.08995521,"muscle85":0.833182871,"muscle86":0.833183169,"muscle87":0.640838146,"muscle88":-1.39974654,"muscle89":0.810788572,"muscle90":0.810788155,"muscle91":0.711320937,"muscle92":-0.704257965,"muscle93":0.811211884,"muscle94":0.811211824,"duration":0},"strings":{}},{"property":"Muscles","index":2,"time":1.71717155,"ints":{},"floats":{"muscle0":2.77478591E-07,"muscle1":-5.36441974E-07,"muscle2":-7.93866383E-13,"muscle3":-2.13454836E-08,"muscle4":1.62844388E-13,"muscle5":-6.31021982E-13,"muscle6":0,"muscle7":0,"muscle8":0,"muscle9":2.13434017E-08,"muscle10":5.90683237E-14,"muscle11":2.68220845E-07,"muscle12":3.94870455E-07,"muscle13":9.73554393E-07,"muscle14":-3.71236837E-07,"muscle15":-0.324147046,"muscle16":-1.31784475E-06,"muscle17":-0.324148148,"muscle18":-2.77395998E-07,"muscle19":0,"muscle20":0,"muscle21":0.524232447,"muscle22":-0.0713529587,"muscle23":-0.415075034,"muscle24":0.939663708,"muscle25":0.309825599,"muscle26":0.0397880748,"muscle27":-0.0395605341,"muscle28":1.12591374E-06,"muscle29":0.524231672,"muscle30":-0.0713562295,"muscle31":-0.415078312,"muscle32":0.939663827,"muscle33":0.309828788,"muscle34":0.0397918895,"muscle35":-0.0395090356,"muscle36":1.91298639E-07,"muscle37":-0.499999821,"muscle38":0.00360197015,"muscle39":-0.599789679,"muscle40":0.359850645,"muscle41":0.0581073165,"muscle42":0.417610496,"muscle43":0.0958685726,"muscle44":-0.0155785978,"muscle45":0.0201763418,"muscle46":-0.499999672,"muscle47":0.00360631314,"muscle48":-0.628153324,"muscle49":0.338514805,"muscle50":0.0741839632,"muscle51":0.445611715,"muscle52":0.0929785147,"muscle53":-0.0158164315,"muscle54":0.020248808,"muscle55":-1.09020841,"muscle56":0.700000048,"muscle57":0.6399948,"muscle58":0.639995277,"muscle59":-1,"muscle60":-0.738028109,"muscle61":0.77819562,"muscle62":0.77819556,"muscle63":-1,"muscle64":-0.965706766,"muscle65":0.804009378,"muscle66":0.804009497,"muscle67":-0.914602399,"muscle68":-0.692896545,"muscle69":0.810934067,"muscle70":0.810934246,"muscle71":-0.911111653,"muscle72":-0.517717838,"muscle73":0.811357796,"muscle74":0.811358154,"muscle75":-1.09020841,"muscle76":0.700000763,"muscle77":0.63999474,"muscle78":0.639995337,"muscle79":-0.999999404,"muscle80":-0.738028347,"muscle81":0.77819556,"muscle82":0.77819556,"muscle83":-1.00000012,"muscle84":-0.965706766,"muscle85":0.804009378,"muscle86":0.804009557,"muscle87":-0.914601922,"muscle88":-0.692896843,"muscle89":0.810934246,"muscle90":0.810934305,"muscle91":-0.911111712,"muscle92":-0.517717719,"muscle93":0.811357975,"muscle94":0.811358094,"duration":0.075757578},"strings":{}},{"property":"Muscles","index":3,"time":2.01010084,"ints":{},"floats":{"muscle0":2.24928734E-12,"muscle1":-2.84977662E-13,"muscle2":3.4604432E-13,"muscle3":-2.13454836E-08,"muscle4":1.62844388E-13,"muscle5":-6.31021982E-13,"muscle6":0,"muscle7":0,"muscle8":0,"muscle9":2.13434017E-08,"muscle10":5.90683237E-14,"muscle11":2.68220845E-07,"muscle12":1.4941061E-07,"muscle13":-2.3628867E-07,"muscle14":-1.96360403E-07,"muscle15":-0.324147046,"muscle16":-1.31784475E-06,"muscle17":-0.324148148,"muscle18":-2.77395998E-07,"muscle19":0,"muscle20":0,"muscle21":0.522006571,"muscle22":-0.0674863309,"muscle23":-0.308527231,"muscle24":0.93087095,"muscle25":0.238642067,"muscle26":-0.0412519053,"muscle27":0.0468792915,"muscle28":1.53612518E-06,"muscle29":0.522005737,"muscle30":-0.0674885809,"muscle31":-0.308532566,"muscle32":0.930871248,"muscle33":0.238646552,"muscle34":-0.0412000418,"muscle35":0.0468808785,"muscle36":3.96204285E-07,"muscle37":-0.499998927,"muscle38":0.00360286771,"muscle39":-0.569777548,"muscle40":0.344747424,"muscle41":0.0744844005,"muscle42":0.161113545,"muscle43":0.0917791277,"muscle44":-0.015426076,"muscle45":0.0201340523,"muscle46":-0.499999195,"muscle47":0.00360428216,"muscle48":-0.611176491,"muscle49":0.3633762,"muscle50":0.0687777624,"muscle51":0.142679363,"muscle52":0.0944489837,"muscle53":-0.0153217865,"muscle54":0.0201014243,"muscle55":-1.09020865,"muscle56":0.700000465,"muscle57":0.6399948,"muscle58":0.639995277,"muscle59":-1,"muscle60":-0.738028109,"muscle61":0.77819562,"muscle62":0.77819556,"muscle63":-1,"muscle64":-0.965706766,"muscle65":0.804009378,"muscle66":0.804009497,"muscle67":-0.911112368,"muscle68":-0.517716169,"muscle69":0.811357319,"muscle70":0.811358094,"muscle71":-0.914602458,"muscle72":-0.692897201,"muscle73":0.810934126,"muscle74":0.810934365,"muscle75":-1.09020829,"muscle76":0.700000942,"muscle77":0.63999474,"muscle78":0.639995337,"muscle79":-0.999998569,"muscle80":-0.738028347,"muscle81":0.77819556,"muscle82":0.77819556,"muscle83":-1.00000012,"muscle84":-0.965706766,"muscle85":0.804009378,"muscle86":0.804009557,"muscle87":-0.914601505,"muscle88":-0.692896724,"muscle89":0.810934246,"muscle90":0.810934305,"muscle91":-0.911111593,"muscle92":-0.517717659,"muscle93":0.811357975,"muscle94":0.811358094,"duration":0.0808080807},"strings":{}},{"property":"Muscles","index":4,"time":2.31313109,"ints":{},"floats":{"muscle0":2.20384518E-12,"muscle1":-5.36441974E-07,"muscle2":1.42488831E-13,"muscle3":-2.13454836E-08,"muscle4":1.62844388E-13,"muscle5":-6.31021982E-13,"muscle6":0,"muscle7":0,"muscle8":0,"muscle9":2.13434017E-08,"muscle10":5.90683237E-14,"muscle11":2.68220845E-07,"muscle12":5.54952919E-07,"muscle13":1.10132794E-06,"muscle14":-3.6259371E-07,"muscle15":-0.324147046,"muscle16":-1.31784475E-06,"muscle17":-0.324148148,"muscle18":-2.77395998E-07,"muscle19":0,"muscle20":0,"muscle21":0.52200371,"muscle22":-0.067483075,"muscle23":-0.308531195,"muscle24":0.930871308,"muscle25":0.238601804,"muscle26":0.0380888954,"muscle27":-0.03248211,"muscle28":1.53612518E-06,"muscle29":0.522002876,"muscle30":-0.0674911216,"muscle31":-0.308530897,"muscle32":0.930870891,"muscle33":0.238604099,"muscle34":0.0380926579,"muscle35":-0.0324218385,