{"animTracks":[{"properties":["Right Hand Configuration","Left Hand Configuration","Muscles","Facial Expression"],"loops":false,"keyFrames":[{"property":"Muscles","index":1,"time":1,"ints":{},"floats":{"muscle0":2.77478591E-07,"muscle1":-5.36441974E-07,"muscle2":-7.93866383E-13,"muscle3":-2.13454836E-08,"muscle4":1.62844388E-13,"muscle5":-6.31021982E-13,"muscle6":0,"muscle7":0,"muscle8":0,"muscle9":2.13434017E-08,"muscle10":5.90683237E-14,"muscle11":2.68220845E-07,"muscle12":2.34787919E-07,"muscle13":5.78708523E-07,"muscle14":-2.2680203E-07,"muscle15":-0.324147046,"muscle16":-1.31784475E-06,"muscle17":-0.324148148,"muscle18":-2.77395998E-07,"muscle19":0,"muscle20":0,"muscle21":0.527684152,"muscle22":-0.0759823099,"muscle23":-0.588656127,"muscle24":0.953825772,"muscle25":0.425628841,"muscle26":0.042562589,"muscle27":-0.0481424928,"muscle28":4.42761603E-07,"muscle29":0.527683556,"muscle30":-0.0759852156,"muscle31":-0.588660777,"muscle32":0.953825891,"muscle33":0.425632775,"muscle34":0.0425663367,"muscle35":-0.0480918102,"muscle36":3.96204285E-07,"muscle37":-0.499999821,"muscle38":0.00360197015,"muscle39":0.948881686,"muscle40":-0.341296136,"muscle41":0.699469924,"muscle42":0.330715507,"muscle43":0.976386905,"muscle44":-0.015839668,"muscle45":0.0202495288,"muscle46":-0.499999195,"muscle47":0.0036051874,"muscle48":0.957409739,"muscle49":-0.162145048,"muscle50":0.742440879,"muscle51":0.276936889,"muscle52":1.07338274,"muscle53":-0.0158378035,"muscle54":0.0221512038,"muscle55":-1.0444448,"muscle56":0.166666627,"muscle57":-0.248894095,"muscle58":-0.204449117,"muscle59":-0.999999881,"muscle60":-0.706916988,"muscle61":-2,"muscle62":-1,"muscle63":-1,"muscle64":-1.39999998,"muscle65":-2,"muscle66":-0.199999988,"muscle67":-1,"muscle68":0.271548361,"muscle69":-2,"muscle70":-0.280000329,"muscle71":-1,"muscle72":-0.113273621,"muscle73":-2,"muscle74":-1,"muscle75":-1.04444444,"muscle76":0.166666269,"muscle77":-0.248894021,"muscle78":-0.204449356,"muscle79":-0.99999851,"muscle80":-0.706916451,"muscle81":-2,"muscle82":-1.00000012,"muscle83":-0.999999583,"muscle84":-1.3999989,"muscle85":-2.00000095,"muscle86":-0.200000286,"muscle87":-1,"muscle88":0.271548212,"muscle89":-2.00000072,"muscle90":-0.280000299,"muscle91":-1,"muscle92":-0.113273993,"muscle93":-2.00000095,"muscle94":-0.999999821,"duration":0.176767677},"strings":{},"inTangent":0,"inWeight":0,"outTangent":0,"outWeight":0,"weightedMode":0},{"property":"Muscles","index":2,"time":1.78282821,"ints":{},"floats":{"muscle0":2.24928734E-12,"muscle1":-2.84977662E-13,"muscle2":3.4604432E-13,"muscle3":-2.13454836E-08,"muscle4":1.62844388E-13,"muscle5":-6.31021982E-13,"muscle6":0,"muscle7":0,"muscle8":0,"muscle9":2.13433218E-08,"muscle10":6.10666438E-14,"muscle11":-1.5266661E-14,"muscle12":-2.13440945E-08,"muscle13":-1.8217257E-07,"muscle14":-3.63844464E-07,"muscle15":-0.324147046,"muscle16":-1.31784475E-06,"muscle17":-0.324148148,"muscle18":-2.77395998E-07,"muscle19":0,"muscle20":0,"muscle21":0.524232745,"muscle22":-0.0713517815,"muscle23":-0.415076166,"muscle24":0.939663708,"muscle25":0.309866697,"muscle26":-0.0509066917,"muscle27":0.0511470884,"muscle28":4.42761603E-07,"muscle29":0.524232209,"muscle30":-0.0713545829,"muscle31":-0.41507858,"muscle32":0.939663529,"muscle33":0.309868962,"muscle34":-0.0508564301,"muscle35":0.0511513762,"muscle36":3.96204285E-07,"muscle37":-0.499999821,"muscle38":0.00360197015,"muscle39":0.588831544,"muscle40":-0.033220347,"muscle41":0.8806687,"muscle42":-0.0793359131,"muscle43":0.969469309,"muscle44":-0.0158300791,"muscle45":0.0194437429,"muscle46":-0.499998987,"muscle47":0.0036056363,"muscle48":0.626504064,"muscle49":0.0798566043,"muscle50":0.924131393,"muscle51":-0.104116164,"muscle52":1.06787562,"muscle53":-0.0158579424,"muscle54":0.0217828769,"muscle55":-1.0444448,"muscle56":0.166666627,"muscle57":-0.248894095,"muscle58":-0.204449117,"muscle59":-0.999999881,"muscle60":-0.706916988,"muscle61":-2,"muscle62":-1,"muscle63":-1,"muscle64":-1.39999998,"muscle65":-2,"muscle66":-0.199999988,"muscle67":-1,"muscle68":0.271548361,"muscle69":-2,"muscle70":-0.280000329,"muscle71":-1,"muscle72":-0.113273621,"muscle73":-2,"muscle74":-1,"muscle75":-1.04429054,"muscle76":0.166642398,"muscle77":-0.248857543,"muscle78":-0.204419136,"muscle79":-0.999850154,"muscle80":-0.706811249,"muscle81":-1.99970484,"muscle82":-0.999852836,"muscle83":-0.999851882,"muscle84":-1.39979267,"muscle85":-1.99970627,"muscle86":-0.199970797,"muscle87":-0.999851942,"muscle88":0.271508187,"muscle89":-1.99970627,"muscle90":-0.279959381,"muscle91":-0.999852359,"muscle92":-0.113257922,"muscle93":-1.99970615,"muscle94":-0.999852538,"duration":0.176767677},"strings":{},"inTangent":0,"inWeight":0,"outTangent":0,"outWeight":0,"weightedMode":0},{"property":"Muscles","index":3,"time":2.32323217,"ints":{},"floats":{"muscle0":2.24928734E-12,"muscle1":-2.84977662E-13,"muscle2":3.4604432E-13,"muscle3":-2.13454836E-08,"muscle4":1.62844388E-13,"muscle5":-6.31021982E-13,"muscle6":0,"muscle7":0,"muscle8":0,"muscle9":2.13433218E-08,"muscle10":6.10666438E-14,"muscle11":-1.5266661E-14,"muscle12":-2.13440945E-08,"muscle13":-1.8217257E-07,"muscle14":-3.63844464E-07,"muscle15":0,"muscle16":-1.31784475E-06,"muscle17":0,"muscle18":-2.77395998E-07,"muscle19":0,"muscle20":0,"muscle21":0.522007346,"muscle22":-0.0674844235,"muscle23":-0.308529794,"muscle24":0.930871308,"muscle25":0.238624439,"muscle26":0.0494382419,"muscle27":-0.0438287817,"muscle28":4.42761603E-07,"muscle29":0.522006452,"muscle30":-0.0674858987,"muscle31":-0.308533967,"muscle32":0.930870652,"muscle33":0.238627121,"muscle34":0.0494421981,"muscle35":-0.0437808856,"muscle36":3.96204285E-07,"muscle37":-0.499999821,"muscle38":0.00360197015,"muscle39":0.56200105,"muscle40":-0.091908671,"muscle41":0.787014663,"muscle42":-0.357649833,"muscle43":0.972719252,"muscle44":0.433753312,"muscle45":0.019389499,"muscle46":-0.499999195,"muscle47":0.0036051874,"muscle48":0.581645012,"muscle49":0.0431320779,"muscle50":0.863789558,"muscle51":-0.374244273,"muscle52":0.871173382,"muscle53":0.385592908,"muscle54":0.0625801682,"muscle55":-1.0444448,"muscle56":0.166666627,"muscle57":-0.248894095,"muscle58":-0.204449117,"muscle59":-0.999999881,"muscle60":-0.706916988,"muscle61":-2,"muscle62":-1,"muscle63":-1,"muscle64":-1.39999998,"muscle65":-2,"muscle66":-0.199999988,"muscle67":-1,"muscle68":0.271548361,"muscle69":-2,"muscle70":-0.280000329,"muscle71":-1,"muscle72":-0.113273621,"muscle73":-2,"muscle74":-1,"muscle75":-1.04429054,"muscle76":0.166642398,"muscle77":-0.248857543,"muscle78":-0.204419136,"muscle79":-0.999850154,"muscle80":-0.706811249,"muscle81":-1.99970484,"muscle82":-0.999853373,"muscle83":-0.999851882,"muscle84":-1.39979267,"muscle85":-1.99970627,"muscle86":-0.199970797,"muscle87":-0.999851942,"muscle88":0.271508187,"muscle89":-1.99970627,"muscle90":-0.279959381,"muscle91":-0.999852359,"muscle92":-0.113257922,"muscle93":-1.99970615,"muscle94":-0.999852538,"duration":0.141414136,"muscle-1":1},"strings":{"interpolation":"default"},"inTangent":0,"inWeight":0,"outTangent":0,"outWeight":0,"weightedMode":0},{"property":"Left Hand Configuration","index":1,"time":1,"ints":{"hash":-625326080},"floats":{"duration":0.176767677},"strings":{"name":"B_polegar-fechado"},"inTangent":0,"inWeight":0,"outTangent":0,"outWeight":0,"weightedMode":0},{"property":"Left Hand Configuration","index":2,"time":1.78282821,"ints":{"hash":-2059897856},"floats":{"duration":0.176767677},"strings":{"name":"B_polegar-fechado"},"inTangent":0,"inWeight":0,"outTangent":0,"outWeight":0,"weightedMode":0},{"property":"Left Hand Configuration","index":3,"time":2.32323217,"ints":{"hash":-1423181824},"floats":{"duration":0.141414136},"strings":{"name":"B_polegar-fechado"},"inTangent":0,"inWeight":0,"outTangent":0,"outWeight":0,"weightedMode":0},{"property":"Right Hand Configuration","index":1,"time":1,"ints":{"hash":1671738368},"floats":{"duration":0.176767677},"strings":{"name":"B_polegar-fechado"},"inTangent":0,"inWeight":0,"outTangent":0,