{"animTracks":[{"properties":["Right Hand Configuration","Left Hand Configuration","Muscles"],"loops":false,"keyFrames":[{"property":"Muscles","index":3,"time":4.73232365,"ints":{},"floats":{"muscle0":2.24928734E-12,"muscle1":-2.84977662E-13,"muscle2":3.4604432E-13,"muscle3":2.77475266E-07,"muscle4":8.14222618E-14,"muscle5":-6.92088639E-13,"muscle6":0,"muscle7":0,"muscle8":0,"muscle9":2.13433218E-08,"muscle10":6.10666438E-14,"muscle11":-1.5266661E-14,"muscle12":-2.13438884E-08,"muscle13":-7.97993437E-07,"muscle14":-7.4779183E-07,"muscle15":-0.324147046,"muscle16":-1.31784475E-06,"muscle17":-0.324148268,"muscle18":-1.58908722E-06,"muscle19":0,"muscle20":0,"muscle21":0.518866658,"muscle22":-0.0599326678,"muscle23":-0.145377189,"muscle24":0.917207062,"muscle25":0.129449219,"muscle26":-0.0480741672,"muscle27":0.0652041882,"muscle28":1.94607014E-06,"muscle29":0.518867075,"muscle30":-0.059930604,"muscle31":-0.145380899,"muscle32":0.917206049,"muscle33":0.129450679,"muscle34":-0.0480260663,"muscle35":0.0651967078,"muscle36":3.96204285E-07,"muscle37":-0.500002503,"muscle38":0.00360196247,"muscle39":-0.154623345,"muscle40":-0.365558892,"muscle41":0.447036892,"muscle42":-0.25985992,"muscle43":1.16670048,"muscle44":0.71149528,"muscle45":0.202979162,"muscle46":-0.499999315,"muscle47":0.00360747636,"muscle48":-0.168263555,"muscle49":-0.401481271,"muscle50":0.458722204,"muscle51":-0.220857739,"muscle52":1.20194042,"muscle53":0.762636244,"muscle54":0.462095857,"muscle55":-2.79947066,"muscle56":0.172287434,"muscle57":0.506687939,"muscle58":0.999928355,"muscle59":0.088981688,"muscle60":-0.582299113,"muscle61":-1.33290982,"muscle62":-0.359772682,"muscle63":-0.999667823,"muscle64":-0.436818153,"muscle65":-1.99944007,"muscle66":0.999959826,"muscle67":-0.999678254,"muscle68":0.271588236,"muscle69":-1.9994396,"muscle70":0.999961734,"muscle71":-0.999677837,"muscle72":0.695573568,"muscle73":-1.99943638,"muscle74":0.999961853,"muscle75":-2.79920554,"muscle76":0.172321245,"muscle77":0.506701171,"muscle78":0.999892592,"muscle79":0.0890274197,"muscle80":-0.582212031,"muscle81":-1.33270085,"muscle82":-0.359658599,"muscle83":-0.99950242,"muscle84":-0.436817974,"muscle85":-1.99916101,"muscle86":0.999940455,"muscle87":-0.99950844,"muscle88":0.271548212,"muscle89":-1.99915802,"muscle90":0.999941766,"muscle91":-0.999527991,"muscle92":0.695616007,"muscle93":-1.99915802,"muscle94":0.999943018,"duration":0.151515156},"strings":{}},{"property":"Muscles","index":2,"time":3.81818271,"ints":{},"floats":{"muscle0":2.24928734E-12,"muscle1":-2.84977662E-13,"muscle2":3.4604432E-13,"muscle3":-2.13454836E-08,"muscle4":1.62844388E-13,"muscle5":-6.31021982E-13,"muscle6":0,"muscle7":0,"muscle8":0,"muscle9":2.13433218E-08,"muscle10":6.10666438E-14,"muscle11":-1.5266661E-14,"muscle12":-1.06721394E-07,"muscle13":-7.84213114E-07,"muscle14":-3.18997849E-07,"muscle15":-0.324147046,"muscle16":-1.31784475E-06,"muscle17":-0.324148268,"muscle18":-1.58908722E-06,"muscle19":0,"muscle20":0,"muscle21":0.519554555,"muscle22":-0.0619104989,"muscle23":-0.184103966,"muscle24":0.92047441,"muscle25":0.155369729,"muscle26":-0.0476352572,"muscle27":0.0616452023,"muscle28":1.53612518E-06,"muscle29":0.519554913,"muscle30":-0.061908599,"muscle31":-0.184109032,"muscle32":0.920473695,"muscle33":0.155372247,"muscle34":-0.047586482,"muscle35":0.0616374947,"muscle36":1.91298639E-07,"muscle37":-0.500002503,"muscle38":0.00360196247,"muscle39":-0.154648364,"muscle40":-0.36556682,"muscle41":0.447050095,"muscle42":-0.259863168,"muscle43":1.1666919,"muscle44":-0.286840558,"muscle45":0.203026041,"muscle46":-0.499997795,"muscle47":0.00360609288,"muscle48":-0.168268591,"muscle49":-0.401482761,"muscle50":0.458727896,"muscle51":-0.220858693,"muscle52":1.20194101,"muscle53":-0.377909094,"muscle54":0.462111354,"muscle55":-2.79947066,"muscle56":0.172287434,"muscle57":0.506687939,"muscle58":0.999928355,"muscle59":0.088981688,"muscle60":-0.582299113,"muscle61":-1.3329103,"muscle62":-0.359772682,"muscle63":-0.999667823,"muscle64":-0.436818153,"muscle65":-1.99944007,"muscle66":0.999959826,"muscle67":-0.999678135,"muscle68":0.271589726,"muscle69":-1.9994396,"muscle70":0.999961734,"muscle71":-0.999677837,"muscle72":0.695573568,"muscle73":-1.99943638,"muscle74":0.999961853,"muscle75":-2.79920554,"muscle76":0.172321245,"muscle77":0.506701171,"muscle78":0.999892592,"muscle79":0.0890276358,"muscle80":-0.58221215,"muscle81":-1.33270085,"muscle82":-0.359658599,"muscle83":-0.999501824,"muscle84":-0.436818033,"muscle85":-1.99916101,"muscle86":0.999940753,"muscle87":-0.99950844,"muscle88":0.271548212,"muscle89":-1.99915802,"muscle90":0.999941766,"muscle91":-0.999527991,"muscle92":0.695616007,"muscle93":-1.99915802,"muscle94":0.999943256,"duration":0.151515156},"strings":{}},{"property":"Muscles","index":1,"time":3.01010156,"ints":{},"floats":{"muscle0":2.24928734E-12,"muscle1":-2.84977662E-13,"muscle2":3.4604432E-13,"muscle3":-2.13454836E-08,"muscle4":1.62844388E-13,"muscle5":-6.31021982E-13,"muscle6":0,"muscle7":0,"muscle8":0,"muscle9":2.13434017E-08,"muscle10":5.90683237E-14,"muscle11":2.68220845E-07,"muscle12":1.49410596E-07,"muscle13":-1.93697389E-07,"muscle14":-1.93479281E-07,"muscle15":-0.324147046,"muscle16":-1.31784475E-06,"muscle17":-0.324148268,"muscle18":-1.58908722E-06,"muscle19":0,"muscle20":0,"muscle21":0.520542979,"muscle22":-0.064383857,"muscle23":-0.236132532,"muscle24":0.924839914,"muscle25":0.190184131,"muscle26":0.0571658537,"muscle27":-0.0469657071,"muscle28":1.26265093E-06,"muscle29":0.520542443,"muscle30":-0.064382039,"muscle31":-0.236137524,"muscle32":0.924839556,"muscle33":0.190186739,"muscle34":0.0571590848,"muscle35":-0.0469158255,"muscle36":1.91298639E-07,"muscle37":-0.500000656,"muscle38":0.00360196223,"muscle39":-0.219080478,"muscle40":-0.222506419,"muscle41":0.531088591,"muscle42":-0.7101264,"muscle43":1.18141353,"muscle44":-0.999603152,"muscle45":0.203837052,"muscle46":-0.499996305,"muscle47":0.00360540044,"muscle48":-0.357563287,"muscle49":-0.197715327,"muscle50":0.461815268,"muscle51":-0.667991757,"muscle52":1.21443522,"muscle53":-0.929806232,"muscle54":0.463362187,"muscle55":-2.79973578,"muscle56":0.172254384,"muscle57":0.506674826,"muscle58":0.999964356,"muscle59":0.0889354125,"muscle60":-0.582385898,"muscle61":-1.33312237,"muscle62":-0.359886199,"muscle63":-0.999833405,"muscle64":-0.436817825,"muscle65":-1.99972045,"muscle66":0.999979556,"muscle67":-0.99983561,"muscle68":0.695573151,"muscle69":-1.99971879,"muscle70":0.999980807,"muscle71":-0.999842227,"muscle72":0.271590829,"muscle73":-1.99972022,"muscle74":0.999980569,"muscle75":-2.79947066,"muscle76":0.17228812,"muscle77":0.506687999,"muscle78":0.999928355,"muscle79":0.0889813378,"muscle80":-0.582299054,"muscle81":-1.33291137,"muscle82":-0.359772682,"muscle83":-0.999667823,"muscle84":-0.436817855,"muscle85":-1.99944067,"muscle86":0.999960899,"muscle87":-0.999672174,"muscle88":0.271548331,"muscle89":-1.99943888,"muscle90":0.99996078,"muscle91":-0.999685526,"muscle92":0.695615888,"muscle93":-1.99943876,"muscle94":0.999962032,"duration":0.151515156},"strings":{}},{"property":"Muscles","index":7,"time":1.00000048,"ints":{},"floats":{"muscle0":2.20384518E-12,"muscle1":-5.36441974E-07,"muscle2":1.42488831E-13,"muscle3":-2.13454836E-08,"muscle4":1.62844388E-13,"muscle5":-6.31021982E-13,"muscle6":0,"muscle7":0,"muscle8":0,"muscle9":2.13434017E-08,"muscle10":5.90683237E-14,"muscle11":2.68220845E-07,"muscle12":3.09493146E-07,"muscle13":6.21299478E-07,"muscle14":-2.23920296E-07,"muscle15":-0.324147046,"muscle16":-1.31784475E-06,"muscle17":-0.324148268,"muscle18":-1.58908722E-06,"muscle19":0,"muscle20":0,"muscle21":0.524232984,"muscle22":-0.0713518411,"muscle23":-0.415076256,"muscle24":0.939663708,"muscle25":0.309866726,"muscle26":-0.0509065315,"muscle27":0.0511475578,"muscle28":4.42761603E-07,"muscle29":0.524232507,"muscle30":-0.0713545904,"muscle31":-0.415077806,"muscle32":0.939663708,"muscle33":0.309868574,"muscle34":-0.0508563146,"muscle35":0.0511514693,