{"animTracks":[{"properties":["Right Hand Configuration","Left Hand Configuration","Muscles"],"keyFrames":[{"property":"Muscles","index":1,"time":1,"ints":{},"floats":{"muscle0":2.77478591E-07,"muscle1":-5.36441974E-07,"muscle2":-7.93866383E-13,"muscle3":-2.13454836E-08,"muscle4":1.62844388E-13,"muscle5":-6.31021982E-13,"muscle6":0,"muscle7":0,"muscle8":0,"muscle9":2.13434017E-08,"muscle10":5.90683237E-14,"muscle11":2.68220845E-07,"muscle12":-0.187999979,"muscle13":0.00600077212,"muscle14":0.117999792,"muscle15":-0.324147463,"muscle16":-1.84561559E-05,"muscle17":-0.324148268,"muscle18":-1.65786478E-05,"muscle19":0,"muscle20":0,"muscle21":0.527684152,"muscle22":-0.0759823099,"muscle23":-0.588656127,"muscle24":0.953825772,"muscle25":0.425628841,"muscle26":0.042562589,"muscle27":-0.0481424928,"muscle28":4.42761603E-07,"muscle29":0.527683556,"muscle30":-0.0759852156,"muscle31":-0.588660777,"muscle32":0.953825891,"muscle33":0.425632775,"muscle34":0.0425663367,"muscle35":-0.0480918102,"muscle36":3.96204285E-07,"muscle37":-0.499999821,"muscle38":0.00360197015,"muscle39":-0.512595832,"muscle40":0.210587695,"muscle41":-0.16981034,"muscle42":0.992770672,"muscle43":0.268193841,"muscle44":-0.015839668,"muscle45":0.0202495288,"muscle46":-0.499999195,"muscle47":0.0036051874,"muscle48":0.222459733,"muscle49":-0.251666814,"muscle50":0.0673690587,"muscle51":-0.557543039,"muscle52":0.683317125,"muscle53":-0.0158378035,"muscle54":0.0202558991,"muscle55":-1.36603785E-06,"muscle56":1.36603731E-07,"muscle57":2.95390468E-08,"muscle58":4.26886757E-08,"muscle59":-2.54444197E-16,"muscle60":1.70754674E-07,"muscle61":-6.07127845E-07,"muscle62":7.58909806E-08,"muscle63":6.83018797E-08,"muscle64":-2.27672942E-07,"muscle65":0,"muscle66":-5.52179507E-19,"muscle67":-3.4150947E-08,"muscle68":-5.69182426E-08,"muscle69":-1.51781947E-07,"muscle70":-7.58909806E-08,"muscle71":-3.41509363E-08,"muscle72":4.26886722E-08,"muscle73":-7.58909735E-08,"muscle74":-7.58909735E-08,"muscle75":-2.4333334,"muscle76":-2.00000024,"muscle77":-0.577777684,"muscle78":-0.999999344,"muscle79":-0.999999702,"muscle80":-0.706916571,"muscle81":-2,"muscle82":0.99999994,"muscle83":-0.999999583,"muscle84":-1.3999989,"muscle85":-2.00000095,"muscle86":0.999999702,"muscle87":-0.999999821,"muscle88":-0.226229712,"muscle89":-1.99999988,"muscle90":0.999999344,"muscle91":-1.00000012,"muscle92":-0.299940735,"muscle93":-2.00000072,"muscle94":1},"strings":{}},{"property":"Muscles","index":2,"time":2,"ints":{},"floats":{"muscle0":2.24928734E-12,"muscle1":-2.84977662E-13,"muscle2":3.4604432E-13,"muscle3":-2.13454836E-08,"muscle4":1.62844388E-13,"muscle5":-6.31021982E-13,"muscle6":0,"muscle7":0,"muscle8":0,"muscle9":2.13434017E-08,"muscle10":5.90683237E-14,"muscle11":2.68220845E-07,"muscle12":-0.187972084,"muscle13":0.00599981705,"muscle14":0.117982216,"muscle15":-0.324147046,"muscle16":-1.31784475E-06,"muscle17":-0.324148268,"muscle18":-1.58908722E-06,"muscle19":0,"muscle20":0,"muscle21":0.524232805,"muscle22":-0.0713519454,"muscle23":-0.415075511,"muscle24":0.939663649,"muscle25":0.309866309,"muscle26":-0.0509064533,"muscle27":0.0511479378,"muscle28":2.3772256E-07,"muscle29":0.524231493,"muscle30":-0.0713548884,"muscle31":-0.415078044,"muscle32":0.93966347,"muscle33":0.309868842,"muscle34":-0.0508560129,"muscle35":0.0511513241,"muscle36":3.96204285E-07,"muscle37":-0.499999821,"muscle38":0.00360197015,"muscle39":-0.514530599,"muscle40":0.210908458,"muscle41":-0.113973834,"muscle42":0.988652825,"muscle43":0.212618634,"muscle44":-0.017219279,"muscle45":0.0212148521,"muscle46":-0.499999195,"muscle47":0.00360428216,"muscle48":0.18603377,"muscle49":-0.193052813,"muscle50":-0.0109242816,"muscle51":-0.576303661,"muscle52":0.687077165,"muscle53":-0.0156200472,"muscle54":0.0194516517,"muscle55":-1.36603785E-06,"muscle56":4.78113236E-07,"muscle57":2.95390468E-08,"muscle58":4.26886757E-08,"muscle59":-2.54444197E-16,"muscle60":1.70754674E-07,"muscle61":-7.58909735E-08,"muscle62":7.58909806E-08,"muscle63":6.83018797E-08,"muscle64":-2.27672942E-07,"muscle65":0,"muscle66":-5.52179507E-19,"muscle67":-3.4150947E-08,"muscle68":-5.69182426E-08,"muscle69":-1.51781947E-07,"muscle70":-7.58909806E-08,"muscle71":-3.41509363E-08,"muscle72":4.26886722E-08,"muscle73":-5.31236765E-07,"muscle74":-7.58909735E-08,"muscle75":-2.43297386,"muscle76":-1.99970496,"muscle77":-0.577691972,"muscle78":-0.999851704,"muscle79":-0.999852002,"muscle80":-0.706812441,"muscle81":-1.99970484,"muscle82":0.999852896,"muscle83":-0.999851882,"muscle84":-1.39979267,"muscle85":-1.99970627,"muscle86":0.999851942,"muscle87":-0.999851942,"muscle88":-0.22619544,"muscle89":-1.9997046,"muscle90":0.999851942,"muscle91":-0.999852538,"muscle92":-0.299896628,"muscle93":-1.99970615,"muscle94":0.999852717,"duration":0},"strings":{}},{"property":"Muscles","index":3,"time":3,"ints":{},"floats":{"muscle0":2.24928734E-12,"muscle1":-2.84977662E-13,"muscle2":3.4604432E-13,"muscle3":-2.13454836E-08,"muscle4":1.62844388E-13,"muscle5":-6.31021982E-13,"muscle6":0,"muscle7":0,"muscle8":0,"muscle9":2.13434017E-08,"muscle10":5.90683237E-14,"muscle11":2.68220845E-07,"muscle12":-0.187972084,"muscle13":0.00599981705,"muscle14":0.117982216,"muscle15":-0.324147046,"muscle16":-1.31784475E-06,"muscle17":-0.324148268,"muscle18":-1.58908722E-06,"muscle19":0,"muscle20":0,"muscle21":0.524232805,"muscle22":-0.0713519454,"muscle23":-0.415075511,"muscle24":0.939663649,"muscle25":0.309866309,"muscle26":-0.0509064533,"muscle27":0.0511479378,"muscle28":2.3772256E-07,"muscle29":0.524231493,"muscle30":-0.0713548884,"muscle31":-0.415078044,"muscle32":0.93966347,"muscle33":0.309868842,"muscle34":-0.0508560129,"muscle35":0.0511513241,"muscle36":3.96204285E-07,"muscle37":-0.499999821,"muscle38":0.00360197015,"muscle39":-0.514530599,"muscle40":0.210908458,"muscle41":-0.113973834,"muscle42":0.988652825,"muscle43":0.212618634,"muscle44":-0.017219279,"muscle45":0.0212148521,"muscle46":-0.499999195,"muscle47":0.00360428216,"muscle48":0.222683251,"muscle49":-0.25163123,"muscle50":0.0672057271,"muscle51":-0.557247281,"muscle52":0.683439553,"muscle53":-0.0156485606,"muscle54":0.0195515361,"muscle55":-1.36603785E-06,"muscle56":4.78113236E-07,"muscle57":2.95390468E-08,"muscle58":4.26886757E-08,"muscle59":-2.54444197E-16,"muscle60":1.70754674E-07,"muscle61":-7.58909735E-08,"muscle62":7.58909806E-08,"muscle63":6.83018797E-08,"muscle64":-2.27672942E-07,"muscle65":0,"muscle66":-5.52179507E-19,"muscle67":-3.4150947E-08,"muscle68":-5.69182426E-08,"muscle69":-1.51781947E-07,"muscle70":-7.58909806E-08,"muscle71":-3.41509363E-08,"muscle72":4.26886722E-08,"muscle73":-5.31236765E-07,"muscle74":-7.58909735E-08,"muscle75":-2.43297386,"muscle76":-1.99970472,"muscle77":-0.577691972,"muscle78":-0.999851704,"muscle79":-0.99985218,"muscle80":-0.706812441,"muscle81":-1.99970484,"muscle82":0.999852598,"muscle83":-0.999851882,"muscle84":-1.39979267,"muscle85":-1.99970627,"muscle86":0.999851942,"muscle87":-0.999852359,"muscle88":-0.226195335,"muscle89":-1.9997046,"muscle90":0.999851942,"muscle91":-0.999852538,"muscle92":-0.299896628,"muscle93":-1.99970615,"muscle94":0.999852896,"duration":0},"strings":{}},{"property":"Muscles","index":4,"time":4,"ints":{},"floats":{"muscle0":1.70762482E-12,"muscle1":-1.22132962E-13,"muscle2":-5.36441632E-07,"muscle3":-2.13454836E-08,"muscle4":1.62844388E-13,"muscle5":-6.31021982E-13,"muscle6":0,"muscle7":0,"muscle8":0,"muscle9":2.13433218E-08,"muscle10":6.10666438E-14,"muscle11":-1.5266661E-14,"muscle12":-0.187971652,"muscle13":0.00599975511,"muscle14":0.117982671,"muscle15":-0.324147195,"muscle16":-4.55958755E-08,"muscle17":-0.324148148,"muscle18":-2.77395998E-07,"muscle19":0,"muscle20":0,"muscle21":0.522006512,"muscle22":-0.0674848184,"muscle23":-0.30853042,"muscle24":0.93087095,"muscle25":0.238624513,"muscle26":0.0494398475,"muscle27":-0.0438279845,"muscle28":8.5270625E-07,"muscle29":0.522005558,"muscle30":-0.0674874932,"muscle31":-0.308532953,"muscle32":0.930870712,"muscle33":0.238627225,"muscle34":0.049442295,