{"animTracks":[{"properties":["Right Hand Configuration","Left Hand Configuration","Muscles"],"keyFrames":[{"property":"Muscles","index":1,"time":1,"ints":{},"floats":{"muscle0":2.77478591E-07,"muscle1":-5.36441974E-07,"muscle2":-7.93866383E-13,"muscle3":-2.13454836E-08,"muscle4":1.62844388E-13,"muscle5":-6.31021982E-13,"muscle6":0,"muscle7":0,"muscle8":0,"muscle9":2.13434017E-08,"muscle10":5.90683237E-14,"muscle11":2.68220845E-07,"muscle12":2.34787919E-07,"muscle13":5.78708523E-07,"muscle14":-2.2680203E-07,"muscle15":-0.324147463,"muscle16":-1.84561559E-05,"muscle17":-0.324148268,"muscle18":-1.65786478E-05,"muscle19":0,"muscle20":0,"muscle21":0.527684152,"muscle22":-0.0759823099,"muscle23":-0.588656127,"muscle24":0.953825772,"muscle25":0.425628841,"muscle26":0.042562589,"muscle27":-0.0481424928,"muscle28":4.42761603E-07,"muscle29":0.527683556,"muscle30":-0.0759852156,"muscle31":-0.588660777,"muscle32":0.953825891,"muscle33":0.425632775,"muscle34":0.0425663367,"muscle35":-0.0480918102,"muscle36":3.96204285E-07,"muscle37":-0.499999821,"muscle38":0.00360197015,"muscle39":-0.512595832,"muscle40":0.210587695,"muscle41":-0.16981034,"muscle42":0.992770672,"muscle43":0.268193841,"muscle44":-0.015839668,"muscle45":0.0202495288,"muscle46":-0.499999195,"muscle47":0.0036051874,"muscle48":-0.174973071,"muscle49":-0.32971397,"muscle50":0.213319317,"muscle51":-0.536127806,"muscle52":0.22116746,"muscle53":0.127251476,"muscle54":0.999943554,"muscle55":-1.36603785E-06,"muscle56":1.36603731E-07,"muscle57":2.95390468E-08,"muscle58":4.26886757E-08,"muscle59":-2.54444197E-16,"muscle60":1.70754674E-07,"muscle61":-6.07127845E-07,"muscle62":7.58909806E-08,"muscle63":6.83018797E-08,"muscle64":-2.27672942E-07,"muscle65":0,"muscle66":-5.52179507E-19,"muscle67":-3.4150947E-08,"muscle68":-5.69182426E-08,"muscle69":-1.51781947E-07,"muscle70":-7.58909806E-08,"muscle71":-3.41509363E-08,"muscle72":4.26886722E-08,"muscle73":-7.58909735E-08,"muscle74":-7.58909735E-08,"muscle75":-1.83333158,"muscle76":-1.99999988,"muscle77":-0.0666668639,"muscle78":1.00000012,"muscle79":-1.00000012,"muscle80":-0.831361353,"muscle81":0.266666621,"muscle82":0.99999994,"muscle83":-0.999999583,"muscle84":-1.27681696,"muscle85":-1.46666563,"muscle86":-0.71999979,"muscle87":-1,"muscle88":0.271548212,"muscle89":-1.46666574,"muscle90":-0.799999952,"muscle91":-0.99999994,"muscle92":0.228948474,"muscle93":-1.59999955,"muscle94":-0.519999981},"strings":{}},{"property":"Muscles","index":2,"time":2,"ints":{},"floats":{"muscle0":2.24928734E-12,"muscle1":-2.84977662E-13,"muscle2":3.4604432E-13,"muscle3":-2.13454836E-08,"muscle4":1.62844388E-13,"muscle5":-6.31021982E-13,"muscle6":0,"muscle7":0,"muscle8":0,"muscle9":2.13433218E-08,"muscle10":6.10666438E-14,"muscle11":-1.5266661E-14,"muscle12":-1.06719442E-08,"muscle13":-1.93697005E-07,"muscle14":-1.9347894E-07,"muscle15":-0.324147463,"muscle16":-1.97231259E-07,"muscle17":-0.324148148,"muscle18":-2.77395998E-07,"muscle19":0,"muscle20":0,"muscle21":0.524232745,"muscle22":-0.0713516995,"muscle23":-0.415076137,"muscle24":0.939663708,"muscle25":0.309866607,"muscle26":-0.0509065837,"muscle27":0.0511471145,"muscle28":2.3772256E-07,"muscle29":0.524231613,"muscle30":-0.0713549405,"muscle31":-0.415079057,"muscle32":0.939663291,"muscle33":0.309869498,"muscle34":-0.0508560203,"muscle35":0.0511515476,"muscle36":3.96204285E-07,"muscle37":-0.499999821,"muscle38":0.00360197015,"muscle39":-0.514530957,"muscle40":0.210908383,"muscle41":-0.113973156,"muscle42":0.988652647,"muscle43":0.212618127,"muscle44":-0.017218912,"muscle45":0.021215044,"muscle46":-0.499998987,"muscle47":0.0036056363,"muscle48":-0.17432867,"muscle49":-0.329667181,"muscle50":0.21320805,"muscle51":-0.536054134,"muscle52":0.221517861,"muscle53":0.12739867,"muscle54":0.999693334,"muscle55":-1.36603785E-06,"muscle56":1.36603731E-07,"muscle57":2.95390468E-08,"muscle58":4.26886757E-08,"muscle59":-2.54444197E-16,"muscle60":1.70754674E-07,"muscle61":-7.58909735E-08,"muscle62":7.58909806E-08,"muscle63":2.7320749E-07,"muscle64":3.39258994E-15,"muscle65":0,"muscle66":-5.52179507E-19,"muscle67":-3.4150947E-08,"muscle68":-5.69182426E-08,"muscle69":-1.51781947E-07,"muscle70":-7.58909806E-08,"muscle71":-3.41509363E-08,"muscle72":4.26886722E-08,"muscle73":-5.31236765E-07,"muscle74":-7.58909735E-08,"muscle75":-1.13340282,"muscle76":-1.26673865,"muscle77":-0.0666668639,"muscle78":1.00000012,"muscle79":-0.999999642,"muscle80":-1.04911816,"muscle81":-0.499923289,"muscle82":0.99999994,"muscle83":-1,"muscle84":-1.2768172,"muscle85":-1.46666563,"muscle86":-0.71999979,"muscle87":-1,"muscle88":0.271548212,"muscle89":-1.46666646,"muscle90":-0.799999297,"muscle91":-0.999999404,"muscle92":0.228947997,"muscle93":-1.59999955,"muscle94":-0.519999981,"duration":0},"strings":{}},{"property":"Muscles","index":3,"time":3,"ints":{},"floats":{"muscle0":2.24928734E-12,"muscle1":-2.84977662E-13,"muscle2":3.4604432E-13,"muscle3":-2.13454836E-08,"muscle4":1.62844388E-13,"muscle5":-6.31021982E-13,"muscle6":0,"muscle7":0,"muscle8":0,"muscle9":2.13433218E-08,"muscle10":6.10666438E-14,"muscle11":-1.5266661E-14,"muscle12":-1.06719442E-08,"muscle13":-1.93697005E-07,"muscle14":-1.9347894E-07,"muscle15":-0.324147463,"muscle16":-1.97231259E-07,"muscle17":-0.324148148,"muscle18":-2.77395998E-07,"muscle19":0,"muscle20":0,"muscle21":0.522007048,"muscle22":-0.0674843788,"muscle23":-0.30853048,"muscle24":0.930871427,"muscle25":0.238624603,"muscle26":0.0494389199,"muscle27":-0.0438286811,"muscle28":4.42761603E-07,"muscle29":0.522005379,"muscle30":-0.0674863383,"muscle31":-0.308532089,"muscle32":0.930870771,"muscle33":0.238626212,"muscle34":0.0494431891,"muscle35":-0.0437799916,"muscle36":3.96204285E-07,"muscle37":-0.499999821,"muscle38":0.00360197015,"muscle39":-0.515922546,"muscle40":0.21108672,"muscle41":-0.0779894069,"muscle42":0.985978901,"muscle43":0.176828027,"muscle44":-0.0182150286,"muscle45":0.0217872448,"muscle46":-0.499998987,"muscle47":0.0036056363,"muscle48":-0.173681259,"muscle49":-0.329619706,"muscle50":0.213103846,"muscle51":-0.535980225,"muscle52":0.221871674,"muscle53":0.127558723,"muscle54":0.999589503,"muscle55":-1.36603785E-06,"muscle56":1.36603731E-07,"muscle57":2.95390468E-08,"muscle58":4.26886757E-08,"muscle59":-2.54444197E-16,"muscle60":1.70754674E-07,"muscle61":-6.07127845E-07,"muscle62":7.58909806E-08,"muscle63":6.83018797E-08,"muscle64":-2.27672942E-07,"muscle65":0,"muscle66":-5.52179507E-19,"muscle67":-3.4150947E-08,"muscle68":-5.69182426E-08,"muscle69":-6.07127788E-07,"muscle70":-7.58909806E-08,"muscle71":-3.41509363E-08,"muscle72":4.26886722E-08,"muscle73":-7.58909735E-08,"muscle74":-7.58909735E-08,"muscle75":-1.13333225,"muscle76":-1.26666677,"muscle77":-0.0666668639,"muscle78":0.999999821,"muscle79":-0.999999404,"muscle80":-1.04913855,"muscle81":-0.99995029,"muscle82":0.99999994,"muscle83":-1,"muscle84":-1.2768172,"muscle85":-1.46666563,"muscle86":-0.71999979,"muscle87":-1,"muscle88":0.271548212,"muscle89":-1.46666646,"muscle90":-0.799999297,"muscle91":-0.99999994,"muscle92":0.228948474,"muscle93":-1.59999955,"muscle94":-0.520000398,"duration":0},"strings":{}},{"property":"Muscles","index":4,"time":4,"ints":{},"floats":{"muscle0":2.24928734E-12,"muscle1":-2.84977662E-13,"muscle2":3.4604432E-13,"muscle3":-2.13454836E-08,"muscle4":1.62844388E-13,"muscle5":-6.31021982E-13,"muscle6":0,"muscle7":0,"muscle8":0,"muscle9":2.13433218E-08,"muscle10":6.10666438E-14,"muscle11":-1.5266661E-14,"muscle12":-1.06719442E-08,"muscle13":-1.93697005E-07,"muscle14":-1.9347894E-07,"muscle15":-0.324147463,"muscle16":-1.97231259E-07,"muscle17":-0.324148148,"muscle18":-2.77395998E-07,"muscle19":0,"muscle20":0,"muscle21":0.524232745,"muscle22":-0.0713516995,"muscle23":-0.415076137,"muscle24":0.939663708,"muscle25":0.309866607,"muscle26":-0.0509065837,"muscle27":0.0511471145,"muscle28":2.3772256E-07,"muscle29":0.524231553,"muscle30":-0.0713549405,"muscle31":-0.415078968,"muscle32":0.93966347,"muscle33":0.309869438,"muscle34":-0.0508559346,"muscle35":0.0511513688,