{"animTracks":[{"properties":["Right Hand Configuration","Left Hand Configuration","Muscles","Facial Expression"],"loops":false,"keyFrames":[{"property":"Muscles","index":1,"time":0.989899039,"ints":{},"floats":{"muscle0":2.77478591E-07,"muscle1":-5.36441974E-07,"muscle2":-7.93866383E-13,"muscle3":-2.13454836E-08,"muscle4":1.62844388E-13,"muscle5":-6.31021982E-13,"muscle6":0,"muscle7":0,"muscle8":0,"muscle9":2.13434017E-08,"muscle10":5.90683237E-14,"muscle11":2.68220845E-07,"muscle12":2.34787919E-07,"muscle13":5.78708523E-07,"muscle14":-2.2680203E-07,"muscle15":-0.324147046,"muscle16":-1.31784475E-06,"muscle17":-0.324148148,"muscle18":-2.77395998E-07,"muscle19":0,"muscle20":0,"muscle21":0.527684152,"muscle22":-0.0759823099,"muscle23":-0.588656127,"muscle24":0.953825772,"muscle25":0.425628841,"muscle26":0.042562589,"muscle27":-0.0481424928,"muscle28":4.42761603E-07,"muscle29":0.527683556,"muscle30":-0.0759852156,"muscle31":-0.588660777,"muscle32":0.953825891,"muscle33":0.425632775,"muscle34":0.0425663367,"muscle35":-0.0480918102,"muscle36":3.96204285E-07,"muscle37":-0.499999821,"muscle38":0.00360197015,"muscle39":-0.246980399,"muscle40":0.30064407,"muscle41":-0.395429075,"muscle42":0.131394163,"muscle43":-0.151887506,"muscle44":-0.360759288,"muscle45":0.999929667,"muscle46":-0.499999195,"muscle47":0.0036051874,"muscle48":-0.215368867,"muscle49":0.223684683,"muscle50":-0.479071736,"muscle51":0.172283947,"muscle52":-0.133417919,"muscle53":-0.219595924,"muscle54":0.999944329,"muscle55":-1.09020877,"muscle56":-0.527778864,"muscle57":0.63999474,"muscle58":0.639995337,"muscle59":0.553255916,"muscle60":0.288638562,"muscle61":0.77819556,"muscle62":0.77819556,"muscle63":0.665139258,"muscle64":-0.436818033,"muscle65":0.804009378,"muscle66":0.804009378,"muscle67":-1,"muscle68":0.271548122,"muscle69":-2,"muscle70":-1,"muscle71":-1,"muscle72":0.695615292,"muscle73":-2,"muscle74":-1,"muscle75":-1.09020877,"muscle76":-0.527778864,"muscle77":0.63999474,"muscle78":0.639995337,"muscle79":0.553255916,"muscle80":0.288639009,"muscle81":0.778195202,"muscle82":0.778195202,"muscle83":0.665139258,"muscle84":-0.436818033,"muscle85":0.804009378,"muscle86":0.804009557,"muscle87":-1,"muscle88":0.271548212,"muscle89":-1.99999988,"muscle90":-0.99999994,"muscle91":-1,"muscle92":0.695616007,"muscle93":-2.00000095,"muscle94":-0.999999821,"duration":0.217171714},"strings":{},"inTangent":0,"inWeight":0,"outTangent":0,"outWeight":0,"weightedMode":0},{"property":"Muscles","index":2,"time":1.50505054,"ints":{},"floats":{"muscle0":2.77478591E-07,"muscle1":-5.36441974E-07,"muscle2":-7.93866383E-13,"muscle3":-2.13454836E-08,"muscle4":1.62844388E-13,"muscle5":-6.31021982E-13,"muscle6":0,"muscle7":0,"muscle8":0,"muscle9":-5.33609466E-07,"muscle10":-3.14621647E-14,"muscle11":2.68220447E-07,"muscle12":1.00318402E-06,"muscle13":9.36724234E-07,"muscle14":-4.59301049E-07,"muscle15":0,"muscle16":-1.31784475E-06,"muscle17":0,"muscle18":-2.77395998E-07,"muscle19":0,"muscle20":0,"muscle21":0.524232745,"muscle22":-0.0713528767,"muscle23":-0.415075094,"muscle24":0.939663708,"muscle25":0.30982548,"muscle26":0.0397877656,"muscle27":-0.0395608433,"muscle28":1.12591374E-06,"muscle29":0.524231791,"muscle30":-0.0713557824,"muscle31":-0.415077657,"muscle32":0.93966347,"muscle33":0.309828103,"muscle34":0.0397914536,"muscle35":-0.0395100489,"muscle36":3.96204285E-07,"muscle37":-0.499999434,"muscle38":0.0036008365,"muscle39":-0.334087014,"muscle40":0.526738346,"muscle41":-0.290256411,"muscle42":-0.171574071,"muscle43":-0.734922409,"muscle44":0.103213832,"muscle45":0.802778304,"muscle46":-0.499998987,"muscle47":0.0036056363,"muscle48":-0.190828174,"muscle49":0.48186329,"muscle50":-0.413652688,"muscle51":-0.146415308,"muscle52":-0.729884267,"muscle53":0.216110989,"muscle54":0.999736428,"muscle55":-1.83333325,"muscle56":-2,"muscle57":-0.24444443,"muscle58":1,"muscle59":-1,"muscle60":-0.831361532,"muscle61":0.133333385,"muscle62":1,"muscle63":-1,"muscle64":-0.996818304,"muscle65":0.23333329,"muscle66":0.559999943,"muscle67":-1,"muscle68":0.271548361,"muscle69":-1.4666667,"muscle70":-0.800000012,"muscle71":-1,"muscle72":0.228948832,"muscle73":-1.60000002,"muscle74":-0.519999981,"muscle75":-1.83311307,"muscle76":-1.99956501,"muscle77":-0.244182989,"muscle78":0.999893963,"muscle79":-0.999539912,"muscle80":-0.831031084,"muscle81":0.133524179,"muscle82":0.999934494,"muscle83":-0.99950856,"muscle84":-0.996648669,"muscle85":0.233501732,"muscle86":0.560071409,"muscle87":-1,"muscle88":0.271549821,"muscle89":-1.46682358,"muscle90":-0.800056756,"muscle91":-1,"muscle92":0.229087517,"muscle93":-1.60011852,"muscle94":-0.520141542,"duration":1.01010096,"muscle-1":1},"strings":{"interpolation":"default"},"inTangent":0,"inWeight":0,"outTangent":0,"outWeight":0,"weightedMode":0},{"property":"Left Hand Configuration","index":1,"time":0.989899039,"ints":{"hash":-931436544},"floats":{"duration":0.217171714},"strings":{"name":"3_polegar"},"inTangent":0,"inWeight":0,"outTangent":0,"outWeight":0,"weightedMode":0},{"property":"Left Hand Configuration","index":2,"time":1.50505054,"ints":{"hash":-1423181824},"floats":{"duration":1.01010096},"strings":{"name":"bico de p\u00E1ssaro 2 dedos"},"inTangent":0,"inWeight":0,"outTangent":0,"outWeight":0,"weightedMode":0},{"property":"Right Hand Configuration","index":1,"time":0.989899039,"ints":{"hash":-1503515648},"floats":{"duration":0.217171714},"strings":{"name":"3_polegar"},"inTangent":0,"inWeight":0,"outTangent":0,"outWeight":0,"weightedMode":0},{"property":"Right Hand Configuration","index":2,"time":1.50505054,"ints":{"hash":-1995260928},"floats":{"duration":1.01010096},"strings":{"name":"bico de p\u00E1ssaro 2 dedos"},"inTangent":0,"inWeight":0,"outTangent":0,"outWeight":0,"weightedMode":0},{"property":"Facial Expression","index":1,"time":0.989899039,"ints":{},"floats":{},"strings":{"faceName":"Neutra"},"inTangent":0,"inWeight":0,"outTangent":0,"outWeight":0,"weightedMode":0},{"property":"Facial Expression","index":2,"time":1.50505054,"ints":{},"floats":{},"strings":{"faceName":"Neutra"},"inTangent":0,"inWeight":0,"outTangent":0,"outWeight":0,"weightedMode":0}]},{"properties":["Face Animation Neutra"],"loops":false,"keyFrames":[{"property":"Face Animation Neutra","index":0,"time":0,"ints":{},"floats":{"girl_head_.blendShape.mClose":100,"girl_head_.blendShape.A":0,"girl_head_.blendShape.Cons":0,"girl_head_.blendShape.Fv":0,"girl_head_.blendShape.mLSide":0,"girl_head_.blendShape.mLSideUp":0,"girl_head_.blendShape.mRSide":0,"girl_head_.blendShape.mRSideUp":0,"girl_head_.blendShape.O":0,"girl_head_.blendShape.smile":0,"girl_head_.blendShape.U":0,"girl_hair.blendShape.cheek1":0,"girl_hair.blendShape.cheek2":0,"girl_hair.blendShape.cheek3":0,"girl_head_.blendShape.Bmp":0,"girl_head_.blendShape.E":0,"girl_head_.blendShape.F001":0,"girl_head_.blendShape.F003":0,"girl_head_.blendShape.F005":0,"girl_head_.blendShape.F006":0,"girl_head_.blendShape.F007":0,"girl_head_.blendShape.F007left":0,"girl_head_.blendShape.F008":0,"girl_head_.blendShape.F017":0,"girl_head_.blendShape.F019":0,"girl_head_.blendShape.F024":0,"girl_head_.blendShape.F031":0,"girl_head_.blendShape.LEyeBMad":0,"girl_head_.blendShape.LEyeClose":0,"girl_head_.blendShape.LEyeLidUp":0,"girl_head_.blendShape.LEyeMad":0,"girl_head_.blendShape.LEyeSad":0,"girl_head_.blendShape.LeyeBUp":0,"girl_head_.blendShape.mSad":0,"girl_head_.blendShape.REyeBMad":0,"girl_head_.blendShape.REyeClose":0,"girl_head_.blendShape.REyeLidUp":0,"girl_head_.blendShape.REyeMad":0,"girl_head_.blendShape.REyeSad":0,"girl_head_.blendShape.ReyeBSad":0,"girl_head_.blendShape.ReyeBUp":0,