{"animTracks":[{"properties":["Right Hand Configuration","Left Hand Configuration","Muscles"],"loops":false,"keyFrames":[{"property":"Muscles","index":1,"time":1,"ints":{},"floats":{"muscle0":2.77478591E-07,"muscle1":-5.36441974E-07,"muscle2":-7.93866383E-13,"muscle3":-2.13454836E-08,"muscle4":1.62844388E-13,"muscle5":-6.31021982E-13,"muscle6":0,"muscle7":0,"muscle8":0,"muscle9":2.13434017E-08,"muscle10":5.90683237E-14,"muscle11":2.68220845E-07,"muscle12":2.34787919E-07,"muscle13":5.78708523E-07,"muscle14":-2.2680203E-07,"muscle15":-0.324147046,"muscle16":-1.31784475E-06,"muscle17":-0.324148148,"muscle18":-2.77395998E-07,"muscle19":0,"muscle20":0,"muscle21":0.527684152,"muscle22":-0.0759823099,"muscle23":-0.588656127,"muscle24":0.953825772,"muscle25":0.425628841,"muscle26":0.042562589,"muscle27":-0.0481424928,"muscle28":4.42761603E-07,"muscle29":0.527683556,"muscle30":-0.0759852156,"muscle31":-0.588660777,"muscle32":0.953825891,"muscle33":0.425632775,"muscle34":0.0425663367,"muscle35":-0.0480918102,"muscle36":3.96204285E-07,"muscle37":-0.499999821,"muscle38":0.00360197015,"muscle39":-0.609550238,"muscle40":0.312121361,"muscle41":-0.0392375663,"muscle42":-0.25358507,"muscle43":0.0846729055,"muscle44":-0.015839668,"muscle45":0.0202495288,"muscle46":-0.499999195,"muscle47":0.0036051874,"muscle48":-0.62447542,"muscle49":0.272901893,"muscle50":-0.00858622324,"muscle51":-0.393312752,"muscle52":-0.706750035,"muscle53":-0.0158378035,"muscle54":0.0202558991,"muscle55":-0.244445026,"muscle56":0.138887838,"muscle57":0.6399948,"muscle58":0.639995277,"muscle59":-0.999999404,"muscle60":-0.706916392,"muscle61":-2.00000072,"muscle62":0.999999702,"muscle63":-1,"muscle64":-1.39999866,"muscle65":-2,"muscle66":0.999999702,"muscle67":-0.99999994,"muscle68":0.27154842,"muscle69":-2.00000095,"muscle70":0.999999404,"muscle71":-0.999999881,"muscle72":-0.113273934,"muscle73":-1.99999964,"muscle74":1,"muscle75":-0.244444758,"muscle76":0.138888434,"muscle77":0.63999474,"muscle78":0.639995337,"muscle79":-0.999999404,"muscle80":-0.706916511,"muscle81":-2,"muscle82":0.99999994,"muscle83":-0.999999583,"muscle84":-1.3999989,"muscle85":-2.00000095,"muscle86":0.999999702,"muscle87":-1,"muscle88":0.271548212,"muscle89":-1.99999988,"muscle90":0.999998808,"muscle91":-1,"muscle92":-0.113273993,"muscle93":-2.00000095,"muscle94":1},"strings":{}},{"property":"Muscles","index":2,"time":1.52020192,"ints":{},"floats":{"muscle0":2.20384518E-12,"muscle1":-5.36441974E-07,"muscle2":1.42488831E-13,"muscle3":-2.13454836E-08,"muscle4":1.62844388E-13,"muscle5":-6.31021982E-13,"muscle6":0,"muscle7":0,"muscle8":0,"muscle9":2.13434017E-08,"muscle10":5.90683237E-14,"muscle11":2.68220845E-07,"muscle12":5.12264251E-07,"muscle13":8.51542779E-07,"muscle14":-4.65062925E-07,"muscle15":-0.324147046,"muscle16":-1.31784475E-06,"muscle17":-0.324148268,"muscle18":-1.58908722E-06,"muscle19":0,"muscle20":0,"muscle21":0.524232507,"muscle22":-0.0713505447,"muscle23":-0.415075451,"muscle24":0.939663708,"muscle25":0.309825391,"muscle26":0.0397880152,"muscle27":-0.0395650566,"muscle28":1.12591374E-06,"muscle29":0.524231851,"muscle30":-0.0713560879,"muscle31":-0.415079147,"muscle32":0.939663708,"muscle33":0.309829026,"muscle34":0.0397917256,"muscle35":-0.0395093746,"muscle36":3.96204285E-07,"muscle37":-0.499999821,"muscle38":0.00360197015,"muscle39":-0.609736085,"muscle40":0.31215021,"muscle41":-0.0391184762,"muscle42":-0.253603488,"muscle43":0.0845764279,"muscle44":-0.015972089,"muscle45":0.0202779174,"muscle46":-0.499998987,"muscle47":0.0036056363,"muscle48":-0.638137341,"muscle49":0.277654499,"muscle50":-0.0246612839,"muscle51":-0.312115371,"muscle52":-0.416794419,"muscle53":-0.0158254039,"muscle54":0.0205632728,"muscle55":-0.244445026,"muscle56":0.138887838,"muscle57":0.639995098,"muscle58":0.639995277,"muscle59":-0.999999404,"muscle60":-0.706916392,"muscle61":-2.00000095,"muscle62":0.999999702,"muscle63":-1,"muscle64":-1.39999878,"muscle65":-2.00000072,"muscle66":0.999999702,"muscle67":-0.99999994,"muscle68":0.27154842,"muscle69":-2.00000095,"muscle70":0.999999404,"muscle71":-0.999999881,"muscle72":-0.113273934,"muscle73":-1.99999964,"muscle74":1,"muscle75":-0.244444758,"muscle76":0.138888434,"muscle77":0.63999474,"muscle78":0.639995337,"muscle79":-0.999999404,"muscle80":-0.706916511,"muscle81":-2,"muscle82":0.99999994,"muscle83":-0.999999583,"muscle84":-1.3999989,"muscle85":-2.00000095,"muscle86":0.999999702,"muscle87":-1,"muscle88":0.271546841,"muscle89":-1.99999988,"muscle90":0.999998808,"muscle91":-1,"muscle92":-0.113273993,"muscle93":-2.00000095,"muscle94":1,"duration":0},"strings":{}},{"property":"Muscles","index":3,"time":2.00505042,"ints":{},"floats":{"muscle0":2.24928734E-12,"muscle1":-2.84977662E-13,"muscle2":3.4604432E-13,"muscle3":-2.13454836E-08,"muscle4":1.62844388E-13,"muscle5":-6.31021982E-13,"muscle6":0,"muscle7":0,"muscle8":0,"muscle9":2.13433218E-08,"muscle10":6.10666438E-14,"muscle11":-1.5266661E-14,"muscle12":1.60082763E-07,"muscle13":-3.48565905E-08,"muscle14":-1.15892016E-08,"muscle15":-0.324147046,"muscle16":-1.31784475E-06,"muscle17":-0.324148148,"muscle18":-2.77395998E-07,"muscle19":0,"muscle20":0,"muscle21":0.524232745,"muscle22":-0.0713517815,"muscle23":-0.415073812,"muscle24":0.939663887,"muscle25":0.309865117,"muscle26":-0.0509061441,"muscle27":0.0511483625,"muscle28":1.12591374E-06,"muscle29":0.524231613,"muscle30":-0.0713548809,"muscle31":-0.415078759,"muscle32":0.93966341,"muscle33":0.309869349,"muscle34":-0.0508557968,"muscle35":0.0511515811,"muscle36":3.96204285E-07,"muscle37":-0.500000656,"muscle38":0.00360196223,"muscle39":-0.609720767,"muscle40":0.312131077,"muscle41":-0.0391496234,"muscle42":-0.253417939,"muscle43":0.0846180841,"muscle44":-0.0159717612,"muscle45":0.0202860888,"muscle46":-0.499998987,"muscle47":0.0036056363,"muscle48":-0.624642372,"muscle49":0.272916108,"muscle50":-0.00852707587,"muscle51":-0.393126309,"muscle52":-0.706672728,"muscle53":-0.0158950854,"muscle54":0.0200209469,"muscle55":-0.244408488,"muscle56":0.138867736,"muscle57":0.639900923,"muscle58":0.639900804,"muscle59":-0.999852002,"muscle60":-0.706811428,"muscle61":-1.99970627,"muscle62":0.999851763,"muscle63":-0.999852419,"muscle64":-1.39979279,"muscle65":-1.99970448,"muscle66":0.999851763,"muscle67":-0.999852419,"muscle68":-0.113256328,"muscle69":-1.99970484,"muscle70":0.999852538,"muscle71":-0.999852419,"muscle72":0.271508247,"muscle73":-1.99970615,"muscle74":0.999851882,"muscle75":-0.244408235,"muscle76":0.138868213,"muscle77":0.639900088,"muscle78":0.639900744,"muscle79":-0.999851942,"muscle80":-0.706811368,"muscle81":-1.99970484,"muscle82":0.999852598,"muscle83":-0.999851882,"muscle84":-1.39979267,"muscle85":-1.99970627,"muscle86":0.999851942,"muscle87":-0.99985224,"muscle88":0.271508127,"muscle89":-1.9997046,"muscle90":0.999850929,"muscle91":-0.999852359,"muscle92":-0.113257922,"muscle93":-1.99970615,"muscle94":0.999852717,"duration":0},"strings":{}},{"property":"Muscles","index":4,"time":2.5151515,"ints":{},"floats":{"muscle0":2.24928734E-12,"muscle1":-2.84977662E-13,"muscle2":3.4604432E-13,"muscle3":-2.13454836E-08,"muscle4":1.62844388E-13,"muscle5":-6.31021982E-13,"muscle6":0,"muscle7":0,"muscle8":0,"muscle9":2.13433218E-08,"muscle10":6.10666438E-14,"muscle11":-1.5266661E-14,"muscle12":1.60082763E-07,"muscle13":-3.48565905E-08,"muscle14":-1.15892016E-08,"muscle15":-0.324147046,"muscle16":-1.31784475E-06,"muscle17":-0.324148953,"muscle18":-1.76044443E-06,"muscle19":0,"muscle20":0,"muscle21":0.522006392,"muscle22":-0.0674830675,"muscle23":-0.308530629,"muscle24":0.930871308,"muscle25":0.238643557,"muscle26":-0.0412558392,"muscle27":0.0468770564,"muscle28":1.53612518E-06,"muscle29":0.522005677,"muscle30":-0.0674873367,"muscle31":-0.308530807,"muscle32":0.930871129,"muscle33":0.238644868,"muscle34":-0.0411999151,"muscle35":0.0468791276,"muscle36":3.96204285E-07,"muscle37":-0.500000656,"muscle38":0.00360196223,"muscle39":-0.609920561,"muscle40":0.312176019,"muscle41":-0.0389987193,