{"animTracks":[{"properties":["Right Hand Configuration","Left Hand Configuration","Muscles"],"keyFrames":[{"property":"Muscles","index":1,"time":1,"ints":{},"floats":{"muscle0":2.77478591E-07,"muscle1":-5.36441974E-07,"muscle2":-7.93866383E-13,"muscle3":-2.13454836E-08,"muscle4":1.62844388E-13,"muscle5":-6.31021982E-13,"muscle6":0,"muscle7":0,"muscle8":0,"muscle9":2.13434017E-08,"muscle10":5.90683237E-14,"muscle11":2.68220845E-07,"muscle12":2.34787919E-07,"muscle13":5.78708523E-07,"muscle14":-2.2680203E-07,"muscle15":-0.324147463,"muscle16":-1.84561559E-05,"muscle17":-0.324148268,"muscle18":-1.65786478E-05,"muscle19":0,"muscle20":0,"muscle21":0.527684152,"muscle22":-0.0759823099,"muscle23":-0.588656127,"muscle24":0.953825772,"muscle25":0.425628841,"muscle26":0.042562589,"muscle27":-0.0481424928,"muscle28":4.42761603E-07,"muscle29":0.527683556,"muscle30":-0.0759852156,"muscle31":-0.588660777,"muscle32":0.953825891,"muscle33":0.425632775,"muscle34":0.0425663367,"muscle35":-0.0480918102,"muscle36":3.96204285E-07,"muscle37":-0.499999821,"muscle38":0.00360197015,"muscle39":-0.512595832,"muscle40":0.210587695,"muscle41":-0.16981034,"muscle42":0.992770672,"muscle43":0.268193841,"muscle44":-0.015839668,"muscle45":0.0202495288,"muscle46":-0.499999195,"muscle47":0.0036051874,"muscle48":0.0586920604,"muscle49":-0.0769125894,"muscle50":0.601924419,"muscle51":-0.729272485,"muscle52":0.266746491,"muscle53":-0.347598612,"muscle54":0.625675917,"muscle55":-1.36603785E-06,"muscle56":1.36603731E-07,"muscle57":2.95390468E-08,"muscle58":4.26886757E-08,"muscle59":-2.54444197E-16,"muscle60":1.70754674E-07,"muscle61":-6.07127845E-07,"muscle62":7.58909806E-08,"muscle63":6.83018797E-08,"muscle64":-2.27672942E-07,"muscle65":0,"muscle66":-5.52179507E-19,"muscle67":-3.4150947E-08,"muscle68":-5.69182426E-08,"muscle69":-1.51781947E-07,"muscle70":-7.58909806E-08,"muscle71":-3.41509363E-08,"muscle72":4.26886722E-08,"muscle73":-7.58909735E-08,"muscle74":-7.58909735E-08,"muscle75":-0.999999166,"muscle76":-1.99999976,"muscle77":-0.999999762,"muscle78":-0.537782371,"muscle79":0.11111103,"muscle80":-0.675805032,"muscle81":0.733332872,"muscle82":0.733332872,"muscle83":-0.999999583,"muscle84":-1.3999989,"muscle85":-2.00000095,"muscle86":0.99999994,"muscle87":-1,"muscle88":0.271548212,"muscle89":-1.99999988,"muscle90":0.999999344,"muscle91":-1,"muscle92":-0.113273993,"muscle93":-2.00000095,"muscle94":1},"strings":{}},{"property":"Muscles","index":3,"time":1.64141405,"ints":{},"floats":{"muscle0":2.20384518E-12,"muscle1":-5.36441974E-07,"muscle2":1.42488831E-13,"muscle3":-2.13454836E-08,"muscle4":1.62844388E-13,"muscle5":-6.31021982E-13,"muscle6":0,"muscle7":0,"muscle8":0,"muscle9":-5.33609466E-07,"muscle10":-3.14621647E-14,"muscle11":2.68220447E-07,"muscle12":1.57948114E-06,"muscle13":1.19227047E-06,"muscle14":-4.42013658E-07,"muscle15":-0.324147463,"muscle16":-1.84561559E-05,"muscle17":-0.324148268,"muscle18":-1.65786478E-05,"muscle19":0,"muscle20":0,"muscle21":0.520543098,"muscle22":-0.0643698499,"muscle23":-0.236130238,"muscle24":0.924839258,"muscle25":0.190131858,"muscle26":0.0370263346,"muscle27":-0.0268615689,"muscle28":2.01463877E-06,"muscle29":0.520543277,"muscle30":-0.0643897206,"muscle31":-0.236126363,"muscle32":0.92483896,"muscle33":0.190134481,"muscle34":0.0370304212,"muscle35":-0.0267779566,"muscle36":9.43019529E-07,"muscle37":-0.499999821,"muscle38":0.00360197015,"muscle39":-0.516915441,"muscle40":0.211185485,"muscle41":-0.0540156104,"muscle42":0.984187365,"muscle43":0.152996182,"muscle44":-0.0189225655,"muscle45":0.0221469868,"muscle46":-0.499997169,"muscle47":0.00360632851,"muscle48":-0.0313189141,"muscle49":0.0113475984,"muscle50":0.781685233,"muscle51":-0.729075432,"muscle52":0.260010779,"muscle53":-0.489183754,"muscle54":0.613450587,"muscle55":-1.36603785E-06,"muscle56":1.36603731E-07,"muscle57":2.95390468E-08,"muscle58":4.26886757E-08,"muscle59":-2.54444197E-16,"muscle60":1.70754674E-07,"muscle61":-6.07127845E-07,"muscle62":7.58909806E-08,"muscle63":6.83018797E-08,"muscle64":-2.27672942E-07,"muscle65":0,"muscle66":-5.52179507E-19,"muscle67":-4.78113236E-07,"muscle68":1.48425888E-14,"muscle69":-6.07127788E-07,"muscle70":-7.58909806E-08,"muscle71":-3.41509363E-08,"muscle72":4.26886722E-08,"muscle73":-7.58909735E-08,"muscle74":-7.58909735E-08,"muscle75":-0.999999166,"muscle76":-1.99999976,"muscle77":-0.999999464,"muscle78":-0.537782371,"muscle79":0.11111103,"muscle80":-0.675805032,"muscle81":0.733332872,"muscle82":0.733332932,"muscle83":-1,"muscle84":-1.39999866,"muscle85":-2.00000095,"muscle86":0.99999994,"muscle87":-1,"muscle88":0.271548212,"muscle89":-1.99999988,"muscle90":0.999999344,"muscle91":-1,"muscle92":-0.113273993,"muscle93":-2.00000072,"muscle94":1,"duration":0},"strings":{}},{"property":"Left Hand Configuration","index":1,"time":1,"ints":{"hash":942159872},"floats":{},"strings":{"name":"-"}},{"property":"Left Hand Configuration","index":3,"time":1.64141405,"ints":{"hash":79667200},"floats":{"duration":0},"strings":{"name":"-"}},{"property":"Right Hand Configuration","index":1,"time":1,"ints":{"hash":370080768},"floats":{},"strings":{"name":"INDICAR_V1"}},{"property":"Right Hand Configuration","index":3,"time":1.64141405,"ints":{"hash":-492411904},"floats":{"duration":0},"strings":{"name":"INDICAR_V1"}}]}],"version":2,"globalSpeed":1,"globalRepetitions":3}
