{"animTracks":[{"properties":["Right Hand Configuration","Left Hand Configuration","Muscles","Facial Expression"],"loops":false,"keyFrames":[{"property":"Muscles","index":1,"time":1,"ints":{},"floats":{"muscle0":2.77478591E-07,"muscle1":-5.36441974E-07,"muscle2":-7.93866383E-13,"muscle3":-2.13454836E-08,"muscle4":1.62844388E-13,"muscle5":-6.31021982E-13,"muscle6":0,"muscle7":0,"muscle8":0,"muscle9":2.13434017E-08,"muscle10":5.90683237E-14,"muscle11":2.68220845E-07,"muscle12":2.34787919E-07,"muscle13":5.78708523E-07,"muscle14":-2.2680203E-07,"muscle15":-0.324147046,"muscle16":-1.31784475E-06,"muscle17":-0.324148148,"muscle18":-2.77395998E-07,"muscle19":0,"muscle20":0,"muscle21":0.527684152,"muscle22":-0.0759823099,"muscle23":-0.588656127,"muscle24":0.953825772,"muscle25":0.425628841,"muscle26":0.042562589,"muscle27":-0.0481424928,"muscle28":4.42761603E-07,"muscle29":0.527683556,"muscle30":-0.0759852156,"muscle31":-0.588660777,"muscle32":0.953825891,"muscle33":0.425632775,"muscle34":0.0425663367,"muscle35":-0.0480918102,"muscle36":3.96204285E-07,"muscle37":-0.499999821,"muscle38":0.00360197015,"muscle39":-0.600590527,"muscle40":0.221862316,"muscle41":-0.138544247,"muscle42":0.156738162,"muscle43":-0.730284035,"muscle44":-1.00005257,"muscle45":0.419130176,"muscle46":-0.499999195,"muscle47":0.0036051874,"muscle48":-0.620908737,"muscle49":0.176386908,"muscle50":-0.127657548,"muscle51":0.219847888,"muscle52":-0.552601039,"muscle53":-0.999740005,"muscle54":0.767389357,"muscle55":-1.39999914,"muscle56":-1.76666713,"muscle57":0.644444346,"muscle58":0.111111239,"muscle59":0.977777541,"muscle60":-0.986916423,"muscle61":-1,"muscle62":-0.119999811,"muscle63":-1.00000012,"muscle64":-1.11999869,"muscle65":-1.33333337,"muscle66":-0.200000316,"muscle67":-1.00000036,"muscle68":-1.39999855,"muscle69":-1.26666641,"muscle70":-0.400000602,"muscle71":-1.00000012,"muscle72":-0.579940677,"muscle73":-0.99999994,"muscle74":-0.800000131,"muscle75":-1.39999926,"muscle76":-1.76666677,"muscle77":0.644444346,"muscle78":0.111111112,"muscle79":0.977777183,"muscle80":-0.986916542,"muscle81":-1.00000012,"muscle82":-0.119999856,"muscle83":-1,"muscle84":-1.11999893,"muscle85":-1.33333313,"muscle86":-0.200000286,"muscle87":-0.999999821,"muscle88":-1.39999831,"muscle89":-1.26666582,"muscle90":-0.400000572,"muscle91":-1.00000012,"muscle92":-0.579940677,"muscle93":-0.999999702,"muscle94":-0.800000131,"duration":0.212121218},"strings":{},"inTangent":0,"inWeight":0,"outTangent":0,"outWeight":0,"weightedMode":0},{"property":"Muscles","index":2,"time":1.99999988,"ints":{},"floats":{"muscle0":2.24928734E-12,"muscle1":-2.84977662E-13,"muscle2":3.4604432E-13,"muscle3":-2.13454836E-08,"muscle4":1.62844388E-13,"muscle5":-6.31021982E-13,"muscle6":0,"muscle7":0,"muscle8":0,"muscle9":2.13433218E-08,"muscle10":6.10666438E-14,"muscle11":-1.5266661E-14,"muscle12":-3.52181388E-07,"muscle13":-2.42049794E-07,"muscle14":-1.11177293E-07,"muscle15":-0.324149996,"muscle16":-1.31784475E-06,"muscle17":-0.324149996,"muscle18":-1.58908722E-06,"muscle19":0,"muscle20":0,"muscle21":0.524232924,"muscle22":-0.0713516027,"muscle23":-0.415075153,"muscle24":0.939663708,"muscle25":0.309866011,"muscle26":-0.0509062111,"muscle27":0.0511472672,"muscle28":2.3772256E-07,"muscle29":0.524232388,"muscle30":-0.0713547915,"muscle31":-0.415077776,"muscle32":0.939663708,"muscle33":0.309868574,"muscle34":-0.0508562438,"muscle35":0.0511518121,"muscle36":3.96204285E-07,"muscle37":-0.499999821,"muscle38":0.00360197015,"muscle39":-0.400958419,"muscle40":0.429986387,"muscle41":-0.123387799,"muscle42":-0.132708833,"muscle43":-0.734608531,"muscle44":-1.000018,"muscle45":0.418252707,"muscle46":-0.499999195,"muscle47":0.0036051874,"muscle48":-0.360495001,"muscle49":0.395129144,"muscle50":-0.0875291303,"muscle51":-0.113210112,"muscle52":-0.557593167,"muscle53":-0.999878585,"muscle54":0.766215146,"muscle55":-1.39979231,"muscle56":-1.76640654,"muscle57":0.644349039,"muscle58":0.111094587,"muscle59":0.977633297,"muscle60":-0.986770928,"muscle61":-0.999852777,"muscle62":-0.119982257,"muscle63":-0.999852419,"muscle64":-1.11983299,"muscle65":-1.33313644,"muscle66":-0.199970528,"muscle67":-0.999851882,"muscle68":-0.579854846,"muscle69":-0.999852538,"muscle70":-0.799882352,"muscle71":-0.999852896,"muscle72":-1.39979231,"muscle73":-1.26648009,"muscle74":-0.399941474,"muscle75":-1.39979255,"muscle76":-1.76640558,"muscle77":0.644349098,"muscle78":0.111094274,"muscle79":0.977633059,"muscle80":-0.986770749,"muscle81":-0.999852598,"muscle82":-0.11998222,"muscle83":-0.999852419,"muscle84":-1.11983287,"muscle85":-1.33313632,"muscle86":-0.199970797,"muscle87":-0.999852359,"muscle88":-1.39979255,"muscle89":-1.26647866,"muscle90":-0.399941474,"muscle91":-0.999852359,"muscle92":-0.579854965,"muscle93":-0.999852419,"muscle94":-0.799882114,"duration":0.272727281,"muscle-1":1},"strings":{},"inTangent":0,"inWeight":0,"outTangent":0,"outWeight":0,"weightedMode":0},{"property":"Left Hand Configuration","index":1,"time":1,"ints":{"hash":-340203520},"floats":{"duration":0.212121218},"strings":{"name":"Garra_Indicadorpolegar"},"inTangent":0,"inWeight":0,"outTangent":0,"outWeight":0,"weightedMode":0},{"property":"Left Hand Configuration","index":2,"time":1.99999988,"ints":{"hash":-860540928},"floats":{"duration":0.272727281},"strings":{"name":"Garra_Indicadorpolegar"},"inTangent":0,"inWeight":0,"outTangent":0,"outWeight":0,"weightedMode":0},{"property":"Right Hand Configuration","index":1,"time":1,"ints":{"hash":-912282624},"floats":{"duration":0.212121218},"strings":{"name":"Garra_Indicadorpolegar"},"inTangent":0,"inWeight":0,"outTangent":0,"outWeight":0,"weightedMode":0},{"property":"Right Hand Configuration","index":2,"time":1.99999988,"ints":{"hash":-1432620032},"floats":{"duration":0.272727281},"strings":{"name":"Garra_Indicadorpolegar"},"inTangent":0,"inWeight":0,"outTangent":0,"outWeight":0,"weightedMode":0},{"property":"Facial Expression","index":1,"time":1,"ints":{},"floats":{},"strings":{"faceName":"Neutra"},"inTangent":0,"inWeight":0,"outTangent":0,"outWeight":0,"weightedMode":0},{"property":"Facial Expression","index":2,"time":1.99999988,"ints":{},"floats":{},"strings":{"faceName":"Neutra"},"inTangent":0,"inWeight":0,"outTangent":0,"outWeight":0,"weightedMode":0}]},{"properties":["Face Animation Neutra"],"loops":false,"keyFrames":[{"property":"Face Animation Neutra","index":0,"time":0,"ints":{},"floats":{"girl_head_.blendShape.mClose":100,"girl_head_.blendShape.A":0,"girl_head_.blendShape.Cons":0,"girl_head_.blendShape.Fv":0,"girl_head_.blendShape.mLSide":0,"girl_head_.blendShape.mLSideUp":0,"girl_head_.blendShape.mRSide":0,"girl_head_.blendShape.mRSideUp":0,"girl_head_.blendShape.O":0,"girl_head_.blendShape.smile":0,"girl_head_.blendShape.U":0,"girl_hair.blendShape.cheek1":0,"girl_hair.blendShape.cheek2":0,"girl_hair.blendShape.cheek3":0,"girl_head_.blendShape.Bmp":0,"girl_head_.blendShape.E":0,"girl_head_.blendShape.F001":0,"girl_head_.blendShape.F003":0,"girl_head_.blendShape.F005":0,"girl_head_.blendShape.F006":0,"girl_head_.blendShape.F007":0,"girl_head_.blendShape.F007left":0,"girl_head_.blendShape.F008":0,"girl_head_.blendShape.F017":0,"girl_head_.blendShape.F019":0,"girl_head_.blendShape.F024":0,"girl_head_.blendShape.F031":0,"girl_head_.blendShape.LEyeBMad":0,"girl_head_.blendShape.LEyeClose":0,"girl_head_.blendShape.LEyeLidUp":0,"girl_head_.blendShape.LEyeMad":0,"girl_head_.blendShape.LEyeSad":0,"girl_head_.blendShape.LeyeBUp":0,"girl_head_.blendShape.mSad":0,"girl_head_.blendShape.REyeBMad":0,"girl_head_.blendShape.REyeClose":0,"girl_head_.blendShape.REyeLidUp":0,"girl_head_.blendShape.REyeMad":0,"girl_head_.blendShape.REyeSad":0,"girl_head_.blendShape.ReyeBSad":0,"girl_head_.blendShape.ReyeBUp":0,