{"animTracks":[{"properties":["Right Hand Configuration","Left Hand Configuration","Muscles"],"loops":false,"keyFrames":[{"property":"Muscles","index":1,"time":1.0100987,"ints":{},"floats":{"muscle0":1.68012078E-12,"muscle1":2.68220788E-07,"muscle2":-5.36441689E-07,"muscle3":-2.13454836E-08,"muscle4":1.62844388E-13,"muscle5":-6.31021982E-13,"muscle6":0,"muscle7":0,"muscle8":0,"muscle9":2.13434017E-08,"muscle10":5.90683237E-14,"muscle11":2.68220845E-07,"muscle12":1.2806629E-07,"muscle13":-6.62201899E-07,"muscle14":-2.25171377E-07,"muscle15":-0.324147046,"muscle16":-1.31784475E-06,"muscle17":-0.324148268,"muscle18":-1.58908722E-06,"muscle19":0,"muscle20":0,"muscle21":0.518870354,"muscle22":-0.0599295348,"muscle23":-0.145389035,"muscle24":0.917207062,"muscle25":0.129299656,"muscle26":0.0538964123,"muscle27":-0.0368424132,"muscle28":8.5270625E-07,"muscle29":0.518867254,"muscle30":-0.0599327236,"muscle31":-0.145392105,"muscle32":0.917207181,"muscle33":0.129303053,"muscle34":0.0539005436,"muscle35":-0.036792431,"muscle36":3.96204285E-07,"muscle37":-0.500002503,"muscle38":0.00360196247,"muscle39":0.74307102,"muscle40":0.115161255,"muscle41":0.796193898,"muscle42":-0.0865390301,"muscle43":1.19998276,"muscle44":-0.0697315037,"muscle45":-0.118128017,"muscle46":-0.499999881,"muscle47":0.00360358274,"muscle48":0.0977794006,"muscle49":-0.0113449721,"muscle50":-0.223232716,"muscle51":-0.625130117,"muscle52":0.487082064,"muscle53":-0.407639116,"muscle54":0.0600568987,"muscle55":-0.15685989,"muscle56":0.505505085,"muscle57":0.639930964,"muscle58":0.639931262,"muscle59":0.553200185,"muscle60":0.288609654,"muscle61":0.778117716,"muscle62":0.778117597,"muscle63":0.665072739,"muscle64":-0.436775059,"muscle65":0.803928733,"muscle66":0.803929269,"muscle67":0.578058243,"muscle68":0.69554621,"muscle69":0.811277151,"muscle70":0.811277151,"muscle71":0.64088887,"muscle72":0.271520972,"muscle73":0.810853124,"muscle74":0.810853124,"muscle75":-0.157042354,"muscle76":0.505054772,"muscle77":0.639666796,"muscle78":0.6397596,"muscle79":0.553229332,"muscle80":0.288439423,"muscle81":0.778240025,"muscle82":0.778239787,"muscle83":0.664806485,"muscle84":-0.437006861,"muscle85":0.803449273,"muscle86":0.804048836,"muscle87":0.64062494,"muscle88":0.271548212,"muscle89":0.810371816,"muscle90":0.810971856,"muscle91":0.577800333,"muscle92":0.69545269,"muscle93":0.810796499,"muscle94":0.811395645,"duration":0.0808080807},"strings":{}},{"property":"Muscles","index":5,"time":2.21562004,"ints":{},"floats":{"muscle0":2.24928734E-12,"muscle1":-2.84977662E-13,"muscle2":3.4604432E-13,"muscle3":-2.13454836E-08,"muscle4":1.62844388E-13,"muscle5":-6.31021982E-13,"muscle6":0,"muscle7":0,"muscle8":0,"muscle9":2.13433218E-08,"muscle10":6.10666438E-14,"muscle11":-1.5266661E-14,"muscle12":8.5377593E-08,"muscle13":-1.87934987E-07,"muscle14":-2.78662043E-07,"muscle15":-0.324147046,"muscle16":-1.31784475E-06,"muscle17":-0.324148268,"muscle18":-1.58908722E-06,"muscle19":0,"muscle20":0,"muscle21":0.517556071,"muscle22":-0.0552088991,"muscle23":-0.0606983751,"muscle24":0.910007298,"muscle25":0.0723967925,"muscle26":-0.0331432112,"muscle27":0.0578426868,"muscle28":1.94607014E-06,"muscle29":0.517554164,"muscle30":-0.0552102104,"muscle31":-0.0607042238,"muscle32":0.910007894,"muscle33":0.0724014267,"muscle34":-0.0330903977,"muscle35":0.0578418896,"muscle36":3.96204285E-07,"muscle37":-0.500003576,"muscle38":0.00360171217,"muscle39":0.648056328,"muscle40":0.117197618,"muscle41":0.75805974,"muscle42":-0.253076285,"muscle43":1.20014286,"muscle44":-0.0113720121,"muscle45":-0.109922573,"muscle46":-0.499999195,"muscle47":0.00360428216,"muscle48":0.158308029,"muscle49":0.144864112,"muscle50":-0.399031758,"muscle51":-0.561687946,"muscle52":0.48991856,"muscle53":-0.4084391,"muscle54":0.0617176332,"muscle55":-0.15685989,"muscle56":0.505505085,"muscle57":0.639930964,"muscle58":0.639931262,"muscle59":0.553200185,"muscle60":0.288609654,"muscle61":0.778117597,"muscle62":0.778117597,"muscle63":0.665072739,"muscle64":-0.436775059,"muscle65":0.803927898,"muscle66":0.803928256,"muscle67":0.640888333,"muscle68":0.271521062,"muscle69":0.810853004,"muscle70":0.810852706,"muscle71":0.578058362,"muscle72":0.69554621,"muscle73":0.811277092,"muscle74":0.811276793,"muscle75":-0.157042354,"muscle76":0.505054772,"muscle77":0.639666796,"muscle78":0.6397596,"muscle79":0.553229332,"muscle80":0.288439423,"muscle81":0.778240025,"muscle82":0.778239787,"muscle83":0.664806485,"muscle84":-0.437006861,"muscle85":0.803449333,"muscle86":0.804048836,"muscle87":0.64062494,"muscle88":0.271548212,"muscle89":0.810371816,"muscle90":0.810971856,"muscle91":0.577800333,"muscle92":0.69545269,"muscle93":0.810796499,"muscle94":0.811395645,"duration":0.0808080807},"strings":{}},{"property":"Muscles","index":4,"time":1.91918993,"ints":{},"floats":{"muscle0":-5.33606737E-07,"muscle1":2.68220845E-07,"muscle2":-5.36442144E-07,"muscle3":-2.13454836E-08,"muscle4":1.62844388E-13,"muscle5":-6.31021982E-13,"muscle6":0,"muscle7":0,"muscle8":0,"muscle9":2.13433218E-08,"muscle10":6.10666438E-14,"muscle11":-1.5266661E-14,"muscle12":4.90919888E-07,"muscle13":-6.11593521E-07,"muscle14":2.91686575E-07,"muscle15":-0.324147046,"muscle16":-1.31784475E-06,"muscle17":-0.324148953,"muscle18":-1.76044443E-06,"muscle19":0,"muscle20":0,"muscle21":0.517756879,"muscle22":-0.0560421236,"muscle23":-0.0749649182,"muscle24":0.911225796,"muscle25":0.0819410458,"muscle26":0.0563495643,"muscle27":-0.0330462195,"muscle28":1.26265093E-06,"muscle29":0.517753899,"muscle30":-0.0560447723,"muscle31":-0.0749703571,"muscle32":0.911225975,"muscle33":0.0819462165,"muscle34":0.0563502274,"muscle35":-0.0329931416,"muscle36":3.96204285E-07,"muscle37":-0.500003576,"muscle38":0.00360171217,"muscle39":0.634983838,"muscle40":0.156253174,"muscle41":0.791492105,"muscle42":-0.277613461,"muscle43":1.19842875,"muscle44":-0.0112810079,"muscle45":-0.10938555,"muscle46":-0.499999881,"muscle47":0.00360358274,"muscle48":0.0933850855,"muscle49":0.134033665,"muscle50":-0.490297228,"muscle51":-0.365898162,"muscle52":0.48159954,"muscle53":-0.408216327,"muscle54":0.0612573437,"muscle55":-0.15685989,"muscle56":0.505505085,"muscle57":0.639930964,"muscle58":0.639931262,"muscle59":0.553200185,"muscle60":0.288609654,"muscle61":0.778117597,"muscle62":0.778117597,"muscle63":0.665072739,"muscle64":-0.436775059,"muscle65":0.803927898,"muscle66":0.803928673,"muscle67":0.578058243,"muscle68":0.69554621,"muscle69":0.811277151,"muscle70":0.811276793,"muscle71":0.640888333,"muscle72":0.271521062,"muscle73":0.810853124,"muscle74":0.810853124,"muscle75":-0.157042354,"muscle76":0.505054772,"muscle77":0.639666796,"muscle78":0.6397596,"muscle79":0.553229332,"muscle80":0.288439423,"muscle81":0.778240025,"muscle82":0.778239787,"muscle83":0.664806485,"muscle84":-0.437006861,"muscle85":0.803449333,"muscle86":0.804048836,"muscle87":0.64062494,"muscle88":0.271548212,"muscle89":0.810371816,"muscle90":0.810971856,"muscle91":0.577800333,"muscle92":0.69545269,"muscle93":0.810796499,"muscle94":0.811395645,"duration":0.0808080807},"strings":{}},{"property":"Muscles","index":3,"time":1.62626064,"ints":{},"floats":{"muscle0":1.70762482E-12,"muscle1":-1.22132962E-13,"muscle2":-5.36441632E-07,"muscle3":-2.13454836E-08,"muscle4":1.62844388E-13,"muscle5":-6.31021982E-13,"muscle6":0,"muscle7":0,"muscle8":0,"muscle9":2.13433218E-08,"muscle10":6.10666438E-14,"muscle11":-1.5266661E-14,"muscle12":1.49410511E-07,"muscle13":-3.98636104E-07,"muscle14":3.06092204E-07,"muscle15":-0.324147046,"muscle16":-1.31784475E-06,"muscle17":-0.324148953,"muscle18":-1.76044443E-06,"muscle19":0,"muscle20":0,"muscle21":0.518021941,"muscle22":-0.0570714809,"muscle23":-0.0929564163,"muscle24":0.912758529,"muscle25":0.0940933302,"muscle26":0.0565176606,"muscle27":-0.0348707326,"muscle28":4.42761603E-07,"muscle29":0.518019438,"muscle30":-0.0570735559,"muscle31":-0.0929603949,"muscle32":0.912758768,"muscle33":0.0940972716,"muscle34":0.0565184057,"muscle35":-0.0348180942,"muscle36":3.96204285E-07,