{"animTracks":[{"properties":["Right Hand Configuration","Left Hand Configuration","Muscles"],"loops":false,"keyFrames":[{"property":"Muscles","index":2,"time":1.51515174,"ints":{},"floats":{"muscle0":2.24928734E-12,"muscle1":-2.84977662E-13,"muscle2":3.4604432E-13,"muscle3":-2.13454836E-08,"muscle4":1.62844388E-13,"muscle5":-6.31021982E-13,"muscle6":0,"muscle7":0,"muscle8":0,"muscle9":2.13433218E-08,"muscle10":6.10666438E-14,"muscle11":-1.5266661E-14,"muscle12":1.49410596E-07,"muscle13":-1.93697389E-07,"muscle14":-1.93479281E-07,"muscle15":-0.324147046,"muscle16":-1.31784475E-06,"muscle17":-0.324147195,"muscle18":-1.76044307E-06,"muscle19":0,"muscle20":0,"muscle21":0.520543098,"muscle22":-0.0643824488,"muscle23":-0.236127242,"muscle24":0.924839258,"muscle25":0.190180123,"muscle26":0.0571659803,"muscle27":-0.0469689593,"muscle28":1.12591374E-06,"muscle29":0.520542622,"muscle30":-0.0643863976,"muscle31":-0.236127421,"muscle32":0.924838781,"muscle33":0.190181315,"muscle34":0.0571689978,"muscle35":-0.0469160713,"muscle36":1.14805857E-06,"muscle37":-0.500002503,"muscle38":0.00360196247,"muscle39":-0.280146271,"muscle40":0.215557605,"muscle41":-0.310439825,"muscle42":0.0195057541,"muscle43":0.188861087,"muscle44":-0.181100547,"muscle45":-0.468433499,"muscle46":-0.499997169,"muscle47":0.00360632851,"muscle48":-0.240296438,"muscle49":0.103575334,"muscle50":-0.213373989,"muscle51":-0.466588199,"muscle52":0.346526653,"muscle53":-0.244628951,"muscle54":0.232489556,"muscle55":-2.43297839,"muscle56":-1.99970722,"muscle57":-0.577693164,"muscle58":-0.999852479,"muscle59":-0.999852359,"muscle60":-0.70681262,"muscle61":-1.99970841,"muscle62":0.999853075,"muscle63":-0.999853671,"muscle64":-1.39979267,"muscle65":-1.99970722,"muscle66":0.999853134,"muscle67":-0.999853611,"muscle68":-0.22619538,"muscle69":-1.99970722,"muscle70":0.999852836,"muscle71":-0.999854147,"muscle72":-0.299895585,"muscle73":-1.99970675,"muscle74":0.999853015,"muscle75":-2.43262172,"muscle76":-1.99980342,"muscle77":-0.57750535,"muscle78":-0.999532819,"muscle79":-0.999544144,"muscle80":-0.706623554,"muscle81":-1.99950874,"muscle82":0.999730527,"muscle83":-0.9995116,"muscle84":-1.39971817,"muscle85":-1.99947214,"muscle86":0.99975276,"muscle87":-0.99951911,"muscle88":-0.22608383,"muscle89":-1.99949229,"muscle90":0.999881625,"muscle91":-0.999536633,"muscle92":-0.299648941,"muscle93":-1.9995085,"muscle94":0.999741375,"duration":0.106060609},"strings":{}},{"property":"Muscles","index":3,"time":2.07575798,"ints":{},"floats":{"muscle0":2.20384518E-12,"muscle1":-5.36441974E-07,"muscle2":1.42488831E-13,"muscle3":-2.13454836E-08,"muscle4":1.62844388E-13,"muscle5":-6.31021982E-13,"muscle6":0,"muscle7":0,"muscle8":0,"muscle9":2.13433218E-08,"muscle10":6.10666438E-14,"muscle11":-1.5266661E-14,"muscle12":3.41509718E-07,"muscle13":-2.07477882E-07,"muscle14":-6.22273603E-07,"muscle15":-0.324147046,"muscle16":-1.31784475E-06,"muscle17":-0.324148268,"muscle18":-1.58908722E-06,"muscle19":0,"muscle20":0,"muscle21":0.52200377,"muscle22":-0.0674842894,"muscle23":-0.308528543,"muscle24":0.930871248,"muscle25":0.238681942,"muscle26":-0.0525959097,"muscle27":0.058235053,"muscle28":8.5270625E-07,"muscle29":0.522006571,"muscle30":-0.0674871728,"muscle31":-0.308530509,"muscle32":0.930870891,"muscle33":0.238683775,"muscle34":-0.0525496937,"muscle35":0.0582389049,"muscle36":7.38113954E-07,"muscle37":-0.499999821,"muscle38":0.00360197015,"muscle39":-0.480335444,"muscle40":0.181502059,"muscle41":-0.384840876,"muscle42":0.907288551,"muscle43":0.575992286,"muscle44":0.0295046326,"muscle45":-0.0118385646,"muscle46":-0.499999672,"muscle47":0.00360631314,"muscle48":0.473880798,"muscle49":0.326953322,"muscle50":0.523148179,"muscle51":-0.204150155,"muscle52":0.471699715,"muscle53":-0.50769347,"muscle54":0.654712021,"muscle55":-1.70754731E-07,"muscle56":-6.10666497E-15,"muscle57":2.95390468E-08,"muscle58":4.26886757E-08,"muscle59":-2.54444197E-16,"muscle60":1.70754674E-07,"muscle61":-7.58909735E-08,"muscle62":7.58909806E-08,"muscle63":6.83018797E-08,"muscle64":-2.27672942E-07,"muscle65":0,"muscle66":-5.52179507E-19,"muscle67":-3.4150947E-08,"muscle68":-5.69182426E-08,"muscle69":-1.51781947E-07,"muscle70":-7.58909806E-08,"muscle71":-3.41509363E-08,"muscle72":4.26886722E-08,"muscle73":-7.58909735E-08,"muscle74":-7.58909735E-08,"muscle75":-0.000153392175,"muscle76":-1.32755911,"muscle77":0.351017535,"muscle78":0.595432937,"muscle79":0.553027272,"muscle80":0.288491905,"muscle81":-0.322051197,"muscle82":0.079840906,"muscle83":0.664894044,"muscle84":-0.436958134,"muscle85":-0.196256235,"muscle86":0.159947202,"muscle87":0.640711248,"muscle88":0.271548033,"muscle89":-0.26692155,"muscle90":0.599870563,"muscle91":0.57788378,"muscle92":0.695496321,"muscle93":-0.322222769,"muscle94":0.11983414,"duration":0.0656565651},"strings":{}},{"property":"Muscles","index":4,"time":2.59090948,"ints":{},"floats":{"muscle0":2.20384518E-12,"muscle1":-5.36441974E-07,"muscle2":1.42488831E-13,"muscle3":-2.13454836E-08,"muscle4":1.62844388E-13,"muscle5":-6.31021982E-13,"muscle6":0,"muscle7":0,"muscle8":0,"muscle9":2.13433218E-08,"muscle10":6.10666438E-14,"muscle11":-1.5266661E-14,"muscle12":5.76297452E-07,"muscle13":-4.31959563E-07,"muscle14":-4.66313708E-07,"muscle15":-0.324147046,"muscle16":-1.31784475E-06,"muscle17":-0.324148268,"muscle18":-1.58908722E-06,"muscle19":0,"muscle20":0,"muscle21":0.520542026,"muscle22":-0.0643824935,"muscle23":-0.236125082,"muscle24":0.924839258,"muscle25":0.19026041,"muscle26":-0.0536469854,"muscle27":0.0638825819,"muscle28":1.12591374E-06,"muscle29":0.52054435,"muscle30":-0.0643829405,"muscle31":-0.236128628,"muscle32":0.924838901,"muscle33":0.190262824,"muscle34":-0.0536000282,"muscle35":0.0638816878,"muscle36":9.43019529E-07,"muscle37":-0.500000656,"muscle38":0.00360196223,"muscle39":-0.484287888,"muscle40":0.183303475,"muscle41":-0.346197248,"muscle42":0.904513776,"muscle43":0.537321389,"muscle44":0.0271205045,"muscle45":-0.00642931648,"muscle46":-0.499999672,"muscle47":0.00360631314,"muscle48":0.315076441,"muscle49":0.373969585,"muscle50":0.466688663,"muscle51":-0.430015057,"muscle52":0.477281004,"muscle53":-0.507691681,"muscle54":0.65470314,"muscle55":-1.70754731E-07,"muscle56":-6.10666497E-15,"muscle57":2.95390468E-08,"muscle58":3.35363382E-07,"muscle59":-2.54444197E-16,"muscle60":1.70754674E-07,"muscle61":-7.58909735E-08,"muscle62":7.58909806E-08,"muscle63":6.83018797E-08,"muscle64":-2.27672942E-07,"muscle65":0,"muscle66":-5.52179507E-19,"muscle67":-3.4150947E-08,"muscle68":-5.69182426E-08,"muscle69":-6.07127788E-07,"muscle70":-7.58909806E-08,"muscle71":-3.41509363E-08,"muscle72":4.26886722E-08,"muscle73":-5.31236765E-07,"muscle74":-7.58909735E-08,"muscle75":-0.000153392175,"muscle76":-1.32755911,"muscle77":0.351017535,"muscle78":0.595432937,"muscle79":0.553027272,"muscle80":0.288491905,"muscle81":-0.322051197,"muscle82":0.079840906,"muscle83":0.664894044,"muscle84":-0.436958134,"muscle85":-0.196256235,"muscle86":0.159947202,"muscle87":0.640711248,"muscle88":0.271548033,"muscle89":-0.26692155,"muscle90":0.599870563,"muscle91":0.577883363,"muscle92":0.695496142,"muscle93":-0.322222769,"muscle94":0.119833604,"duration":0.0505050495},"strings":{}},{"property":"Muscles","index":5,"time":3.08585858,"ints":{},"floats":{"muscle0":2.24928734E-12,"muscle1":-2.84977662E-13,"muscle2":3.4604432E-13,"muscle3":-2.13454836E-08,"muscle4":1.62844388E-13,"muscle5":-6.31021982E-13,"muscle6":0,"muscle7":0,"muscle8":0,"muscle9":2.13434017E-08,"muscle10":5.90683237E-14,"muscle11":2.68220845E-07,"muscle12":2.45460143E-07,"muscle13":-1.14277142E-07,"muscle14":-1.02534244E-07,"muscle15":-0.324147046,"muscle16":-1.31784475E-06,"muscle17":-0.324148268,"muscle18":-1.58908722E-06,"muscle19":0,"muscle20":0,"muscle21":0.520543694,"muscle22":-0.0643810555,"muscle23":-0.236125901,"muscle24":0.924839556,"muscle25":0.190178663,"muscle26":0.0571604446,"muscle27":-0.0469670221,"muscle28":1.26265093E-06,"muscle29":0.520545304,"muscle30":-0.0643842295,