{
  "animTracks": [
    {
      "properties": [
        "Right Hand Configuration",
        "Left Hand Configuration",
        "Muscles",
        "Facial Expression"
      ],
      "loops": false,
      "keyFrames": [
        {
          "property": "Muscles",
          "index": 1,
          "time": 1.01010084,
          "ints": {},
          "floats": {
            "muscle0": 2.77478591E-07,
            "muscle1": -5.36441974E-07,
            "muscle2": -7.93866383E-13,
            "muscle3": -2.13454836E-08,
            "muscle4": 1.62844388E-13,
            "muscle5": -6.31021982E-13,
            "muscle6": 0,
            "muscle7": 0,
            "muscle8": 0,
            "muscle9": 2.13434017E-08,
            "muscle10": 5.90683237E-14,
            "muscle11": 2.68220845E-07,
            "muscle12": 2.34787919E-07,
            "muscle13": 5.78708523E-07,
            "muscle14": -2.2680203E-07,
            "muscle15": 0,
            "muscle16": -1.84561559E-05,
            "muscle17": 0,
            "muscle18": -1.65786478E-05,
            "muscle19": 0,
            "muscle20": 0,
            "muscle21": 0.527684152,
            "muscle22": -0.0759823099,
            "muscle23": -0.588656127,
            "muscle24": 0.953825772,
            "muscle25": 0.425628841,
            "muscle26": 0.042562589,
            "muscle27": -0.0481424928,
            "muscle28": 4.42761603E-07,
            "muscle29": 0.527683556,
            "muscle30": -0.0759852156,
            "muscle31": -0.588660777,
            "muscle32": 0.953825891,
            "muscle33": 0.425632775,
            "muscle34": 0.0425663367,
            "muscle35": -0.0480918102,
            "muscle36": 3.96204285E-07,
            "muscle37": -0.499999821,
            "muscle38": 0.00360197015,
            "muscle39": -0.512595832,
            "muscle40": 0.210587695,
            "muscle41": -0.16981034,
            "muscle42": 0.992770672,
            "muscle43": 0.268193841,
            "muscle44": -0.015839668,
            "muscle45": 0.0202495288,
            "muscle46": -0.499999195,
            "muscle47": 0.0036051874,
            "muscle48": 0.0591560379,
            "muscle49": -0.293895513,
            "muscle50": 0.143189967,
            "muscle51": -0.420722514,
            "muscle52": -0.265409261,
            "muscle53": 0.0177775975,
            "muscle54": 0.101891153,
            "muscle55": 0,
            "muscle56": 0,
            "muscle57": 0,
            "muscle58": 0,
            "muscle59": 0,
            "muscle60": 0,
            "muscle61": 0,
            "muscle62": 0,
            "muscle63": 0,
            "muscle64": 0,
            "muscle65": 0,
            "muscle66": 0,
            "muscle67": 0,
            "muscle68": 0,
            "muscle69": 0,
            "muscle70": 0,
            "muscle71": 0,
            "muscle72": 0,
            "muscle73": 0,
            "muscle74": 0,
            "muscle75": -0.156875506,
            "muscle76": 0.505554199,
            "muscle77": 0.63999474,
            "muscle78": 0.639995337,
            "muscle79": 0.553255916,
            "muscle80": 0.288638532,
            "muscle81": 0.778195679,
            "muscle82": 0.778195679,
            "muscle83": 0.665139318,
            "muscle84": -0.436818212,
            "muscle85": 0.804009378,
            "muscle86": 0.804009497,
            "muscle87": 0.640953243,
            "muscle88": 0.271548122,
            "muscle89": 0.810934305,
            "muscle90": 0.810934305,
            "muscle91": 0.578116238,
            "muscle92": 0.695616066,
            "muscle93": 0.811357975,
            "muscle94": 0.811358154,
            "muscle-1": 1,
            "duration": 0
          },
          "strings": {
            "interpolation": "default"
          },
          "inTangent": 0,
          "inWeight": 0,
          "outTangent": 0,
          "outWeight": 0,
          "weightedMode": 0
        },
        {
          "property": "Left Hand Configuration",
          "index": 1,
          "time": 1.01010084,
          "ints": {
            "hash": 1811861504
          },
          "floats": {
            "duration": 0
          },
          "strings": {
            "name": "-"
          },
          "inTangent": 0,
          "inWeight": 0,
          "outTangent": 0,
          "outWeight": 0,
          "weightedMode": 0
        },
        {
          "property": "Right Hand Configuration",
          "index": 1,
          "time": 1.01010084,
          "ints": {
            "hash": 1239782400
          },
          "floats": {
            "duration": 0
          },
          "strings": {
            "name": "dedilhares/roubar"
          },
          "inTangent": 0,
          "inWeight": 0,
          "outTangent": 0,
          "outWeight": 0,
          "weightedMode": 0
        },
        {
          "property": "Facial Expression",
          "index": 1,
          "time": 1.01010084,
          "ints": {},
          "floats": {
            "duration": 0
          },
          "strings": {
            "faceName": "Neutra"
          },
          "inTangent": 0,
          "inWeight": 0,
          "outTangent": 0,
          "outWeight": 0,
          "weightedMode": 0
        }
      ]
    },
    {
      "properties": [
        "Hand Movement dedilhares/roubar"
      ],
      "loops": false,
      "keyFrames": [
        {
          "property": "Hand Movement dedilhares/roubar",
          "index": 0,
          "time": 0,
          "ints": {},
          "floats": {
            "muscle79": 0.553255916,
            "muscle81": 0.778195679,
            "muscle82": 0.778195679,
            "muscle80": 0.288638562,
            "muscle91": 0.578116179,
            "muscle93": 0.811357975,
            "muscle94": 0.811357975,
            "muscle92": 0.695615292,
            "muscle83": 0.665139318,
            "muscle85": 0.804009378,
            "muscle86": 0.804009378,
            "muscle84": -0.436817974,
            "muscle87": 0.640953481,
            "muscle89": 0.810934305,
            "muscle90": 0.810934305,
            "muscle88": 0.271548122,
            "muscle75": -0.156875432,
            "muscle77": 0.639994681,
            "muscle78": 0.639995337,
            "muscle76": 0.505554259
          },
          "strings": {},
          "inTangent": 0.0833330974,
          "inWeight": 0,
          "outTangent": 0.0833330974,
          "outWeight": 0.333333343,
          "weightedMode": 0
        },
        {
          "property": "Hand Movement dedilhares/roubar",
          "index": 1,
          "time": 0.266666681,
          "ints": {},
          "floats": {
            "muscle79": 0.575478077,
            "muscle81": 0.644862294,
            "muscle82": 1,
            "muscle80": 0.288638532,
            "muscle91": -1,
            "muscle93": 0.533333361,
            "muscle94": 1,
            "muscle92": 0.69561547,
            "muscle83": -0.223749638,
            "muscle85": 0.604009569,
            "muscle86": 1,
            "muscle84": -0.436817974,
            "muscle87": -0.714602351,
            "muscle89": 0.744267464,
            "muscle90": 1,
            "muscle88": 0.271548122,
            "muscle75": -1.09020865,
            "muscle77": 0.63999474,
            "muscle78": 0.639995337,
            "muscle76": -0.527778924
          },
          "strings": {},
          "inTangent": -1.82500041,
          "inWeight": 0.333333343,
          "outTangent": -1.82500041,
          "outWeight": 0.333333343,
          "weightedMode": 0
        },
        {
          "property": "Hand Movement dedilhares/roubar",
          "index": 2,
          "time": 0.516666651,
          "ints": {},