{"animTracks":[{"properties":["Right Hand Configuration","Left Hand Configuration","Muscles"],"loops":false,"keyFrames":[{"property":"Muscles","index":1,"time":3.0101006,"ints":{},"floats":{"muscle0":2.77478648E-07,"muscle1":-1.2213322E-13,"muscle2":-5.90310895E-13,"muscle3":2.77475266E-07,"muscle4":8.14222618E-14,"muscle5":-6.92088639E-13,"muscle6":0,"muscle7":0,"muscle8":0,"muscle9":-5.33609466E-07,"muscle10":-3.14621647E-14,"muscle11":2.68220447E-07,"muscle12":1.47275978E-06,"muscle13":-6.39155871E-07,"muscle14":-5.65902155E-07,"muscle15":-0.324146777,"muscle16":-1.16620834E-06,"muscle17":-0.324147195,"muscle18":-1.76044307E-06,"muscle19":0,"muscle20":0,"muscle21":0.518870592,"muscle22":-0.059927687,"muscle23":-0.145375565,"muscle24":0.917206168,"muscle25":0.129528448,"muscle26":-0.054763034,"muscle27":0.0719129369,"muscle28":1.94607014E-06,"muscle29":0.518866539,"muscle30":-0.0599357188,"muscle31":-0.14537631,"muscle32":0.917205751,"muscle33":0.129531294,"muscle34":-0.0547102168,"muscle35":0.0719251037,"muscle36":1.14805857E-06,"muscle37":-0.500003576,"muscle38":0.00360171217,"muscle39":-0.571803212,"muscle40":0.143464416,"muscle41":0.283771157,"muscle42":-0.370465338,"muscle43":0.172253937,"muscle44":-0.114098772,"muscle45":0.110477597,"muscle46":-0.499999434,"muscle47":0.00360269262,"muscle48":-0.574256003,"muscle49":0.13803944,"muscle50":0.251795232,"muscle51":-0.356340021,"muscle52":0.116332568,"muscle53":0.0236761533,"muscle54":-0.204706863,"muscle55":-2.43278718,"muscle56":-1.9994756,"muscle57":-0.577693164,"muscle58":-0.999551535,"muscle59":-0.999630153,"muscle60":-0.70697546,"muscle61":-1.99936378,"muscle62":0.999963999,"muscle63":-0.999626875,"muscle64":-1.39992964,"muscle65":-1.99936473,"muscle66":0.999961853,"muscle67":-0.999616325,"muscle68":-0.300029755,"muscle69":-1.99936914,"muscle70":0.999957204,"muscle71":-0.99963218,"muscle72":-0.226492196,"muscle73":-1.99936962,"muscle74":0.999956846,"muscle75":-2.43224001,"muscle76":-1.99895155,"muscle77":-0.577608109,"muscle78":-0.999104798,"muscle79":-0.999263644,"muscle80":-0.707032502,"muscle81":-1.99872494,"muscle82":0.999930024,"muscle83":-0.99925375,"muscle84":-1.39986145,"muscle85":-1.99873078,"muscle86":0.999924004,"muscle87":-0.999264061,"muscle88":-0.226756126,"muscle89":-1.99873948,"muscle90":0.999913812,"muscle91":-0.999232769,"muscle92":-0.30012089,"muscle93":-1.99873924,"muscle94":0.999915183,"duration":0.0606060624},"strings":{}},{"property":"Muscles","index":2,"time":2.00000048,"ints":{},"floats":{"muscle0":2.77478648E-07,"muscle1":-1.2213322E-13,"muscle2":-5.90310895E-13,"muscle3":2.77475266E-07,"muscle4":8.14222618E-14,"muscle5":-6.92088639E-13,"muscle6":0,"muscle7":0,"muscle8":0,"muscle9":-5.33609466E-07,"muscle10":-3.14621647E-14,"muscle11":2.68220447E-07,"muscle12":1.60082584E-06,"muscle13":-7.55405495E-07,"muscle14":-7.44910778E-07,"muscle15":-0.324146777,"muscle16":-1.16620834E-06,"muscle17":-0.324147195,"muscle18":-1.76044307E-06,"muscle19":0,"muscle20":0,"muscle21":0.518870533,"muscle22":-0.0599277355,"muscle23":-0.145376563,"muscle24":0.917206228,"muscle25":0.129529059,"muscle26":-0.0547632091,"muscle27":0.0719134882,"muscle28":1.94607014E-06,"muscle29":0.51886332,"muscle30":-0.0599306971,"muscle31":-0.145376131,"muscle32":0.917205751,"muscle33":0.129530489,"muscle34":-0.0547070988,"muscle35":0.0719156861,"muscle36":1.14805857E-06,"muscle37":-0.500002444,"muscle38":0.00360264722,"muscle39":-0.571737409,"muscle40":0.143480673,"muscle41":0.283667088,"muscle42":-0.140484571,"muscle43":0.172338933,"muscle44":-0.114039585,"muscle45":0.110571995,"muscle46":-0.499999553,"muscle47":0.00360200042,"muscle48":-0.574141085,"muscle49":0.138059542,"muscle50":0.251680732,"muscle51":-0.136846438,"muscle52":0.116270721,"muscle53":0.0235539079,"muscle54":-0.204657316,"muscle55":-2.43278718,"muscle56":-1.9994756,"muscle57":-0.577693164,"muscle58":-0.999551535,"muscle59":-0.999630153,"muscle60":-0.70697546,"muscle61":-1.99936378,"muscle62":0.999963999,"muscle63":-0.999626875,"muscle64":-1.39992964,"muscle65":-1.99936473,"muscle66":0.999961853,"muscle67":-0.999616325,"muscle68":-0.300029755,"muscle69":-1.99936986,"muscle70":0.999957204,"muscle71":-0.99963218,"muscle72":-0.226492196,"muscle73":-1.99936962,"muscle74":0.999956846,"muscle75":-2.43224001,"muscle76":-1.99895155,"muscle77":-0.577607572,"muscle78":-0.999104202,"muscle79":-0.999263644,"muscle80":-0.707032502,"muscle81":-1.99872494,"muscle82":0.999930024,"muscle83":-0.99925375,"muscle84":-1.39986157,"muscle85":-1.99873078,"muscle86":0.999924004,"muscle87":-0.999264061,"muscle88":-0.226756126,"muscle89":-1.99873948,"muscle90":0.999913812,"muscle91":-0.999232769,"muscle92":-0.30012089,"muscle93":-1.99873924,"muscle94":0.999915183,"duration":0.0606060624},"strings":{}},{"property":"Muscles","index":3,"time":4,"ints":{},"floats":{"muscle0":2.77478648E-07,"muscle1":-1.2213322E-13,"muscle2":-5.90310895E-13,"muscle3":2.77475266E-07,"muscle4":8.14222618E-14,"muscle5":-6.92088639E-13,"muscle6":0,"muscle7":0,"muscle8":0,"muscle9":-5.33609466E-07,"muscle10":-3.14621647E-14,"muscle11":2.68220447E-07,"muscle12":1.6968753E-06,"muscle13":-5.96565087E-07,"muscle14":-5.63020365E-07,"muscle15":-0.324146777,"muscle16":-1.16620834E-06,"muscle17":-0.324147195,"muscle18":-1.76044307E-06,"muscle19":0,"muscle20":0,"muscle21":0.518382728,"muscle22":-0.0583441779,"muscle23":-0.115848869,"muscle24":0.91470468,"muscle25":0.109766513,"muscle26":-0.0550600849,"muscle27":0.0747610778,"muscle28":2.01463877E-06,"muscle29":0.518369853,"muscle30":-0.0583468825,"muscle31":-0.115849353,"muscle32":0.914704263,"muscle33":0.109769098,"muscle34":-0.0549990684,"muscle35":0.0747614875,"muscle36":1.14805857E-06,"muscle37":-0.500002563,"muscle38":0.00360381836,"muscle39":-0.571445048,"muscle40":0.143542737,"muscle41":0.283426493,"muscle42":-0.140453368,"muscle43":0.172532678,"muscle44":-0.113816611,"muscle45":0.110437453,"muscle46":-0.499999553,"muscle47":0.00360200042,"muscle48":-0.573870659,"muscle49":0.13810876,"muscle50":0.251467377,"muscle51":-0.136818081,"muscle52":0.116434135,"muscle53":0.0237577036,"muscle54":-0.204744354,"muscle55":-2.43278718,"muscle56":-1.9994756,"muscle57":-0.577693164,"muscle58":-0.999552011,"muscle59":-0.999630153,"muscle60":-0.70697546,"muscle61":-1.99936378,"muscle62":0.999963701,"muscle63":-0.999626875,"muscle64":-1.39992964,"muscle65":-1.99936473,"muscle66":0.999961853,"muscle67":-0.999616325,"muscle68":-0.300029755,"muscle69":-1.99936986,"muscle70":0.999957204,"muscle71":-0.99963218,"muscle72":-0.226492196,"muscle73":-1.99936962,"muscle74":0.999956846,"muscle75":-2.43224001,"muscle76":-1.99895155,"muscle77":-0.577606559,"muscle78":-0.999104798,"muscle79":-0.999263644,"muscle80":-0.707032502,"muscle81":-1.99872494,"muscle82":0.999930024,"muscle83":-0.99925375,"muscle84":-1.39986145,"muscle85":-1.99873078,"muscle86":0.999923706,"muscle87":-0.999264061,"muscle88":-0.226756126,"muscle89":-1.99873948,"muscle90":0.999913812,"muscle91":-0.999232769,"muscle92":-0.30012089,"muscle93":-1.99873924,"muscle94":0.999915183,"duration":0.0606060624},"strings":{}},{"property":"Muscles","index":4,"time":4.99494886,"ints":{},"floats":{"muscle0":2.77478648E-07,"muscle1":-1.2213322E-13,"muscle2":-5.90310895E-13,"muscle3":2.77475266E-07,"muscle4":8.14222618E-14,"muscle5":-6.92088639E-13,"muscle6":0,"muscle7":0,"muscle8":0,"muscle9":-5.33609466E-07,"muscle10":-3.14621647E-14,"muscle11":2.68220447E-07,"muscle12":1.47275978E-06,"muscle13":-6.39155871E-07,"muscle14":-5.65902155E-07,"muscle15":-0.324146777,"muscle16":-1.16620834E-06,"muscle17":-0.324147195,"muscle18":-1.76044307E-06,"muscle19":0,"muscle20":0,"muscle21":0.518383026,"muscle22":-0.058349207,"muscle23":-0.115848884,"muscle24":0.914704502,"muscle25":0.109767571,"muscle26":-0.055060003,"muscle27":0.0747694746,"muscle28":2.01463877E-06,"muscle29":0.518378735,"muscle30":-0.058357235,"muscle31":-0.115848228,"muscle32":0.914704144,"muscle33":0.109769732,"muscle34":-0.0550069436,"muscle35":0.0747813061,