{"animTracks":[{"properties":["Right Hand Configuration","Left Hand Configuration","Muscles"],"loops":false,"keyFrames":[{"property":"Muscles","index":1,"time":0.999999881,"ints":{},"floats":{"muscle0":2.77478591E-07,"muscle1":-5.36441974E-07,"muscle2":-7.93866383E-13,"muscle3":-2.13454836E-08,"muscle4":1.62844388E-13,"muscle5":-6.31021982E-13,"muscle6":0,"muscle7":0,"muscle8":0,"muscle9":2.13434017E-08,"muscle10":5.90683237E-14,"muscle11":2.68220845E-07,"muscle12":2.34787919E-07,"muscle13":5.78708523E-07,"muscle14":-2.2680203E-07,"muscle15":-0.324147046,"muscle16":-1.31784475E-06,"muscle17":-0.324148148,"muscle18":-2.77395998E-07,"muscle19":0,"muscle20":0,"muscle21":0.527684152,"muscle22":-0.0759823099,"muscle23":-0.588656127,"muscle24":0.953825772,"muscle25":0.425628841,"muscle26":0.042562589,"muscle27":-0.0481424928,"muscle28":4.42761603E-07,"muscle29":0.527683556,"muscle30":-0.0759852156,"muscle31":-0.588660777,"muscle32":0.953825891,"muscle33":0.425632775,"muscle34":0.0425663367,"muscle35":-0.0480918102,"muscle36":3.96204285E-07,"muscle37":-0.499999821,"muscle38":0.00360197015,"muscle39":-0.491568297,"muscle40":0.340910196,"muscle41":-0.0466061495,"muscle42":0.592548311,"muscle43":0.117640346,"muscle44":-0.015839668,"muscle45":0.0202495288,"muscle46":-0.499999195,"muscle47":0.0036051874,"muscle48":0.12687844,"muscle49":-0.529482901,"muscle50":0.605439186,"muscle51":-0.42763558,"muscle52":0.681799889,"muscle53":0.15079698,"muscle54":-0.0197441373,"muscle55":-1.36603785E-06,"muscle56":1.36603731E-07,"muscle57":2.95390468E-08,"muscle58":4.26886757E-08,"muscle59":-2.54444197E-16,"muscle60":1.70754674E-07,"muscle61":-6.07127845E-07,"muscle62":7.58909806E-08,"muscle63":6.83018797E-08,"muscle64":-2.27672942E-07,"muscle65":0,"muscle66":-5.52179507E-19,"muscle67":-3.4150947E-08,"muscle68":-5.69182426E-08,"muscle69":-1.51781947E-07,"muscle70":-7.58909806E-08,"muscle71":-3.41509363E-08,"muscle72":4.26886722E-08,"muscle73":-7.58909735E-08,"muscle74":-7.58909735E-08,"muscle75":-5.70761394E-08,"muscle76":0.338888228,"muscle77":-0.199999943,"muscle78":1.00000012,"muscle79":0.642144799,"muscle80":-0.964444101,"muscle81":0.844862044,"muscle82":0.844862521,"muscle83":0.665139377,"muscle84":-1.09014976,"muscle85":0.833332777,"muscle86":0.833332777,"muscle87":0.640952945,"muscle88":-1.39999843,"muscle89":0.810934067,"muscle90":0.810933769,"muscle91":0.711448967,"muscle92":-0.704384565,"muscle93":0.811357677,"muscle94":0.811357796,"duration":0.575757563},"strings":{}},{"property":"Muscles","index":2,"time":3.18686914,"ints":{},"floats":{"muscle0":2.24928734E-12,"muscle1":-2.84977662E-13,"muscle2":3.4604432E-13,"muscle3":2.77475266E-07,"muscle4":8.14222618E-14,"muscle5":-6.92088639E-13,"muscle6":0,"muscle7":0,"muscle8":0,"muscle9":-5.33609466E-07,"muscle10":-3.14621647E-14,"muscle11":2.68220447E-07,"muscle12":9.39151391E-07,"muscle13":-7.12812778E-07,"muscle14":-7.42029897E-07,"muscle15":-0.324147046,"muscle16":-1.31784475E-06,"muscle17":-0.324147195,"muscle18":-1.76044307E-06,"muscle19":0,"muscle20":0,"muscle21":0.520546079,"muscle22":-0.0643797815,"muscle23":-0.236128464,"muscle24":0.924838901,"muscle25":0.190261304,"muscle26":-0.0536513664,"muscle27":0.0638785064,"muscle28":1.26265093E-06,"muscle29":0.520545125,"muscle30":-0.0643825606,"muscle31":-0.236129761,"muscle32":0.92483896,"muscle33":0.190263152,"muscle34":-0.0536015704,"muscle35":0.0638811886,"muscle36":1.14805857E-06,"muscle37":-0.499999434,"muscle38":0.0036008365,"muscle39":-0.116172291,"muscle40":0.165478677,"muscle41":0.0221472513,"muscle42":-0.769119024,"muscle43":-0.513188303,"muscle44":0.41113317,"muscle45":0.895031869,"muscle46":-0.499999195,"muscle47":0.00360428216,"muscle48":-0.0937862545,"muscle49":0.303167492,"muscle50":0.0776159018,"muscle51":-0.827242374,"muscle52":-0.523468614,"muscle53":0.416144907,"muscle54":0.823740125,"muscle55":-1.73333371,"muscle56":-1.99999964,"muscle57":-0.466666162,"muscle58":0.773327947,"muscle59":-1,"muscle60":-1.39999926,"muscle61":0.578195453,"muscle62":0.720000267,"muscle63":-0.379305154,"muscle64":-0.436818212,"muscle65":1,"muscle66":0.999999702,"muscle67":0.129842505,"muscle68":0.271548212,"muscle69":1,"muscle70":0.99999994,"muscle71":0.800337672,"muscle72":0.353393435,"muscle73":0.733332932,"muscle74":0.733332932,"muscle75":-1.73333371,"muscle76":-2,"muscle77":-0.466666162,"muscle78":0.773328245,"muscle79":-0.999999881,"muscle80":-1.39999914,"muscle81":0.578195572,"muscle82":0.720000148,"muscle83":-0.379305065,"muscle84":-0.436818004,"muscle85":0.999998569,"muscle86":0.99999994,"muscle87":0.12984249,"muscle88":0.271548063,"muscle89":0.999999702,"muscle90":0.999999642,"muscle91":0.80033797,"muscle92":0.353393376,"muscle93":0.733332872,"muscle94":0.733333051,"duration":0.580808103},"strings":{}},{"property":"Muscles","index":3,"time":2.5757575,"ints":{},"floats":{"muscle0":2.24928734E-12,"muscle1":-2.84977662E-13,"muscle2":3.4604432E-13,"muscle3":2.77475266E-07,"muscle4":8.14222618E-14,"muscle5":-6.92088639E-13,"muscle6":0,"muscle7":0,"muscle8":0,"muscle9":-5.33609466E-07,"muscle10":-3.14621647E-14,"muscle11":2.68220447E-07,"muscle12":7.04363515E-07,"muscle13":-6.93270067E-07,"muscle14":-3.98417711E-07,"muscle15":-0.324147046,"muscle16":-1.31784475E-06,"muscle17":-0.324147463,"muscle18":-4.29032269E-07,"muscle19":0,"muscle20":0,"muscle21":0.52200675,"muscle22":-0.0674846023,"muscle23":-0.308530241,"muscle24":0.930870771,"muscle25":0.238682553,"muscle26":-0.0525992028,"muscle27":0.0582358539,"muscle28":4.42761603E-07,"muscle29":0.52200532,"muscle30":-0.0674871877,"muscle31":-0.308533728,"muscle32":0.930870771,"muscle33":0.238685966,"muscle34":-0.0525492989,"muscle35":0.0582382567,"muscle36":7.38113954E-07,"muscle37":-0.499999821,"muscle38":0.00360197015,"muscle39":-0.140928999,"muscle40":-0.0418547206,"muscle41":-0.0109451534,"muscle42":0.12345399,"muscle43":-0.540116251,"muscle44":0.41113317,"muscle45":0.895379007,"muscle46":-0.499999195,"muscle47":0.00360428216,"muscle48":-0.191269845,"muscle49":-0.0755005553,"muscle50":-0.0489346571,"muscle51":0.160659254,"muscle52":-0.558846772,"muscle53":0.416144907,"muscle54":0.823925853,"muscle55":-1.73333371,"muscle56":-1.99999964,"muscle57":-0.466666162,"muscle58":0.773328245,"muscle59":-1,"muscle60":-1.39999926,"muscle61":0.578195453,"muscle62":0.720000207,"muscle63":-0.379305154,"muscle64":-0.436818212,"muscle65":1,"muscle66":0.999999702,"muscle67":0.129842505,"muscle68":0.271548212,"muscle69":1,"muscle70":0.99999994,"muscle71":0.800338089,"muscle72":0.353393346,"muscle73":0.733332932,"muscle74":0.733332932,"muscle75":-1.73333371,"muscle76":-2,"muscle77":-0.466666162,"muscle78":0.773328245,"muscle79":-0.999999881,"muscle80":-1.39999914,"muscle81":0.578195572,"muscle82":0.720000148,"muscle83":-0.379305124,"muscle84":-0.436818004,"muscle85":0.999998927,"muscle86":0.99999994,"muscle87":0.12984249,"muscle88":0.271548063,"muscle89":0.999999702,"muscle90":0.99999994,"muscle91":0.80033797,"muscle92":0.353393376,"muscle93":0.733333051,"muscle94":0.733333051,"duration":0.404040396},"strings":{}},{"property":"Left Hand Configuration","index":1,"time":0.999999881,"ints":{"hash":-1791736832},"floats":{"duration":0.575757563},"strings":{"name":"-"}},{"property":"Left Hand Configuration","index":2,"time":3.18686914,"ints":{"hash":-526393344},"floats":{"duration":0.580808103},"strings":{"name":"Bico_Aberto"}},{"property":"Left Hand Configuration","index":3,"time":2.5757575,"ints":{"hash":-2064654336},"floats":{"duration":0.404040396},"strings":{"name":"Bico_Aberto"}},{"property":"Right Hand Configuration","index":1,"time":0.999999881,"ints":{"hash":1931151360},"floats":{"duration":0.575757563},"strings":{"name":"palma"}},{"property":"Right Hand Configuration","index":2,"time":3.18686914,"ints":{"hash":-1098472448},"floats":{"duration":0.580808103},"strings":{"name":"Bico_Aberto"}},{"property":"Right Hand Configuration","index":3,"time":2.5757575,"ints":{"hash":1086154752},"floats":{"duration":0.404040396},