{"animTracks":[{"properties":["Right Hand Configuration","Left Hand Configuration","Muscles"],"loops":false,"keyFrames":[{"property":"Muscles","index":1,"time":1,"ints":{},"floats":{"muscle0":2.77478591E-07,"muscle1":-5.36441974E-07,"muscle2":-7.93866383E-13,"muscle3":-2.13454836E-08,"muscle4":1.62844388E-13,"muscle5":-6.31021982E-13,"muscle6":0,"muscle7":0,"muscle8":0,"muscle9":2.13434017E-08,"muscle10":5.90683237E-14,"muscle11":2.68220845E-07,"muscle12":2.34787919E-07,"muscle13":5.78708523E-07,"muscle14":-2.2680203E-07,"muscle15":-0.324147046,"muscle16":-1.31784475E-06,"muscle17":-0.324148148,"muscle18":-2.77395998E-07,"muscle19":0,"muscle20":0,"muscle21":0.527684152,"muscle22":-0.0759823099,"muscle23":-0.588656127,"muscle24":0.953825772,"muscle25":0.425628841,"muscle26":0.042562589,"muscle27":-0.0481424928,"muscle28":4.42761603E-07,"muscle29":0.527683556,"muscle30":-0.0759852156,"muscle31":-0.588660777,"muscle32":0.953825891,"muscle33":0.425632775,"muscle34":0.0425663367,"muscle35":-0.0480918102,"muscle36":3.96204285E-07,"muscle37":-0.499999821,"muscle38":0.00360197015,"muscle39":-0.24010098,"muscle40":-0.238079071,"muscle41":0.502510607,"muscle42":-0.460414022,"muscle43":-0.774443924,"muscle44":-0.0541898683,"muscle45":0.0202495288,"muscle46":-0.499999195,"muscle47":0.0036051874,"muscle48":-0.256413072,"muscle49":-0.236623526,"muscle50":0.432140708,"muscle51":-0.430893034,"muscle52":-0.719824493,"muscle53":0.109763943,"muscle54":-0.0489493087,"muscle55":-2.79999971,"muscle56":0.172221467,"muscle57":0.506661534,"muscle58":1.00000012,"muscle59":0.0888885856,"muscle60":-0.582472682,"muscle61":-1.33333302,"muscle62":-0.360000134,"muscle63":-1,"muscle64":-0.436817974,"muscle65":-2,"muscle66":0.999999821,"muscle67":-0.99999994,"muscle68":0.27154842,"muscle69":-2.00000095,"muscle70":0.999999404,"muscle71":-0.999999702,"muscle72":0.695616007,"muscle73":-1.99999964,"muscle74":1,"muscle75":-2.79999948,"muscle76":0.172220424,"muscle77":0.506661594,"muscle78":0.999999821,"muscle79":0.0888885707,"muscle80":-0.582472682,"muscle81":-1.33333302,"muscle82":-0.360000104,"muscle83":-1.00000012,"muscle84":-0.436818153,"muscle85":-2.00000095,"muscle86":0.99999994,"muscle87":-1,"muscle88":0.271548212,"muscle89":-1.99999988,"muscle90":0.999998808,"muscle91":-1,"muscle92":0.695616007,"muscle93":-2.00000095,"muscle94":1},"strings":{}},{"property":"Muscles","index":2,"time":2,"ints":{},"floats":{"muscle0":2.24928734E-12,"muscle1":-2.84977662E-13,"muscle2":3.4604432E-13,"muscle3":-2.13454836E-08,"muscle4":1.62844388E-13,"muscle5":-6.31021982E-13,"muscle6":0,"muscle7":0,"muscle8":0,"muscle9":2.13433218E-08,"muscle10":6.10666438E-14,"muscle11":-1.5266661E-14,"muscle12":1.92099236E-07,"muscle13":8.13929333E-08,"muscle14":1.67419088E-07,"muscle15":-0.324147046,"muscle16":-1.31784475E-06,"muscle17":-0.324148268,"muscle18":-1.58908722E-06,"muscle19":0,"muscle20":0,"muscle21":0.524232924,"muscle22":-0.0713518187,"muscle23":-0.415075809,"muscle24":0.939663708,"muscle25":0.309866458,"muscle26":-0.0509067215,"muscle27":0.0511475764,"muscle28":2.3772256E-07,"muscle29":0.524232566,"muscle30":-0.0713548362,"muscle31":-0.415078878,"muscle32":0.939663708,"muscle33":0.309869349,"muscle34":-0.050856445,"muscle35":0.0511519574,"muscle36":3.96204285E-07,"muscle37":-0.499998927,"muscle38":0.00360286771,"muscle39":-0.0384330228,"muscle40":-0.545965612,"muscle41":-0.140642047,"muscle42":-0.21547617,"muscle43":-0.778565049,"muscle44":-0.0541445389,"muscle45":0.999544322,"muscle46":-0.499998987,"muscle47":0.0036056363,"muscle48":-0.177667841,"muscle49":-0.58314234,"muscle50":-0.0887135714,"muscle51":0.155046403,"muscle52":-0.720924318,"muscle53":0.109764412,"muscle54":0.831307232,"muscle55":-2.79958534,"muscle56":0.172196209,"muscle57":0.50658685,"muscle58":0.999852657,"muscle59":0.0888755023,"muscle60":-0.58238703,"muscle61":-1.33313632,"muscle62":-0.359947383,"muscle63":-0.999852359,"muscle64":-0.43675229,"muscle65":-1.99970448,"muscle66":0.999852598,"muscle67":-0.999852419,"muscle68":0.695513368,"muscle69":-1.99970484,"muscle70":0.999852538,"muscle71":-0.999852419,"muscle72":0.271508247,"muscle73":-1.99970615,"muscle74":0.999851882,"muscle75":-2.79958439,"muscle76":0.17219533,"muscle77":0.506586492,"muscle78":0.999851704,"muscle79":0.0888755471,"muscle80":-0.58238709,"muscle81":-1.33313632,"muscle82":-0.359947264,"muscle83":-0.999852479,"muscle84":-0.43675226,"muscle85":-1.99970627,"muscle86":0.999852717,"muscle87":-0.99985224,"muscle88":0.271508127,"muscle89":-1.9997046,"muscle90":0.999851227,"muscle91":-0.999852657,"muscle92":0.695513725,"muscle93":-1.99970615,"muscle94":0.999852896,"duration":0},"strings":{}},{"property":"Muscles","index":3,"time":3,"ints":{},"floats":{"muscle0":2.24928734E-12,"muscle1":-2.84977662E-13,"muscle2":3.4604432E-13,"muscle3":2.77475266E-07,"muscle4":8.14222618E-14,"muscle5":-6.92088639E-13,"muscle6":0,"muscle7":0,"muscle8":0,"muscle9":2.13434017E-08,"muscle10":5.90683237E-14,"muscle11":2.68220845E-07,"muscle12":-9.60493267E-08,"muscle13":-7.74473108E-08,"muscle14":-1.44703254E-08,"muscle15":-0.324147046,"muscle16":-1.31784475E-06,"muscle17":-0.324148268,"muscle18":-1.58908722E-06,"muscle19":0,"muscle20":0,"muscle21":0.52200681,"muscle22":-0.0674839392,"muscle23":-0.308528095,"muscle24":0.930871248,"muscle25":0.238681167,"muscle26":-0.0525988042,"muscle27":0.0582356006,"muscle28":2.3772256E-07,"muscle29":0.522006452,"muscle30":-0.0674872026,"muscle31":-0.308532208,"muscle32":0.930870891,"muscle33":0.238685086,"muscle34":-0.0525493063,"muscle35":0.0582395382,"muscle36":3.96204285E-07,"muscle37":-0.499998927,"muscle38":0.00360286771,"muscle39":0.307451099,"muscle40":-0.0159384944,"muscle41":0.613005757,"muscle42":-0.132945225,"muscle43":-0.77909869,"muscle44":0.126259267,"muscle45":0.646502256,"muscle46":-0.499999195,"muscle47":0.0036051874,"muscle48":0.273837745,"muscle49":-0.138238311,"muscle50":0.532265723,"muscle51":0.0609310679,"muscle52":-0.722186744,"muscle53":0.223328382,"muscle54":0.483458012,"muscle55":-2.79958558,"muscle56":0.172196656,"muscle57":0.50658685,"muscle58":0.999852657,"muscle59":0.0888755023,"muscle60":-0.58238703,"muscle61":-1.33313572,"muscle62":-0.359947681,"muscle63":-0.999852061,"muscle64":-0.436752349,"muscle65":-1.99970448,"muscle66":0.999852598,"muscle67":-0.999852419,"muscle68":0.695513368,"muscle69":-1.99970484,"muscle70":0.999852538,"muscle71":-0.999852419,"muscle72":0.271508247,"muscle73":-1.99970615,"muscle74":0.999851882,"muscle75":-2.79958439,"muscle76":0.17219533,"muscle77":0.506586492,"muscle78":0.999851704,"muscle79":0.0888755471,"muscle80":-0.58238709,"muscle81":-1.33313632,"muscle82":-0.359947383,"muscle83":-0.999852479,"muscle84":-0.43675226,"muscle85":-1.99970627,"muscle86":0.999852717,"muscle87":-0.999851942,"muscle88":0.271508187,"muscle89":-1.9997046,"muscle90":0.999851227,"muscle91":-0.999852657,"muscle92":0.695514202,"muscle93":-1.99970615,"muscle94":0.999853134,"duration":0},"strings":{}},{"property":"Muscles","index":5,"time":4.01010084,"ints":{},"floats":{"muscle0":2.24928734E-12,"muscle1":-2.84977662E-13,"muscle2":3.4604432E-13,"muscle3":2.77475266E-07,"muscle4":8.14222618E-14,"muscle5":-6.92088639E-13,"muscle6":0,"muscle7":0,"muscle8":0,"muscle9":2.13433218E-08,"muscle10":6.10666438E-14,"muscle11":-1.5266661E-14,"muscle12":1.70754916E-07,"muscle13":-7.74478721E-08,"muscle14":-1.44706513E-08,"muscle15":-0.324147046,"muscle16":-1.31784475E-06,"muscle17":-0.324148268,"muscle18":-1.58908722E-06,"muscle19":0,"muscle20":0,"muscle21":0.522006512,"muscle22":-0.0674870536,"muscle23":-0.308531523,"muscle24":0.930871248,"muscle25":0.238684252,"muscle26":-0.0525987186,"muscle27":0.0582401678,"muscle28":2.3772256E-07,"muscle29":0.522006452,"muscle30":-0.067484647,"muscle31":-0.308532,"muscle32":0.930870771,"muscle33":0.238684401,"muscle34":-0.0525492467,"muscle35":0.058235053,"muscle36":3.96204285E-07,"muscle37":-0.499998927,"muscle38":0.00360286771,"muscle39":-0.0388120525,"muscle40":-0.545894027,"muscle41":-0.140562221,