{"animTracks":[{"properties":["Right Hand Configuration","Left Hand Configuration","Muscles"],"loops":false,"keyFrames":[{"property":"Muscles","index":1,"time":1,"ints":{},"floats":{"muscle0":2.77478591E-07,"muscle1":-5.36441974E-07,"muscle2":-7.93866383E-13,"muscle3":-2.13454836E-08,"muscle4":1.62844388E-13,"muscle5":-6.31021982E-13,"muscle6":0,"muscle7":0,"muscle8":0,"muscle9":2.13434017E-08,"muscle10":5.90683237E-14,"muscle11":2.68220845E-07,"muscle12":2.34787919E-07,"muscle13":5.78708523E-07,"muscle14":-2.2680203E-07,"muscle15":-0.324147046,"muscle16":-1.31784475E-06,"muscle17":-0.324148148,"muscle18":-2.77395998E-07,"muscle19":0,"muscle20":0,"muscle21":0.527684152,"muscle22":-0.0759823099,"muscle23":-0.588656127,"muscle24":0.953825772,"muscle25":0.425628841,"muscle26":0.042562589,"muscle27":-0.0481424928,"muscle28":4.42761603E-07,"muscle29":0.527683556,"muscle30":-0.0759852156,"muscle31":-0.588660777,"muscle32":0.953825891,"muscle33":0.425632775,"muscle34":0.0425663367,"muscle35":-0.0480918102,"muscle36":3.96204285E-07,"muscle37":-0.499999821,"muscle38":0.00360197015,"muscle39":-0.512595832,"muscle40":0.210587695,"muscle41":-0.16981034,"muscle42":0.992770672,"muscle43":0.268193841,"muscle44":-0.015839668,"muscle45":0.0202495288,"muscle46":-0.499999195,"muscle47":0.0036051874,"muscle48":-0.0116209267,"muscle49":-0.298942119,"muscle50":0.205721065,"muscle51":-0.399677485,"muscle52":0.894882023,"muscle53":-0.00341007835,"muscle54":0.857709885,"muscle55":-1.36603785E-06,"muscle56":1.36603731E-07,"muscle57":2.95390468E-08,"muscle58":4.26886757E-08,"muscle59":-2.54444197E-16,"muscle60":1.70754674E-07,"muscle61":-6.07127845E-07,"muscle62":7.58909806E-08,"muscle63":6.83018797E-08,"muscle64":-2.27672942E-07,"muscle65":0,"muscle66":-5.52179507E-19,"muscle67":-3.4150947E-08,"muscle68":-5.69182426E-08,"muscle69":-1.51781947E-07,"muscle70":-7.58909806E-08,"muscle71":-3.41509363E-08,"muscle72":4.26886722E-08,"muscle73":-7.58909735E-08,"muscle74":-7.58909735E-08,"muscle75":-0.66666621,"muscle76":-1.99999988,"muscle77":0.333333582,"muscle78":0.55110687,"muscle79":-0.0666668862,"muscle80":0.288638324,"muscle81":0.67819494,"muscle82":0.999999762,"muscle83":-1.00000012,"muscle84":-0.436818153,"muscle85":0.366667032,"muscle86":0.99999994,"muscle87":0.263175577,"muscle88":0.271548241,"muscle89":0.64426744,"muscle90":0.99999994,"muscle91":-0.0441063046,"muscle92":0.695615292,"muscle93":0.999999702,"muscle94":1},"strings":{}},{"property":"Muscles","index":2,"time":1.50505042,"ints":{},"floats":{"muscle0":2.24928734E-12,"muscle1":-2.84977662E-13,"muscle2":3.4604432E-13,"muscle3":-2.13454836E-08,"muscle4":1.62844388E-13,"muscle5":-6.31021982E-13,"muscle6":0,"muscle7":0,"muscle8":0,"muscle9":2.13434017E-08,"muscle10":5.90683237E-14,"muscle11":2.68220845E-07,"muscle12":1.81427126E-07,"muscle13":-1.93697389E-07,"muscle14":-1.9347894E-07,"muscle15":-0.324147046,"muscle16":-1.31784475E-06,"muscle17":-0.324148148,"muscle18":-2.77395998E-07,"muscle19":0,"muscle20":0,"muscle21":0.524232745,"muscle22":-0.0713513792,"muscle23":-0.415074378,"muscle24":0.939663827,"muscle25":0.309865445,"muscle26":-0.0509060919,"muscle27":0.0511471927,"muscle28":2.3772256E-07,"muscle29":0.524232268,"muscle30":-0.0713545606,"muscle31":-0.415079504,"muscle32":0.939663649,"muscle33":0.309869647,"muscle34":-0.0508564562,"muscle35":0.0511510186,"muscle36":3.96204285E-07,"muscle37":-0.499999821,"muscle38":0.00360197015,"muscle39":-0.514530778,"muscle40":0.210908443,"muscle41":-0.113973789,"muscle42":0.988652825,"muscle43":0.212618694,"muscle44":-0.017219143,"muscle45":0.0212148651,"muscle46":-0.499999195,"muscle47":0.00360428216,"muscle48":-0.0292639118,"muscle49":-0.251441896,"muscle50":0.214872226,"muscle51":-0.323770642,"muscle52":0.897083402,"muscle53":-0.00337279728,"muscle54":0.857180834,"muscle55":-1.36603785E-06,"muscle56":4.78113236E-07,"muscle57":2.95390468E-08,"muscle58":4.26886757E-08,"muscle59":-2.54444197E-16,"muscle60":1.70754674E-07,"muscle61":-7.58909735E-08,"muscle62":7.58909806E-08,"muscle63":6.83018797E-08,"muscle64":-2.27672942E-07,"muscle65":0,"muscle66":-5.52179507E-19,"muscle67":-3.4150947E-08,"muscle68":-5.69182426E-08,"muscle69":-1.51781947E-07,"muscle70":-7.58909806E-08,"muscle71":-3.41509363E-08,"muscle72":4.26886722E-08,"muscle73":-5.31236765E-07,"muscle74":-7.58909735E-08,"muscle75":-2.40000081,"muscle76":-2,"muscle77":-0.00444986997,"muscle78":0.639995337,"muscle79":-0.0666668862,"muscle80":0.288638324,"muscle81":0.67819494,"muscle82":0.99999994,"muscle83":-0.288889021,"muscle84":-1.39999855,"muscle85":-1.20000017,"muscle86":0.99999994,"muscle87":0.263175577,"muscle88":0.271548241,"muscle89":0.64426744,"muscle90":0.99999994,"muscle91":-0.0441063046,"muscle92":0.695615292,"muscle93":1,"muscle94":1,"duration":0},"strings":{}},{"property":"Muscles","index":3,"time":2.01010084,"ints":{},"floats":{"muscle0":2.24928734E-12,"muscle1":-2.84977662E-13,"muscle2":3.4604432E-13,"muscle3":2.77475266E-07,"muscle4":8.14222618E-14,"muscle5":-6.92088639E-13,"muscle6":0,"muscle7":0,"muscle8":0,"muscle9":2.13434017E-08,"muscle10":5.90683237E-14,"muscle11":2.68220845E-07,"muscle12":5.33612514E-08,"muscle13":-8.09518099E-07,"muscle14":-5.77426363E-07,"muscle15":-0.324147046,"muscle16":-1.31784475E-06,"muscle17":-0.324148148,"muscle18":-2.77395998E-07,"muscle19":0,"muscle20":0,"muscle21":0.520545185,"muscle22":-0.0643795505,"muscle23":-0.236127168,"muscle24":0.924839258,"muscle25":0.190260604,"muscle26":-0.0536499098,"muscle27":0.0638770089,"muscle28":1.26265093E-06,"muscle29":0.52054435,"muscle30":-0.0643826053,"muscle31":-0.236131057,"muscle32":0.924838901,"muscle33":0.190263748,"muscle34":-0.0536001362,"muscle35":0.06388174,"muscle36":9.43019529E-07,"muscle37":-0.499999434,"muscle38":0.0036008365,"muscle39":-0.516907334,"muscle40":0.211189061,"muscle41":-0.0540159941,"muscle42":0.984187424,"muscle43":0.152995244,"muscle44":-0.0189286973,"muscle45":0.0221403595,"muscle46":-0.499996632,"muscle47":0.00360312639,"muscle48":-0.0820734575,"muscle49":-0.172075436,"muscle50":0.190474644,"muscle51":-0.220848858,"muscle52":0.896049559,"muscle53":-0.00331767276,"muscle54":0.856539786,"muscle55":-1.36603785E-06,"muscle56":4.78113236E-07,"muscle57":2.95390468E-08,"muscle58":4.26886757E-08,"muscle59":-2.54444197E-16,"muscle60":1.70754674E-07,"muscle61":-7.58909735E-08,"muscle62":7.58909806E-08,"muscle63":6.83018797E-08,"muscle64":-2.27672942E-07,"muscle65":0,"muscle66":-5.52179507E-19,"muscle67":-3.4150947E-08,"muscle68":-5.69182426E-08,"muscle69":-6.07127788E-07,"muscle70":-7.58909806E-08,"muscle71":-3.41509363E-08,"muscle72":4.26886722E-08,"muscle73":-5.31236765E-07,"muscle74":-7.58909735E-08,"muscle75":-0.666840255,"muscle76":-1.99999869,"muscle77":0.333299905,"muscle78":0.551115811,"muscle79":-0.0666668862,"muscle80":0.288638324,"muscle81":0.678194344,"muscle82":0.99999994,"muscle83":-0.311108828,"muscle84":-0.436912268,"muscle85":0.3665106,"muscle86":0.99999994,"muscle87":0.263175577,"muscle88":0.271548241,"muscle89":0.64426744,"muscle90":0.99999994,"muscle91":-0.0441063046,"muscle92":0.695615292,"muscle93":1,"muscle94":1,"duration":0},"strings":{}},{"property":"Muscles","index":5,"time":2.50505042,"ints":{},"floats":{"muscle0":2.24928734E-12,"muscle1":-2.84977662E-13,"muscle2":3.4604432E-13,"muscle3":2.77475266E-07,"muscle4":8.14222618E-14,"muscle5":-6.92088639E-13,"muscle6":0,"muscle7":0,"muscle8":0,"muscle9":-5.33609466E-07,"muscle10":-3.14621647E-14,"muscle11":2.68220447E-07,"muscle12":3.52181843E-07,"muscle13":-1.93697801E-07,"muscle14":-1.93478954E-07,"muscle15":-0.324147046,"muscle16":-1.31784475E-06,"muscle17":-0.324147463,"muscle18":-4.29032269E-07,"muscle19":0,"muscle20":0,"muscle21":0.518869221,"muscle22":-0.0599294789,"muscle23":-0.145375162,"muscle24":0.917206585,"muscle25":0.129423037,"muscle26":-0.0496339574,"muscle27":0.066739209,"muscle28":2.01463877E-06,"muscle29":0.518867612,"muscle30":-0.0599331595,"muscle31":-0.145376563,"muscle32":0.917205811,"muscle33":0.129424736,