{"animTracks":[{"properties":["Right Hand Configuration","Left Hand Configuration","Muscles"],"keyFrames":[{"property":"Muscles","index":1,"time":1,"ints":{},"floats":{"muscle0":2.77478591E-07,"muscle1":-5.36441974E-07,"muscle2":-7.93866383E-13,"muscle3":-2.13454836E-08,"muscle4":1.62844388E-13,"muscle5":-6.31021982E-13,"muscle6":0,"muscle7":0,"muscle8":0,"muscle9":2.13434017E-08,"muscle10":5.90683237E-14,"muscle11":2.68220845E-07,"muscle12":2.34787919E-07,"muscle13":5.78708523E-07,"muscle14":-2.2680203E-07,"muscle15":-0.324147463,"muscle16":-1.84561559E-05,"muscle17":-0.324148268,"muscle18":-1.65786478E-05,"muscle19":0,"muscle20":0,"muscle21":0.527684152,"muscle22":-0.0759823099,"muscle23":-0.588656127,"muscle24":0.953825772,"muscle25":0.425628841,"muscle26":0.042562589,"muscle27":-0.0481424928,"muscle28":4.42761603E-07,"muscle29":0.527683556,"muscle30":-0.0759852156,"muscle31":-0.588660777,"muscle32":0.953825891,"muscle33":0.425632775,"muscle34":0.0425663367,"muscle35":-0.0480918102,"muscle36":3.96204285E-07,"muscle37":-0.499999821,"muscle38":0.00360197015,"muscle39":-0.232754022,"muscle40":0.215843126,"muscle41":0.24540332,"muscle42":-0.538745463,"muscle43":0.245466098,"muscle44":-0.999896109,"muscle45":-0.0551494993,"muscle46":-0.499999195,"muscle47":0.0036051874,"muscle48":-0.301668346,"muscle49":0.234107807,"muscle50":0.179088071,"muscle51":-0.56775707,"muscle52":0.176871479,"muscle53":-0.853532553,"muscle54":-0.0371649005,"muscle55":-8.51055859E-07,"muscle56":-1.32758331,"muscle57":0.351053298,"muscle58":0.595462978,"muscle59":0.553174019,"muscle60":0.288596004,"muscle61":-0.321756452,"muscle62":0.0799882859,"muscle63":0.665041089,"muscle64":-0.436752051,"muscle65":-0.195961043,"muscle66":0.159976512,"muscle67":0.578030586,"muscle68":0.695511758,"muscle69":-0.321927607,"muscle70":0.119982399,"muscle71":0.640858948,"muscle72":0.271508217,"muscle73":-0.266627133,"muscle74":0.599911571,"muscle75":1.95304878E-07,"muscle76":-1.32777858,"muscle77":0.35110566,"muscle78":0.595550716,"muscle79":0.553255916,"muscle80":0.288638562,"muscle81":-0.321804196,"muscle82":0.0799999908,"muscle83":0.665139139,"muscle84":-0.436817914,"muscle85":-0.195990562,"muscle86":0.160000175,"muscle87":0.640953004,"muscle88":0.271548212,"muscle89":-0.266666353,"muscle90":0.600000024,"muscle91":0.578116238,"muscle92":0.695615292,"muscle93":-0.32197538,"muscle94":0.120000005},"strings":{}},{"property":"Muscles","index":2,"time":2,"ints":{},"floats":{"muscle0":2.24928734E-12,"muscle1":-2.84977662E-13,"muscle2":3.4604432E-13,"muscle3":-2.13454836E-08,"muscle4":1.62844388E-13,"muscle5":-6.31021982E-13,"muscle6":0,"muscle7":0,"muscle8":0,"muscle9":2.13433218E-08,"muscle10":6.10666438E-14,"muscle11":-1.5266661E-14,"muscle12":-1.06719442E-08,"muscle13":-1.93697005E-07,"muscle14":-1.9347894E-07,"muscle15":-0.324147463,"muscle16":-1.97231259E-07,"muscle17":-0.324148148,"muscle18":-2.77395998E-07,"muscle19":0,"muscle20":0,"muscle21":0.524232745,"muscle22":-0.0713516995,"muscle23":-0.415076137,"muscle24":0.939663708,"muscle25":0.309866607,"muscle26":-0.0509065837,"muscle27":0.0511471145,"muscle28":2.3772256E-07,"muscle29":0.524231613,"muscle30":-0.0713549405,"muscle31":-0.415079057,"muscle32":0.939663291,"muscle33":0.309869498,"muscle34":-0.0508560203,"muscle35":0.0511515476,"muscle36":3.96204285E-07,"muscle37":-0.499999821,"muscle38":0.00360197015,"muscle39":-0.256390005,"muscle40":0.207679003,"muscle41":0.215729281,"muscle42":-0.543560743,"muscle43":0.24582383,"muscle44":-0.999596655,"muscle45":-0.0553452969,"muscle46":-0.499998987,"muscle47":0.0036056363,"muscle48":-0.300815612,"muscle49":0.225659102,"muscle50":0.175732777,"muscle51":-0.573941648,"muscle52":0.177481815,"muscle53":-0.853189588,"muscle54":-0.0373468623,"muscle55":-1.03322947,"muscle56":-1.66663218,"muscle57":0.377774566,"muscle58":-0.715429425,"muscle59":0.419935226,"muscle60":-0.115765177,"muscle61":-1.26657248,"muscle62":-0.999891698,"muscle63":-0.00146033673,"muscle64":-0.281275779,"muscle65":-1.06257045,"muscle66":-0.999884009,"muscle67":-0.0218177252,"muscle68":0.851112664,"muscle69":-0.821920216,"muscle70":-0.821833253,"muscle71":0.0632267296,"muscle72":0.271590769,"muscle73":-0.799952567,"muscle74":-0.799908102,"muscle75":-1.03312612,"muscle76":-1.66659749,"muscle77":0.377772182,"muscle78":-0.715298474,"muscle79":0.419948965,"muscle80":-0.115726613,"muscle81":-1.26647735,"muscle82":-0.999784529,"muscle83":-0.001393429,"muscle84":-0.281290174,"muscle85":-1.06248391,"muscle86":-0.999766946,"muscle87":0.0632915348,"muscle88":0.271548122,"muscle89":-0.7998932,"muscle90":-0.799718797,"muscle91":-0.0217636898,"muscle92":0.851139247,"muscle93":-0.821874499,"muscle94":-0.821785271,"duration":0},"strings":{}},{"property":"Muscles","index":3,"time":3,"ints":{},"floats":{"muscle0":2.24928734E-12,"muscle1":-2.84977662E-13,"muscle2":3.4604432E-13,"muscle3":-2.13454836E-08,"muscle4":1.62844388E-13,"muscle5":-6.31021982E-13,"muscle6":0,"muscle7":0,"muscle8":0,"muscle9":2.13433218E-08,"muscle10":6.10666438E-14,"muscle11":-1.5266661E-14,"muscle12":-1.06719442E-08,"muscle13":-1.93697005E-07,"muscle14":-1.9347894E-07,"muscle15":-0.324147463,"muscle16":-1.97231259E-07,"muscle17":-0.324148148,"muscle18":-2.77395998E-07,"muscle19":0,"muscle20":0,"muscle21":0.522006929,"muscle22":-0.0674843639,"muscle23":-0.30853048,"muscle24":0.930871427,"muscle25":0.238624603,"muscle26":0.0494389236,"muscle27":-0.0438283682,"muscle28":4.42761603E-07,"muscle29":0.522005379,"muscle30":-0.0674862415,"muscle31":-0.308532208,"muscle32":0.930870712,"muscle33":0.238626316,"muscle34":0.0494430438,"muscle35":-0.0437803641,"muscle36":3.96204285E-07,"muscle37":-0.499999821,"muscle38":0.00360197015,"muscle39":-0.231424809,"muscle40":0.223329693,"muscle41":0.246719614,"muscle42":-0.531415701,"muscle43":0.245335743,"muscle44":-0.999447286,"muscle45":-0.0555512495,"muscle46":-0.499998987,"muscle47":0.0036056363,"muscle48":-0.298515916,"muscle49":0.234227657,"muscle50":0.177669168,"muscle51":-0.567600846,"muscle52":0.177389532,"muscle53":-0.852971792,"muscle54":-0.0375303924,"muscle55":-0.000104247796,"muscle56":-1.32781184,"muscle57":0.351108521,"muscle58":0.59542042,"muscle59":0.553242207,"muscle60":0.28859821,"muscle61":-0.32189852,"muscle62":0.0798926055,"muscle63":0.665072739,"muscle64":-0.43680352,"muscle65":-0.19607687,"muscle66":0.159884542,"muscle67":0.578064859,"muscle68":0.69557333,"muscle69":-0.322022885,"muscle70":0.119908258,"muscle71":0.640886843,"muscle72":0.271605968,"muscle73":-0.26672101,"muscle74":0.599858403,"muscle75":-0.000205262259,"muscle76":-1.32784712,"muscle77":0.351111203,"muscle78":0.595290065,"muscle79":0.553229094,"muscle80":0.288558453,"muscle81":-0.321992993,"muscle82":0.0797845572,"muscle83":0.66500628,"muscle84":-0.436786622,"muscle85":-0.196163118,"muscle86":0.159768969,"muscle87":0.640838146,"muscle88":0.271548271,"muscle89":-0.26677236,"muscle90":0.599720538,"muscle91":0.577996314,"muscle92":0.695646405,"muscle93":-0.322074383,"muscle94":0.119811125,"duration":0},"strings":{}},{"property":"Muscles","index":4,"time":4,"ints":{},"floats":{"muscle0":2.24928734E-12,"muscle1":-2.84977662E-13,"muscle2":3.4604432E-13,"muscle3":-2.13454836E-08,"muscle4":1.62844388E-13,"muscle5":-6.31021982E-13,"muscle6":0,"muscle7":0,"muscle8":0,"muscle9":2.13433218E-08,"muscle10":6.10666438E-14,"muscle11":-1.5266661E-14,"muscle12":-1.06719442E-08,"muscle13":-1.93697005E-07,"muscle14":-1.9347894E-07,"muscle15":-0.324147463,"muscle16":-1.97231259E-07,"muscle17":-0.324148148,"muscle18":-2.77395998E-07,"muscle19":0,"muscle20":0,"muscle21":0.520546138,"muscle22":-0.0643812865,"muscle23":-0.236127645,"muscle24":0.924839139,"muscle25":0.190203801,"muscle26":-0.0448793657,"muscle27":0.0550849326,"muscle28":2.3772256E-07,"muscle29":0.520544648,"muscle30":-0.0643830895,"muscle31":-0.236128137,"muscle32":0.924838662,"muscle33":0.190204769,"muscle34":-0.0448308736,"muscle35":0.0550897047,"muscle36":3.96204285E-07,"muscle37":-0.499999821,