{"animTracks":[{"properties":["Right Hand Configuration","Left Hand Configuration","Muscles"],"loops":false,"keyFrames":[{"property":"Muscles","index":1,"time":1,"ints":{},"floats":{"muscle0":2.77478591E-07,"muscle1":-5.36441974E-07,"muscle2":-7.93866383E-13,"muscle3":-2.13454836E-08,"muscle4":1.62844388E-13,"muscle5":-6.31021982E-13,"muscle6":0,"muscle7":0,"muscle8":0,"muscle9":2.13434017E-08,"muscle10":5.90683237E-14,"muscle11":2.68220845E-07,"muscle12":2.34787919E-07,"muscle13":5.78708523E-07,"muscle14":-2.2680203E-07,"muscle15":-0.324147046,"muscle16":-1.31784475E-06,"muscle17":-0.324148148,"muscle18":-2.77395998E-07,"muscle19":0,"muscle20":0,"muscle21":0.527684152,"muscle22":-0.0759823099,"muscle23":-0.588656127,"muscle24":0.953825772,"muscle25":0.425628841,"muscle26":0.042562589,"muscle27":-0.0481424928,"muscle28":4.42761603E-07,"muscle29":0.527683556,"muscle30":-0.0759852156,"muscle31":-0.588660777,"muscle32":0.953825891,"muscle33":0.425632775,"muscle34":0.0425663367,"muscle35":-0.0480918102,"muscle36":3.96204285E-07,"muscle37":-0.499999821,"muscle38":0.00360197015,"muscle39":-0.487928897,"muscle40":0.288566887,"muscle41":-0.098124668,"muscle42":0.799861968,"muscle43":0.176583096,"muscle44":-0.015839668,"muscle45":0.0202495288,"muscle46":-0.499999195,"muscle47":0.0036051874,"muscle48":-0.0998184606,"muscle49":0.105955206,"muscle50":-0.391853929,"muscle51":-0.301223338,"muscle52":0.435392052,"muscle53":-0.231458768,"muscle54":-0.0172097273,"muscle55":-1.36603785E-06,"muscle56":1.36603731E-07,"muscle57":2.95390468E-08,"muscle58":4.26886757E-08,"muscle59":-2.54444197E-16,"muscle60":1.70754674E-07,"muscle61":-6.07127845E-07,"muscle62":7.58909806E-08,"muscle63":6.83018797E-08,"muscle64":-2.27672942E-07,"muscle65":0,"muscle66":-5.52179507E-19,"muscle67":-3.4150947E-08,"muscle68":-5.69182426E-08,"muscle69":-1.51781947E-07,"muscle70":-7.58909806E-08,"muscle71":-3.41509363E-08,"muscle72":4.26886722E-08,"muscle73":-7.58909735E-08,"muscle74":-7.58909735E-08,"muscle75":-0.244408235,"muscle76":0.138868213,"muscle77":0.639900088,"muscle78":0.639900744,"muscle79":-0.999851942,"muscle80":-0.706811368,"muscle81":-1.99970484,"muscle82":0.999852598,"muscle83":-0.999852359,"muscle84":-1.39979267,"muscle85":-1.99970627,"muscle86":0.999852717,"muscle87":-0.99985224,"muscle88":0.271508127,"muscle89":-1.9997046,"muscle90":0.999851942,"muscle91":-0.999852359,"muscle92":-0.113257922,"muscle93":-1.99970543,"muscle94":0.999852717},"strings":{}},{"property":"Muscles","index":2,"time":1.31818175,"ints":{},"floats":{"muscle0":2.77478591E-07,"muscle1":-5.36441974E-07,"muscle2":-7.93866383E-13,"muscle3":-2.13454836E-08,"muscle4":1.62844388E-13,"muscle5":-6.31021982E-13,"muscle6":0,"muscle7":0,"muscle8":0,"muscle9":2.13434017E-08,"muscle10":5.90683237E-14,"muscle11":2.68220845E-07,"muscle12":2.88148669E-07,"muscle13":9.42488612E-07,"muscle14":-5.44483498E-07,"muscle15":-0.324147046,"muscle16":-1.31784475E-06,"muscle17":-0.324148268,"muscle18":-1.58908722E-06,"muscle19":0,"muscle20":0,"muscle21":0.524231195,"muscle22":-0.0713505074,"muscle23":-0.41507566,"muscle24":0.939663827,"muscle25":0.309825569,"muscle26":0.0397890881,"muscle27":-0.0395655967,"muscle28":1.12591374E-06,"muscle29":0.524231851,"muscle30":-0.0713561177,"muscle31":-0.415079087,"muscle32":0.939663649,"muscle33":0.309829205,"muscle34":0.0397918001,"muscle35":-0.0395094864,"muscle36":3.96204285E-07,"muscle37":-0.499999821,"muscle38":0.00360197015,"muscle39":-0.488379866,"muscle40":0.288632721,"muscle41":-0.0962120518,"muscle42":0.799717665,"muscle43":0.174729124,"muscle44":-0.0161577184,"muscle45":0.0204301476,"muscle46":-0.499998987,"muscle47":0.0036056363,"muscle48":-0.0998818949,"muscle49":0.10599263,"muscle50":-0.391807795,"muscle51":-0.301232219,"muscle52":0.43535468,"muscle53":-0.231512368,"muscle54":-0.0171250161,"muscle55":-1.36603785E-06,"muscle56":1.36603731E-07,"muscle57":2.95390468E-08,"muscle58":4.26886757E-08,"muscle59":-2.54444197E-16,"muscle60":1.70754674E-07,"muscle61":-6.07127845E-07,"muscle62":7.58909806E-08,"muscle63":6.83018797E-08,"muscle64":-2.27672942E-07,"muscle65":0,"muscle66":-5.52179507E-19,"muscle67":-3.4150947E-08,"muscle68":-5.69182426E-08,"muscle69":-1.51781947E-07,"muscle70":-7.58909806E-08,"muscle71":-3.41509363E-08,"muscle72":4.26886722E-08,"muscle73":-7.58909735E-08,"muscle74":-7.58909735E-08,"muscle75":-1.0444442,"muscle76":0.166666046,"muscle77":-0.248894021,"muscle78":-0.204449356,"muscle79":-0.999999702,"muscle80":-0.706916571,"muscle81":-2,"muscle82":-1.00000012,"muscle83":-1,"muscle84":-1.39999866,"muscle85":-2.00000095,"muscle86":-0.200000286,"muscle87":-1,"muscle88":0.271548212,"muscle89":-1.99999988,"muscle90":-0.280000299,"muscle91":-1,"muscle92":-0.113273993,"muscle93":-2.00000072,"muscle94":-0.999999821,"duration":0},"strings":{}},{"property":"Muscles","index":3,"time":1.62121201,"ints":{},"floats":{"muscle0":2.77478591E-07,"muscle1":-5.36441974E-07,"muscle2":-7.93866383E-13,"muscle3":2.77475266E-07,"muscle4":8.14222618E-14,"muscle5":-6.92088639E-13,"muscle6":0,"muscle7":0,"muscle8":0,"muscle9":2.13434017E-08,"muscle10":5.90683237E-14,"muscle11":2.68220845E-07,"muscle12":-4.26885975E-08,"muscle13":9.36726281E-07,"muscle14":-4.5930102E-07,"muscle15":-0.324147046,"muscle16":-1.31784475E-06,"muscle17":-0.324148148,"muscle18":-2.77395998E-07,"muscle19":0,"muscle20":0,"muscle21":0.524234116,"muscle22":-0.0713529438,"muscle23":-0.415076703,"muscle24":0.939663649,"muscle25":0.309826493,"muscle26":0.0397864506,"muscle27":-0.0395609885,"muscle28":1.12591374E-06,"muscle29":0.524227679,"muscle30":-0.0713563934,"muscle31":-0.415077478,"muscle32":0.939663291,"muscle33":0.309828669,"muscle34":0.0397954471,"muscle35":-0.0395098105,"muscle36":3.96204285E-07,"muscle37":-0.499999821,"muscle38":0.00360197015,"muscle39":-0.488379925,"muscle40":0.28863129,"muscle41":-0.0962117091,"muscle42":0.799717844,"muscle43":0.174729168,"muscle44":-0.016157629,"muscle45":0.0204333141,"muscle46":-0.499999195,"muscle47":0.00360428216,"muscle48":-0.0998862684,"muscle49":0.105997093,"muscle50":-0.391815275,"muscle51":-0.301232368,"muscle52":0.435345858,"muscle53":-0.231505305,"muscle54":-0.0171353351,"muscle55":-1.36603785E-06,"muscle56":1.36603731E-07,"muscle57":2.95390468E-08,"muscle58":4.26886757E-08,"muscle59":-2.54444197E-16,"muscle60":1.70754674E-07,"muscle61":-6.07127845E-07,"muscle62":7.58909806E-08,"muscle63":6.83018797E-08,"muscle64":-2.27672942E-07,"muscle65":0,"muscle66":-5.52179507E-19,"muscle67":-3.4150947E-08,"muscle68":-5.69182426E-08,"muscle69":-6.07127788E-07,"muscle70":-7.58909806E-08,"muscle71":-3.41509363E-08,"muscle72":4.26886722E-08,"muscle73":-7.58909735E-08,"muscle74":-7.58909735E-08,"muscle75":-0.244408235,"muscle76":0.138868213,"muscle77":0.639900088,"muscle78":0.639900446,"muscle79":-0.999851942,"muscle80":-0.706811368,"muscle81":-1.99970484,"muscle82":0.999852598,"muscle83":-0.999852359,"muscle84":-1.39979267,"muscle85":-1.99970627,"muscle86":0.999852717,"muscle87":-0.99985224,"muscle88":0.271508127,"muscle89":-1.9997046,"muscle90":0.999851942,"muscle91":-0.999852359,"muscle92":-0.113257922,"muscle93":-1.99970543,"muscle94":0.999852717,"duration":0},"strings":{}},{"property":"Muscles","index":4,"time":1.9141413,"ints":{},"floats":{"muscle0":2.77478591E-07,"muscle1":-5.36441974E-07,"muscle2":-7.93866383E-13,"muscle3":2.77475266E-07,"muscle4":8.14222618E-14,"muscle5":-6.92088639E-13,"muscle6":0,"muscle7":0,"muscle8":0,"muscle9":2.13434017E-08,"muscle10":5.90683237E-14,"muscle11":2.68220845E-07,"muscle12":1.2806602E-07,"muscle13":1.20379798E-06,"muscle14":-6.12379495E-07,"muscle15":-0.324147046,"muscle16":-1.31784475E-06,"muscle17":-0.324148268,"muscle18":-1.58908722E-06,"muscle19":0,"muscle20":0,"muscle21":0.522002459,"muscle22":-0.0674858242,"muscle23":-0.308528841,"muscle24":0.930871129,"muscle25":0.238601148,"muscle26":0.0380904451,"muscle27":-0.0324771293,"muscle28":1.53612518E-06,"muscle29":0.522002816,"muscle30":-0.0674912184,"muscle31":-0.308533341,