{"animTracks":[{"properties":["Right Hand Configuration","Left Hand Configuration","Muscles"],"loops":false,"keyFrames":[{"property":"Muscles","index":2,"time":0.97979784,"ints":{},"floats":{"muscle0":2.20384518E-12,"muscle1":-5.36441974E-07,"muscle2":1.42488831E-13,"muscle3":-2.13454836E-08,"muscle4":1.62844388E-13,"muscle5":-6.31021982E-13,"muscle6":0,"muscle7":0,"muscle8":0,"muscle9":2.13434017E-08,"muscle10":5.90683237E-14,"muscle11":2.68220845E-07,"muscle12":5.97641588E-07,"muscle13":9.25200993E-07,"muscle14":-2.88935439E-07,"muscle15":-0.324146777,"muscle16":-1.16620834E-06,"muscle17":-0.324148148,"muscle18":-2.77395998E-07,"muscle19":0,"muscle20":0,"muscle21":0.524232805,"muscle22":-0.0713529289,"muscle23":-0.415074438,"muscle24":0.939663887,"muscle25":0.309825093,"muscle26":0.0397879034,"muscle27":-0.0395604149,"muscle28":1.12591374E-06,"muscle29":0.524231911,"muscle30":-0.071356006,"muscle31":-0.415079147,"muscle32":0.93966347,"muscle33":0.309829146,"muscle34":0.0397912636,"muscle35":-0.0395097323,"muscle36":3.96204285E-07,"muscle37":-0.500000656,"muscle38":0.00360196223,"muscle39":-0.668995619,"muscle40":-0.102858037,"muscle41":-0.0832189471,"muscle42":-0.320578486,"muscle43":0.486658812,"muscle44":0.300226957,"muscle45":0.712510228,"muscle46":-0.499998987,"muscle47":0.0036056363,"muscle48":-0.0542790592,"muscle49":0.0576670766,"muscle50":-0.0833281726,"muscle51":-0.376218915,"muscle52":-0.245862037,"muscle53":0.779841304,"muscle54":-0.333597153,"muscle55":-2.40345798E-07,"muscle56":-1.76666689,"muscle57":0.644444346,"muscle58":0.111111239,"muscle59":0.48888883,"muscle60":-0.986916661,"muscle61":-1,"muscle62":-0.119999811,"muscle63":0.577777445,"muscle64":-1.11999869,"muscle65":-1.33333337,"muscle66":-0.200000316,"muscle67":0.688888729,"muscle68":-1.39999855,"muscle69":-1.26666641,"muscle70":-0.400000602,"muscle71":0.644444346,"muscle72":-0.579940796,"muscle73":-0.999999762,"muscle74":-0.800000131,"muscle75":-4.38396075E-09,"muscle76":0.466667622,"muscle77":-0.222222134,"muscle78":0.466666728,"muscle79":0.48888877,"muscle80":-0.986916661,"muscle81":-1.3999995,"muscle82":-0.63999933,"muscle83":0.577777445,"muscle84":-1.11999881,"muscle85":-1.69999957,"muscle86":-0.440000117,"muscle87":0.688888729,"muscle88":-1.39999843,"muscle89":-1.63333309,"muscle90":-0.200000226,"muscle91":0.644444168,"muscle92":-0.579940856,"muscle93":-1.59999955,"muscle94":-0.800000072,"duration":0.0656565651},"strings":{}},{"property":"Left Hand Configuration","index":2,"time":0.97979784,"ints":{"hash":658288640},"floats":{"duration":0.0656565651},"strings":{"name":"Teta_semifechado2"}},{"property":"Right Hand Configuration","index":2,"time":0.97979784,"ints":{"hash":86209536},"floats":{"duration":0.0656565651},"strings":{"name":"Teta_semifechado"}}]}],"version":3,"globalSpeed":1.33714294,"globalRepetitions":1}
