{"animTracks":[{"properties":["Right Hand Configuration","Left Hand Configuration","Muscles","Facial Expression"],"loops":false,"keyFrames":[{"property":"Muscles","index":1,"time":1,"ints":{},"floats":{"muscle0":2.77478591E-07,"muscle1":-5.36441974E-07,"muscle2":-7.93866383E-13,"muscle3":-2.13454836E-08,"muscle4":1.62844388E-13,"muscle5":-6.31021982E-13,"muscle6":0,"muscle7":0,"muscle8":0,"muscle9":2.13434017E-08,"muscle10":5.90683237E-14,"muscle11":2.68220845E-07,"muscle12":2.34787919E-07,"muscle13":5.78708523E-07,"muscle14":-2.2680203E-07,"muscle15":-0.324147046,"muscle16":-1.31784475E-06,"muscle17":-0.324148148,"muscle18":-2.77395998E-07,"muscle19":0,"muscle20":0,"muscle21":0.527684152,"muscle22":-0.0759823099,"muscle23":-0.588656127,"muscle24":0.953825772,"muscle25":0.425628841,"muscle26":0.042562589,"muscle27":-0.0481424928,"muscle28":4.42761603E-07,"muscle29":0.527683556,"muscle30":-0.0759852156,"muscle31":-0.588660777,"muscle32":0.953825891,"muscle33":0.425632775,"muscle34":0.0425663367,"muscle35":-0.0480918102,"muscle36":3.96204285E-07,"muscle37":-0.499999821,"muscle38":0.00360197015,"muscle39":-0.536272705,"muscle40":0.235717148,"muscle41":-0.359729081,"muscle42":0.997378469,"muscle43":0.450698853,"muscle44":-0.015839668,"muscle45":0.0202495288,"muscle46":-0.499999195,"muscle47":0.0036051874,"muscle48":-0.185571551,"muscle49":0.118072256,"muscle50":0.420163542,"muscle51":-0.554521024,"muscle52":-0.455926925,"muscle53":0.482292175,"muscle54":0.0172633752,"muscle55":0,"muscle56":0,"muscle57":0,"muscle58":0,"muscle59":0,"muscle60":0,"muscle61":0,"muscle62":0,"muscle63":0,"muscle64":0,"muscle65":0,"muscle66":0,"muscle67":0,"muscle68":0,"muscle69":0,"muscle70":0,"muscle71":0,"muscle72":0,"muscle73":0,"muscle74":0,"muscle75":-1.20037737E-06,"muscle76":0.0666666329,"muscle77":1,"muscle78":0.639995337,"muscle79":0.644444406,"muscle80":-0.831361353,"muscle81":0.999999642,"muscle82":0.99999994,"muscle83":-1.00000012,"muscle84":-0.436818153,"muscle85":-2.00000095,"muscle86":0.99999994,"muscle87":-1,"muscle88":0.271548212,"muscle89":-1.99999988,"muscle90":0.999998868,"muscle91":-1,"muscle92":0.695616007,"muscle93":-2.00000072,"muscle94":1,"duration":0.222222224},"strings":{},"inTangent":0,"inWeight":0,"outTangent":0,"outWeight":0,"weightedMode":0},{"property":"Muscles","index":2,"time":1.34848475,"ints":{},"floats":{"muscle0":2.20384518E-12,"muscle1":-5.36441974E-07,"muscle2":1.42488831E-13,"muscle3":-2.13454836E-08,"muscle4":1.62844388E-13,"muscle5":-6.31021982E-13,"muscle6":0,"muscle7":0,"muscle8":0,"muscle9":2.13434017E-08,"muscle10":5.90683237E-14,"muscle11":2.68220845E-07,"muscle12":5.12264307E-07,"muscle13":7.18006561E-07,"muscle14":-3.88523858E-07,"muscle15":-0.324147046,"muscle16":-1.31784475E-06,"muscle17":-0.324148268,"muscle18":-1.58908722E-06,"muscle19":0,"muscle20":0,"muscle21":0.524232805,"muscle22":-0.0713533163,"muscle23":-0.415076286,"muscle24":0.939663649,"muscle25":0.309826344,"muscle26":0.0397877395,"muscle27":-0.0395600125,"muscle28":1.12591374E-06,"muscle29":0.524231613,"muscle30":-0.0713557675,"muscle31":-0.41507867,"muscle32":0.939663649,"muscle33":0.309828877,"muscle34":0.0397919528,"muscle35":-0.0395096913,"muscle36":3.96204285E-07,"muscle37":-0.499999821,"muscle38":0.00360197015,"muscle39":-0.539927781,"muscle40":0.236837074,"muscle41":-0.238919258,"muscle42":0.988710999,"muscle43":0.330304891,"muscle44":-0.0183959901,"muscle45":0.0231996328,"muscle46":-0.499999195,"muscle47":0.0036051874,"muscle48":-0.185107261,"muscle49":0.118209392,"muscle50":0.419945866,"muscle51":-0.554457664,"muscle52":-0.455828667,"muscle53":0.482581556,"muscle54":0.0178192575,"muscle55":0,"muscle56":0,"muscle57":0,"muscle58":0,"muscle59":0,"muscle60":0,"muscle61":0,"muscle62":0,"muscle63":0,"muscle64":0,"muscle65":0,"muscle66":0,"muscle67":0,"muscle68":0,"muscle69":0,"muscle70":0,"muscle71":0,"muscle72":0,"muscle73":0,"muscle74":0,"muscle75":-1.83333302,"muscle76":0.999999106,"muscle77":-0.999999762,"muscle78":-0.999999762,"muscle79":-0.733333528,"muscle80":-0.271360248,"muscle81":-2,"muscle82":0.28000021,"muscle83":-1.00000012,"muscle84":-0.436818153,"muscle85":-2.00000095,"muscle86":0.519999921,"muscle87":-0.999999821,"muscle88":-1.19067204,"muscle89":-1.99999988,"muscle90":0.519999981,"muscle91":-0.999999404,"muscle92":-0.486606419,"muscle93":-2.00000072,"muscle94":0.479999572,"duration":0.0252525248},"strings":{},"inTangent":0,"inWeight":0,"outTangent":0,"outWeight":0,"weightedMode":0},{"property":"Muscles","index":3,"time":2.0151515,"ints":{},"floats":{"muscle0":2.20384518E-12,"muscle1":-5.36441974E-07,"muscle2":1.42488831E-13,"muscle3":-2.13454836E-08,"muscle4":1.62844388E-13,"muscle5":-6.31021982E-13,"muscle6":0,"muscle7":0,"muscle8":0,"muscle9":2.13434017E-08,"muscle10":5.90683237E-14,"muscle11":2.68220845E-07,"muscle12":1.15259434E-06,"muscle13":9.36723666E-07,"muscle14":-4.59300679E-07,"muscle15":0,"muscle16":-1.16620834E-06,"muscle17":0,"muscle18":-1.58908722E-06,"muscle19":0,"muscle20":0,"muscle21":0.52200675,"muscle22":-0.0674860477,"muscle23":-0.308530569,"muscle24":0.930870771,"muscle25":0.238601804,"muscle26":0.0380855016,"muscle27":-0.0324768834,"muscle28":1.26265093E-06,"muscle29":0.522005379,"muscle30":-0.0674885735,"muscle31":-0.308532625,"muscle32":0.930870652,"muscle33":0.238604203,"muscle34":0.0380898304,"muscle35":-0.0324265659,"muscle36":3.96204285E-07,"muscle37":-0.499999821,"muscle38":0.00360197015,"muscle39":-0.542794704,"muscle40":0.23747015,"muscle41":-0.165208951,"muscle42":0.983353376,"muscle43":0.25694713,"muscle44":0.00893493649,"muscle45":0.0476316288,"muscle46":-0.499998987,"muscle47":0.0036056363,"muscle48":-0.281891316,"muscle49":0.111020267,"muscle50":0.355797827,"muscle51":-0.277999133,"muscle52":-0.454769582,"muscle53":-0.223625764,"muscle54":0.429425955,"muscle55":0,"muscle56":0,"muscle57":0,"muscle58":0,"muscle59":0,"muscle60":0,"muscle61":0,"muscle62":0,"muscle63":0,"muscle64":0,"muscle65":0,"muscle66":0,"muscle67":0,"muscle68":0,"muscle69":0,"muscle70":0,"muscle71":0,"muscle72":0,"muscle73":0,"muscle74":0,"muscle75":-1.82354236,"muscle76":-1.99999988,"muscle77":0.862217426,"muscle78":0.639995337,"muscle79":-0.513410747,"muscle80":0.288638622,"muscle81":0.711528778,"muscle82":0.711528778,"muscle83":-0.112638451,"muscle84":-0.436818153,"muscle85":0.804009378,"muscle86":0.804009557,"muscle87":-0.581268609,"muscle88":0.27154687,"muscle89":0.810934246,"muscle90":0.810934305,"muscle91":-1,"muscle92":0.695616603,"muscle93":0.744691432,"muscle94":0.744691432,"duration":0.772727251,"muscle-1":1},"strings":{"interpolation":"default"},"inTangent":0,"inWeight":0,"outTangent":0,"outWeight":0,"weightedMode":0},{"property":"Left Hand Configuration","index":1,"time":1,"ints":{"hash":-1210909696},"floats":{"duration":0.222222224},"strings":{"name":"-"},"inTangent":0,"inWeight":0,"outTangent":0,"outWeight":0,"weightedMode":0},{"property":"Left Hand Configuration","index":2,"time":1.34848475,"ints":{"hash":-1210909696},"floats":{"duration":0.0252525248},"strings":{"name":"-"},"inTangent":0,"inWeight":0,"outTangent":0,"outWeight":0,"weightedMode":0},{"property":"Left Hand Configuration","index":3,"time":2.0151515,"ints":{"hash":-1423181824},"floats":{"duration":0.772727251},"strings":{"name":"-"},"inTangent":0,"inWeight":0,"outTangent":0,"outWeight":0,"weightedMode":0},{"property":"Right Hand Configuration","index":1,"time":1,"ints":{"hash":-1782988800},"floats":{"duration":0.222222224},"strings":{"name":"L"},"inTangent":0,"inWeight":0,"outTangent":0,"outWeight":0,"weightedMode":0},{"property":"Right Hand Configuration","index":2,"time":1.34848475,"ints":{"hash":-1782988800},"floats":{"duration":0.0252525248},"strings":{"name":"S"},"inTangent":0,"inWeight":0,"outTangent":0,"outWeight":0,"weightedMode":0},{"property":"Right Hand Configuration","index":3,"time":2.0151515,"ints":{"hash":-1995260928},"floats":{"duration":0.772727251},"strings":{"name":"Palma_Semiaberta"},"inTangent":0,"inWeight":0,"outTangent":0,"outWeight":0,