{"animTracks":[{"properties":["Right Hand Configuration","Left Hand Configuration","Muscles"],"keyFrames":[{"property":"Muscles","index":1,"time":1,"ints":{},"floats":{"muscle0":2.77478591E-07,"muscle1":-5.36441974E-07,"muscle2":-7.93866383E-13,"muscle3":-2.13454836E-08,"muscle4":1.62844388E-13,"muscle5":-6.31021982E-13,"muscle6":0,"muscle7":0,"muscle8":0,"muscle9":2.13434017E-08,"muscle10":5.90683237E-14,"muscle11":2.68220845E-07,"muscle12":2.34787919E-07,"muscle13":5.78708523E-07,"muscle14":-2.2680203E-07,"muscle15":-0.324147463,"muscle16":-1.84561559E-05,"muscle17":-0.324148268,"muscle18":-1.65786478E-05,"muscle19":0,"muscle20":0,"muscle21":0.527684152,"muscle22":-0.0759823099,"muscle23":-0.588656127,"muscle24":0.953825772,"muscle25":0.425628841,"muscle26":0.042562589,"muscle27":-0.0481424928,"muscle28":4.42761603E-07,"muscle29":0.527683556,"muscle30":-0.0759852156,"muscle31":-0.588660777,"muscle32":0.953825891,"muscle33":0.425632775,"muscle34":0.0425663367,"muscle35":-0.0480918102,"muscle36":3.96204285E-07,"muscle37":-0.499999821,"muscle38":0.00360197015,"muscle39":-0.358759999,"muscle40":0.338454217,"muscle41":0.194815367,"muscle42":-0.504018664,"muscle43":0.0928919837,"muscle44":-0.976605833,"muscle45":0.0202495288,"muscle46":-0.499999195,"muscle47":0.0036051874,"muscle48":-0.371871382,"muscle49":0.400057167,"muscle50":0.0735841915,"muscle51":-0.551460147,"muscle52":0.175489411,"muscle53":-0.922991216,"muscle54":0.0202558991,"muscle55":-8.51055859E-07,"muscle56":-1.32758331,"muscle57":0.351053298,"muscle58":0.595462978,"muscle59":0.553174019,"muscle60":0.288596004,"muscle61":-0.321756452,"muscle62":0.0799882859,"muscle63":0.665041089,"muscle64":-0.436752051,"muscle65":-0.195961043,"muscle66":0.159976512,"muscle67":0.578030586,"muscle68":0.695511758,"muscle69":-0.321927607,"muscle70":0.119982399,"muscle71":0.640858948,"muscle72":0.271508217,"muscle73":-0.266627133,"muscle74":0.599911571,"muscle75":1.95304878E-07,"muscle76":-1.32777858,"muscle77":0.35110566,"muscle78":0.595550716,"muscle79":0.553255916,"muscle80":0.288638562,"muscle81":-0.321804196,"muscle82":0.0799999908,"muscle83":0.665139139,"muscle84":-0.436817914,"muscle85":-0.195990562,"muscle86":0.160000175,"muscle87":0.640953004,"muscle88":0.271548212,"muscle89":-0.266666353,"muscle90":0.600000024,"muscle91":0.578116238,"muscle92":0.695615292,"muscle93":-0.32197538,"muscle94":0.120000005},"strings":{}},{"property":"Muscles","index":2,"time":2,"ints":{},"floats":{"muscle0":2.77478591E-07,"muscle1":-5.36441974E-07,"muscle2":-7.93866383E-13,"muscle3":-2.13454836E-08,"muscle4":1.62844388E-13,"muscle5":-6.31021982E-13,"muscle6":0,"muscle7":0,"muscle8":0,"muscle9":2.13434017E-08,"muscle10":5.90683237E-14,"muscle11":2.68220845E-07,"muscle12":2.56132125E-07,"muscle13":9.42488384E-07,"muscle14":-5.44483726E-07,"muscle15":-0.324147195,"muscle16":-4.55958755E-08,"muscle17":-0.324148268,"muscle18":-1.58908722E-06,"muscle19":0,"muscle20":0,"muscle21":0.524232745,"muscle22":-0.0713503733,"muscle23":-0.415075809,"muscle24":0.939663708,"muscle25":0.30982548,"muscle26":0.0397875383,"muscle27":-0.0395655595,"muscle28":1.12591374E-06,"muscle29":0.524231911,"muscle30":-0.0713561326,"muscle31":-0.415079832,"muscle32":0.939663887,"muscle33":0.309829712,"muscle34":0.0397917517,"muscle35":-0.0395096019,"muscle36":3.96204285E-07,"muscle37":-0.499999821,"muscle38":0.00360197015,"muscle39":-0.287897646,"muscle40":0.357768416,"muscle41":0.261052281,"muscle42":-0.482724458,"muscle43":0.0940871313,"muscle44":-0.976522565,"muscle45":0.020207895,"muscle46":-0.499998987,"muscle47":0.0036056363,"muscle48":-0.371321797,"muscle49":0.407650352,"muscle50":0.257386088,"muscle51":-0.530777037,"muscle52":0.095608674,"muscle53":-0.922895074,"muscle54":0.0202065874,"muscle55":-8.51055859E-07,"muscle56":-1.32758331,"muscle57":0.351053298,"muscle58":0.595462978,"muscle59":0.553174019,"muscle60":0.288596004,"muscle61":-0.321756452,"muscle62":0.0799882859,"muscle63":0.665041089,"muscle64":-0.436752051,"muscle65":-0.195960969,"muscle66":0.159976512,"muscle67":0.578030348,"muscle68":0.695511937,"muscle69":-0.321927607,"muscle70":0.11998219,"muscle71":0.640858948,"muscle72":0.271508217,"muscle73":-0.266627133,"muscle74":0.599911571,"muscle75":2.65539324E-08,"muscle76":-1.32777834,"muscle77":0.35110566,"muscle78":0.595550716,"muscle79":0.553255916,"muscle80":0.288638562,"muscle81":-0.321804196,"muscle82":0.0799999908,"muscle83":0.665139139,"muscle84":-0.436817914,"muscle85":-0.195990562,"muscle86":0.160000175,"muscle87":0.640952885,"muscle88":0.271548182,"muscle89":-0.266666353,"muscle90":0.600000024,"muscle91":0.578116238,"muscle92":0.695615292,"muscle93":-0.32197538,"muscle94":0.11999955,"duration":0},"strings":{}},{"property":"Muscles","index":3,"time":3,"ints":{},"floats":{"muscle0":2.24928734E-12,"muscle1":-2.84977662E-13,"muscle2":3.4604432E-13,"muscle3":-2.13454836E-08,"muscle4":1.62844388E-13,"muscle5":-6.31021982E-13,"muscle6":0,"muscle7":0,"muscle8":0,"muscle9":2.13433218E-08,"muscle10":6.10666438E-14,"muscle11":-1.5266661E-14,"muscle12":7.47053903E-08,"muscle13":-1.25801236E-07,"muscle14":6.7831003E-08,"muscle15":-0.324147463,"muscle16":-1.97231259E-07,"muscle17":-0.324148148,"muscle18":-2.77395998E-07,"muscle19":0,"muscle20":0,"muscle21":0.522007406,"muscle22":-0.0674827546,"muscle23":-0.308529913,"muscle24":0.930871427,"muscle25":0.238642946,"muscle26":-0.0412570536,"muscle27":0.0468767509,"muscle28":1.53612518E-06,"muscle29":0.522005856,"muscle30":-0.0674884915,"muscle31":-0.308532953,"muscle32":0.930871248,"muscle33":0.238646522,"muscle34":-0.0412001275,"muscle35":0.0468812473,"muscle36":1.91298639E-07,"muscle37":-0.500000656,"muscle38":0.00360196223,"muscle39":-0.370854408,"muscle40":0.314133227,"muscle41":0.178041413,"muscle42":-0.541964293,"muscle43":0.0986779854,"muscle44":-0.976441562,"muscle45":0.0201756712,"muscle46":-0.499998987,"muscle47":0.0036056363,"muscle48":-0.519516468,"muscle49":0.366493016,"muscle50":0.115693137,"muscle51":-0.572151959,"muscle52":0.100259095,"muscle53":-0.922726452,"muscle54":0.0201274399,"muscle55":-8.51055859E-07,"muscle56":-1.32758331,"muscle57":0.351053298,"muscle58":0.595462978,"muscle59":0.553174019,"muscle60":0.288596004,"muscle61":-0.321756452,"muscle62":0.0799885169,"muscle63":0.665041089,"muscle64":-0.436752051,"muscle65":-0.195960969,"muscle66":0.159976512,"muscle67":0.640858889,"muscle68":0.271508098,"muscle69":-0.266627043,"muscle70":0.59991163,"muscle71":0.578030527,"muscle72":0.695511878,"muscle73":-0.321927488,"muscle74":0.119982108,"muscle75":2.65539324E-08,"muscle76":-1.32777834,"muscle77":0.35110566,"muscle78":0.595550716,"muscle79":0.553255916,"muscle80":0.288638562,"muscle81":-0.321804196,"muscle82":0.0799999908,"muscle83":0.665139139,"muscle84":-0.436817914,"muscle85":-0.195990562,"muscle86":0.160000175,"muscle87":0.640952885,"muscle88":0.271548182,"muscle89":-0.266666353,"muscle90":0.600000024,"muscle91":0.578116238,"muscle92":0.695615292,"muscle93":-0.32197538,"muscle94":0.119999401,"duration":0},"strings":{}},{"property":"Muscles","index":4,"time":4,"ints":{},"floats":{"muscle0":2.24928734E-12,"muscle1":-2.84977662E-13,"muscle2":3.4604432E-13,"muscle3":-2.13454836E-08,"muscle4":1.62844388E-13,"muscle5":-6.31021982E-13,"muscle6":0,"muscle7":0,"muscle8":0,"muscle9":2.13433218E-08,"muscle10":6.10666438E-14,"muscle11":-1.5266661E-14,"muscle12":7.47053903E-08,"muscle13":-1.25801236E-07,"muscle14":6.7831003E-08,"muscle15":-0.324147463,"muscle16":-1.97231259E-07,"muscle17":-0.324148148,"muscle18":-2.77395998E-07,"muscle19":0,"muscle20":0,"muscle21":0.52054584,"muscle22":-0.064378269,"muscle23":-0.236127943,"muscle24":0.924839318,"muscle25":0.190161154,"muscle26":0.045810394,"muscle27":-0.0356233679,"muscle28":2.01463877E-06,"muscle29":0.520544887,"muscle30":-0.0643841103,"muscle31":-0.236130655,"muscle32":0.924839139,"muscle33":0.190164074,"muscle34":0.0458148718,"muscle35":-0.0355656035,"muscle36":1.91298639E-07,"muscle37":-0.500000656,"muscle38":0.00360196223,