{"animTracks":[{"properties":["Right Hand Configuration","Left Hand Configuration","Muscles"],"loops":false,"keyFrames":[{"property":"Muscles","index":2,"time":1.01515138,"ints":{},"floats":{"muscle0":2.24928734E-12,"muscle1":-2.84977662E-13,"muscle2":3.4604432E-13,"muscle3":-2.13454836E-08,"muscle4":1.62844388E-13,"muscle5":-6.31021982E-13,"muscle6":0,"muscle7":0,"muscle8":0,"muscle9":2.13433218E-08,"muscle10":6.10666438E-14,"muscle11":-1.5266661E-14,"muscle12":-1.28065807E-07,"muscle13":-9.69897798E-08,"muscle14":-3.58081905E-07,"muscle15":-0.324147046,"muscle16":-1.31784475E-06,"muscle17":-0.324148148,"muscle18":-2.77395998E-07,"muscle19":0,"muscle20":0,"muscle21":0.524232864,"muscle22":-0.0713516474,"muscle23":-0.415077001,"muscle24":0.939663708,"muscle25":0.309867203,"muscle26":-0.0509064496,"muscle27":0.0511473417,"muscle28":4.42761603E-07,"muscle29":0.524232209,"muscle30":-0.0713545829,"muscle31":-0.415078133,"muscle32":0.939663708,"muscle33":0.309868783,"muscle34":-0.0508560278,"muscle35":0.051151529,"muscle36":3.96204285E-07,"muscle37":-0.499999821,"muscle38":0.00360197015,"muscle39":-0.285494,"muscle40":0.798481345,"muscle41":-0.163645253,"muscle42":-0.383176863,"muscle43":-0.341241211,"muscle44":-0.0159850381,"muscle45":-0.697623372,"muscle46":-0.499999195,"muscle47":0.0036051874,"muscle48":-0.432765573,"muscle49":0.81532836,"muscle50":-0.107228875,"muscle51":-0.365804464,"muscle52":-0.345775694,"muscle53":-0.0316646211,"muscle54":-0.690578222,"muscle55":-0.566499174,"muscle56":-1.99941003,"muscle57":0.99970454,"muscle58":0.666469514,"muscle59":-0.022214707,"muscle60":-0.831116736,"muscle61":0.566499174,"muscle62":0.999705136,"muscle63":-0.0888630003,"muscle64":-0.996525824,"muscle65":0.599822283,"muscle66":0.999705017,"muscle67":-0.155509233,"muscle68":-1.39958668,"muscle69":0.566498458,"muscle70":0.999705613,"muscle71":-0.0888630226,"muscle72":-0.64197278,"muscle73":0.533175409,"muscle74":0.999704957,"muscle75":-0.566418171,"muscle76":-1.99911475,"muscle77":0.999557376,"muscle78":0.666370749,"muscle79":-0.022211764,"muscle80":-0.830994368,"muscle81":0.56641525,"muscle82":0.999557376,"muscle83":-0.0888502449,"muscle84":-0.996379435,"muscle85":0.599734485,"muscle86":0.999557734,"muscle87":-0.155486166,"muscle88":-1.39938056,"muscle89":0.566414416,"muscle90":0.99955678,"muscle91":-0.088850148,"muscle92":-0.641877353,"muscle93":0.53309685,"muscle94":0.999557793,"duration":0.171717167},"strings":{}},{"property":"Muscles","index":3,"time":1.99999988,"ints":{},"floats":{"muscle0":2.24928734E-12,"muscle1":-2.84977662E-13,"muscle2":3.4604432E-13,"muscle3":-2.13454836E-08,"muscle4":1.62844388E-13,"muscle5":-6.31021982E-13,"muscle6":0,"muscle7":0,"muscle8":0,"muscle9":2.13433218E-08,"muscle10":6.10666438E-14,"muscle11":-1.5266661E-14,"muscle12":-1.28065807E-07,"muscle13":-9.69897798E-08,"muscle14":-3.58081905E-07,"muscle15":-0.324147046,"muscle16":-1.31784475E-06,"muscle17":-0.324148148,"muscle18":-2.77395998E-07,"muscle19":0,"muscle20":0,"muscle21":0.524232864,"muscle22":-0.0713516474,"muscle23":-0.415077001,"muscle24":0.939663708,"muscle25":0.309867203,"muscle26":-0.0509064496,"muscle27":0.0511473417,"muscle28":4.42761603E-07,"muscle29":0.524232209,"muscle30":-0.0713545829,"muscle31":-0.415078133,"muscle32":0.939663708,"muscle33":0.309868783,"muscle34":-0.0508560278,"muscle35":0.051151529,"muscle36":3.96204285E-07,"muscle37":-0.499999821,"muscle38":0.00360197015,"muscle39":-0.201947272,"muscle40":0.609661102,"muscle41":-0.0976720899,"muscle42":0.12568517,"muscle43":-0.34268558,"muscle44":-0.015987087,"muscle45":-0.697624207,"muscle46":-0.499999195,"muscle47":0.0036051874,"muscle48":-0.222618639,"muscle49":0.627454817,"muscle50":-0.0364410654,"muscle51":0.0923815742,"muscle52":-0.347291738,"muscle53":-0.0316646211,"muscle54":-0.690578222,"muscle55":-0.566500187,"muscle56":-1.99941027,"muscle57":0.99970454,"muscle58":0.666469514,"muscle59":-0.022214707,"muscle60":-0.831116736,"muscle61":0.566499412,"muscle62":0.999705136,"muscle63":-0.0888630003,"muscle64":-0.996525824,"muscle65":0.599822283,"muscle66":0.999705017,"muscle67":-0.155509233,"muscle68":-1.39958668,"muscle69":0.566498458,"muscle70":0.999705374,"muscle71":-0.0888630226,"muscle72":-0.64197278,"muscle73":0.533175409,"muscle74":0.999704957,"muscle75":-0.566418171,"muscle76":-1.99911475,"muscle77":0.999557376,"muscle78":0.666370749,"muscle79":-0.022211764,"muscle80":-0.830994368,"muscle81":0.56641525,"muscle82":0.999557376,"muscle83":-0.0888502449,"muscle84":-0.996379435,"muscle85":0.599734485,"muscle86":0.999557734,"muscle87":-0.155486166,"muscle88":-1.39938056,"muscle89":0.566414416,"muscle90":0.99955678,"muscle91":-0.088850148,"muscle92":-0.641877353,"muscle93":0.53309685,"muscle94":0.999557793,"duration":0.212121218},"strings":{}},{"property":"Left Hand Configuration","index":2,"time":1.01515138,"ints":{"hash":-541302784},"floats":{"duration":0.171717167},"strings":{"name":"Pico_Pato_Aberto2"}},{"property":"Left Hand Configuration","index":3,"time":1.99999988,"ints":{"hash":-831716352},"floats":{"duration":0.212121218},"strings":{"name":"Pico_Pato_Aberto2"}},{"property":"Right Hand Configuration","index":2,"time":1.01515138,"ints":{"hash":-1113381888},"floats":{"duration":0.171717167},"strings":{"name":"Pico_Pato_Aberto2"}},{"property":"Right Hand Configuration","index":3,"time":1.99999988,"ints":{"hash":-1403795456},"floats":{"duration":0.212121218},"strings":{"name":"Pico_Pato_Aberto2"}}]}],"version":3,"globalSpeed":1,"globalRepetitions":1}
