{"animTracks":[{"properties":["Right Hand Configuration","Left Hand Configuration","Muscles"],"loops":false,"keyFrames":[{"property":"Muscles","index":1,"time":2.02020264,"ints":{},"floats":{"muscle0":2.24928734E-12,"muscle1":-2.84977662E-13,"muscle2":3.4604432E-13,"muscle3":-2.13454836E-08,"muscle4":1.62844388E-13,"muscle5":-6.31021982E-13,"muscle6":0,"muscle7":0,"muscle8":0,"muscle9":2.13433218E-08,"muscle10":6.10666438E-14,"muscle11":-1.5266661E-14,"muscle12":-9.26622941E-14,"muscle13":1.42251781E-06,"muscle14":-6.83156884E-07,"muscle15":-0.324147046,"muscle16":-1.31784475E-06,"muscle17":-0.324148268,"muscle18":-1.58908722E-06,"muscle19":0,"muscle20":0,"muscle21":0.517401576,"muscle22":-0.0545365363,"muscle23":-0.0494016148,"muscle24":0.909041345,"muscle25":0.0658972412,"muscle26":0.0431384668,"muscle27":-0.0170021448,"muscle28":2.69779093E-06,"muscle29":0.517402053,"muscle30":-0.0545348562,"muscle31":-0.0494042747,"muscle32":0.909041882,"muscle33":0.0658948794,"muscle34":0.0431417003,"muscle35":-0.0169609357,"muscle36":1.91298639E-07,"muscle37":-0.500002503,"muscle38":0.00360196247,"muscle39":0.035978552,"muscle40":-0.14731212,"muscle41":0.288335115,"muscle42":-0.267295718,"muscle43":0.453953326,"muscle44":-0.171295255,"muscle45":0.999551237,"muscle46":-0.499998987,"muscle47":0.0036056363,"muscle48":-0.187546104,"muscle49":-0.479842037,"muscle50":-0.0127108842,"muscle51":0.358787626,"muscle52":-0.462049752,"muscle53":0.916775107,"muscle54":-0.413430244,"muscle55":-0.999557495,"muscle56":-1.99911678,"muscle57":-0.999557137,"muscle58":-0.537544072,"muscle59":0.422036529,"muscle60":-0.706605315,"muscle61":0.999558449,"muscle62":0.999558628,"muscle63":-0.999559641,"muscle64":-1.39938045,"muscle65":-1.99912059,"muscle66":0.999558866,"muscle67":-0.999559939,"muscle68":-0.113219053,"muscle69":-1.99911666,"muscle70":0.999558926,"muscle71":-0.999559402,"muscle72":0.271428406,"muscle73":-1.99911952,"muscle74":0.999558747,"muscle75":-1.30000019,"muscle76":-1.26680243,"muscle77":-0.466597646,"muscle78":-0.355005324,"muscle79":0.998971879,"muscle80":-0.831491232,"muscle81":-1.03247166,"muscle82":-0.0396593213,"muscle83":-0.999578595,"muscle84":-1.27626252,"muscle85":-1.46535814,"muscle86":-0.719135165,"muscle87":-0.999355078,"muscle88":0.271508336,"muscle89":-1.46536291,"muscle90":-0.799087465,"muscle91":-0.999060392,"muscle92":0.228970557,"muscle93":-1.59873617,"muscle94":-0.519370556,"duration":0.0858585835},"strings":{}},{"property":"Muscles","index":9,"time":1.51010156,"ints":{},"floats":{"muscle0":2.24928734E-12,"muscle1":-2.84977662E-13,"muscle2":3.4604432E-13,"muscle3":-2.13454836E-08,"muscle4":1.62844388E-13,"muscle5":-6.31021982E-13,"muscle6":0,"muscle7":0,"muscle8":0,"muscle9":2.13433218E-08,"muscle10":6.10666438E-14,"muscle11":-1.5266661E-14,"muscle12":3.52181956E-07,"muscle13":1.40172426E-06,"muscle14":2.56734126E-07,"muscle15":-0.324147046,"muscle16":-1.31784475E-06,"muscle17":-0.324148953,"muscle18":-1.76044443E-06,"muscle19":0,"muscle20":0,"muscle21":0.517753899,"muscle22":-0.0560460463,"muscle23":-0.0749581307,"muscle24":0.911224842,"muscle25":0.082047008,"muscle26":0.0417254791,"muscle27":-0.0183300581,"muscle28":2.01463877E-06,"muscle29":0.517754316,"muscle30":-0.0560429655,"muscle31":-0.0749631077,"muscle32":0.911225021,"muscle33":0.0820489004,"muscle34":0.0417287722,"muscle35":-0.0182921533,"muscle36":3.96204285E-07,"muscle37":-0.500000656,"muscle38":0.00360196223,"muscle39":0.0360323712,"muscle40":-0.147373453,"muscle41":0.288437903,"muscle42":-0.267486453,"muscle43":0.453937978,"muscle44":-0.171348527,"muscle45":0.999745548,"muscle46":-0.499998987,"muscle47":0.0036056363,"muscle48":-0.198966011,"muscle49":-0.461516976,"muscle50":-0.0138566708,"muscle51":0.336683393,"muscle52":-0.466555446,"muscle53":0.685728967,"muscle54":-0.412805468,"muscle55":-0.999704659,"muscle56":-1.99941015,"muscle57":-0.999704182,"muscle58":-0.537622988,"muscle59":0.422098309,"muscle60":-0.706708312,"muscle61":0.999704957,"muscle62":0.999705493,"muscle63":-0.999705911,"muscle64":-1.39958656,"muscle65":-1.99941349,"muscle66":0.999705315,"muscle67":-0.999706149,"muscle68":-0.113236427,"muscle69":-1.99941075,"muscle70":0.999705613,"muscle71":-0.999705613,"muscle72":0.271466404,"muscle73":-1.99941182,"muscle74":0.999704957,"muscle75":-1.30019128,"muscle76":-1.26698864,"muscle77":-0.466666162,"muscle78":-0.355057895,"muscle79":0.99911803,"muscle80":-0.831612468,"muscle81":-1.03262293,"muscle82":-0.0396651663,"muscle83":-0.999725699,"muscle84":-1.27644813,"muscle85":-1.46557379,"muscle86":-0.719241083,"muscle87":-0.999501646,"muscle88":0.271548241,"muscle89":-1.46557844,"muscle90":-0.799204826,"muscle91":-0.999206722,"muscle92":0.229003906,"muscle93":-1.59897137,"muscle94":-0.519446671,"duration":0.111111112},"strings":{}},{"property":"Muscles","index":10,"time":1.01010156,"ints":{},"floats":{"muscle0":2.24928734E-12,"muscle1":-2.84977662E-13,"muscle2":3.4604432E-13,"muscle3":-2.13454836E-08,"muscle4":1.62844388E-13,"muscle5":-6.31021982E-13,"muscle6":0,"muscle7":0,"muscle8":0,"muscle9":2.13434017E-08,"muscle10":5.90683237E-14,"muscle11":2.68220845E-07,"muscle12":2.34787805E-07,"muscle13":1.27169403E-06,"muscle14":-3.51069531E-07,"muscle15":-0.324147046,"muscle16":-1.31784475E-06,"muscle17":-0.324148268,"muscle18":-1.58908722E-06,"muscle19":0,"muscle20":0,"muscle21":0.517553389,"muscle22":-0.0552115664,"muscle23":-0.0606923401,"muscle24":0.91000706,"muscle25":0.073535651,"muscle26":-0.0182128325,"muscle27":0.0432443097,"muscle28":2.2878462E-06,"muscle29":0.51755327,"muscle30":-0.0552086718,"muscle31":-0.060696099,"muscle32":0.910007298,"muscle33":0.073533617,"muscle34":-0.0181740057,"muscle35":0.0432477146,"muscle36":1.91298639E-07,"muscle37":-0.500000656,"muscle38":0.00360196223,"muscle39":0.0360453464,"muscle40":-0.147368893,"muscle41":0.288426578,"muscle42":-0.26748392,"muscle43":0.453952521,"muscle44":-0.171333104,"muscle45":0.999719679,"muscle46":-0.499998987,"muscle47":0.0036056363,"muscle48":-0.187236622,"muscle49":-0.479960114,"muscle50":-0.0129037555,"muscle51":0.358721673,"muscle52":-0.461964548,"muscle53":0.917038143,"muscle54":-0.413153976,"muscle55":-0.999704659,"muscle56":-1.99941015,"muscle57":-0.999703646,"muscle58":-0.537622988,"muscle59":0.422098309,"muscle60":-0.706708312,"muscle61":0.999704957,"muscle62":0.999705493,"muscle63":-0.999705911,"muscle64":-1.39958656,"muscle65":-1.99941349,"muscle66":0.999705315,"muscle67":-0.999705732,"muscle68":0.271468252,"muscle69":-1.99941218,"muscle70":0.999705076,"muscle71":-0.999705911,"muscle72":-0.113236383,"muscle73":-1.99941063,"muscle74":0.999705493,"muscle75":-1.30019128,"muscle76":-1.26698864,"muscle77":-0.466666162,"muscle78":-0.355057895,"muscle79":0.99911803,"muscle80":-0.831612468,"muscle81":-1.03262293,"muscle82":-0.0396651663,"muscle83":-0.999725699,"muscle84":-1.27644813,"muscle85":-1.46557271,"muscle86":-0.719241083,"muscle87":-0.999501646,"muscle88":0.271548241,"muscle89":-1.46557844,"muscle90":-0.799204826,"muscle91":-0.999206722,"muscle92":0.229003906,"muscle93":-1.59897137,"muscle94":-0.519446671,"duration":0.0858585835},"strings":{}},{"property":"Muscles","index":2,"time":2.51010156,"ints":{},"floats":{"muscle0":2.24928734E-12,"muscle1":-2.84977662E-13,"muscle2":3.4604432E-13,"muscle3":-2.13454836E-08,"muscle4":1.62844388E-13,"muscle5":-6.31021982E-13,"muscle6":0,"muscle7":0,"muscle8":0,"muscle9":2.13433218E-08,"muscle10":6.10666438E-14,"muscle11":-1.5266661E-14,"muscle12":2.79933655E-13,"muscle13":1.40748682E-06,"muscle14":1.71551008E-07,"muscle15":-0.324147046,"muscle16":-1.31784475E-06,"muscle17":-0.324148953,"muscle18":-1.76044443E-06,"muscle19":0,"muscle20":0,"muscle21":0.517553329,"muscle22":-0.0552107506,"muscle23":-0.0606909618,"muscle24":0.910006702,"muscle25":0.0735336989,"muscle26":-0.0181981567,"muscle27":0.0432291329,"muscle28":2.01463877E-06,"muscle29":0.517553985,"muscle30":-0.0552080236,"muscle31":-0.0606938489,"muscle32":0.910006464,"muscle33":0.0735310093,