{"animTracks":[{"properties":["Right Hand Configuration","Left Hand Configuration","Muscles","Facial Expression"],"loops":false,"keyFrames":[{"property":"Muscles","index":1,"time":1,"ints":{},"floats":{"muscle0":2.77478591E-07,"muscle1":-5.36441974E-07,"muscle2":-7.93866383E-13,"muscle3":-2.13454836E-08,"muscle4":1.62844388E-13,"muscle5":-6.31021982E-13,"muscle6":0,"muscle7":0,"muscle8":0,"muscle9":2.13434017E-08,"muscle10":5.90683237E-14,"muscle11":2.68220845E-07,"muscle12":2.34787919E-07,"muscle13":5.78708523E-07,"muscle14":-2.2680203E-07,"muscle15":-0.324147463,"muscle16":-1.84561559E-05,"muscle17":-0.324148268,"muscle18":-1.65786478E-05,"muscle19":0,"muscle20":0,"muscle21":0.527684152,"muscle22":-0.0759823099,"muscle23":-0.588656127,"muscle24":0.953825772,"muscle25":0.425628841,"muscle26":0.042562589,"muscle27":-0.0481424928,"muscle28":4.42761603E-07,"muscle29":0.527683556,"muscle30":-0.0759852156,"muscle31":-0.588660777,"muscle32":0.953825891,"muscle33":0.425632775,"muscle34":0.0425663367,"muscle35":-0.0480918102,"muscle36":3.96204285E-07,"muscle37":-0.499999821,"muscle38":0.00360197015,"muscle39":-0.174415648,"muscle40":-0.0687556267,"muscle41":-0.438747734,"muscle42":1.02266645,"muscle43":0.574780464,"muscle44":-0.015839668,"muscle45":0.0202495288,"muscle46":-0.499999195,"muscle47":0.0036051874,"muscle48":0.167876333,"muscle49":-0.365237832,"muscle50":0.0984526128,"muscle51":-0.438051581,"muscle52":0.153099462,"muscle53":-0.0573393442,"muscle54":0.999978244,"muscle55":0,"muscle56":0,"muscle57":0,"muscle58":0,"muscle59":0,"muscle60":0,"muscle61":0,"muscle62":0,"muscle63":0,"muscle64":0,"muscle65":0,"muscle66":0,"muscle67":0,"muscle68":0,"muscle69":0,"muscle70":0,"muscle71":0,"muscle72":0,"muscle73":0,"muscle74":0,"muscle75":-0.244444415,"muscle76":0.138887882,"muscle77":0.63999474,"muscle78":0.639995337,"muscle79":-0.999999702,"muscle80":-0.706916571,"muscle81":-2,"muscle82":0.99999994,"muscle83":-0.999999583,"muscle84":-1.3999989,"muscle85":-2.00000095,"muscle86":0.999999702,"muscle87":-1,"muscle88":0.271548212,"muscle89":-1.99999988,"muscle90":0.999998868,"muscle91":-1,"muscle92":-0.113273993,"muscle93":-2.00000024,"muscle94":1},"strings":{},"inTangent":0,"inWeight":0,"outTangent":0,"outWeight":0,"weightedMode":0},{"property":"Muscles","index":2,"time":2,"ints":{},"floats":{"muscle0":1.70762482E-12,"muscle1":-1.22132962E-13,"muscle2":-5.36441632E-07,"muscle3":-2.13454836E-08,"muscle4":1.62844388E-13,"muscle5":-6.31021982E-13,"muscle6":0,"muscle7":0,"muscle8":0,"muscle9":2.13433218E-08,"muscle10":6.10666438E-14,"muscle11":-1.5266661E-14,"muscle12":5.33610169E-08,"muscle13":-3.07690982E-07,"muscle14":2.26671716E-07,"muscle15":-0.324147463,"muscle16":-1.97231259E-07,"muscle17":-0.324148148,"muscle18":-2.77395998E-07,"muscle19":0,"muscle20":0,"muscle21":0.524232745,"muscle22":-0.0713521764,"muscle23":-0.415075809,"muscle24":0.939663708,"muscle25":0.309866458,"muscle26":-0.0509065539,"muscle27":0.0511485413,"muscle28":2.3772256E-07,"muscle29":0.524232447,"muscle30":-0.0713546202,"muscle31":-0.415077746,"muscle32":0.939663827,"muscle33":0.309868634,"muscle34":-0.0508561283,"muscle35":0.0511513986,"muscle36":3.96204285E-07,"muscle37":-0.500000656,"muscle38":0.00360196223,"muscle39":-0.176082358,"muscle40":-0.0682315975,"muscle41":-0.242867798,"muscle42":1.00805783,"muscle43":0.37922132,"muscle44":-0.0169573799,"muscle45":0.0217759032,"muscle46":-0.499998987,"muscle47":0.0036056363,"muscle48":0.191032246,"muscle49":-0.255648881,"muscle50":0.211012363,"muscle51":-0.492285997,"muscle52":0.158869073,"muscle53":-0.0571473949,"muscle54":0.999757171,"muscle55":0,"muscle56":0,"muscle57":0,"muscle58":0,"muscle59":0,"muscle60":0,"muscle61":0,"muscle62":0,"muscle63":0,"muscle64":0,"muscle65":0,"muscle66":0,"muscle67":0,"muscle68":0,"muscle69":0,"muscle70":0,"muscle71":0,"muscle72":0,"muscle73":0,"muscle74":0,"muscle75":-0.244408235,"muscle76":0.138868213,"muscle77":0.639900088,"muscle78":0.639900744,"muscle79":-0.999852002,"muscle80":-0.706812441,"muscle81":-1.99970484,"muscle82":0.999852598,"muscle83":-0.999851465,"muscle84":-1.39979267,"muscle85":-1.99970627,"muscle86":0.999851942,"muscle87":-0.999851942,"muscle88":0.271508187,"muscle89":-1.9997046,"muscle90":0.999851227,"muscle91":-0.999852359,"muscle92":-0.113257922,"muscle93":-1.99970543,"muscle94":0.999852717,"duration":0},"strings":{},"inTangent":0,"inWeight":0,"outTangent":0,"outWeight":0,"weightedMode":0},{"property":"Muscles","index":4,"time":4,"ints":{},"floats":{"muscle0":2.24928734E-12,"muscle1":-2.84977662E-13,"muscle2":3.4604432E-13,"muscle3":-2.13454836E-08,"muscle4":1.62844388E-13,"muscle5":-6.31021982E-13,"muscle6":0,"muscle7":0,"muscle8":0,"muscle9":2.13433218E-08,"muscle10":6.10666438E-14,"muscle11":-1.5266661E-14,"muscle12":2.45460143E-07,"muscle13":-1.14277142E-07,"muscle14":-1.02534244E-07,"muscle15":0,"muscle16":-1.97231259E-07,"muscle17":0,"muscle18":-1.58908722E-06,"muscle19":0,"muscle20":0,"muscle21":0.520546377,"muscle22":-0.0643816069,"muscle23":-0.236127302,"muscle24":0.924839973,"muscle25":0.19020395,"muscle26":-0.0448784903,"muscle27":0.0550863259,"muscle28":4.42761603E-07,"muscle29":0.520546019,"muscle30":-0.0643837824,"muscle31":-0.23612611,"muscle32":0.924839675,"muscle33":0.190204069,"muscle34":-0.0448273905,"muscle35":0.0550888963,"muscle36":3.96204285E-07,"muscle37":-0.499999821,"muscle38":0.00360197015,"muscle39":-0.179316059,"muscle40":-0.0676795319,"muscle41":-0.0940751135,"muscle42":0.997011721,"muscle43":0.230571866,"muscle44":-0.0192656405,"muscle45":0.0238049813,"muscle46":-0.499999195,"muscle47":0.0036051874,"muscle48":0.19658789,"muscle49":-0.152340859,"muscle50":0.315508127,"muscle51":-0.570568621,"muscle52":0.165699989,"muscle53":-0.0568296611,"muscle54":0.999627233,"muscle55":0,"muscle56":0,"muscle57":0,"muscle58":0,"muscle59":0,"muscle60":0,"muscle61":0,"muscle62":0,"muscle63":0,"muscle64":0,"muscle65":0,"muscle66":0,"muscle67":0,"muscle68":0,"muscle69":0,"muscle70":0,"muscle71":0,"muscle72":0,"muscle73":0,"muscle74":0,"muscle75":-0.244408309,"muscle76":0.138868704,"muscle77":0.639900088,"muscle78":0.639900744,"muscle79":-0.999852002,"muscle80":-0.706812441,"muscle81":-1.99970484,"muscle82":0.999852598,"muscle83":-0.999851465,"muscle84":-1.39979267,"muscle85":-1.99970627,"muscle86":0.999851942,"muscle87":-0.999851942,"muscle88":0.271508187,"muscle89":-1.9997046,"muscle90":0.999851227,"muscle91":-0.999852359,"muscle92":-0.113257922,"muscle93":-1.99970543,"muscle94":0.999852717,"duration":0,"muscle-1":1},"strings":{"interpolation":"default"},"inTangent":0,"inWeight":0,"outTangent":0,"outWeight":0,"weightedMode":0},{"property":"Left Hand Configuration","index":1,"time":1,"ints":{"hash":365106176},"floats":{},"strings":{"name":"-"},"inTangent":0,"inWeight":0,"outTangent":0,"outWeight":0,"weightedMode":0},{"property":"Left Hand Configuration","index":2,"time":2,"ints":{"hash":1010199552},"floats":{"duration":0},"strings":{"name":"-"},"inTangent":0,"inWeight":0,"outTangent":0,"outWeight":0,"weightedMode":0},{"property":"Left Hand Configuration","index":4,"time":4,"ints":{"hash":-1209511936},"floats":{"duration":0},"strings":{"name":"-"},"inTangent":0,"inWeight":0,"outTangent":0,"outWeight":0,"weightedMode":0},{"property":"Right Hand Configuration","index":1,"time":1,"ints":{"hash":-206972928},"floats":{},"strings":{"name":"B"},"inTangent":0,"inWeight":0,"outTangent":0,"outWeight":0,"weightedMode":0},{"property":"Right Hand Configuration","index":2,"time":2,"ints":{"hash":438120448},"floats":{"duration":0},"strings":{"name":"B"},"inTangent":0,"inWeight":0,"outTangent":0,"outWeight":0,"weightedMode":0},{"property":"Right Hand Configuration","index":4,"time":4,"ints":{"hash":1941297152},"floats":{"duration":0},"strings":{"name":"B"},"inTangent":0,"inWeight":0,"outTangent":0,"outWeight":0,"weightedMode":0},{"property":"Facial Expression","index":1,"time":1,"ints":{},"floats":{},"strings":{"faceName":"Neutra"},"inTangent":0,"inWeight":0,"outTangent":0,"outWeight":0,