{"animTracks":[{"properties":["Right Hand Configuration","Left Hand Configuration","Muscles"],"keyFrames":[{"property":"Muscles","index":1,"time":1,"ints":{},"floats":{"muscle0":2.77478591E-07,"muscle1":-5.36441974E-07,"muscle2":-7.93866383E-13,"muscle3":-2.13454836E-08,"muscle4":1.62844388E-13,"muscle5":-6.31021982E-13,"muscle6":0,"muscle7":0,"muscle8":0,"muscle9":2.13434017E-08,"muscle10":5.90683237E-14,"muscle11":2.68220845E-07,"muscle12":2.34787919E-07,"muscle13":5.78708523E-07,"muscle14":-2.2680203E-07,"muscle15":-0.324147463,"muscle16":-1.84561559E-05,"muscle17":-0.324148268,"muscle18":-1.65786478E-05,"muscle19":0,"muscle20":0,"muscle21":0.527684152,"muscle22":-0.0759823099,"muscle23":-0.588656127,"muscle24":0.953825772,"muscle25":0.425628841,"muscle26":0.042562589,"muscle27":-0.0481424928,"muscle28":4.42761603E-07,"muscle29":0.527683556,"muscle30":-0.0759852156,"muscle31":-0.588660777,"muscle32":0.953825891,"muscle33":0.425632775,"muscle34":0.0425663367,"muscle35":-0.0480918102,"muscle36":3.96204285E-07,"muscle37":-0.499999821,"muscle38":0.00360197015,"muscle39":-0.512595832,"muscle40":0.210587695,"muscle41":-0.16981034,"muscle42":0.992770672,"muscle43":0.268193841,"muscle44":-0.015839668,"muscle45":0.0202495288,"muscle46":-0.499999195,"muscle47":0.0036051874,"muscle48":0.229276434,"muscle49":0.0713778585,"muscle50":-0.325036466,"muscle51":-0.686183691,"muscle52":0.683513224,"muscle53":0.146277025,"muscle54":-0.36345157,"muscle55":-1.36603785E-06,"muscle56":1.36603731E-07,"muscle57":2.95390468E-08,"muscle58":4.26886757E-08,"muscle59":-2.54444197E-16,"muscle60":1.70754674E-07,"muscle61":-6.07127845E-07,"muscle62":7.58909806E-08,"muscle63":6.83018797E-08,"muscle64":-2.27672942E-07,"muscle65":0,"muscle66":-5.52179507E-19,"muscle67":-3.4150947E-08,"muscle68":-5.69182426E-08,"muscle69":-1.51781947E-07,"muscle70":-7.58909806E-08,"muscle71":-3.41509363E-08,"muscle72":4.26886722E-08,"muscle73":-7.58909735E-08,"muscle74":-7.58909735E-08,"muscle75":-1.83333313,"muscle76":0.999999166,"muscle77":-0.999999762,"muscle78":-0.999999762,"muscle79":-0.73333323,"muscle80":-0.271361142,"muscle81":-2,"muscle82":0.28000021,"muscle83":-1.00000012,"muscle84":-0.436818153,"muscle85":-2.00000095,"muscle86":0.519999921,"muscle87":-0.999999821,"muscle88":-1.19067204,"muscle89":-1.99999988,"muscle90":0.519999981,"muscle91":-0.999999881,"muscle92":-0.486606479,"muscle93":-2.00000024,"muscle94":0.479999572},"strings":{}},{"property":"Muscles","index":2,"time":2,"ints":{},"floats":{"muscle0":2.77478591E-07,"muscle1":-5.36441974E-07,"muscle2":-7.93866383E-13,"muscle3":-2.13454836E-08,"muscle4":1.62844388E-13,"muscle5":-6.31021982E-13,"muscle6":0,"muscle7":0,"muscle8":0,"muscle9":2.13434017E-08,"muscle10":5.90683237E-14,"muscle11":2.68220845E-07,"muscle12":2.45460001E-07,"muscle13":9.42488384E-07,"muscle14":-5.44483555E-07,"muscle15":-0.324147463,"muscle16":-1.97231259E-07,"muscle17":-0.324147463,"muscle18":-4.29032269E-07,"muscle19":0,"muscle20":0,"muscle21":0.524232805,"muscle22":-0.0713529289,"muscle23":-0.415074438,"muscle24":0.939663827,"muscle25":0.309825063,"muscle26":0.0397879742,"muscle27":-0.0395607352,"muscle28":1.12591374E-06,"muscle29":0.524231851,"muscle30":-0.0713561028,"muscle31":-0.415079117,"muscle32":0.939663708,"muscle33":0.309829086,"muscle34":0.0397915281,"muscle35":-0.0395094007,"muscle36":3.96204285E-07,"muscle37":-0.499999821,"muscle38":0.00360197015,"muscle39":-0.514532208,"muscle40":0.21090731,"muscle41":-0.113971718,"muscle42":0.988652647,"muscle43":0.212617099,"muscle44":-0.0172178447,"muscle45":0.0212171916,"muscle46":-0.499998987,"muscle47":0.0036056363,"muscle48":0.266127139,"muscle49":0.0486567169,"muscle50":-0.24690704,"muscle51":-0.546653509,"muscle52":0.679082513,"muscle53":0.146277025,"muscle54":-0.36345157,"muscle55":-1.36603785E-06,"muscle56":4.78113236E-07,"muscle57":2.95390468E-08,"muscle58":4.26886757E-08,"muscle59":-2.54444197E-16,"muscle60":1.70754674E-07,"muscle61":-6.07127845E-07,"muscle62":7.58909806E-08,"muscle63":6.83018797E-08,"muscle64":-2.27672942E-07,"muscle65":0,"muscle66":-5.52179507E-19,"muscle67":-3.4150947E-08,"muscle68":-5.69182426E-08,"muscle69":-1.51781947E-07,"muscle70":-7.58909806E-08,"muscle71":-3.41509363E-08,"muscle72":4.26886722E-08,"muscle73":-7.58909735E-08,"muscle74":-7.58909735E-08,"muscle75":-1.83333313,"muscle76":0.999999166,"muscle77":-0.999999762,"muscle78":-0.999999344,"muscle79":-0.73333323,"muscle80":-0.271360129,"muscle81":-2,"muscle82":0.28000021,"muscle83":-1.00000012,"muscle84":-0.436818153,"muscle85":-2.00000095,"muscle86":0.519999921,"muscle87":-0.999999404,"muscle88":-1.19067192,"muscle89":-1.99999988,"muscle90":0.519999981,"muscle91":-0.999999881,"muscle92":-0.486606479,"muscle93":-2.00000095,"muscle94":0.479999572,"duration":0},"strings":{}},{"property":"Muscles","index":3,"time":3,"ints":{},"floats":{"muscle0":2.24928734E-12,"muscle1":-2.84977662E-13,"muscle2":3.4604432E-13,"muscle3":-2.13454836E-08,"muscle4":1.62844388E-13,"muscle5":-6.31021982E-13,"muscle6":0,"muscle7":0,"muscle8":0,"muscle9":2.13433218E-08,"muscle10":6.10666438E-14,"muscle11":-1.5266661E-14,"muscle12":-1.06721473E-07,"muscle13":-1.0275194E-07,"muscle14":-2.72899428E-07,"muscle15":-0.324147463,"muscle16":-1.97231259E-07,"muscle17":-0.324148268,"muscle18":-1.58908722E-06,"muscle19":0,"muscle20":0,"muscle21":0.522007346,"muscle22":-0.0674854368,"muscle23":-0.308529347,"muscle24":0.930871248,"muscle25":0.238643348,"muscle26":-0.0412522592,"muscle27":0.0468772501,"muscle28":1.26265093E-06,"muscle29":0.522005618,"muscle30":-0.0674885958,"muscle31":-0.30853188,"muscle32":0.930871308,"muscle33":0.238645837,"muscle34":-0.0411998816,"muscle35":0.0468808971,"muscle36":3.96204285E-07,"muscle37":-0.499999821,"muscle38":0.00360197015,"muscle39":-0.515922964,"muscle40":0.211085081,"muscle41":-0.0779881775,"muscle42":0.985978961,"muscle43":0.176827103,"muscle44":-0.0182142761,"muscle45":0.0217909552,"muscle46":-0.499999195,"muscle47":0.0036051874,"muscle48":0.216307297,"muscle49":0.0656549409,"muscle50":-0.365574479,"muscle51":-0.734770775,"muscle52":0.696483314,"muscle53":0.146169841,"muscle54":-0.363065213,"muscle55":-1.36603785E-06,"muscle56":1.36603731E-07,"muscle57":2.95390468E-08,"muscle58":3.35363382E-07,"muscle59":-2.54444197E-16,"muscle60":1.70754674E-07,"muscle61":-7.58909735E-08,"muscle62":7.58909806E-08,"muscle63":6.83018797E-08,"muscle64":-2.27672942E-07,"muscle65":0,"muscle66":-5.52179507E-19,"muscle67":-3.4150947E-08,"muscle68":-5.69182426E-08,"muscle69":-1.51781947E-07,"muscle70":-7.58909806E-08,"muscle71":-3.41509363E-08,"muscle72":4.26886722E-08,"muscle73":-7.58909735E-08,"muscle74":-7.58909735E-08,"muscle75":-1.83333313,"muscle76":0.999998629,"muscle77":-0.999999464,"muscle78":-0.999998748,"muscle79":-0.73333323,"muscle80":-0.271360129,"muscle81":-2,"muscle82":0.28000021,"muscle83":-1.00000012,"muscle84":-0.436818153,"muscle85":-2.00000095,"muscle86":0.519999921,"muscle87":-0.999999404,"muscle88":-1.19067192,"muscle89":-2.00000072,"muscle90":0.519999981,"muscle91":-0.999999881,"muscle92":-0.486606479,"muscle93":-2.00000095,"muscle94":0.479999572,"duration":0},"strings":{}},{"property":"Muscles","index":4,"time":4,"ints":{},"floats":{"muscle0":2.24928734E-12,"muscle1":-2.84977662E-13,"muscle2":3.4604432E-13,"muscle3":-2.13454836E-08,"muscle4":1.62844388E-13,"muscle5":-6.31021982E-13,"muscle6":0,"muscle7":0,"muscle8":0,"muscle9":2.13433218E-08,"muscle10":6.10666438E-14,"muscle11":-1.5266661E-14,"muscle12":-1.06721473E-07,"muscle13":-1.0275194E-07,"muscle14":-2.72899428E-07,"muscle15":-0.324147463,"muscle16":-1.97231259E-07,"muscle17":-0.324148268,"muscle18":-1.58908722E-06,"muscle19":0,"muscle20":0,"muscle21":0.520546377,"muscle22":-0.0643811747,"muscle23":-0.236127108,"muscle24":0.924839497,"muscle25":0.190160885,"muscle26":0.0458112583,"muscle27":-0.0356173143,"muscle28":1.53612518E-06,"muscle29":0.520544767,"muscle30":-0.0643851981,"muscle31":-0.236128211,"muscle32":0.924839318,"muscle33":0.190162882,