{"animTracks":[{"properties":["Right Hand Configuration","Left Hand Configuration","Muscles"],"keyFrames":[{"property":"Muscles","index":1,"time":1,"ints":{},"floats":{"muscle0":2.77478591E-07,"muscle1":-5.36441974E-07,"muscle2":-7.93866383E-13,"muscle3":-2.13454836E-08,"muscle4":1.62844388E-13,"muscle5":-6.31021982E-13,"muscle6":0,"muscle7":0,"muscle8":0,"muscle9":2.13434017E-08,"muscle10":5.90683237E-14,"muscle11":2.68220845E-07,"muscle12":2.34787919E-07,"muscle13":5.78708523E-07,"muscle14":-2.2680203E-07,"muscle15":-0.324147463,"muscle16":-1.84561559E-05,"muscle17":-0.324148268,"muscle18":-1.65786478E-05,"muscle19":0,"muscle20":0,"muscle21":0.527684152,"muscle22":-0.0759823099,"muscle23":-0.588656127,"muscle24":0.953825772,"muscle25":0.425628841,"muscle26":0.042562589,"muscle27":-0.0481424928,"muscle28":4.42761603E-07,"muscle29":0.527683556,"muscle30":-0.0759852156,"muscle31":-0.588660777,"muscle32":0.953825891,"muscle33":0.425632775,"muscle34":0.0425663367,"muscle35":-0.0480918102,"muscle36":3.96204285E-07,"muscle37":-0.499999821,"muscle38":0.00360197015,"muscle39":-0.174415648,"muscle40":-0.0687556267,"muscle41":-0.438747734,"muscle42":1.02266645,"muscle43":0.574780464,"muscle44":-0.015839668,"muscle45":0.0202495288,"muscle46":-0.499999195,"muscle47":0.0036051874,"muscle48":0.177900568,"muscle49":-0.282602847,"muscle50":0.140114084,"muscle51":-0.425468981,"muscle52":0.989435136,"muscle53":-0.0573393442,"muscle54":0.999978244,"muscle55":-1.36603785E-06,"muscle56":1.36603731E-07,"muscle57":2.95390468E-08,"muscle58":4.26886757E-08,"muscle59":-2.54444197E-16,"muscle60":1.70754674E-07,"muscle61":-6.07127845E-07,"muscle62":7.58909806E-08,"muscle63":6.83018797E-08,"muscle64":-2.27672942E-07,"muscle65":0,"muscle66":-5.52179507E-19,"muscle67":-3.4150947E-08,"muscle68":-5.69182426E-08,"muscle69":-1.51781947E-07,"muscle70":-7.58909806E-08,"muscle71":-3.41509363E-08,"muscle72":4.26886722E-08,"muscle73":-7.58909735E-08,"muscle74":-7.58909735E-08,"muscle75":-0.244444415,"muscle76":0.138887882,"muscle77":0.63999474,"muscle78":0.639995337,"muscle79":-0.999999702,"muscle80":-0.706916571,"muscle81":-2,"muscle82":0.99999994,"muscle83":-0.999999583,"muscle84":-1.3999989,"muscle85":-2.00000095,"muscle86":0.999999702,"muscle87":-1,"muscle88":0.271548212,"muscle89":-1.99999988,"muscle90":0.999998868,"muscle91":-1,"muscle92":-0.113273993,"muscle93":-2.00000024,"muscle94":1},"strings":{}},{"property":"Muscles","index":2,"time":2,"ints":{},"floats":{"muscle0":2.24928734E-12,"muscle1":-2.84977662E-13,"muscle2":3.4604432E-13,"muscle3":-2.13454836E-08,"muscle4":1.62844388E-13,"muscle5":-6.31021982E-13,"muscle6":0,"muscle7":0,"muscle8":0,"muscle9":2.13433218E-08,"muscle10":6.10666438E-14,"muscle11":-1.5266661E-14,"muscle12":1.60082763E-07,"muscle13":-4.63810572E-08,"muscle14":1.58776047E-07,"muscle15":-0.324147463,"muscle16":-1.97231259E-07,"muscle17":-0.324148268,"muscle18":-1.58908722E-06,"muscle19":0,"muscle20":0,"muscle21":0.524232686,"muscle22":-0.0713517889,"muscle23":-0.415073752,"muscle24":0.939663887,"muscle25":0.309865057,"muscle26":-0.0509061031,"muscle27":0.0511483885,"muscle28":2.3772256E-07,"muscle29":0.524231791,"muscle30":-0.0713545382,"muscle31":-0.415078193,"muscle32":0.939663291,"muscle33":0.309868783,"muscle34":-0.0508562773,"muscle35":0.0511507355,"muscle36":3.96204285E-07,"muscle37":-0.499998927,"muscle38":0.00360286771,"muscle39":-0.176081866,"muscle40":-0.0682320818,"muscle41":-0.242867216,"muscle42":1.00805771,"muscle43":0.379220933,"muscle44":-0.0169581566,"muscle45":0.0217770468,"muscle46":-0.499999195,"muscle47":0.00360428216,"muscle48":0.156667888,"muscle49":-0.252541304,"muscle50":0.112098277,"muscle51":-0.442064583,"muscle52":0.991359532,"muscle53":-0.0573266596,"muscle54":0.999402285,"muscle55":-1.36603785E-06,"muscle56":4.78113236E-07,"muscle57":2.95390468E-08,"muscle58":4.26886757E-08,"muscle59":-2.54444197E-16,"muscle60":1.70754674E-07,"muscle61":-7.58909735E-08,"muscle62":3.03563894E-07,"muscle63":6.83018797E-08,"muscle64":-2.27672942E-07,"muscle65":0,"muscle66":-5.52179507E-19,"muscle67":-3.4150947E-08,"muscle68":-5.69182426E-08,"muscle69":-1.51781947E-07,"muscle70":-7.58909806E-08,"muscle71":-3.41509363E-08,"muscle72":4.26886722E-08,"muscle73":-7.58909735E-08,"muscle74":-5.31236765E-07,"muscle75":-0.244408235,"muscle76":0.138868213,"muscle77":0.639900088,"muscle78":0.639900446,"muscle79":-0.99985218,"muscle80":-0.706811368,"muscle81":-1.99970484,"muscle82":0.999852598,"muscle83":-0.999851882,"muscle84":-1.39979267,"muscle85":-1.99970627,"muscle86":0.999851942,"muscle87":-0.99985224,"muscle88":0.271508127,"muscle89":-1.9997046,"muscle90":0.999851227,"muscle91":-0.999852359,"muscle92":-0.113257922,"muscle93":-1.99970543,"muscle94":0.999852717,"duration":0},"strings":{}},{"property":"Muscles","index":3,"time":3,"ints":{},"floats":{"muscle0":2.24928734E-12,"muscle1":-2.84977662E-13,"muscle2":3.4604432E-13,"muscle3":-2.13454836E-08,"muscle4":1.62844388E-13,"muscle5":-6.31021982E-13,"muscle6":0,"muscle7":0,"muscle8":0,"muscle9":2.13433218E-08,"muscle10":6.10666438E-14,"muscle11":-1.5266661E-14,"muscle12":2.66804477E-07,"muscle13":-2.90945135E-08,"muscle14":-9.67719771E-08,"muscle15":-0.324147463,"muscle16":-1.97231259E-07,"muscle17":-0.324148148,"muscle18":-2.77395998E-07,"muscle19":0,"muscle20":0,"muscle21":0.522006333,"muscle22":-0.0674839839,"muscle23":-0.308528781,"muscle24":0.930871248,"muscle25":0.238623425,"muscle26":0.0494396165,"muscle27":-0.0438291505,"muscle28":2.3772256E-07,"muscle29":0.522004962,"muscle30":-0.0674860179,"muscle31":-0.308533311,"muscle32":0.930870712,"muscle33":0.238627389,"muscle34":0.0494425744,"muscle35":-0.0437810607,"muscle36":3.96204285E-07,"muscle37":-0.499999821,"muscle38":0.00360197015,"muscle39":-0.177932099,"muscle40":-0.0678733513,"muscle41":-0.148090467,"muscle42":1.00104058,"muscle43":0.284543335,"muscle44":-0.0182716828,"muscle45":0.0230475236,"muscle46":-0.499999881,"muscle47":0.00360358274,"muscle48":0.12289685,"muscle49":-0.191941544,"muscle50":0.0596795343,"muscle51":-0.463711709,"muscle52":0.993621588,"muscle53":-0.0573187955,"muscle54":0.998989999,"muscle55":-1.36603785E-06,"muscle56":1.36603731E-07,"muscle57":2.95390468E-08,"muscle58":4.26886757E-08,"muscle59":-2.54444197E-16,"muscle60":1.70754674E-07,"muscle61":-7.58909735E-08,"muscle62":7.58909806E-08,"muscle63":6.83018797E-08,"muscle64":-2.27672942E-07,"muscle65":0,"muscle66":-5.52179507E-19,"muscle67":-3.4150947E-08,"muscle68":-5.69182426E-08,"muscle69":-6.07127788E-07,"muscle70":-7.58909806E-08,"muscle71":-3.41509363E-08,"muscle72":4.26886722E-08,"muscle73":-5.31236765E-07,"muscle74":-7.58909735E-08,"muscle75":-0.244408235,"muscle76":0.138868213,"muscle77":0.639900088,"muscle78":0.639900446,"muscle79":-0.999851942,"muscle80":-0.706811368,"muscle81":-1.99970484,"muscle82":0.999852598,"muscle83":-0.999851882,"muscle84":-1.39979267,"muscle85":-1.99970627,"muscle86":0.999851942,"muscle87":-0.99985224,"muscle88":0.271508127,"muscle89":-1.9997046,"muscle90":0.999850929,"muscle91":-0.999852359,"muscle92":-0.113257922,"muscle93":-1.99970543,"muscle94":0.999852717,"duration":0},"strings":{}},{"property":"Left Hand Configuration","index":1,"time":1,"ints":{"hash":1010199552},"floats":{},"strings":{"name":"-"}},{"property":"Left Hand Configuration","index":2,"time":2,"ints":{"hash":1010199552},"floats":{"duration":0},"strings":{"name":"-"}},{"property":"Left Hand Configuration","index":3,"time":3,"ints":{"hash":-2140609536},"floats":{"duration":0},"strings":{"name":"-"}},{"property":"Right Hand Configuration","index":1,"time":1,"ints":{"hash":438120448},"floats":{},"strings":{"name":"B"}},{"property":"Right Hand Configuration","index":2,"time":2,"ints":{"hash":438120448},"floats":{"duration":0},"strings":{"name":"B"}},{"property":"Right Hand Configuration","index":3,"time":3,"ints":{"hash":1582278656},"floats":{"duration":0},"strings":{"name":"B"}}]}],"version":2,"globalSpeed":2.24285722,"globalRepetitions":1}
