{"animTracks":[{"properties":["Right Hand Configuration","Left Hand Configuration","Muscles","Facial Expression"],"loops":false,"keyFrames":[{"property":"Muscles","index":1,"time":1,"ints":{},"floats":{"muscle0":2.77478591E-07,"muscle1":-5.36441974E-07,"muscle2":-7.93866383E-13,"muscle3":-2.13454836E-08,"muscle4":1.62844388E-13,"muscle5":-6.31021982E-13,"muscle6":0,"muscle7":0,"muscle8":0,"muscle9":2.13434017E-08,"muscle10":5.90683237E-14,"muscle11":2.68220845E-07,"muscle12":2.34787919E-07,"muscle13":5.78708523E-07,"muscle14":-2.2680203E-07,"muscle15":-0.324147046,"muscle16":-1.31784475E-06,"muscle17":-0.324148148,"muscle18":-2.77395998E-07,"muscle19":0,"muscle20":0,"muscle21":0.527684152,"muscle22":-0.0759823099,"muscle23":-0.588656127,"muscle24":0.953825772,"muscle25":0.425628841,"muscle26":0.042562589,"muscle27":-0.0481424928,"muscle28":4.42761603E-07,"muscle29":0.527683556,"muscle30":-0.0759852156,"muscle31":-0.588660777,"muscle32":0.953825891,"muscle33":0.425632775,"muscle34":0.0425663367,"muscle35":-0.0480918102,"muscle36":3.96204285E-07,"muscle37":-0.499999821,"muscle38":0.00360197015,"muscle39":-0.375015408,"muscle40":0.266970158,"muscle41":0.399878144,"muscle42":-0.934969068,"muscle43":0.607085705,"muscle44":-0.656480253,"muscle45":-0.0114111425,"muscle46":-0.499999195,"muscle47":0.0036051874,"muscle48":-0.429060876,"muscle49":0.289869636,"muscle50":0.537684143,"muscle51":-0.979607463,"muscle52":0.606579006,"muscle53":-0.637058258,"muscle54":0.0202558991,"muscle55":-1.04444456,"muscle56":0.166665718,"muscle57":-0.248893961,"muscle58":-0.204449281,"muscle59":-0.999999404,"muscle60":-0.706916392,"muscle61":-2.00000072,"muscle62":-0.999999762,"muscle63":-1,"muscle64":-1.39999866,"muscle65":-2,"muscle66":-0.200000316,"muscle67":-0.99999994,"muscle68":0.27154842,"muscle69":-2.00000095,"muscle70":-0.28000021,"muscle71":-0.999999881,"muscle72":-0.113273934,"muscle73":-1.99999964,"muscle74":-0.999999702,"muscle75":-1.04444444,"muscle76":0.166666269,"muscle77":-0.248894021,"muscle78":-0.204449356,"muscle79":-0.999999404,"muscle80":-0.706916511,"muscle81":-2,"muscle82":-1.00000012,"muscle83":-0.999999583,"muscle84":-1.3999989,"muscle85":-2.00000095,"muscle86":-0.200000286,"muscle87":-1,"muscle88":0.271548212,"muscle89":-1.99999988,"muscle90":-0.280000299,"muscle91":-1,"muscle92":-0.113273993,"muscle93":-2.00000095,"muscle94":-0.999999821,"duration":0.176767677},"strings":{},"inTangent":0,"inWeight":0,"outTangent":0,"outWeight":0,"weightedMode":0},{"property":"Muscles","index":2,"time":1.99999988,"ints":{},"floats":{"muscle0":2.24928734E-12,"muscle1":-2.84977662E-13,"muscle2":3.4604432E-13,"muscle3":-2.13454836E-08,"muscle4":1.62844388E-13,"muscle5":-6.31021982E-13,"muscle6":0,"muscle7":0,"muscle8":0,"muscle9":2.13433218E-08,"muscle10":6.10666438E-14,"muscle11":-1.5266661E-14,"muscle12":1.60082791E-07,"muscle13":-1.93697389E-07,"muscle14":-1.93478982E-07,"muscle15":-0.324149996,"muscle16":-1.31784475E-06,"muscle17":-0.324149996,"muscle18":-2.77395998E-07,"muscle19":0,"muscle20":0,"muscle21":0.524232626,"muscle22":-0.0713517442,"muscle23":-0.415074497,"muscle24":0.939663827,"muscle25":0.309865743,"muscle26":-0.050906051,"muscle27":0.0511477962,"muscle28":2.3772256E-07,"muscle29":0.524232209,"muscle30":-0.071354486,"muscle31":-0.415078193,"muscle32":0.939663708,"muscle33":0.309868783,"muscle34":-0.0508561991,"muscle35":0.0511512198,"muscle36":3.96204285E-07,"muscle37":-0.499999821,"muscle38":0.00360197015,"muscle39":-0.248963833,"muscle40":0.31703338,"muscle41":-0.353937447,"muscle42":-0.264100075,"muscle43":0.543196976,"muscle44":-0.656235695,"muscle45":-0.0118786665,"muscle46":-0.499998987,"muscle47":0.0036056363,"muscle48":-0.303763807,"muscle49":0.247106835,"muscle50":-0.258564174,"muscle51":-0.367576599,"muscle52":0.560016632,"muscle53":-0.636673689,"muscle54":0.0192334857,"muscle55":-1.04429007,"muscle56":0.166641265,"muscle57":-0.248857483,"muscle58":-0.20441924,"muscle59":-0.999852002,"muscle60":-0.706811428,"muscle61":-1.99970627,"muscle62":-0.999851942,"muscle63":-0.999852419,"muscle64":-1.39979279,"muscle65":-1.99970448,"muscle66":-0.199970528,"muscle67":-0.999852419,"muscle68":-0.113256328,"muscle69":-1.99970484,"muscle70":-0.999851942,"muscle71":-0.999852419,"muscle72":0.271508247,"muscle73":-1.99970615,"muscle74":-0.279958814,"muscle75":-1.0442903,"muscle76":0.16664207,"muscle77":-0.248857543,"muscle78":-0.204419136,"muscle79":-0.999851942,"muscle80":-0.706811368,"muscle81":-1.99970484,"muscle82":-0.999853373,"muscle83":-0.999851882,"muscle84":-1.39979267,"muscle85":-1.99970627,"muscle86":-0.199970797,"muscle87":-0.99985224,"muscle88":0.271508127,"muscle89":-1.9997046,"muscle90":-0.279959291,"muscle91":-0.999852359,"muscle92":-0.113257922,"muscle93":-1.99970615,"muscle94":-0.999852538,"duration":0.419191927,"muscle-1":1},"strings":{},"inTangent":0,"inWeight":0,"outTangent":0,"outWeight":0,"weightedMode":0},{"property":"Left Hand Configuration","index":1,"time":1,"ints":{"hash":-731858944},"floats":{"duration":0.176767677},"strings":{"name":"B_polegar-fechado"},"inTangent":0,"inWeight":0,"outTangent":0,"outWeight":0,"weightedMode":0},{"property":"Left Hand Configuration","index":2,"time":1.99999988,"ints":{"hash":-436334592},"floats":{"duration":0.419191927},"strings":{"name":"B_polegar-fechado"},"inTangent":0,"inWeight":0,"outTangent":0,"outWeight":0,"weightedMode":0},{"property":"Right Hand Configuration","index":1,"time":1,"ints":{"hash":-1303938048},"floats":{"duration":0.176767677},"strings":{"name":"B_polegar-fechado"},"inTangent":0,"inWeight":0,"outTangent":0,"outWeight":0,"weightedMode":0},{"property":"Right Hand Configuration","index":2,"time":1.99999988,"ints":{"hash":-1008413696},"floats":{"duration":0.419191927},"strings":{"name":"B_polegar-fechado"},"inTangent":0,"inWeight":0,"outTangent":0,"outWeight":0,"weightedMode":0},{"property":"Facial Expression","index":1,"time":1,"ints":{},"floats":{},"strings":{"faceName":"Neutra"},"inTangent":0,"inWeight":0,"outTangent":0,"outWeight":0,"weightedMode":0},{"property":"Facial Expression","index":2,"time":1.99999988,"ints":{},"floats":{},"strings":{"faceName":"Neutra"},"inTangent":0,"inWeight":0,"outTangent":0,"outWeight":0,"weightedMode":0}]},{"properties":["Face Animation Neutra"],"loops":false,"keyFrames":[{"property":"Face Animation Neutra","index":0,"time":0,"ints":{},"floats":{"girl_head_.blendShape.mClose":100,"girl_head_.blendShape.A":0,"girl_head_.blendShape.Cons":0,"girl_head_.blendShape.Fv":0,"girl_head_.blendShape.mLSide":0,"girl_head_.blendShape.mLSideUp":0,"girl_head_.blendShape.mRSide":0,"girl_head_.blendShape.mRSideUp":0,"girl_head_.blendShape.O":0,"girl_head_.blendShape.smile":0,"girl_head_.blendShape.U":0,"girl_hair.blendShape.cheek1":0,"girl_hair.blendShape.cheek2":0,"girl_hair.blendShape.cheek3":0,"girl_head_.blendShape.Bmp":0,"girl_head_.blendShape.E":0,"girl_head_.blendShape.F001":0,"girl_head_.blendShape.F003":0,"girl_head_.blendShape.F005":0,"girl_head_.blendShape.F006":0,"girl_head_.blendShape.F007":0,"girl_head_.blendShape.F007left":0,"girl_head_.blendShape.F008":0,"girl_head_.blendShape.F017":0,"girl_head_.blendShape.F019":0,"girl_head_.blendShape.F024":0,"girl_head_.blendShape.F031":0,"girl_head_.blendShape.LEyeBMad":0,"girl_head_.blendShape.LEyeClose":0,"girl_head_.blendShape.LEyeLidUp":0,"girl_head_.blendShape.LEyeMad":0,"girl_head_.blendShape.LEyeSad":0,"girl_head_.blendShape.LeyeBUp":0,"girl_head_.blendShape.mSad":0,"girl_head_.blendShape.REyeBMad":0,"girl_head_.blendShape.REyeClose":0,"girl_head_.blendShape.REyeLidUp":0,"girl_head_.blendShape.REyeMad":0,"girl_head_.blendShape.REyeSad":0,"girl_head_.blendShape.ReyeBSad":0,"girl_head_.blendShape.ReyeBUp":0,