{"animTracks":[{"properties":["Right Hand Configuration","Left Hand Configuration","Muscles"],"loops":false,"keyFrames":[{"property":"Muscles","index":1,"time":0.999999881,"ints":{},"floats":{"muscle0":2.77478591E-07,"muscle1":-5.36441974E-07,"muscle2":-7.93866383E-13,"muscle3":-2.13454836E-08,"muscle4":1.62844388E-13,"muscle5":-6.31021982E-13,"muscle6":0,"muscle7":0,"muscle8":0,"muscle9":2.13434017E-08,"muscle10":5.90683237E-14,"muscle11":2.68220845E-07,"muscle12":2.34787919E-07,"muscle13":5.78708523E-07,"muscle14":-2.2680203E-07,"muscle15":-0.324147046,"muscle16":-1.31784475E-06,"muscle17":-0.324148148,"muscle18":-2.77395998E-07,"muscle19":0,"muscle20":0,"muscle21":0.527684152,"muscle22":-0.0759823099,"muscle23":-0.588656127,"muscle24":0.953825772,"muscle25":0.425628841,"muscle26":0.042562589,"muscle27":-0.0481424928,"muscle28":4.42761603E-07,"muscle29":0.527683556,"muscle30":-0.0759852156,"muscle31":-0.588660777,"muscle32":0.953825891,"muscle33":0.425632775,"muscle34":0.0425663367,"muscle35":-0.0480918102,"muscle36":3.96204285E-07,"muscle37":-0.499999821,"muscle38":0.00360197015,"muscle39":-0.512595832,"muscle40":0.210587695,"muscle41":-0.16981034,"muscle42":0.992770672,"muscle43":0.268193841,"muscle44":-0.015839668,"muscle45":0.0202495288,"muscle46":-0.499999195,"muscle47":0.0036051874,"muscle48":-0.200451761,"muscle49":0.0836938992,"muscle50":-0.123530254,"muscle51":-0.726548493,"muscle52":0.593744218,"muscle53":-0.237058982,"muscle54":0.473448634,"muscle55":-1.36603785E-06,"muscle56":1.36603731E-07,"muscle57":2.95390468E-08,"muscle58":4.26886757E-08,"muscle59":-2.54444197E-16,"muscle60":1.70754674E-07,"muscle61":-6.07127845E-07,"muscle62":7.58909806E-08,"muscle63":6.83018797E-08,"muscle64":-2.27672942E-07,"muscle65":0,"muscle66":-5.52179507E-19,"muscle67":-3.4150947E-08,"muscle68":-5.69182426E-08,"muscle69":-1.51781947E-07,"muscle70":-7.58909806E-08,"muscle71":-3.41509363E-08,"muscle72":4.26886722E-08,"muscle73":-7.58909735E-08,"muscle74":-7.58909735E-08,"muscle75":-0.566666663,"muscle76":-1.99999964,"muscle77":1,"muscle78":0.666666567,"muscle79":-0.0222220197,"muscle80":-0.831361532,"muscle81":0.566666484,"muscle82":0.99999994,"muscle83":-0.0888887793,"muscle84":-0.99681735,"muscle85":0.600000024,"muscle86":0.999999702,"muscle87":-0.15555568,"muscle88":-1.39999843,"muscle89":0.566666424,"muscle90":0.999999642,"muscle91":-0.088888891,"muscle92":-0.642161548,"muscle93":0.533333242,"muscle94":1,"duration":0.0808080807},"strings":{}},{"property":"Muscles","index":2,"time":1.83838367,"ints":{},"floats":{"muscle0":2.24928734E-12,"muscle1":-2.84977662E-13,"muscle2":3.4604432E-13,"muscle3":-2.13454836E-08,"muscle4":1.62844388E-13,"muscle5":-6.31021982E-13,"muscle6":0,"muscle7":0,"muscle8":0,"muscle9":2.13434017E-08,"muscle10":5.90683237E-14,"muscle11":2.68220845E-07,"muscle12":1.81427126E-07,"muscle13":-1.93697389E-07,"muscle14":-1.9347894E-07,"muscle15":-0.324147046,"muscle16":-1.31784475E-06,"muscle17":-0.324148148,"muscle18":-2.77395998E-07,"muscle19":0,"muscle20":0,"muscle21":0.524232686,"muscle22":-0.0713520497,"muscle23":-0.415075511,"muscle24":0.939663708,"muscle25":0.309866399,"muscle26":-0.0509061366,"muscle27":0.0511481874,"muscle28":2.3772256E-07,"muscle29":0.524231613,"muscle30":-0.0713548809,"muscle31":-0.415078104,"muscle32":0.939663291,"muscle33":0.309868813,"muscle34":-0.0508560427,"muscle35":0.051151257,"muscle36":3.96204285E-07,"muscle37":-0.499999821,"muscle38":0.00360197015,"muscle39":-0.514530599,"muscle40":0.210908458,"muscle41":-0.113973834,"muscle42":0.988652825,"muscle43":0.212618634,"muscle44":-0.017219279,"muscle45":0.0212148521,"muscle46":-0.499999195,"muscle47":0.00360428216,"muscle48":-0.166957721,"muscle49":0.252525628,"muscle50":-0.269405514,"muscle51":-0.512382209,"muscle52":0.79464674,"muscle53":-0.0637116879,"muscle54":0.119843677,"muscle55":-1.36603785E-06,"muscle56":4.78113236E-07,"muscle57":2.95390468E-08,"muscle58":4.26886757E-08,"muscle59":-2.54444197E-16,"muscle60":1.70754674E-07,"muscle61":-7.58909735E-08,"muscle62":7.58909806E-08,"muscle63":6.83018797E-08,"muscle64":-2.27672942E-07,"muscle65":0,"muscle66":-5.52179507E-19,"muscle67":-3.4150947E-08,"muscle68":-5.69182426E-08,"muscle69":-1.51781947E-07,"muscle70":-7.58909806E-08,"muscle71":-3.41509363E-08,"muscle72":4.26886722E-08,"muscle73":-5.31236765E-07,"muscle74":-7.58909735E-08,"muscle75":-2.36648488,"muscle76":-2.00000024,"muscle77":-0.0221196562,"muscle78":0.999966621,"muscle79":-0.999902368,"muscle80":-0.831361532,"muscle81":0.266696423,"muscle82":0.99999994,"muscle83":-0.999908626,"muscle84":-1.27678883,"muscle85":0.200039893,"muscle86":0.99999994,"muscle87":-0.999915421,"muscle88":-0.506317973,"muscle89":0.400016516,"muscle90":0.999999344,"muscle91":-0.999908745,"muscle92":-0.393297672,"muscle93":0.533333004,"muscle94":0.999999702,"duration":0.146464646},"strings":{}},{"property":"Left Hand Configuration","index":1,"time":0.999999881,"ints":{"hash":1646502912},"floats":{"duration":0.0808080807},"strings":{"name":"-"}},{"property":"Left Hand Configuration","index":2,"time":1.83838367,"ints":{"hash":-1866432512},"floats":{"duration":0.146464646},"strings":{"name":"-"}},{"property":"Right Hand Configuration","index":1,"time":0.999999881,"ints":{"hash":-1785971712},"floats":{"duration":0.0808080807},"strings":{"name":"Pico_Pato_Aberto2"}},{"property":"Right Hand Configuration","index":2,"time":1.83838367,"ints":{"hash":1856455680},"floats":{"duration":0.146464646},"strings":{"name":"bico de pato"}}]}],"version":3,"globalSpeed":1,"globalRepetitions":1}
