{"animTracks":[{"properties":["Right Hand Configuration","Left Hand Configuration","Muscles"],"loops":false,"keyFrames":[{"property":"Muscles","index":1,"time":1.56565642,"ints":{},"floats":{"muscle0":2.77478591E-07,"muscle1":-5.36441974E-07,"muscle2":-7.93866383E-13,"muscle3":-2.13454836E-08,"muscle4":1.62844388E-13,"muscle5":-6.31021982E-13,"muscle6":0,"muscle7":0,"muscle8":0,"muscle9":2.13434017E-08,"muscle10":5.90683237E-14,"muscle11":2.68220845E-07,"muscle12":2.34787919E-07,"muscle13":5.78708523E-07,"muscle14":-2.2680203E-07,"muscle15":-0.324147046,"muscle16":-1.31784475E-06,"muscle17":-0.324148148,"muscle18":-2.77395998E-07,"muscle19":0,"muscle20":0,"muscle21":0.527684152,"muscle22":-0.0759823099,"muscle23":-0.588656127,"muscle24":0.953825772,"muscle25":0.425628841,"muscle26":0.042562589,"muscle27":-0.0481424928,"muscle28":4.42761603E-07,"muscle29":0.527683556,"muscle30":-0.0759852156,"muscle31":-0.588660777,"muscle32":0.953825891,"muscle33":0.425632775,"muscle34":0.0425663367,"muscle35":-0.0480918102,"muscle36":3.96204285E-07,"muscle37":-0.499999821,"muscle38":0.00360197015,"muscle39":-0.259562075,"muscle40":0.288811654,"muscle41":-0.117834337,"muscle42":-0.276898295,"muscle43":-0.574086368,"muscle44":-0.21425879,"muscle45":0.218099982,"muscle46":-0.499999195,"muscle47":0.0036051874,"muscle48":-0.415220827,"muscle49":-0.0384766571,"muscle50":-0.282438248,"muscle51":-0.211862192,"muscle52":-0.464640945,"muscle53":-0.100548059,"muscle54":0.0202558991,"muscle55":-1.36603785E-06,"muscle56":1.36603731E-07,"muscle57":2.95390468E-08,"muscle58":4.26886757E-08,"muscle59":-2.54444197E-16,"muscle60":1.70754674E-07,"muscle61":-6.07127845E-07,"muscle62":7.58909806E-08,"muscle63":6.83018797E-08,"muscle64":-2.27672942E-07,"muscle65":0,"muscle66":-5.52179507E-19,"muscle67":-3.4150947E-08,"muscle68":-5.69182426E-08,"muscle69":-1.51781947E-07,"muscle70":-7.58909806E-08,"muscle71":-3.41509363E-08,"muscle72":4.26886722E-08,"muscle73":-7.58909735E-08,"muscle74":-7.58909735E-08,"muscle75":-0.66666621,"muscle76":-1.99999988,"muscle77":0.333333582,"muscle78":0.55110687,"muscle79":-0.0666668862,"muscle80":0.288638324,"muscle81":0.67819494,"muscle82":0.99999994,"muscle83":-1.00000012,"muscle84":-0.436818153,"muscle85":0.366667032,"muscle86":0.99999994,"muscle87":0.263175577,"muscle88":0.271548241,"muscle89":0.64426744,"muscle90":0.99999994,"muscle91":-0.0441063046,"muscle92":0.695615292,"muscle93":1,"muscle94":1,"duration":0.0606060624},"strings":{}},{"property":"Muscles","index":2,"time":1.01010084,"ints":{},"floats":{"muscle0":2.20384518E-12,"muscle1":-5.36441974E-07,"muscle2":1.42488831E-13,"muscle3":-2.13454836E-08,"muscle4":1.62844388E-13,"muscle5":-6.31021982E-13,"muscle6":0,"muscle7":0,"muscle8":0,"muscle9":2.13434017E-08,"muscle10":5.90683237E-14,"muscle11":2.68220845E-07,"muscle12":6.51002551E-07,"muscle13":8.88371289E-07,"muscle14":-3.7699877E-07,"muscle15":-0.324147046,"muscle16":-1.31784475E-06,"muscle17":-0.324148268,"muscle18":-1.58908722E-06,"muscle19":0,"muscle20":0,"muscle21":0.524232686,"muscle22":-0.0713528469,"muscle23":-0.415075123,"muscle24":0.939664185,"muscle25":0.309825629,"muscle26":0.0397885777,"muscle27":-0.0395596921,"muscle28":1.12591374E-06,"muscle29":0.524231613,"muscle30":-0.071356155,"muscle31":-0.415079474,"muscle32":0.93966341,"muscle33":0.309829503,"muscle34":0.0397913828,"muscle35":-0.0395096205,"muscle36":3.96204285E-07,"muscle37":-0.499999821,"muscle38":0.00360197015,"muscle39":-0.260327488,"muscle40":0.288968623,"muscle41":-0.117330216,"muscle42":-0.276978135,"muscle43":-0.57456553,"muscle44":-0.214619979,"muscle45":0.217179388,"muscle46":-0.499999672,"muscle47":0.00360631314,"muscle48":-0.415721714,"muscle49":-0.0382634252,"muscle50":-0.282150388,"muscle51":-0.44038251,"muscle52":-0.464938819,"muscle53":-0.100930147,"muscle54":0.0196501277,"muscle55":-1.36603785E-06,"muscle56":1.36603731E-07,"muscle57":2.95390468E-08,"muscle58":4.26886757E-08,"muscle59":-2.54444197E-16,"muscle60":1.70754674E-07,"muscle61":-6.07127845E-07,"muscle62":7.58909806E-08,"muscle63":6.83018797E-08,"muscle64":-2.27672942E-07,"muscle65":0,"muscle66":-5.52179507E-19,"muscle67":-4.78113236E-07,"muscle68":1.48425888E-14,"muscle69":-1.51781947E-07,"muscle70":-7.58909806E-08,"muscle71":-3.41509363E-08,"muscle72":4.26886722E-08,"muscle73":-7.58909735E-08,"muscle74":-7.58909735E-08,"muscle75":-0.666666031,"muscle76":-1.99999976,"muscle77":0.333333582,"muscle78":0.55110687,"muscle79":-0.0666668862,"muscle80":0.288638324,"muscle81":0.678194761,"muscle82":0.99999994,"muscle83":-1.00000012,"muscle84":-0.436818153,"muscle85":0.366667032,"muscle86":0.999999702,"muscle87":0.263175577,"muscle88":0.271548241,"muscle89":0.64426744,"muscle90":0.99999994,"muscle91":-0.0441063046,"muscle92":0.695615292,"muscle93":1,"muscle94":1,"duration":0.0707070678},"strings":{}},{"property":"Muscles","index":3,"time":2.20707059,"ints":{},"floats":{"muscle0":2.20384518E-12,"muscle1":-5.36441974E-07,"muscle2":1.42488831E-13,"muscle3":-2.13454836E-08,"muscle4":1.62844388E-13,"muscle5":-6.31021982E-13,"muscle6":0,"muscle7":0,"muscle8":0,"muscle9":2.13434017E-08,"muscle10":5.90683237E-14,"muscle11":2.68220845E-07,"muscle12":3.84198188E-07,"muscle13":7.77884452E-07,"muscle14":-6.41190411E-07,"muscle15":-0.324147046,"muscle16":-1.31784475E-06,"muscle17":-0.324148148,"muscle18":-2.77395998E-07,"muscle19":0,"muscle20":0,"muscle21":0.524234235,"muscle22":-0.0713527501,"muscle23":-0.415072918,"muscle24":0.939663708,"muscle25":0.30982399,"muscle26":0.039786987,"muscle27":-0.0395603776,"muscle28":8.5270625E-07,"muscle29":0.524230599,"muscle30":-0.0713557899,"muscle31":-0.415077806,"muscle32":0.93966347,"muscle33":0.309828371,"muscle34":0.0397926085,"muscle35":-0.039510645,"muscle36":3.96204285E-07,"muscle37":-0.499999821,"muscle38":0.00360197015,"muscle39":-0.638267159,"muscle40":0.173600852,"muscle41":-0.0589540936,"muscle42":-0.224923447,"muscle43":-0.930222094,"muscle44":-0.00291224406,"muscle45":0.796095192,"muscle46":-0.499998987,"muscle47":0.0036056363,"muscle48":-0.438984334,"muscle49":0.176160157,"muscle50":-0.114069052,"muscle51":-0.251137346,"muscle52":-0.762155354,"muscle53":0.0537297949,"muscle54":0.80400908,"muscle55":-2.99999976,"muscle56":-1.99999893,"muscle57":-0.604449749,"muscle58":-0.026671391,"muscle59":0.39770031,"muscle60":-1.01802802,"muscle61":0.77819562,"muscle62":0.77819556,"muscle63":0.354028046,"muscle64":-1.30792511,"muscle65":0.737342834,"muscle66":0.737342417,"muscle67":-1.00000012,"muscle68":1.39154863,"muscle69":-2.00000095,"muscle70":-0.999999702,"muscle71":-1.00000012,"muscle72":0.197837055,"muscle73":-2.00000072,"muscle74":-0.999999225,"muscle75":-2.99999714,"muscle76":-2,"muscle77":-0.604449689,"muscle78":-0.0266713314,"muscle79":0.39770031,"muscle80":-1.01802802,"muscle81":0.77819556,"muscle82":0.77819556,"muscle83":0.354027718,"muscle84":-1.30792797,"muscle85":0.737342477,"muscle86":0.737342834,"muscle87":-1.00000012,"muscle88":1.39155006,"muscle89":-1.99999988,"muscle90":-0.99999994,"muscle91":-1,"muscle92":0.197837099,"muscle93":-2.00000095,"muscle94":-0.999999821,"duration":0.00505050505},"strings":{}},{"property":"Muscles","index":4,"time":2.61111093,"ints":{},"floats":{"muscle0":2.24928734E-12,"muscle1":-2.84977662E-13,"muscle2":3.4604432E-13,"muscle3":-2.13454836E-08,"muscle4":1.62844388E-13,"muscle5":-6.31021982E-13,"muscle6":0,"muscle7":0,"muscle8":0,"muscle9":2.13433218E-08,"muscle10":6.10666438E-14,"muscle11":-1.5266661E-14,"muscle12":3.20165242E-07,"muscle13":6.63891001E-07,"muscle14":-2.21039457E-07,"muscle15":-0.324147046,"muscle16":-1.31784475E-06,"muscle17":-0.324148268,"muscle18":-1.58908722E-06,"muscle19":0,"muscle20":0,"muscle21":0.522007346,"muscle22":-0.067485705,"muscle23":-0.308528364,"muscle24":0.930870771,"muscle25":0.238642856,"muscle26":-0.041251149,"muscle27":0.0468758456,"muscle28":1.26265093E-06,"muscle29":0.522004485,"muscle30":-0.0674886331,"muscle31":-0.308532923,"muscle32":0.93087095,"muscle33":0.238646626,