{"animTracks":[{"properties":["Right Hand Configuration","Left Hand Configuration","Muscles","Facial Expression"],"loops":false,"keyFrames":[{"property":"Muscles","index":1,"time":0.999999881,"ints":{},"floats":{"muscle0":2.56134228E-07,"muscle1":-1.42488763E-13,"muscle2":-5.49599645E-13,"muscle3":2.13431885E-08,"muscle4":-4.07110868E-14,"muscle5":0,"muscle6":0,"muscle7":0,"muscle8":0,"muscle9":-2.13452704E-08,"muscle10":2.23540313E-14,"muscle11":2.682211E-07,"muscle12":-2.02771005E-07,"muscle13":1.95387557E-07,"muscle14":-2.5273215E-07,"muscle15":-0.324147224,"muscle16":7.54565477E-08,"muscle17":-0.32414791,"muscle18":-1.25760167E-07,"muscle19":0,"muscle20":0,"muscle21":0.527684629,"muscle22":-0.0759822652,"muscle23":-0.588656783,"muscle24":0.953825772,"muscle25":0.425629228,"muscle26":0.042562034,"muscle27":-0.0481425785,"muscle28":5.79231937E-07,"muscle29":0.527684867,"muscle30":-0.0759847462,"muscle31":-0.588661671,"muscle32":0.953825772,"muscle33":0.425633192,"muscle34":0.0425647497,"muscle35":-0.0480923951,"muscle36":-8.17754753E-08,"muscle37":-0.499999434,"muscle38":0.00360218296,"muscle39":-0.0951450467,"muscle40":0.28427273,"muscle41":-0.356002241,"muscle42":-0.302078068,"muscle43":1.20131624,"muscle44":-0.0843354762,"muscle45":0.0202510636,"muscle46":-0.499999315,"muscle47":0.00360563514,"muscle48":-0.183419511,"muscle49":0.234859571,"muscle50":-0.211869389,"muscle51":-0.454837978,"muscle52":-0.621813834,"muscle53":-0.0158376992,"muscle54":-0.433432847,"muscle55":-1.04444349,"muscle56":0.166665807,"muscle57":-0.248893917,"muscle58":-0.204449281,"muscle59":-0.999999046,"muscle60":-0.706916571,"muscle61":-2.00000072,"muscle62":-1.00000012,"muscle63":-0.999999702,"muscle64":-1.39999843,"muscle65":-2.00000072,"muscle66":-0.200000271,"muscle67":-1.00000012,"muscle68":0.271548122,"muscle69":-2.00000095,"muscle70":-0.28000021,"muscle71":-0.999999881,"muscle72":-0.113273956,"muscle73":-1.99999964,"muscle74":-0.999999523,"muscle75":-1.04444444,"muscle76":0.166667089,"muscle77":-0.248894081,"muscle78":-0.204449385,"muscle79":-0.999997973,"muscle80":-0.706916511,"muscle81":-2,"muscle82":-1.00000012,"muscle83":-0.999999464,"muscle84":-1.39999878,"muscle85":-2.00000095,"muscle86":-0.200000301,"muscle87":-1,"muscle88":0.271548212,"muscle89":-2.00000095,"muscle90":-0.28000021,"muscle91":-1,"muscle92":-0.113273911,"muscle93":-2.00000095,"muscle94":-0.99999994,"duration":0.12626262},"strings":{},"inTangent":0,"inWeight":0,"outTangent":0,"outWeight":0,"weightedMode":0},{"property":"Muscles","index":2,"time":1.32323217,"ints":{},"floats":{"muscle0":2.24928734E-12,"muscle1":4.07110902E-14,"muscle2":5.08888667E-13,"muscle3":2.13431885E-08,"muscle4":-4.07110868E-14,"muscle5":0,"muscle6":0,"muscle7":0,"muscle8":0,"muscle9":-2.13452704E-08,"muscle10":2.23540313E-14,"muscle11":2.682211E-07,"muscle12":1.92099264E-07,"muscle13":3.54227808E-07,"muscle14":-7.08421126E-08,"muscle15":-0.324149996,"muscle16":7.54565477E-08,"muscle17":-0.324149996,"muscle18":-1.26609541E-06,"muscle19":0,"muscle20":0,"muscle21":0.524233341,"muscle22":-0.0713516399,"muscle23":-0.415076345,"muscle24":0.939664185,"muscle25":0.309866607,"muscle26":-0.0509065278,"muscle27":0.0511472747,"muscle28":5.79231937E-07,"muscle29":0.524232805,"muscle30":-0.0713542551,"muscle31":-0.415079445,"muscle32":0.93966347,"muscle33":0.309869707,"muscle34":-0.0508562922,"muscle35":0.0511493944,"muscle36":-8.17754753E-08,"muscle37":-0.499999136,"muscle38":0.00360311777,"muscle39":-0.270871103,"muscle40":0.215838611,"muscle41":-0.368448108,"muscle42":-0.325659454,"muscle43":1.20254731,"muscle44":0.0797007009,"muscle45":0.0202748198,"muscle46":-0.499999553,"muscle47":0.0036044945,"muscle48":-0.39109683,"muscle49":0.168874577,"muscle50":-0.285889387,"muscle51":-0.301045328,"muscle52":-0.626029074,"muscle53":0.131502181,"muscle54":-0.43385306,"muscle55":-0.156875134,"muscle56":0.505554736,"muscle57":0.63999474,"muscle58":0.639995277,"muscle59":0.55325532,"muscle60":0.288638264,"muscle61":0.778194606,"muscle62":0.778195679,"muscle63":0.665139198,"muscle64":-0.436818004,"muscle65":0.804008961,"muscle66":0.804009557,"muscle67":0.578116179,"muscle68":0.695616305,"muscle69":0.811357975,"muscle70":0.811358452,"muscle71":0.640953302,"muscle72":0.27154842,"muscle73":0.810934007,"muscle74":0.810934424,"muscle75":-0.156878546,"muscle76":0.505554736,"muscle77":0.639995039,"muscle78":0.639995337,"muscle79":0.553255379,"muscle80":0.288638473,"muscle81":0.778194726,"muscle82":0.77819562,"muscle83":0.665139258,"muscle84":-0.436818212,"muscle85":0.80400914,"muscle86":0.804009557,"muscle87":0.640952587,"muscle88":0.271548092,"muscle89":0.810934246,"muscle90":0.810934007,"muscle91":0.578116,"muscle92":0.695616066,"muscle93":0.811356962,"muscle94":0.811358154,"duration":0.166666672,"muscle-1":1},"strings":{},"inTangent":0,"inWeight":0,"outTangent":0,"outWeight":0,"weightedMode":0},{"property":"Left Hand Configuration","index":1,"time":0.999999881,"ints":{"hash":-1616465920},"floats":{"duration":0.12626262},"strings":{"name":"B_polegar-fechado"},"inTangent":0,"inWeight":0,"outTangent":0,"outWeight":0,"weightedMode":0},{"property":"Left Hand Configuration","index":2,"time":1.32323217,"ints":{"hash":2077310976},"floats":{"duration":0.166666672},"strings":{"name":"m\u05B6o aberta"},"inTangent":0,"inWeight":0,"outTangent":0,"outWeight":0,"weightedMode":0},{"property":"Right Hand Configuration","index":1,"time":0.999999881,"ints":{"hash":2106422272},"floats":{"duration":0.12626262},"strings":{"name":"B_polegar-fechado"},"inTangent":0,"inWeight":0,"outTangent":0,"outWeight":0,"weightedMode":0},{"property":"Right Hand Configuration","index":2,"time":1.32323217,"ints":{"hash":1505231872},"floats":{"duration":0.166666672},"strings":{"name":"m\u05B6o aberta"},"inTangent":0,"inWeight":0,"outTangent":0,"outWeight":0,"weightedMode":0},{"property":"Facial Expression","index":1,"time":0.999999881,"ints":{},"floats":{},"strings":{"faceName":"Neutra"},"inTangent":0,"inWeight":0,"outTangent":0,"outWeight":0,"weightedMode":0},{"property":"Facial Expression","index":2,"time":1.32323217,"ints":{},"floats":{},"strings":{"faceName":"Neutra"},"inTangent":0,"inWeight":0,"outTangent":0,"outWeight":0,"weightedMode":0}]},{"properties":["Face Animation Neutra"],"loops":false,"keyFrames":[{"property":"Face Animation Neutra","index":0,"time":0,"ints":{},"floats":{"girl_head_.blendShape.mClose":100,"girl_head_.blendShape.A":0,"girl_head_.blendShape.Cons":0,"girl_head_.blendShape.Fv":0,"girl_head_.blendShape.mLSide":0,"girl_head_.blendShape.mLSideUp":0,"girl_head_.blendShape.mRSide":0,"girl_head_.blendShape.mRSideUp":0,"girl_head_.blendShape.O":0,"girl_head_.blendShape.smile":0,"girl_head_.blendShape.U":0,"girl_hair.blendShape.cheek1":0,"girl_hair.blendShape.cheek2":0,"girl_hair.blendShape.cheek3":0,"girl_head_.blendShape.Bmp":0,"girl_head_.blendShape.E":0,"girl_head_.blendShape.F001":0,"girl_head_.blendShape.F003":0,"girl_head_.blendShape.F005":0,"girl_head_.blendShape.F006":0,"girl_head_.blendShape.F007":0,"girl_head_.blendShape.F007left":0,"girl_head_.blendShape.F008":0,"girl_head_.blendShape.F017":0,"girl_head_.blendShape.F019":0,"girl_head_.blendShape.F024":0,"girl_head_.blendShape.F031":0,"girl_head_.blendShape.LEyeBMad":0,"girl_head_.blendShape.LEyeClose":0,"girl_head_.blendShape.LEyeLidUp":0,"girl_head_.blendShape.LEyeMad":0,"girl_head_.blendShape.LEyeSad":0,"girl_head_.blendShape.LeyeBUp":0,"girl_head_.blendShape.mSad":0,"girl_head_.blendShape.REyeBMad":0,"girl_head_.blendShape.REyeClose":0,"girl_head_.blendShape.REyeLidUp":0,"girl_head_.blendShape.REyeMad":0,"girl_head_.blendShape.REyeSad":0,"girl_head_.blendShape.ReyeBSad":0,"girl_head_.blendShape.ReyeBUp":0,