{
  "animTracks": [
    {
      "properties": [
        "Right Hand Configuration",
        "Left Hand Configuration",
        "Muscles",
        "Facial Expression"
      ],
      "loops": false,
      "keyFrames": [
        {
          "property": "Muscles",
          "index": 3,
          "time": 1.01010084,
          "ints": {},
          "floats": {
            "muscle0": 2.56134228E-07,
            "muscle1": -1.42488763E-13,
            "muscle2": -5.49599645E-13,
            "muscle3": 2.13431885E-08,
            "muscle4": -4.07110868E-14,
            "muscle5": 0,
            "muscle6": 0,
            "muscle7": 0,
            "muscle8": 0,
            "muscle9": -2.13452704E-08,
            "muscle10": 2.23540313E-14,
            "muscle11": 2.682211E-07,
            "muscle12": -0.0479997844,
            "muscle13": 0.0569996871,
            "muscle14": -6.93050652E-07,
            "muscle15": 0,
            "muscle16": 4.63046945E-07,
            "muscle17": 0,
            "muscle18": -2.0637151E-06,
            "muscle19": 0,
            "muscle20": 0,
            "muscle21": 0.522006691,
            "muscle22": -0.0674841851,
            "muscle23": -0.308529913,
            "muscle24": 0.930871129,
            "muscle25": 0.23868224,
            "muscle26": -0.0525990091,
            "muscle27": 0.0582348146,
            "muscle28": 5.79231937E-07,
            "muscle29": 0.522007644,
            "muscle30": -0.067486465,
            "muscle31": -0.308533698,
            "muscle32": 0.930870771,
            "muscle33": 0.238685682,
            "muscle34": -0.0525497086,
            "muscle35": 0.0582367331,
            "muscle36": -8.17754753E-08,
            "muscle37": -0.499999136,
            "muscle38": 0.00360311777,
            "muscle39": -0.515925229,
            "muscle40": 0.211084709,
            "muscle41": -0.0779905543,
            "muscle42": 0.985978901,
            "muscle43": 0.176828563,
            "muscle44": -0.0182123929,
            "muscle45": 0.0217912197,
            "muscle46": -0.499999315,
            "muscle47": 0.00360563514,
            "muscle48": 0.702161968,
            "muscle49": -0.60277313,
            "muscle50": 0.627998173,
            "muscle51": 0.318073511,
            "muscle52": -0.160726711,
            "muscle53": 0.0248398539,
            "muscle54": 0.229286611,
            "muscle55": 0,
            "muscle56": 0,
            "muscle57": 0,
            "muscle58": 0,
            "muscle59": 0,
            "muscle60": 0,
            "muscle61": 0,
            "muscle62": 0,
            "muscle63": 0,
            "muscle64": 0,
            "muscle65": 0,
            "muscle66": 0,
            "muscle67": 0,
            "muscle68": 0,
            "muscle69": 0,
            "muscle70": 0,
            "muscle71": 0,
            "muscle72": 0,
            "muscle73": 0,
            "muscle74": 0,
            "muscle75": -0.156874731,
            "muscle76": 0.505554259,
            "muscle77": 0.639994681,
            "muscle78": 0.639995337,
            "muscle79": 0.553255856,
            "muscle80": 0.288638264,
            "muscle81": 0.77819556,
            "muscle82": 0.778195202,
            "muscle83": 0.665139318,
            "muscle84": -0.436818212,
            "muscle85": 0.804009318,
            "muscle86": 0.804009378,
            "muscle87": 0.640953362,
            "muscle88": 0.271548152,
            "muscle89": 0.810934246,
            "muscle90": 0.810934126,
            "muscle91": 0.578116179,
            "muscle92": 0.695615232,
            "muscle93": 0.811358154,
            "muscle94": 0.811358154,
            "duration": 0,
            "muscle-1": 1
          },
          "strings": {
            "interpolation": "default"
          },
          "inTangent": 0,
          "inWeight": 0,
          "outTangent": 0,
          "outWeight": 0,
          "weightedMode": 0
        },
        {
          "property": "Left Hand Configuration",
          "index": 3,
          "time": 1.01010084,
          "ints": {
            "hash": -1911026688
          },
          "floats": {
            "duration": 0
          },
          "strings": {
            "name": "-"
          },
          "inTangent": 0,
          "inWeight": 0,
          "outTangent": 0,
          "outWeight": 0,
          "weightedMode": 0
        },
        {
          "property": "Right Hand Configuration",
          "index": 3,
          "time": 1.01010084,
          "ints": {
            "hash": 1811861504
          },
          "floats": {
            "duration": 0
          },
          "strings": {
            "name": "dedilhares/roubar polegar"
          },
          "inTangent": 0,
          "inWeight": 0,
          "outTangent": 0,
          "outWeight": 0,
          "weightedMode": 0
        },
        {
          "property": "Facial Expression",
          "index": 3,
          "time": 1.01010084,
          "ints": {},
          "floats": {},
          "strings": {
            "faceName": "Neutra"
          },
          "inTangent": 0,
          "inWeight": 0,
          "outTangent": 0,
          "outWeight": 0,
          "weightedMode": 0
        }
      ]
    },
    {
      "properties": [
        "Hand Movement dedilhares/roubar polegar"
      ],
      "loops": false,
      "keyFrames": [
        {
          "property": "Hand Movement dedilhares/roubar polegar",
          "index": 0,
          "time": 0,
          "ints": {},
          "floats": {
            "muscle79": 0.553255916,
            "muscle81": 0.778195679,
            "muscle82": 0.778195679,
            "muscle80": 0.288638562,
            "muscle91": 0.578116179,
            "muscle93": 0.811357975,
            "muscle94": 0.811357975,
            "muscle92": 0.695615292,
            "muscle83": 0.665139318,
            "muscle85": 0.804009378,
            "muscle86": 0.804009378,
            "muscle84": -0.436817974,
            "muscle87": 0.640953481,
            "muscle89": 0.810934305,
            "muscle90": 0.810934305,
            "muscle88": 0.271548122,
            "muscle75": -0.156875432,
            "muscle77": 0.639994681,
            "muscle78": 0.639995337,
            "muscle76": 0.505554259
          },
          "strings": {},
          "inTangent": 0.0833330974,
          "inWeight": 0,
          "outTangent": 0.0833330974,
          "outWeight": 0.333333343,
          "weightedMode": 0
        },
        {
          "property": "Hand Movement dedilhares/roubar polegar",
          "index": 1,
          "time": 0.266666681,
          "ints": {},
          "floats": {
            "muscle79": 0.575478077,
            "muscle81": 0.644862294,
            "muscle82": 1,
            "muscle80": 0.288638532,
            "muscle91": -1,
            "muscle93": 0.533333361,
            "muscle94": 1,
            "muscle92": 0.69561547,
            "muscle83": -0.223749638,
            "muscle85": 0.604009569,
            "muscle86": 1,
            "muscle84": -0.436817974,
            "muscle87": -0.714602351,
            "muscle89": 0.744267464,
            "muscle90": 1,
            "muscle88": 0.271548122,
            "muscle75": -0.156875432,
            "muscle77": 0.639994681,
            "muscle78": 0.639995337,
            "muscle76": 0.505554259
          },
          "strings": {},
          "inTangent": -1.82500041,
          "inWeight": 0.333333343,
          "outTangent": -1.82500041,
          "outWeight": 0.333333343,
          "weightedMode": 0
        },
        {
          "property": "Hand Movement dedilhares/roubar polegar",
          "index": 2,
          "time": 0.516666651,
          "ints": {},