{"animTracks":[{"properties":["Right Hand Configuration","Left Hand Configuration","Muscles"],"keyFrames":[{"property":"Muscles","index":2,"time":1.01515138,"ints":{},"floats":{"muscle0":2.77478591E-07,"muscle1":-5.36441974E-07,"muscle2":-7.93866383E-13,"muscle3":-2.13454836E-08,"muscle4":1.62844388E-13,"muscle5":-6.31021982E-13,"muscle6":0,"muscle7":0,"muscle8":0,"muscle9":2.13434017E-08,"muscle10":5.90683237E-14,"muscle11":2.68220845E-07,"muscle12":3.20165157E-07,"muscle13":1.05873755E-06,"muscle14":-3.65475159E-07,"muscle15":-0.324147463,"muscle16":-1.84561559E-05,"muscle17":-0.324148268,"muscle18":-1.65786478E-05,"muscle19":0,"muscle20":0,"muscle21":0.524233878,"muscle22":-0.0713479668,"muscle23":-0.415077388,"muscle24":0.939663708,"muscle25":0.309825867,"muscle26":0.0397861972,"muscle27":-0.0395697542,"muscle28":1.12591374E-06,"muscle29":0.524233222,"muscle30":-0.0713536218,"muscle31":-0.415079981,"muscle32":0.939663708,"muscle33":0.309829026,"muscle34":0.0397896506,"muscle35":-0.0395147689,"muscle36":3.96204285E-07,"muscle37":-0.499999821,"muscle38":0.00360197015,"muscle39":-0.245945573,"muscle40":0.189632282,"muscle41":-0.044586882,"muscle42":-0.244265482,"muscle43":0.260028332,"muscle44":-0.450078279,"muscle45":0.14049381,"muscle46":-0.499999195,"muscle47":0.00360428216,"muscle48":-0.0816546902,"muscle49":0.210590094,"muscle50":-0.169794843,"muscle51":-0.29323718,"muscle52":0.253171235,"muscle53":-0.293879449,"muscle54":0.0412945636,"muscle55":-1.36603785E-06,"muscle56":1.36603731E-07,"muscle57":2.95390468E-08,"muscle58":4.26886757E-08,"muscle59":-2.54444197E-16,"muscle60":1.70754674E-07,"muscle61":-6.07127845E-07,"muscle62":7.58909806E-08,"muscle63":6.83018797E-08,"muscle64":-2.27672942E-07,"muscle65":0,"muscle66":-5.52179507E-19,"muscle67":-3.4150947E-08,"muscle68":-5.69182426E-08,"muscle69":-1.51781947E-07,"muscle70":-7.58909806E-08,"muscle71":-3.41509363E-08,"muscle72":4.26886722E-08,"muscle73":-7.58909735E-08,"muscle74":-7.58909735E-08,"muscle75":-8.53773585E-08,"muscle76":-2.73207519E-07,"muscle77":-4.26886793E-08,"muscle78":-8.53773585E-08,"muscle79":-4.69575411E-07,"muscle80":7.47051701E-08,"muscle81":-5.33905052E-07,"muscle82":-2.40123832E-08,"muscle83":-4.26886748E-09,"muscle84":-7.11477943E-09,"muscle85":1.97138704E-07,"muscle86":-5.97344965E-08,"muscle87":8.03080482E-08,"muscle88":-7.11477739E-08,"muscle89":-9.87175639E-08,"muscle90":-4.11323153E-09,"muscle91":-4.95188601E-07,"muscle92":5.869693E-08,"muscle93":4.13398368E-07,"muscle94":-3.01636938E-08,"duration":0.0707070678},"strings":{}},{"property":"Muscles","index":5,"time":1.24747467,"ints":{},"floats":{"muscle0":2.24928734E-12,"muscle1":-2.84977662E-13,"muscle2":3.4604432E-13,"muscle3":-2.13454836E-08,"muscle4":1.62844388E-13,"muscle5":-6.31021982E-13,"muscle6":0,"muscle7":0,"muscle8":0,"muscle9":2.13434017E-08,"muscle10":5.90683237E-14,"muscle11":2.68220845E-07,"muscle12":5.76297282E-07,"muscle13":8.40017947E-07,"muscle14":-2.94697713E-07,"muscle15":-0.324147195,"muscle16":-4.55958755E-08,"muscle17":-0.324148148,"muscle18":-2.77395998E-07,"muscle19":0,"muscle20":0,"muscle21":0.520546138,"muscle22":-0.0643752217,"muscle23":-0.236131504,"muscle24":0.924838901,"muscle25":0.190181524,"muscle26":-0.0335409939,"muscle27":0.0437313654,"muscle28":2.01463877E-06,"muscle29":0.520545781,"muscle30":-0.0643843412,"muscle31":-0.236129686,"muscle32":0.924838781,"muscle33":0.190181762,"muscle34":-0.0334761553,"muscle35":0.0437320583,"muscle36":3.96204285E-07,"muscle37":-0.499998927,"muscle38":0.00360286771,"muscle39":-0.388202161,"muscle40":0.185887411,"muscle41":-0.0440767258,"muscle42":-0.251022011,"muscle43":0.224543333,"muscle44":0.0790784061,"muscle45":0.213341504,"muscle46":-0.499997675,"muscle47":0.00360267051,"muscle48":-0.392022371,"muscle49":0.210615262,"muscle50":-0.169740796,"muscle51":-0.32427606,"muscle52":0.252946436,"muscle53":0.124822818,"muscle54":0.100547314,"muscle55":-1.03318143,"muscle56":-1.66641998,"muscle57":0.377721816,"muscle58":-0.715454638,"muscle59":0.419860154,"muscle60":-0.115789831,"muscle61":-1.26647866,"muscle62":-0.999851942,"muscle63":-0.00152731815,"muscle64":-0.28121841,"muscle65":-1.0624994,"muscle66":-0.999852061,"muscle67":-0.0218808297,"muscle68":0.851042688,"muscle69":-0.821853518,"muscle70":-0.821853518,"muscle71":0.0631664544,"muscle72":0.271508217,"muscle73":-0.799882293,"muscle74":-0.799881995,"muscle75":-1.03318036,"muscle76":-1.6664201,"muscle77":0.377721846,"muscle78":-0.715454519,"muscle79":0.419859916,"muscle80":-0.115788899,"muscle81":-1.26647866,"muscle82":-0.999852836,"muscle83":-0.00152692723,"muscle84":-0.28121832,"muscle85":-1.06249893,"muscle86":-0.999852538,"muscle87":0.0631667227,"muscle88":0.271508306,"muscle89":-0.799881995,"muscle90":-0.799880385,"muscle91":-0.0218807589,"muscle92":0.851045012,"muscle93":-0.82185328,"muscle94":-0.821853518,"duration":0},"strings":{}},{"property":"Left Hand Configuration","index":2,"time":1.01515138,"ints":{"hash":-263120896},"floats":{"duration":0.0707070678},"strings":{"name":"-"}},{"property":"Left Hand Configuration","index":5,"time":1.24747467,"ints":{"hash":308958208},"floats":{"duration":0},"strings":{"name":"garra fechada"}},{"property":"Right Hand Configuration","index":2,"time":1.01515138,"ints":{"hash":-835200000},"floats":{"duration":0.0707070678},"strings":{"name":"-"}},{"property":"Right Hand Configuration","index":5,"time":1.24747467,"ints":{"hash":-263120896},"floats":{"duration":0},"strings":{"name":"garra fechada"}}]}],"version":2,"globalSpeed":1.00000012,"globalRepetitions":1}
