{
  "animTracks": [
    {
      "properties": [
        "Right Hand Configuration",
        "Left Hand Configuration",
        "Muscles",
        "Facial Expression"
      ],
      "loops": false,
      "keyFrames": [
        {
          "property": "Muscles",
          "index": 1,
          "time": 1,
          "ints": {},
          "floats": {
            "muscle0": 2.1398753E-12,
            "muscle1": -4.07110923E-13,
            "muscle2": -9.56710622E-13,
            "muscle3": -1.48849899E-12,
            "muscle4": -1.69222731E-25,
            "muscle5": -3.25688776E-13,
            "muscle6": 0,
            "muscle7": 0,
            "muscle8": 0,
            "muscle9": -3.96933029E-13,
            "muscle10": -4.0711097E-14,
            "muscle11": -3.25688776E-13,
            "muscle12": 1.38737931E-07,
            "muscle13": 1.30605528E-07,
            "muscle14": 1.02331555E-07,
            "muscle15": 0,
            "muscle16": -3.13225756E-09,
            "muscle17": 0,
            "muscle18": -2.60550999E-12,
            "muscle19": 0,
            "muscle20": 0,
            "muscle21": 0.527684987,
            "muscle22": -0.075982213,
            "muscle23": -0.588656247,
            "muscle24": 0.953825712,
            "muscle25": 0.4257029,
            "muscle26": -0.0594078712,
            "muscle27": 0.0538544767,
            "muscle28": 3.74593156E-07,
            "muscle29": 0.527683496,
            "muscle30": -0.0759853348,
            "muscle31": -0.588659286,
            "muscle32": 0.953825295,
            "muscle33": 0.425705791,
            "muscle34": -0.0593609177,
            "muscle35": 0.053863246,
            "muscle36": 1.94633657E-07,
            "muscle37": -0.499999434,
            "muscle38": 0.00360223628,
            "muscle39": -0.0422540754,
            "muscle40": -0.272751033,
            "muscle41": 0.451570511,
            "muscle42": -0.456510305,
            "muscle43": 0.0914406478,
            "muscle44": -0.45739156,
            "muscle45": 0.999956608,
            "muscle46": -0.499998987,
            "muscle47": 0.00360562769,
            "muscle48": 0.597832263,
            "muscle49": -0.598288417,
            "muscle50": 0.580527306,
            "muscle51": 0.273997366,
            "muscle52": 0.219265684,
            "muscle53": -0.251273304,
            "muscle54": 0.33550337,
            "muscle55": -0.500000536,
            "muscle56": -1.99999893,
            "muscle57": 0.466666579,
            "muscle58": 1,
            "muscle59": -0.0222219508,
            "muscle60": -1.04913974,
            "muscle61": 0.566666424,
            "muscle62": 0.99999994,
            "muscle63": -0.177777752,
            "muscle64": -1.27681732,
            "muscle65": 0.733332932,
            "muscle66": 0.999999642,
            "muscle67": -0.177777633,
            "muscle68": -1.22178566,
            "muscle69": 0.666666806,
            "muscle70": 0.999998868,
            "muscle71": -0.177777767,
            "muscle72": -0.611051083,
            "muscle73": 0.533333242,
            "muscle74": 0.999999702,
            "muscle75": -0.500000536,
            "muscle76": -1.99999964,
            "muscle77": 0.466666728,
            "muscle78": 1.00000012,
            "muscle79": -0.0222220253,
            "muscle80": -1.0491395,
            "muscle81": 0.566665888,
            "muscle82": 1.00000012,
            "muscle83": -0.177777648,
            "muscle84": -1.2768172,
            "muscle85": 0.733333051,
            "muscle86": 0.999999702,
            "muscle87": -0.177777782,
            "muscle88": -1.22178566,
            "muscle89": 0.666666806,
            "muscle90": 0.999999642,
            "muscle91": -0.177777722,
            "muscle92": -0.611051142,
            "muscle93": 0.533333302,
            "muscle94": 0.99999994,
            "muscle-1": 1
          },
          "strings": {
            "interpolation": "default"
          },
          "inTangent": 0,
          "inWeight": 0,
          "outTangent": 0,
          "outWeight": 0,
          "weightedMode": 0
        },
        {
          "property": "Muscles",
          "index": 2,
          "time": 1.99999988,
          "ints": {},
          "floats": {
            "muscle0": 2.1398753E-12,
            "muscle1": -4.07110923E-13,
            "muscle2": -9.56710622E-13,
            "muscle3": -1.48849899E-12,
            "muscle4": -1.69222731E-25,
            "muscle5": -3.25688776E-13,
            "muscle6": 0,
            "muscle7": 0,
            "muscle8": 0,
            "muscle9": -3.96933029E-13,
            "muscle10": -4.0711097E-14,
            "muscle11": -3.25688776E-13,
            "muscle12": 2.13443073E-07,
            "muscle13": 2.33074715E-07,
            "muscle14": -1.47454855E-07,
            "muscle15": 0,
            "muscle16": -3.13225756E-09,
            "muscle17": 0,
            "muscle18": -2.60550999E-12,
            "muscle19": 0,
            "muscle20": 0,
            "muscle21": 0.524233222,
            "muscle22": -0.0713521764,
            "muscle23": -0.415074736,
            "muscle24": 0.939663649,
            "muscle25": 0.309937,
            "muscle26": -0.0621741675,
            "muscle27": 0.0624388754,
            "muscle28": 3.74593156E-07,
            "muscle29": 0.524232268,
            "muscle30": -0.0713557824,
            "muscle31": -0.415076584,
            "muscle32": 0.93966347,
            "muscle33": 0.309938997,
            "muscle34": -0.0621274821,
            "muscle35": 0.06244969,
            "muscle36": 3.996727E-07,
            "muscle37": -0.499998987,
            "muscle38": 0.00360289821,
            "muscle39": -0.0333824232,
            "muscle40": -0.269746751,
            "muscle41": 0.26296401,
            "muscle42": -0.162242442,
            "muscle43": 0.137078896,
            "muscle44": -0.0739012212,
            "muscle45": 0.659897506,
            "muscle46": -0.499997675,
            "muscle47": 0.00360540743,
            "muscle48": 0.256724119,
            "muscle49": -0.449094057,
            "muscle50": 0.407950401,
            "muscle51": 0.0573895387,
            "muscle52": 0.359995842,
            "muscle53": 0.0413436927,
            "muscle54": -0.235212967,
            "muscle55": -1.26666284,
            "muscle56": -2,
            "muscle57": -0.0222220086,
            "muscle58": -0.200000107,
            "muscle59": -0.888888717,
            "muscle60": -0.831361532,
            "muscle61": -0.0333332531,
            "muscle62": 0.99999994,
            "muscle63": -0.999999881,
            "muscle64": -1.27681434,
            "muscle65": 0.200000063,
            "muscle66": 0.999999464,
            "muscle67": -1.00000024,
            "muscle68": -0.506229341,
            "muscle69": 0.399999857,
            "muscle70": 0.999999404,
            "muscle71": -0.99999994,
            "muscle72": -0.393272996,
            "muscle73": 0.533333242,
            "muscle74": 0.999999464,
            "muscle75": -1.26666617,
            "muscle76": -2,
            "muscle77": -0.02222207,
            "muscle78": -0.200000003,
            "muscle79": -0.88888824,
            "muscle80": -0.831361413,
            "muscle81": -0.0333333835,
            "muscle82": 1.00000012,
            "muscle83": -0.999999821,
            "muscle84": -1.27681732,
            "muscle85": 0.200000033,
            "muscle86": 0.99999994,
            "muscle87": -1,
            "muscle88": -0.506229281,
            "muscle89": 0.399999797,
            "muscle90": 0.999999404,
            "muscle91": -0.99999994,
            "muscle92": -0.393272877,
            "muscle93": 0.533333302,
            "muscle94": 0.99999994,
            "duration": 0.308080822,
            "muscle-1": 1
          },
          "strings": {
            "interpolation": "default"
          },
          "inTangent": 0,
          "inWeight": 0,
          "outTangent": 0,