{"animTracks":[{"properties":["Right Hand Configuration","Left Hand Configuration","Muscles"],"loops":false,"keyFrames":[{"property":"Muscles","index":1,"time":1.81818175,"ints":{},"floats":{"muscle0":2.20384518E-12,"muscle1":-5.36441974E-07,"muscle2":1.42488831E-13,"muscle3":-2.13454836E-08,"muscle4":1.62844388E-13,"muscle5":-6.31021982E-13,"muscle6":0,"muscle7":0,"muscle8":0,"muscle9":2.13434017E-08,"muscle10":5.90683237E-14,"muscle11":2.68220845E-07,"muscle12":1.26998839E-06,"muscle13":5.05048035E-07,"muscle14":-4.0292889E-07,"muscle15":-0.324147046,"muscle16":-1.31784475E-06,"muscle17":-0.324148268,"muscle18":-1.58908722E-06,"muscle19":0,"muscle20":0,"muscle21":0.522004008,"muscle22":-0.0674886405,"muscle23":-0.308530748,"muscle24":0.930870771,"muscle25":0.238602743,"muscle26":0.0380886644,"muscle27":-0.0324729383,"muscle28":1.53612518E-06,"muscle29":0.522003055,"muscle30":-0.0674908832,"muscle31":-0.308529496,"muscle32":0.930871427,"muscle33":0.238603026,"muscle34":0.0380930789,"muscle35":-0.032421276,"muscle36":3.96204285E-07,"muscle37":-0.499999821,"muscle38":0.00360197015,"muscle39":-0.515924692,"muscle40":0.211084917,"muscle41":-0.0779894963,"muscle42":0.985978901,"muscle43":0.176828086,"muscle44":-0.0182128511,"muscle45":0.0217903331,"muscle46":-0.499999195,"muscle47":0.0036051874,"muscle48":0.101521194,"muscle49":-0.332497001,"muscle50":0.62179172,"muscle51":-0.28237009,"muscle52":0.982767761,"muscle53":-0.219047785,"muscle54":0.352148533,"muscle55":-1.36603785E-06,"muscle56":4.78113236E-07,"muscle57":2.95390468E-08,"muscle58":4.26886757E-08,"muscle59":-2.54444197E-16,"muscle60":1.70754674E-07,"muscle61":-6.07127845E-07,"muscle62":7.58909806E-08,"muscle63":6.83018797E-08,"muscle64":-2.27672942E-07,"muscle65":0,"muscle66":-5.52179507E-19,"muscle67":-3.4150947E-08,"muscle68":-5.69182426E-08,"muscle69":-6.07127788E-07,"muscle70":-7.58909806E-08,"muscle71":2.04905632E-07,"muscle72":9.54165992E-16,"muscle73":-7.58909735E-08,"muscle74":-7.58909735E-08,"muscle75":3.61468295E-07,"muscle76":0.338887781,"muscle77":-0.199999452,"muscle78":1.00000012,"muscle79":0.642144799,"muscle80":-0.964444101,"muscle81":0.844861925,"muscle82":0.844862521,"muscle83":0.665139377,"muscle84":-1.09014976,"muscle85":0.833332479,"muscle86":0.833332777,"muscle87":0.640952885,"muscle88":-1.39999843,"muscle89":0.810934067,"muscle90":0.810933769,"muscle91":0.71144861,"muscle92":-0.704384565,"muscle93":0.811357141,"muscle94":0.811357796,"duration":0.101010099},"strings":{}},{"property":"Muscles","index":2,"time":1.00505042,"ints":{},"floats":{"muscle0":2.20384518E-12,"muscle1":-5.36441974E-07,"muscle2":1.42488831E-13,"muscle3":-2.13454836E-08,"muscle4":1.62844388E-13,"muscle5":-6.31021982E-13,"muscle6":0,"muscle7":0,"muscle8":0,"muscle9":2.13434337E-08,"muscle10":2.6822093E-07,"muscle11":2.6822093E-07,"muscle12":5.22936546E-07,"muscle13":4.25629509E-07,"muscle14":-4.93873927E-07,"muscle15":-0.324147046,"muscle16":-1.31784475E-06,"muscle17":-0.324148268,"muscle18":-1.58908722E-06,"muscle19":0,"muscle20":0,"muscle21":0.524232805,"muscle22":-0.0713533163,"muscle23":-0.415077269,"muscle24":0.939663529,"muscle25":0.309827,"muscle26":0.0397873707,"muscle27":-0.0395604037,"muscle28":1.12591374E-06,"muscle29":0.524231851,"muscle30":-0.0713557377,"muscle31":-0.415077001,"muscle32":0.939663708,"muscle33":0.309827507,"muscle34":0.0397917777,"muscle35":-0.0395094864,"muscle36":3.96204285E-07,"muscle37":-0.499999821,"muscle38":0.00360197015,"muscle39":-0.51453346,"muscle40":0.210907102,"muscle41":-0.113971144,"muscle42":0.988653064,"muscle43":0.212616727,"muscle44":-0.0172172226,"muscle45":0.021216549,"muscle46":-0.499999195,"muscle47":0.0036051874,"muscle48":0.206075683,"muscle49":-0.110544249,"muscle50":0.395426154,"muscle51":-0.577594578,"muscle52":1.20754051,"muscle53":-0.19230324,"muscle54":0.999291122,"muscle55":-1.36603785E-06,"muscle56":4.78113236E-07,"muscle57":2.95390468E-08,"muscle58":4.26886757E-08,"muscle59":-2.54444197E-16,"muscle60":1.70754674E-07,"muscle61":-6.07127845E-07,"muscle62":7.58909806E-08,"muscle63":6.83018797E-08,"muscle64":-2.27672942E-07,"muscle65":0,"muscle66":-5.52179507E-19,"muscle67":-3.4150947E-08,"muscle68":-5.69182426E-08,"muscle69":-1.51781947E-07,"muscle70":-7.58909806E-08,"muscle71":-3.41509363E-08,"muscle72":4.26886722E-08,"muscle73":-7.58909735E-08,"muscle74":-7.58909735E-08,"muscle75":5.16837929E-07,"muscle76":0.338888139,"muscle77":-0.199999943,"muscle78":1.00000012,"muscle79":0.642144799,"muscle80":-0.964444101,"muscle81":0.844861925,"muscle82":0.844862521,"muscle83":0.665139377,"muscle84":-1.09014976,"muscle85":0.833332479,"muscle86":0.833332777,"muscle87":0.640952885,"muscle88":-1.39999843,"muscle89":0.810934067,"muscle90":0.810933769,"muscle91":0.71144861,"muscle92":-0.704384565,"muscle93":0.811357141,"muscle94":0.811357796,"duration":0.116161615},"strings":{}},{"property":"Left Hand Configuration","index":1,"time":1.81818175,"ints":{"hash":-2143666176},"floats":{"duration":0.101010099},"strings":{"name":"-"}},{"property":"Left Hand Configuration","index":2,"time":1.00505042,"ints":{"hash":1570473984},"floats":{"duration":0.116161615},"strings":{"name":"-"}},{"property":"Right Hand Configuration","index":1,"time":1.81818175,"ints":{"hash":1579222016},"floats":{"duration":0.101010099},"strings":{"name":"palma"}},{"property":"Right Hand Configuration","index":2,"time":1.00505042,"ints":{"hash":998394880},"floats":{"duration":0.116161615},"strings":{"name":"palma"}}]}],"version":3,"globalSpeed":1,"globalRepetitions":1}
