{"animTracks":[{"properties":["Right Hand Configuration","Left Hand Configuration","Muscles","Facial Expression"],"loops":false,"keyFrames":[{"property":"Muscles","index":1,"time":1,"ints":{},"floats":{"muscle0":2.77478591E-07,"muscle1":-5.36441974E-07,"muscle2":-7.93866383E-13,"muscle3":-2.13454836E-08,"muscle4":1.62844388E-13,"muscle5":-6.31021982E-13,"muscle6":0,"muscle7":0,"muscle8":0,"muscle9":2.13434017E-08,"muscle10":5.90683237E-14,"muscle11":2.68220845E-07,"muscle12":2.34787919E-07,"muscle13":5.78708523E-07,"muscle14":-2.2680203E-07,"muscle15":-0.324147463,"muscle16":-1.84561559E-05,"muscle17":-0.324148268,"muscle18":-1.65786478E-05,"muscle19":0,"muscle20":0,"muscle21":0.527684152,"muscle22":-0.0759823099,"muscle23":-0.588656127,"muscle24":0.953825772,"muscle25":0.425628841,"muscle26":0.042562589,"muscle27":-0.0481424928,"muscle28":4.42761603E-07,"muscle29":0.527683556,"muscle30":-0.0759852156,"muscle31":-0.588660777,"muscle32":0.953825891,"muscle33":0.425632775,"muscle34":0.0425663367,"muscle35":-0.0480918102,"muscle36":3.96204285E-07,"muscle37":-0.499999821,"muscle38":0.00360197015,"muscle39":-0.369800448,"muscle40":-0.154029846,"muscle41":-0.16981034,"muscle42":-0.58940202,"muscle43":0.719635189,"muscle44":0.471606731,"muscle45":-0.671856642,"muscle46":-0.499999195,"muscle47":0.0036051874,"muscle48":-0.145199016,"muscle49":-0.0923403725,"muscle50":0.316031814,"muscle51":-0.470182031,"muscle52":0.611428082,"muscle53":0.377345115,"muscle54":0.198702395,"muscle55":-2.36666632,"muscle56":-2,"muscle57":-0.0222222209,"muscle58":1,"muscle59":-1,"muscle60":-0.831361532,"muscle61":0.26666671,"muscle62":1,"muscle63":-1,"muscle64":-1.27681828,"muscle65":0.200000048,"muscle66":1,"muscle67":-1,"muscle68":-0.506229281,"muscle69":0.400000036,"muscle70":1,"muscle71":-1,"muscle72":-0.393273354,"muscle73":0.533333361,"muscle74":1,"muscle75":-2.36666536,"muscle76":-1.99999893,"muscle77":-0.022222111,"muscle78":1.00000012,"muscle79":-1.00000012,"muscle80":-0.831361353,"muscle81":0.266666293,"muscle82":0.99999994,"muscle83":-1,"muscle84":-1.2768172,"muscle85":0.19999972,"muscle86":0.99999994,"muscle87":-1,"muscle88":-0.506229222,"muscle89":0.399999797,"muscle90":0.999999344,"muscle91":-1,"muscle92":-0.393272966,"muscle93":0.533333004,"muscle94":1},"strings":{},"inTangent":0,"inWeight":0,"outTangent":0,"outWeight":0,"weightedMode":0},{"property":"Muscles","index":3,"time":1.4595958,"ints":{},"floats":{"muscle0":2.20384518E-12,"muscle1":-5.36441974E-07,"muscle2":1.42488831E-13,"muscle3":-2.13454836E-08,"muscle4":1.62844388E-13,"muscle5":-6.31021982E-13,"muscle6":0,"muscle7":0,"muscle8":0,"muscle9":-5.33609466E-07,"muscle10":2.68220901E-07,"muscle11":2.68220901E-07,"muscle12":1.51544793E-06,"muscle13":1.41675207E-06,"muscle14":-5.97973496E-07,"muscle15":0,"muscle16":-1.84561559E-05,"muscle17":0,"muscle18":-1.65786478E-05,"muscle19":0,"muscle20":0,"muscle21":0.518879235,"muscle22":-0.0599193498,"muscle23":-0.145376042,"muscle24":0.917205811,"muscle25":0.129280567,"muscle26":0.0358769782,"muscle27":-0.0188318528,"muscle28":2.01463877E-06,"muscle29":0.518868029,"muscle30":-0.0599293672,"muscle31":-0.145375013,"muscle32":0.91720587,"muscle33":0.129283398,"muscle34":0.0358926021,"muscle35":-0.0187681969,"muscle36":9.43019529E-07,"muscle37":-0.500003755,"muscle38":0.00360241882,"muscle39":0.00244114338,"muscle40":-0.0605607629,"muscle41":0.4067384,"muscle42":-0.427250028,"muscle43":0.641093671,"muscle44":0.408534318,"muscle45":-0.673888743,"muscle46":-0.499998987,"muscle47":0.0036056363,"muscle48":-0.418871403,"muscle49":-0.159309566,"muscle50":-0.000961034035,"muscle51":-0.354253352,"muscle52":0.851373315,"muscle53":0.377414674,"muscle54":0.34482038,"muscle55":-2.36666632,"muscle56":-2,"muscle57":-0.0222222209,"muscle58":1,"muscle59":-1,"muscle60":-0.831361532,"muscle61":0.26666671,"muscle62":1,"muscle63":-1,"muscle64":-1.27681828,"muscle65":0.200000048,"muscle66":1,"muscle67":-1,"muscle68":-0.506229281,"muscle69":0.400000036,"muscle70":1,"muscle71":-1,"muscle72":-0.393273354,"muscle73":0.533333361,"muscle74":1,"muscle75":-2.36666369,"muscle76":-1.99999917,"muscle77":-0.022222111,"muscle78":1.00000012,"muscle79":-1.00000012,"muscle80":-0.831361353,"muscle81":0.266666293,"muscle82":0.999999762,"muscle83":-1,"muscle84":-1.2768172,"muscle85":0.19999972,"muscle86":0.99999994,"muscle87":-1,"muscle88":-0.506229222,"muscle89":0.399999797,"muscle90":0.999999344,"muscle91":-1,"muscle92":-0.393272966,"muscle93":0.533333004,"muscle94":1,"duration":0,"muscle-1":1},"strings":{"interpolation":"default"},"inTangent":0,"inWeight":0,"outTangent":0,"outWeight":0,"weightedMode":0},{"property":"Left Hand Configuration","index":1,"time":1,"ints":{"hash":1390351360},"floats":{},"strings":{"name":"bico de pato"},"inTangent":0,"inWeight":0,"outTangent":0,"outWeight":0,"weightedMode":0},{"property":"Left Hand Configuration","index":3,"time":1.4595958,"ints":{"hash":-1209511936},"floats":{"duration":0},"strings":{"name":"bico de pato"},"inTangent":0,"inWeight":0,"outTangent":0,"outWeight":0,"weightedMode":0},{"property":"Right Hand Configuration","index":1,"time":1,"ints":{"hash":818272256},"floats":{},"strings":{"name":"bico de pato"},"inTangent":0,"inWeight":0,"outTangent":0,"outWeight":0,"weightedMode":0},{"property":"Right Hand Configuration","index":3,"time":1.4595958,"ints":{"hash":1941297152},"floats":{"duration":0},"strings":{"name":"bico de pato"},"inTangent":0,"inWeight":0,"outTangent":0,"outWeight":0,"weightedMode":0},{"property":"Facial Expression","index":1,"time":1,"ints":{},"floats":{},"strings":{"faceName":"Neutra"},"inTangent":0,"inWeight":0,"outTangent":0,"outWeight":0,"weightedMode":0},{"property":"Facial Expression","index":3,"time":1.4595958,"ints":{},"floats":{},"strings":{"faceName":"Neutra"},"inTangent":0,"inWeight":0,"outTangent":0,"outWeight":0,"weightedMode":0}]},{"properties":["Face Animation Neutra"],"loops":false,"keyFrames":[{"property":"Face Animation Neutra","index":0,"time":0,"ints":{},"floats":{"girl_head_.blendShape.mClose":100,"girl_head_.blendShape.A":0,"girl_head_.blendShape.Cons":0,"girl_head_.blendShape.Fv":0,"girl_head_.blendShape.mLSide":0,"girl_head_.blendShape.mLSideUp":0,"girl_head_.blendShape.mRSide":0,"girl_head_.blendShape.mRSideUp":0,"girl_head_.blendShape.O":0,"girl_head_.blendShape.smile":0,"girl_head_.blendShape.U":0,"girl_hair.blendShape.cheek1":0,"girl_hair.blendShape.cheek2":0,"girl_hair.blendShape.cheek3":0,"girl_head_.blendShape.Bmp":0,"girl_head_.blendShape.E":0,"girl_head_.blendShape.F001":0,"girl_head_.blendShape.F003":0,"girl_head_.blendShape.F005":0,"girl_head_.blendShape.F006":0,"girl_head_.blendShape.F007":0,"girl_head_.blendShape.F007left":0,"girl_head_.blendShape.F008":0,"girl_head_.blendShape.F017":0,"girl_head_.blendShape.F019":0,"girl_head_.blendShape.F024":0,"girl_head_.blendShape.F031":0,"girl_head_.blendShape.LEyeBMad":0,"girl_head_.blendShape.LEyeClose":0,"girl_head_.blendShape.LEyeLidUp":0,"girl_head_.blendShape.LEyeMad":0,"girl_head_.blendShape.LEyeSad":0,"girl_head_.blendShape.LeyeBUp":0,"girl_head_.blendShape.mSad":0,"girl_head_.blendShape.REyeBMad":0,"girl_head_.blendShape.REyeClose":0,"girl_head_.blendShape.REyeLidUp":0,"girl_head_.blendShape.REyeMad":0,"girl_head_.blendShape.REyeSad":0,"girl_head_.blendShape.ReyeBSad":0,"girl_head_.blendShape.ReyeBUp":0,