{"animTracks":[{"properties":["Right Hand Configuration","Left Hand Configuration","Muscles","Facial Expression"],"loops":false,"keyFrames":[{"property":"Muscles","index":1,"time":1,"ints":{},"floats":{"muscle0":2.56134228E-07,"muscle1":-1.42488763E-13,"muscle2":-5.49599645E-13,"muscle3":2.13431885E-08,"muscle4":-4.07110868E-14,"muscle5":0,"muscle6":0,"muscle7":0,"muscle8":0,"muscle9":-2.13452704E-08,"muscle10":2.23540313E-14,"muscle11":2.682211E-07,"muscle12":-0.159999669,"muscle13":1.95387557E-07,"muscle14":-2.5273215E-07,"muscle15":0,"muscle16":7.54565477E-08,"muscle17":0,"muscle18":-1.25760167E-07,"muscle19":0,"muscle20":0,"muscle21":0.527684629,"muscle22":-0.0759822652,"muscle23":-0.588656783,"muscle24":0.953825772,"muscle25":0.425629228,"muscle26":0.042562034,"muscle27":-0.0481425785,"muscle28":5.79231937E-07,"muscle29":0.527684867,"muscle30":-0.0759847462,"muscle31":-0.588661671,"muscle32":0.953825772,"muscle33":0.425633192,"muscle34":0.0425647497,"muscle35":-0.0480923951,"muscle36":-8.17754753E-08,"muscle37":-0.499999434,"muscle38":0.00360218296,"muscle39":0.374965817,"muscle40":-0.238846257,"muscle41":0.748390913,"muscle42":-0.215255529,"muscle43":0.675998986,"muscle44":-0.715781391,"muscle45":0.999750555,"muscle46":-0.499999315,"muscle47":0.00360563514,"muscle48":0.405336231,"muscle49":-0.219414309,"muscle50":0.670330405,"muscle51":-0.153546616,"muscle52":0.671879947,"muscle53":-0.649819493,"muscle54":0.999920845,"muscle55":-2.99999976,"muscle56":0.066665858,"muscle57":0.0888883546,"muscle58":0.666666687,"muscle59":0.486588925,"muscle60":0.293333292,"muscle61":0.833332717,"muscle62":0.833332598,"muscle63":0.0222222079,"muscle64":-1.39999843,"muscle65":0.99999994,"muscle66":0.999999821,"muscle67":-1,"muscle68":1.05777764,"muscle69":-2.00000095,"muscle70":-1.00000012,"muscle71":-1.00000012,"muscle72":0.166726097,"muscle73":-1.99999964,"muscle74":-0.999999523,"muscle75":-2.99999976,"muscle76":0.0666659996,"muscle77":0.0888883993,"muscle78":0.666666567,"muscle79":0.486588925,"muscle80":0.293333352,"muscle81":0.83333236,"muscle82":0.83333236,"muscle83":0.0222224854,"muscle84":-1.39999831,"muscle85":0.999999523,"muscle86":1.00000012,"muscle87":-0.999999881,"muscle88":1.05777574,"muscle89":-2.00000072,"muscle90":-1,"muscle91":-0.99999994,"muscle92":0.166726068,"muscle93":-2.00000095,"muscle94":-0.99999994,"muscle-1":1},"strings":{"interpolation":"default"},"inTangent":0,"inWeight":0,"outTangent":0,"outWeight":0,"weightedMode":0},{"property":"Muscles","index":2,"time":2,"ints":{},"floats":{"muscle0":2.24928734E-12,"muscle1":4.07110902E-14,"muscle2":5.08888667E-13,"muscle3":2.13431885E-08,"muscle4":-4.07110868E-14,"muscle5":0,"muscle6":0,"muscle7":0,"muscle8":0,"muscle9":-2.13452704E-08,"muscle10":2.23540313E-14,"muscle11":2.682211E-07,"muscle12":-0.159999534,"muscle13":-3.75724909E-08,"muscle14":-4.04190757E-07,"muscle15":0,"muscle16":-1.97229184E-07,"muscle17":0,"muscle18":1.55238649E-08,"muscle19":0,"muscle20":0,"muscle21":0.524232924,"muscle22":-0.0713516846,"muscle23":-0.415076286,"muscle24":0.939663708,"muscle25":0.309866637,"muscle26":-0.0509066582,"muscle27":0.0511467345,"muscle28":2.37589148E-07,"muscle29":0.524233222,"muscle30":-0.0713546649,"muscle31":-0.415079772,"muscle32":0.939663827,"muscle33":0.309870124,"muscle34":-0.0508563332,"muscle35":0.05115081,"muscle36":-8.17754753E-08,"muscle37":-0.499999434,"muscle38":0.00360218296,"muscle39":0.374968708,"muscle40":-0.238839656,"muscle41":0.748389125,"muscle42":-0.215254277,"muscle43":0.676002681,"muscle44":-0.71578449,"muscle45":0.999732435,"muscle46":-0.499999315,"muscle47":0.00360563514,"muscle48":0.405336857,"muscle49":-0.219411761,"muscle50":0.67033124,"muscle51":-0.153546154,"muscle52":0.671882033,"muscle53":-0.649816811,"muscle54":0.999925196,"muscle55":-2.99999666,"muscle56":0.0666661561,"muscle57":0.0888883546,"muscle58":0.666666687,"muscle59":0.486588925,"muscle60":0.293333292,"muscle61":0.83333236,"muscle62":0.833332539,"muscle63":0.0222222079,"muscle64":-1.39999831,"muscle65":0.999999702,"muscle66":0.999999464,"muscle67":-1.00000012,"muscle68":0.166726068,"muscle69":-2.00000095,"muscle70":-0.999999404,"muscle71":-1,"muscle72":1.05777752,"muscle73":-2.00000072,"muscle74":-0.999999523,"muscle75":-2.99999666,"muscle76":0.066666007,"muscle77":0.0888883993,"muscle78":0.666666567,"muscle79":0.486588925,"muscle80":0.293333352,"muscle81":0.83333236,"muscle82":0.83333236,"muscle83":0.0222224854,"muscle84":-1.39999831,"muscle85":0.999998868,"muscle86":1.00000012,"muscle87":-0.999999642,"muscle88":1.05777586,"muscle89":-2.00000095,"muscle90":-1,"muscle91":-0.99999994,"muscle92":0.166726068,"muscle93":-2.00000095,"muscle94":-0.99999994,"duration":0,"muscle-1":1},"strings":{"interpolation":"smooth"},"inTangent":0,"inWeight":0,"outTangent":0,"outWeight":0,"weightedMode":0},{"property":"Left Hand Configuration","index":1,"time":1,"ints":{"hash":-1730717696},"floats":{},"strings":{"name":"V_1"},"inTangent":0,"inWeight":0,"outTangent":0,"outWeight":0,"weightedMode":0},{"property":"Left Hand Configuration","index":2,"time":2,"ints":{"hash":2031361024},"floats":{"duration":0},"strings":{"name":"V_1"},"inTangent":0,"inWeight":0,"outTangent":0,"outWeight":0,"weightedMode":0},{"property":"Right Hand Configuration","index":1,"time":1,"ints":{"hash":1992170496},"floats":{},"strings":{"name":"V_1"},"inTangent":0,"inWeight":0,"outTangent":0,"outWeight":0,"weightedMode":0},{"property":"Right Hand Configuration","index":2,"time":2,"ints":{"hash":-829034496},"floats":{"duration":0},"strings":{"name":"V_1"},"inTangent":0,"inWeight":0,"outTangent":0,"outWeight":0,"weightedMode":0},{"property":"Facial Expression","index":1,"time":1,"ints":{},"floats":{},"strings":{"faceName":"F021"},"inTangent":0,"inWeight":0,"outTangent":0,"outWeight":0,"weightedMode":0},{"property":"Facial Expression","index":2,"time":2,"ints":{},"floats":{"duration":0},"strings":{"faceName":"F021"},"inTangent":0,"inWeight":0,"outTangent":0,"outWeight":0,"weightedMode":0}]},{"properties":["Face Animation F021"],"loops":true,"keyFrames":[{"property":"Face Animation F021","index":0,"time":0,"ints":{},"floats":{"girl_head_.blendShape.LEyeBMad":0,"girl_head_.blendShape.LEyeClose":-20,"girl_head_.blendShape.LEyeLidUp":0,"girl_head_.blendShape.LEyeMad":0,"girl_head_.blendShape.LEyeSad":0,"girl_head_.blendShape.LeyeBUp":100,"girl_head_.blendShape.REyeBMad":0,"girl_head_.blendShape.REyeClose":-20,"girl_head_.blendShape.REyeLidUp":0,"girl_head_.blendShape.REyeMad":0,"girl_head_.blendShape.REyeSad":0,"girl_head_.blendShape.ReyeBSad":80,"girl_head_.blendShape.ReyeBUp":100,"girl_head_.blendShape.ReyeLSad":80,"muscle15":0,"muscle17":0,"girl_hair.blendShape.cheek1":0,"girl_hair.blendShape.cheek2":0,"girl_hair.blendShape.cheek3":0,"girl_head_.blendShape.A":0,"girl_head_.blendShape.Bmp":0,"girl_head_.blendShape.Cons":0,"girl_head_.blendShape.E":0,"girl_head_.blendShape.F001":0,"girl_head_.blendShape.F003":0,"girl_head_.blendShape.F005":0,"girl_head_.blendShape.F006":0,"girl_head_.blendShape.F007":0,"girl_head_.blendShape.F007left":0,"girl_head_.blendShape.F008":0,"girl_head_.blendShape.F017":0,"girl_head_.blendShape.F019":0,"girl_head_.blendShape.F024":0,"girl_head_.blendShape.F031":0,"girl_head_.blendShape.Fv":0,"girl_head_.blendShape.O":0,"girl_head_.blendShape.U":0,"girl_head_.blendShape.mClose":100,"girl_head_.blendShape.mLSide":0,"girl_head_.blendShape.mLSideUp":0,"girl_head_.blendShape.mRSide":0,"girl_head_.blendShape.mRSideUp":0,"girl_head_.blendShape.mSad":0,