{"animTracks":[{"properties":["Right Hand Configuration","Left Hand Configuration","Muscles","Facial Expression"],"loops":false,"keyFrames":[{"property":"Muscles","index":1,"time":1.01010084,"ints":{},"floats":{"muscle0":2.77478591E-07,"muscle1":-5.36441974E-07,"muscle2":-7.93866383E-13,"muscle3":-2.13454836E-08,"muscle4":1.62844388E-13,"muscle5":-6.31021982E-13,"muscle6":0,"muscle7":0,"muscle8":0,"muscle9":2.13434017E-08,"muscle10":5.90683237E-14,"muscle11":2.68220845E-07,"muscle12":2.34787919E-07,"muscle13":5.78708523E-07,"muscle14":-2.2680203E-07,"muscle15":0,"muscle16":-1.84561559E-05,"muscle17":0,"muscle18":-1.65786478E-05,"muscle19":0,"muscle20":0,"muscle21":0.527684152,"muscle22":-0.0759823099,"muscle23":-0.588656127,"muscle24":0.953825772,"muscle25":0.425628841,"muscle26":0.042562589,"muscle27":-0.0481424928,"muscle28":4.42761603E-07,"muscle29":0.527683556,"muscle30":-0.0759852156,"muscle31":-0.588660777,"muscle32":0.953825891,"muscle33":0.425632775,"muscle34":0.0425663367,"muscle35":-0.0480918102,"muscle36":3.96204285E-07,"muscle37":-0.499999821,"muscle38":0.00360197015,"muscle39":-0.512595832,"muscle40":0.210587695,"muscle41":-0.16981034,"muscle42":0.992770672,"muscle43":0.268193841,"muscle44":-0.015839668,"muscle45":0.0202495288,"muscle46":-0.499999195,"muscle47":0.0036051874,"muscle48":0.0591560379,"muscle49":-0.293895513,"muscle50":0.143189967,"muscle51":-0.420722514,"muscle52":-0.265409261,"muscle53":0.0177775975,"muscle54":0.101891153,"muscle55":-1.36603785E-06,"muscle56":1.36603731E-07,"muscle57":2.95390468E-08,"muscle58":4.26886757E-08,"muscle59":-2.54444197E-16,"muscle60":1.70754674E-07,"muscle61":-6.07127845E-07,"muscle62":7.58909806E-08,"muscle63":6.83018797E-08,"muscle64":-2.27672942E-07,"muscle65":0,"muscle66":-5.52179507E-19,"muscle67":-3.4150947E-08,"muscle68":-5.69182426E-08,"muscle69":-1.51781947E-07,"muscle70":-7.58909806E-08,"muscle71":-3.41509363E-08,"muscle72":4.26886722E-08,"muscle73":-7.58909735E-08,"muscle74":-7.58909735E-08,"muscle75":-0.156875506,"muscle76":0.505554199,"muscle77":0.63999474,"muscle78":0.639995337,"muscle79":0.553255916,"muscle80":0.288638532,"muscle81":0.778195679,"muscle82":0.778195679,"muscle83":0.665139318,"muscle84":-0.436818212,"muscle85":0.804009378,"muscle86":0.804009497,"muscle87":0.640953243,"muscle88":0.271548122,"muscle89":0.810934305,"muscle90":0.810934305,"muscle91":0.578116238,"muscle92":0.695616066,"muscle93":0.811357975,"muscle94":0.811358154,"muscle-1":1,"duration":0},"strings":{"interpolation":"default"},"inTangent":0,"inWeight":0,"outTangent":0,"outWeight":0,"weightedMode":0},{"property":"Muscles","index":2,"time":2.01010156,"ints":{},"floats":{"muscle0":2.561342E-07,"muscle1":-5.3644186E-07,"muscle2":-7.53155134E-13,"muscle3":2.77475209E-07,"muscle4":-4.07110801E-14,"muscle5":-5.08888586E-14,"muscle6":0,"muscle7":0,"muscle8":0,"muscle9":-2.13452704E-08,"muscle10":2.23540313E-14,"muscle11":2.682211E-07,"muscle12":1.28066119E-07,"muscle13":1.01614637E-06,"muscle14":-3.68355984E-07,"muscle15":0,"muscle16":-1.82650747E-05,"muscle17":0,"muscle18":-1.62753749E-05,"muscle19":0,"muscle20":0,"muscle21":0.524231851,"muscle22":-0.0713530183,"muscle23":-0.415076405,"muscle24":0.939664185,"muscle25":0.309826702,"muscle26":0.0397894792,"muscle27":-0.0395605192,"muscle28":1.12591374E-06,"muscle29":0.524231851,"muscle30":-0.0713554099,"muscle31":-0.415076584,"muscle32":0.939663887,"muscle33":0.309827268,"muscle34":0.0397918969,"muscle35":-0.0395100601,"muscle36":-8.17754753E-08,"muscle37":-0.499999434,"muscle38":0.00360218296,"muscle39":-0.514532506,"muscle40":0.2109074,"muscle41":-0.113973744,"muscle42":0.988652766,"muscle43":0.212618515,"muscle44":-0.0172176287,"muscle45":0.0212167855,"muscle46":-0.499999315,"muscle47":0.00360563514,"muscle48":-0.149699032,"muscle49":-0.333346963,"muscle50":0.154064879,"muscle51":-0.45318985,"muscle52":-0.278043002,"muscle53":0.13628912,"muscle54":0.172356293,"muscle55":-1.36603751E-06,"muscle56":8.19622528E-07,"muscle57":-1.67169532E-08,"muscle58":-5.17475087E-07,"muscle59":-3.41509327E-08,"muscle60":1.70754674E-07,"muscle61":-4.55345827E-07,"muscle62":7.58909593E-08,"muscle63":3.41509363E-08,"muscle64":-2.27672913E-07,"muscle65":0,"muscle66":-5.31236765E-07,"muscle67":0,"muscle68":0,"muscle69":-7.58909735E-08,"muscle70":-8.28269027E-19,"muscle71":-6.36110494E-17,"muscle72":4.26886686E-08,"muscle73":4.41743481E-18,"muscle74":-3.31307611E-18,"muscle75":-2.79999948,"muscle76":0.172222018,"muscle77":0.506661594,"muscle78":0.999999821,"muscle79":0.0888886005,"muscle80":-0.582472742,"muscle81":-1.33333337,"muscle82":-0.360000581,"muscle83":-1.00000012,"muscle84":-0.436818182,"muscle85":-2.00000095,"muscle86":1.00000012,"muscle87":-0.99999994,"muscle88":0.271546781,"muscle89":-2,"muscle90":0.999999464,"muscle91":-1.00000012,"muscle92":0.695616603,"muscle93":-2.00000095,"muscle94":1,"duration":0.51010102,"muscle-1":1},"strings":{"interpolation":"smooth"},"inTangent":0,"inWeight":0,"outTangent":0,"outWeight":0,"weightedMode":0},{"property":"Left Hand Configuration","index":1,"time":1.01010084,"ints":{"hash":1907468288},"floats":{"duration":0},"strings":{"name":"-"},"inTangent":0,"inWeight":0,"outTangent":0,"outWeight":0,"weightedMode":0},{"property":"Left Hand Configuration","index":2,"time":2.01010156,"ints":{"hash":1804009472},"floats":{"duration":0.51010102},"strings":{"name":"-"},"inTangent":0,"inWeight":0,"outTangent":0,"outWeight":0,"weightedMode":0},{"property":"Right Hand Configuration","index":1,"time":1.01010084,"ints":{"hash":1335389184},"floats":{"duration":0},"strings":{"name":"dedilhares/roubar"},"inTangent":0,"inWeight":0,"outTangent":0,"outWeight":0,"weightedMode":0},{"property":"Right Hand Configuration","index":2,"time":2.01010156,"ints":{"hash":1231930368},"floats":{"duration":0.51010102},"strings":{"name":"E"},"inTangent":0,"inWeight":0,"outTangent":0,"outWeight":0,"weightedMode":0},{"property":"Facial Expression","index":1,"time":1.01010084,"ints":{},"floats":{"duration":0},"strings":{"faceName":"Neutra"},"inTangent":0,"inWeight":0,"outTangent":0,"outWeight":0,"weightedMode":0},{"property":"Facial Expression","index":2,"time":2.01010156,"ints":{},"floats":{"duration":0.51010102},"strings":{"faceName":"Neutra"},"inTangent":0,"inWeight":0,"outTangent":0,"outWeight":0,"weightedMode":0}]},{"properties":["Hand Movement dedilhares/roubar"],"loops":false,"keyFrames":[{"property":"Hand Movement dedilhares/roubar","index":0,"time":0,"ints":{},"floats":{"muscle79":0.553255916,"muscle81":0.778195679,"muscle82":0.778195679,"muscle80":0.288638562,"muscle91":0.578116179,"muscle93":0.811357975,"muscle94":0.811357975,"muscle92":0.695615292,"muscle83":0.665139318,"muscle85":0.804009378,"muscle86":0.804009378,"muscle84":-0.436817974,"muscle87":0.640953481,"muscle89":0.810934305,"muscle90":0.810934305,"muscle88":0.271548122,"muscle75":-0.156875432,"muscle77":0.639994681,"muscle78":0.639995337,"muscle76":0.505554259},"strings":{},"inTangent":0.0833330974,"inWeight":0,"outTangent":0.0833330974,"outWeight":0.333333343,"weightedMode":0},{"property":"Hand Movement dedilhares/roubar","index":1,"time":0.266666681,"ints":{},"floats":{"muscle79":0.575478077,"muscle81":0.644862294,"muscle82":1,"muscle80":0.288638532,"muscle91":-1,"muscle93":0.533333361,"muscle94":1,"muscle92":0.69561547,"muscle83":-0.223749638,"muscle85":0.604009569,"muscle86":1,"muscle84":-0.436817974,"muscle87":-0.714602351,"muscle89":0.744267464,"muscle90":1,"muscle88":0.271548122,"muscle75":-1.09020865,"muscle77":0.63999474,"muscle78":0.639995337,"muscle76":-0.527778924},"strings":{},"inTangent":-1.82500041,"inWeight":0.333333343,"outTangent":-1.82500041,"outWeight":0.333333343,"weightedMode":0},{"property":"Hand Movement dedilhares/roubar","index":2,"time":0.516666651,"ints":{},"floats":{"muscle79":-0.35785526,"muscle81":0.011529088,"muscle82":1,"muscle80":0.288638532,"muscle91":-1,"muscle93":-2,"muscle94":1,"muscle92":0.69561547,"muscle83":-0.77930522,"muscle85":-0.562657237,"muscle86":1,