{"animTracks":[{"properties":["Right Hand Configuration","Left Hand Configuration","Muscles"],"loops":false,"keyFrames":[{"property":"Muscles","index":1,"time":1.66666651,"ints":{},"floats":{"muscle0":2.77478591E-07,"muscle1":-5.36441974E-07,"muscle2":-7.93866383E-13,"muscle3":-2.13454836E-08,"muscle4":1.62844388E-13,"muscle5":-6.31021982E-13,"muscle6":0,"muscle7":0,"muscle8":0,"muscle9":2.13434017E-08,"muscle10":5.90683237E-14,"muscle11":2.68220845E-07,"muscle12":2.34787919E-07,"muscle13":5.78708523E-07,"muscle14":-2.2680203E-07,"muscle15":-0.324147046,"muscle16":-1.31784475E-06,"muscle17":-0.324148148,"muscle18":-2.77395998E-07,"muscle19":0,"muscle20":0,"muscle21":0.527684152,"muscle22":-0.0759823099,"muscle23":-0.588656127,"muscle24":0.953825772,"muscle25":0.425628841,"muscle26":0.042562589,"muscle27":-0.0481424928,"muscle28":4.42761603E-07,"muscle29":0.527683556,"muscle30":-0.0759852156,"muscle31":-0.588660777,"muscle32":0.953825891,"muscle33":0.425632775,"muscle34":0.0425663367,"muscle35":-0.0480918102,"muscle36":3.96204285E-07,"muscle37":-0.499999821,"muscle38":0.00360197015,"muscle39":-0.512595832,"muscle40":0.210587695,"muscle41":-0.16981034,"muscle42":0.992770672,"muscle43":0.268193841,"muscle44":-0.015839668,"muscle45":0.0202495288,"muscle46":-0.499999195,"muscle47":0.0036051874,"muscle48":-0.345783234,"muscle49":-0.098752901,"muscle50":0.480922967,"muscle51":-0.793982208,"muscle52":1.19019318,"muscle53":-0.474592805,"muscle54":0.0202558991,"muscle55":-1.36603785E-06,"muscle56":1.36603731E-07,"muscle57":2.95390468E-08,"muscle58":4.26886757E-08,"muscle59":-2.54444197E-16,"muscle60":1.70754674E-07,"muscle61":-6.07127845E-07,"muscle62":7.58909806E-08,"muscle63":6.83018797E-08,"muscle64":-2.27672942E-07,"muscle65":0,"muscle66":-5.52179507E-19,"muscle67":-3.4150947E-08,"muscle68":-5.69182426E-08,"muscle69":-1.51781947E-07,"muscle70":-7.58909806E-08,"muscle71":-3.41509363E-08,"muscle72":4.26886722E-08,"muscle73":-7.58909735E-08,"muscle74":-7.58909735E-08,"muscle75":-1.29997027,"muscle76":-1.26673818,"muscle77":-0.466718823,"muscle78":-0.355573565,"muscle79":0.999942601,"muscle80":-0.831349671,"muscle81":-1.03313208,"muscle82":-0.0398964062,"muscle83":-1,"muscle84":-1.27682889,"muscle85":-1.46671784,"muscle86":-0.719828427,"muscle87":-1,"muscle88":0.271548212,"muscle89":-1.46671832,"muscle90":-0.799820304,"muscle91":-0.999999881,"muscle92":0.228914738,"muscle93":-1.60003912,"muscle94":-0.519849181,"duration":0.0959595963},"strings":{}},{"property":"Muscles","index":2,"time":1.01010084,"ints":{},"floats":{"muscle0":2.77478591E-07,"muscle1":-5.36441974E-07,"muscle2":-7.93866383E-13,"muscle3":-2.13454836E-08,"muscle4":1.62844388E-13,"muscle5":-6.31021982E-13,"muscle6":0,"muscle7":0,"muscle8":0,"muscle9":2.13434017E-08,"muscle10":5.90683237E-14,"muscle11":2.68220845E-07,"muscle12":3.20165157E-07,"muscle13":1.05873755E-06,"muscle14":-3.65475159E-07,"muscle15":-0.324147046,"muscle16":-1.31784475E-06,"muscle17":-0.324148268,"muscle18":-1.58908722E-06,"muscle19":0,"muscle20":0,"muscle21":0.524232745,"muscle22":-0.0713529512,"muscle23":-0.415075421,"muscle24":0.939663649,"muscle25":0.309825867,"muscle26":0.0397877991,"muscle27":-0.039560359,"muscle28":1.12591374E-06,"muscle29":0.524231791,"muscle30":-0.071356222,"muscle31":-0.415079206,"muscle32":0.939663708,"muscle33":0.309829295,"muscle34":0.0397916883,"muscle35":-0.0395092294,"muscle36":3.96204285E-07,"muscle37":-0.499999821,"muscle38":0.00360197015,"muscle39":-0.514532447,"muscle40":0.21090731,"muscle41":-0.113974214,"muscle42":0.988652825,"muscle43":0.212619439,"muscle44":-0.0172176156,"muscle45":0.0212172642,"muscle46":-0.499999195,"muscle47":0.0036051874,"muscle48":-0.440261513,"muscle49":-0.103656091,"muscle50":0.259284645,"muscle51":-0.292318493,"muscle52":1.15243852,"muscle53":-0.0158448219,"muscle54":0.0201979224,"muscle55":-1.36603785E-06,"muscle56":1.36603731E-07,"muscle57":2.95390468E-08,"muscle58":4.26886757E-08,"muscle59":-2.54444197E-16,"muscle60":1.70754674E-07,"muscle61":-6.07127845E-07,"muscle62":7.58909806E-08,"muscle63":6.83018797E-08,"muscle64":-2.27672942E-07,"muscle65":0,"muscle66":-5.52179507E-19,"muscle67":-3.4150947E-08,"muscle68":-5.69182426E-08,"muscle69":-1.51781947E-07,"muscle70":-7.58909806E-08,"muscle71":-3.41509363E-08,"muscle72":4.26886722E-08,"muscle73":-5.31236765E-07,"muscle74":-7.58909735E-08,"muscle75":-0.999999166,"muscle76":-1.99999976,"muscle77":-0.999999464,"muscle78":-0.537781775,"muscle79":0.422222316,"muscle80":-0.706916392,"muscle81":0.999999344,"muscle82":0.999999762,"muscle83":-0.999999583,"muscle84":-1.3999989,"muscle85":-2.00000095,"muscle86":0.999999702,"muscle87":-1,"muscle88":0.271548212,"muscle89":-1.99999988,"muscle90":0.999998808,"muscle91":-1,"muscle92":-0.113273993,"muscle93":-2.00000095,"muscle94":1,"duration":0},"strings":{}},{"property":"Left Hand Configuration","index":1,"time":1.66666651,"ints":{"hash":205886464},"floats":{"duration":0.0959595963},"strings":{"name":"-"}},{"property":"Left Hand Configuration","index":2,"time":1.01010084,"ints":{"hash":-366192640},"floats":{"duration":0},"strings":{"name":"-"}},{"property":"Right Hand Configuration","index":1,"time":1.66666651,"ints":{"hash":-366192640},"floats":{"duration":0.0959595963},"strings":{"name":"bico de \u00A0guia"}},{"property":"Right Hand Configuration","index":2,"time":1.01010084,"ints":{"hash":-938271744},"floats":{"duration":0},"strings":{"name":"indicativa"}}]}],"version":3,"globalSpeed":1,"globalRepetitions":1}
