{"animTracks":[{"properties":["Right Hand Configuration","Left Hand Configuration","Muscles","Facial Expression"],"loops":false,"keyFrames":[{"property":"Muscles","index":1,"time":1,"ints":{},"floats":{"muscle0":2.13987573E-12,"muscle1":-2.03555461E-13,"muscle2":-4.68177526E-13,"muscle3":-1.25695407E-12,"muscle4":4.07110902E-14,"muscle5":3.35866507E-13,"muscle6":0,"muscle7":0,"muscle8":0,"muscle9":-4.8344396E-13,"muscle10":2.03555434E-14,"muscle11":3.25688695E-13,"muscle12":-5.336112E-08,"muscle13":9.37768405E-08,"muscle14":1.42673455E-08,"muscle15":0,"muscle16":1.88198235E-09,"muscle17":0,"muscle18":1.87937133E-09,"muscle19":0,"muscle20":0,"muscle21":0.527684569,"muscle22":-0.0759823844,"muscle23":-0.588657081,"muscle24":0.953825772,"muscle25":0.425703526,"muscle26":-0.0594075024,"muscle27":0.0538536496,"muscle28":4.42761575E-07,"muscle29":0.527683794,"muscle30":-0.0759852752,"muscle31":-0.588660657,"muscle32":0.953825951,"muscle33":0.425706863,"muscle34":-0.0593608059,"muscle35":0.0538638756,"muscle36":-4.88385012E-07,"muscle37":-0.499999762,"muscle38":0.00360199227,"muscle39":-0.512600005,"muscle40":0.210586652,"muscle41":-0.169808209,"muscle42":0.992770731,"muscle43":0.268192053,"muscle44":-0.0158369485,"muscle45":0.0202511977,"muscle46":-0.499999315,"muscle47":0.00360633456,"muscle48":-0.133005857,"muscle49":0.0678264722,"muscle50":0.366034299,"muscle51":-0.654985428,"muscle52":0.136307374,"muscle53":-0.0158362221,"muscle54":-0.32487303,"muscle55":-1.70754689E-07,"muscle56":1.36603745E-07,"muscle57":-1.0672168E-08,"muscle58":4.23551683E-08,"muscle59":-6.83018655E-08,"muscle60":8.53773372E-08,"muscle61":-7.58909735E-08,"muscle62":4.96961311E-17,"muscle63":2.3905659E-07,"muscle64":8.90555025E-15,"muscle65":-7.58909806E-08,"muscle66":7.58909735E-08,"muscle67":3.41509363E-08,"muscle68":-5.69182284E-08,"muscle69":0,"muscle70":7.58909735E-08,"muscle71":-3.18055313E-17,"muscle72":4.26886722E-08,"muscle73":7.58909735E-08,"muscle74":-7.58909735E-08,"muscle75":-0.166666925,"muscle76":-1.99999976,"muscle77":-0.337783337,"muscle78":-0.426671356,"muscle79":-0.511111617,"muscle80":-0.72247225,"muscle81":-0.499999851,"muscle82":-0.50000006,"muscle83":-0.600000262,"muscle84":-0.462221146,"muscle85":-0.533333838,"muscle86":-0.533332646,"muscle87":-0.377777725,"muscle88":-1.29999995,"muscle89":-0.2333332,"muscle90":-0.233333036,"muscle91":-0.111111268,"muscle92":-0.748828828,"muscle93":-0.099999927,"muscle94":-0.0999998599,"muscle-1":1},"strings":{"interpolation":"smooth"},"inTangent":0,"inWeight":0,"outTangent":0,"outWeight":0,"weightedMode":0},{"property":"Muscles","index":2,"time":1.52020192,"ints":{},"floats":{"muscle0":-5.33606283E-07,"muscle1":-1.83199918E-13,"muscle2":-4.07110902E-14,"muscle3":-1.25695407E-12,"muscle4":4.07110902E-14,"muscle5":3.35866507E-13,"muscle6":0,"muscle7":0,"muscle8":0,"muscle9":-4.8344396E-13,"muscle10":2.03555434E-14,"muscle11":3.25688695E-13,"muscle12":5.54952464E-07,"muscle13":3.06732261E-07,"muscle14":2.8672579E-08,"muscle15":0,"muscle16":1.88198235E-09,"muscle17":0,"muscle18":1.87937133E-09,"muscle19":0,"muscle20":0,"muscle21":7.51320442E-07,"muscle22":-2.76586945E-07,"muscle23":1.77869417E-08,"muscle24":1.51995025E-07,"muscle25":-5.92898219E-09,"muscle26":-6.98893416E-07,"muscle27":5.77297612E-07,"muscle28":2.37855957E-07,"muscle29":-2.27674164E-07,"muscle30":1.76268577E-06,"muscle31":-2.04905609E-06,"muscle32":-1.75757293E-07,"muscle33":-1.4229558E-08,"muscle34":-5.73605661E-08,"muscle35":-4.79552682E-06,"muscle36":-1.00051558E-08,"muscle37":-0.499999762,"muscle38":0.00360199227,"muscle39":-0.514535606,"muscle40":0.21090728,"muscle41":-0.113969311,"muscle42":0.988652766,"muscle43":0.212614432,"muscle44":-0.0172157716,"muscle45":0.0212168582,"muscle46":-0.500000954,"muscle47":0.00360539206,"muscle48":-0.253629416,"muscle49":-0.0231919345,"muscle50":0.343901008,"muscle51":-0.667016327,"muscle52":1.2059685,"muscle53":-0.213667378,"muscle54":0.117983483,"muscle55":-1.70754689E-07,"muscle56":1.36603745E-07,"muscle57":-1.0672168E-08,"muscle58":4.23551683E-08,"muscle59":-6.83018655E-08,"muscle60":8.53773372E-08,"muscle61":-7.58909735E-08,"muscle62":4.96961311E-17,"muscle63":6.83018726E-08,"muscle64":-1.13836457E-07,"muscle65":-7.58909806E-08,"muscle66":7.58909735E-08,"muscle67":3.41509363E-08,"muscle68":-5.69182284E-08,"muscle69":0,"muscle70":7.58909735E-08,"muscle71":-3.18055313E-17,"muscle72":4.26886722E-08,"muscle73":7.58909735E-08,"muscle74":-7.58909735E-08,"muscle75":-1.69999993,"muscle76":-1.99999964,"muscle77":-0.733333111,"muscle78":-0.999999821,"muscle79":0.333333105,"muscle80":-0.551361144,"muscle81":0.800000072,"muscle82":0.999999702,"muscle83":0.600000083,"muscle84":-1.39999843,"muscle85":0.699999213,"muscle86":0.999999464,"muscle87":-0.99999994,"muscle88":-0.786229193,"muscle89":-2,"muscle90":0.999999404,"muscle91":-0.844443917,"muscle92":-0.642161667,"muscle93":-1.76666522,"muscle94":0.120000042,"duration":0.25757575,"muscle-1":1},"strings":{"interpolation":"smooth"},"inTangent":0,"inWeight":0,"outTangent":0,"outWeight":0,"weightedMode":0},{"property":"Left Hand Configuration","index":1,"time":1,"ints":{"hash":-1718721536},"floats":{},"strings":{"name":"-"},"inTangent":0,"inWeight":0,"outTangent":0,"outWeight":0,"weightedMode":0},{"property":"Left Hand Configuration","index":2,"time":1.52020192,"ints":{"hash":-546696192},"floats":{"duration":0.25757575},"strings":{"name":"-"},"inTangent":0,"inWeight":0,"outTangent":0,"outWeight":0,"weightedMode":0},{"property":"Right Hand Configuration","index":1,"time":1,"ints":{"hash":2004166656},"floats":{},"strings":{"name":"0"},"inTangent":0,"inWeight":0,"outTangent":0,"outWeight":0,"weightedMode":0},{"property":"Right Hand Configuration","index":2,"time":1.52020192,"ints":{"hash":-1118775296},"floats":{"duration":0.25757575},"strings":{"name":"2eEc"},"inTangent":0,"inWeight":0,"outTangent":0,"outWeight":0,"weightedMode":0},{"property":"Facial Expression","index":1,"time":1,"ints":{},"floats":{},"strings":{"faceName":"Neutra"},"inTangent":0,"inWeight":0,"outTangent":0,"outWeight":0,"weightedMode":0},{"property":"Facial Expression","index":2,"time":1.52020192,"ints":{},"floats":{"duration":0.25757575},"strings":{"faceName":"Neutra"},"inTangent":0,"inWeight":0,"outTangent":0,"outWeight":0,"weightedMode":0}]},{"properties":["Face Animation Neutra"],"loops":false,"keyFrames":[{"property":"Face Animation Neutra","index":0,"time":0,"ints":{},"floats":{"girl_head_.blendShape.mClose":100,"girl_head_.blendShape.A":0,"girl_head_.blendShape.Cons":0,"girl_head_.blendShape.Fv":0,"girl_head_.blendShape.mLSide":0,"girl_head_.blendShape.mLSideUp":0,"girl_head_.blendShape.mRSide":0,"girl_head_.blendShape.mRSideUp":0,"girl_head_.blendShape.O":0,"girl_head_.blendShape.smile":0,"girl_head_.blendShape.U":0,"girl_hair.blendShape.cheek1":0,"girl_hair.blendShape.cheek2":0,"girl_hair.blendShape.cheek3":0,"girl_head_.blendShape.Bmp":0,"girl_head_.blendShape.E":0,"girl_head_.blendShape.F001":0,"girl_head_.blendShape.F003":0,"girl_head_.blendShape.F005":0,"girl_head_.blendShape.F006":0,"girl_head_.blendShape.F007":0,"girl_head_.blendShape.F007left":0,"girl_head_.blendShape.F008":0,"girl_head_.blendShape.F017":0,"girl_head_.blendShape.F019":0,"girl_head_.blendShape.F024":0,"girl_head_.blendShape.F031":0,"girl_head_.blendShape.LEyeBMad":0,"girl_head_.blendShape.LEyeClose":0,"girl_head_.blendShape.LEyeLidUp":0,"girl_head_.blendShape.LEyeMad":0,"girl_head_.blendShape.LEyeSad":0,"girl_head_.blendShape.LeyeBUp":0,"girl_head_.blendShape.mSad":0,"girl_head_.blendShape.REyeBMad":0,"girl_head_.blendShape.REyeClose":0,"girl_head_.blendShape.REyeLidUp":0,"girl_head_.blendShape.REyeMad":0,"girl_head_.blendShape.REyeSad":0,"girl_head_.blendShape.ReyeBSad":0,"girl_head_.blendShape.ReyeBUp":0,