{"animTracks":[{"properties":["Right Hand Configuration","Left Hand Configuration","Muscles","Facial Expression"],"loops":false,"keyFrames":[{"property":"Muscles","index":1,"time":1,"ints":{},"floats":{"muscle0":2.56134228E-07,"muscle1":-1.42488763E-13,"muscle2":-5.49599645E-13,"muscle3":2.13431885E-08,"muscle4":-4.07110868E-14,"muscle5":0,"muscle6":0,"muscle7":0,"muscle8":0,"muscle9":-2.13452704E-08,"muscle10":2.23540313E-14,"muscle11":2.682211E-07,"muscle12":-2.02771005E-07,"muscle13":1.95387557E-07,"muscle14":-2.5273215E-07,"muscle15":0,"muscle16":7.54565477E-08,"muscle17":0,"muscle18":-1.25760167E-07,"muscle19":0,"muscle20":0,"muscle21":0.527684629,"muscle22":-0.0759822652,"muscle23":-0.588656783,"muscle24":0.953825772,"muscle25":0.425629228,"muscle26":0.042562034,"muscle27":-0.0481425785,"muscle28":5.79231937E-07,"muscle29":0.527684867,"muscle30":-0.0759847462,"muscle31":-0.588661671,"muscle32":0.953825772,"muscle33":0.425633192,"muscle34":0.0425647497,"muscle35":-0.0480923951,"muscle36":-8.17754753E-08,"muscle37":-0.499999434,"muscle38":0.00360218296,"muscle39":-0.300438404,"muscle40":-0.280137837,"muscle41":0.307027668,"muscle42":-0.357558995,"muscle43":-0.344170868,"muscle44":0.0753114372,"muscle45":-0.318659723,"muscle46":-0.499999315,"muscle47":0.00360563514,"muscle48":-0.189802587,"muscle49":-0.27077347,"muscle50":0.437021017,"muscle51":-0.459343553,"muscle52":-0.0540197007,"muscle53":-0.176623732,"muscle54":-0.30598709,"muscle55":-2.22354174,"muscle56":-1.99999976,"muscle57":0.711110771,"muscle58":-0.22222209,"muscle59":0.553255916,"muscle60":-0.96444416,"muscle61":0.978195667,"muscle62":0.978195667,"muscle63":0.665139258,"muscle64":-1.09014976,"muscle65":0.937342525,"muscle66":0.937342525,"muscle67":0.640953243,"muscle68":-1.39999831,"muscle69":0.944267333,"muscle70":0.944267392,"muscle71":0.711448908,"muscle72":-0.579940736,"muscle73":0.744691312,"muscle74":0.744691551,"muscle75":-2.22354126,"muscle76":-2,"muscle77":0.711110771,"muscle78":-0.222222075,"muscle79":0.553255916,"muscle80":-0.964444101,"muscle81":0.978195369,"muscle82":0.978195667,"muscle83":0.665139377,"muscle84":-1.09014964,"muscle85":0.937342644,"muscle86":0.937342346,"muscle87":0.640952885,"muscle88":-1.39999843,"muscle89":0.944267392,"muscle90":0.944267094,"muscle91":0.71144855,"muscle92":-0.579940856,"muscle93":0.744691432,"muscle94":0.744691312,"muscle-1":1},"strings":{"interpolation":"default"},"inTangent":0,"inWeight":0,"outTangent":0,"outWeight":0,"weightedMode":0},{"property":"Muscles","index":4,"time":1.98989975,"ints":{},"floats":{"muscle0":2.56134228E-07,"muscle1":-1.42488763E-13,"muscle2":-5.49599645E-13,"muscle3":2.13431885E-08,"muscle4":-4.07110868E-14,"muscle5":0,"muscle6":0,"muscle7":0,"muscle8":0,"muscle9":-2.13453486E-08,"muscle10":2.03555434E-14,"muscle11":3.20599775E-13,"muscle12":-7.47049782E-08,"muscle13":1.83863023E-07,"muscle14":-8.23666255E-08,"muscle15":0,"muscle16":-1.97229184E-07,"muscle17":0,"muscle18":-4.4875452E-07,"muscle19":0,"muscle20":0,"muscle21":0.520544648,"muscle22":-0.0643829405,"muscle23":-0.236128286,"muscle24":0.924838722,"muscle25":0.190180674,"muscle26":-0.0335266776,"muscle27":0.0437338762,"muscle28":1.80946608E-06,"muscle29":0.520544946,"muscle30":-0.064384006,"muscle31":-0.236130401,"muscle32":0.924838781,"muscle33":0.190183043,"muscle34":-0.0334774815,"muscle35":0.0437360927,"muscle36":-4.9172013E-07,"muscle37":-0.499999434,"muscle38":0.00360218296,"muscle39":-0.343274713,"muscle40":-0.449427962,"muscle41":0.225251719,"muscle42":-0.174746692,"muscle43":-0.343492359,"muscle44":0.0757278949,"muscle45":-0.318172246,"muscle46":-0.499999315,"muscle47":0.00360563514,"muscle48":-0.233725786,"muscle49":-0.453156501,"muscle50":0.297479123,"muscle51":0.052095931,"muscle52":-0.0539217442,"muscle53":-0.176044673,"muscle54":-0.305882335,"muscle55":-2.4333334,"muscle56":-1.99999976,"muscle57":-0.577777743,"muscle58":-0.999999762,"muscle59":-0.999997854,"muscle60":-0.70691669,"muscle61":-2.00000024,"muscle62":0.999999464,"muscle63":-0.999999404,"muscle64":-1.39999843,"muscle65":-2.00000095,"muscle66":0.999999464,"muscle67":-1,"muscle68":-0.299941003,"muscle69":-2.00000095,"muscle70":0.999999702,"muscle71":-1.00000012,"muscle72":-0.226229295,"muscle73":-2.00000072,"muscle74":0.999999404,"muscle75":-2.43332863,"muscle76":-2,"muscle77":-0.577777684,"muscle78":-0.99999994,"muscle79":-0.999996781,"muscle80":-0.706916571,"muscle81":-2.00000095,"muscle82":0.999999464,"muscle83":-0.99999994,"muscle84":-1.39999866,"muscle85":-2.00000095,"muscle86":1.00000012,"muscle87":-1,"muscle88":-0.226229846,"muscle89":-2,"muscle90":0.999999702,"muscle91":-1.00000012,"muscle92":-0.299940705,"muscle93":-2.00000095,"muscle94":1,"duration":0,"muscle-1":1},"strings":{"interpolation":"default"},"inTangent":0,"inWeight":0,"outTangent":0,"outWeight":0,"weightedMode":0},{"property":"Left Hand Configuration","index":1,"time":1,"ints":{"hash":1798515712},"floats":{},"strings":{"name":"J"},"inTangent":0,"inWeight":0,"outTangent":0,"outWeight":0,"weightedMode":0},{"property":"Left Hand Configuration","index":4,"time":1.98989975,"ints":{"hash":-1561507840},"floats":{"duration":0},"strings":{"name":"G"},"inTangent":0,"inWeight":0,"outTangent":0,"outWeight":0,"weightedMode":0},{"property":"Right Hand Configuration","index":1,"time":1,"ints":{"hash":1226436608},"floats":{},"strings":{"name":"J"},"inTangent":0,"inWeight":0,"outTangent":0,"outWeight":0,"weightedMode":0},{"property":"Right Hand Configuration","index":4,"time":1.98989975,"ints":{"hash":-2133586944},"floats":{"duration":0},"strings":{"name":"G"},"inTangent":0,"inWeight":0,"outTangent":0,"outWeight":0,"weightedMode":0},{"property":"Facial Expression","index":1,"time":1,"ints":{},"floats":{},"strings":{"faceName":"Neutra"},"inTangent":0,"inWeight":0,"outTangent":0,"outWeight":0,"weightedMode":0},{"property":"Facial Expression","index":4,"time":1.98989975,"ints":{},"floats":{"duration":0},"strings":{"faceName":"Neutra"},"inTangent":0,"inWeight":0,"outTangent":0,"outWeight":0,"weightedMode":0}]},{"properties":["Face Animation Neutra"],"loops":false,"keyFrames":[{"property":"Face Animation Neutra","index":0,"time":0,"ints":{},"floats":{"girl_head_.blendShape.mClose":100,"girl_head_.blendShape.A":0,"girl_head_.blendShape.Cons":0,"girl_head_.blendShape.Fv":0,"girl_head_.blendShape.mLSide":0,"girl_head_.blendShape.mLSideUp":0,"girl_head_.blendShape.mRSide":0,"girl_head_.blendShape.mRSideUp":0,"girl_head_.blendShape.O":0,"girl_head_.blendShape.smile":0,"girl_head_.blendShape.U":0,"girl_hair.blendShape.cheek1":0,"girl_hair.blendShape.cheek2":0,"girl_hair.blendShape.cheek3":0,"girl_head_.blendShape.Bmp":0,"girl_head_.blendShape.E":0,"girl_head_.blendShape.F001":0,"girl_head_.blendShape.F003":0,"girl_head_.blendShape.F005":0,"girl_head_.blendShape.F006":0,"girl_head_.blendShape.F007":0,"girl_head_.blendShape.F007left":0,"girl_head_.blendShape.F008":0,"girl_head_.blendShape.F017":0,"girl_head_.blendShape.F019":0,"girl_head_.blendShape.F024":0,"girl_head_.blendShape.F031":0,"girl_head_.blendShape.LEyeBMad":0,"girl_head_.blendShape.LEyeClose":0,"girl_head_.blendShape.LEyeLidUp":0,"girl_head_.blendShape.LEyeMad":0,"girl_head_.blendShape.LEyeSad":0,"girl_head_.blendShape.LeyeBUp":0,"girl_head_.blendShape.mSad":0,"girl_head_.blendShape.REyeBMad":0,"girl_head_.blendShape.REyeClose":0,"girl_head_.blendShape.REyeLidUp":0,"girl_head_.blendShape.REyeMad":0,"girl_head_.blendShape.REyeSad":0,"girl_head_.blendShape.ReyeBSad":0,"girl_head_.blendShape.ReyeBUp":0,