{"animTracks":[{"properties":["Right Hand Configuration","Left Hand Configuration","Muscles","Facial Expression"],"loops":false,"keyFrames":[{"property":"Muscles","index":1,"time":0.999999881,"ints":{},"floats":{"muscle0":2.56134228E-07,"muscle1":-1.42488763E-13,"muscle2":-5.49599645E-13,"muscle3":2.13431885E-08,"muscle4":-4.07110868E-14,"muscle5":0,"muscle6":0,"muscle7":0,"muscle8":0,"muscle9":-2.13452704E-08,"muscle10":2.23540313E-14,"muscle11":2.682211E-07,"muscle12":-2.02771005E-07,"muscle13":1.95387557E-07,"muscle14":-2.5273215E-07,"muscle15":-0.324147224,"muscle16":7.54565477E-08,"muscle17":-0.32414791,"muscle18":-1.25760167E-07,"muscle19":0,"muscle20":0,"muscle21":0.527684629,"muscle22":-0.0759822652,"muscle23":-0.588656783,"muscle24":0.953825772,"muscle25":0.425629228,"muscle26":0.042562034,"muscle27":-0.0481425785,"muscle28":5.79231937E-07,"muscle29":0.527684867,"muscle30":-0.0759847462,"muscle31":-0.588661671,"muscle32":0.953825772,"muscle33":0.425633192,"muscle34":0.0425647497,"muscle35":-0.0480923951,"muscle36":-8.17754753E-08,"muscle37":-0.499999434,"muscle38":0.00360218296,"muscle39":-0.512599766,"muscle40":0.210586742,"muscle41":-0.169809639,"muscle42":0.99277091,"muscle43":0.268193185,"muscle44":-0.0158367883,"muscle45":0.0202510636,"muscle46":-0.499999315,"muscle47":0.00360563514,"muscle48":-0.372388273,"muscle49":0.272857189,"muscle50":0.0732225403,"muscle51":-0.536223829,"muscle52":-0.599538863,"muscle53":0.546342432,"muscle54":0.203837007,"muscle55":0,"muscle56":0,"muscle57":0,"muscle58":0,"muscle59":0,"muscle60":0,"muscle61":0,"muscle62":0,"muscle63":0,"muscle64":0,"muscle65":0,"muscle66":0,"muscle67":0,"muscle68":0,"muscle69":0,"muscle70":0,"muscle71":0,"muscle72":0,"muscle73":0,"muscle74":0,"muscle75":-0.590206981,"muscle76":-0.0611123703,"muscle77":0.417772621,"muscle78":0.284439832,"muscle79":0.464366764,"muscle80":-0.271361291,"muscle81":0.344861895,"muscle82":0.344862193,"muscle83":0.46513924,"muscle84":-1.39999843,"muscle85":0.204009548,"muscle86":0.204009518,"muscle87":-0.866665721,"muscle88":-1.03511798,"muscle89":-1.05573285,"muscle90":-1,"muscle91":-1,"muscle92":-0.611051261,"muscle93":-1.45530879,"muscle94":-0.99999994,"duration":0.0959595963},"strings":{},"inTangent":0,"inWeight":0,"outTangent":0,"outWeight":0,"weightedMode":0},{"property":"Muscles","index":2,"time":1.49494934,"ints":{},"floats":{"muscle0":2.24928734E-12,"muscle1":4.07110902E-14,"muscle2":5.08888667E-13,"muscle3":2.13431885E-08,"muscle4":-4.07110868E-14,"muscle5":0,"muscle6":0,"muscle7":0,"muscle8":0,"muscle9":-2.13453486E-08,"muscle10":2.03555434E-14,"muscle11":3.20599775E-13,"muscle12":-1.17393654E-07,"muscle13":4.4564505E-08,"muscle14":7.93551749E-08,"muscle15":0,"muscle16":7.54565477E-08,"muscle17":0,"muscle18":-6.00388489E-07,"muscle19":0,"muscle20":0,"muscle21":0.524232864,"muscle22":-0.0713517666,"muscle23":-0.415076286,"muscle24":0.939664185,"muscle25":0.309866607,"muscle26":-0.0509059131,"muscle27":0.0511476584,"muscle28":5.79231937E-07,"muscle29":0.524233282,"muscle30":-0.0713541955,"muscle31":-0.415078491,"muscle32":0.939663708,"muscle33":0.309869021,"muscle34":-0.0508564152,"muscle35":0.0511499345,"muscle36":-8.17754753E-08,"muscle37":-0.499999434,"muscle38":0.00360218296,"muscle39":-0.514535129,"muscle40":0.210906565,"muscle41":-0.113969579,"muscle42":0.988653779,"muscle43":0.212614372,"muscle44":-0.0172157828,"muscle45":0.0212173872,"muscle46":-0.499999315,"muscle47":0.00360563514,"muscle48":-0.40827179,"muscle49":0.268880188,"muscle50":0.0393143222,"muscle51":-0.519954562,"muscle52":-0.597699463,"muscle53":0.546477675,"muscle54":0.204499558,"muscle55":0,"muscle56":0,"muscle57":0,"muscle58":0,"muscle59":0,"muscle60":0,"muscle61":0,"muscle62":0,"muscle63":0,"muscle64":0,"muscle65":0,"muscle66":0,"muscle67":0,"muscle68":0,"muscle69":0,"muscle70":0,"muscle71":0,"muscle72":0,"muscle73":0,"muscle74":0,"muscle75":-0.890177786,"muscle76":-0.594392002,"muscle77":0.395552516,"muscle78":-0.471039861,"muscle79":0.219947189,"muscle80":-0.271361321,"muscle81":-0.155087531,"muscle82":-0.155087367,"muscle83":0.0207395386,"muscle84":-1.39999866,"muscle85":-0.362600207,"muscle86":-0.362600386,"muscle87":-0.866665363,"muscle88":-1.0351181,"muscle89":-1.05573308,"muscle90":-1,"muscle91":-1.00000012,"muscle92":-0.611050069,"muscle93":-1.45530879,"muscle94":-0.99999994,"duration":0.0353535339,"muscle-1":1},"strings":{"interpolation":"default"},"inTangent":0,"inWeight":0,"outTangent":0,"outWeight":0,"weightedMode":0},{"property":"Left Hand Configuration","index":1,"time":0.999999881,"ints":{"hash":1841545216},"floats":{"duration":0.0959595963},"strings":{"name":"-"},"inTangent":0,"inWeight":0,"outTangent":0,"outWeight":0,"weightedMode":0},{"property":"Left Hand Configuration","index":2,"time":1.49494934,"ints":{"hash":355680256},"floats":{"duration":0.0353535339},"strings":{"name":"-"},"inTangent":0,"inWeight":0,"outTangent":0,"outWeight":0,"weightedMode":0},{"property":"Right Hand Configuration","index":1,"time":0.999999881,"ints":{"hash":1269466112},"floats":{"duration":0.0959595963},"strings":{"name":"OVO_1"},"inTangent":0,"inWeight":0,"outTangent":0,"outWeight":0,"weightedMode":0},{"property":"Right Hand Configuration","index":2,"time":1.49494934,"ints":{"hash":-216398848},"floats":{"duration":0.0353535339},"strings":{"name":"OVO_3"},"inTangent":0,"inWeight":0,"outTangent":0,"outWeight":0,"weightedMode":0},{"property":"Facial Expression","index":1,"time":0.999999881,"ints":{},"floats":{},"strings":{"faceName":"Neutra"},"inTangent":0,"inWeight":0,"outTangent":0,"outWeight":0,"weightedMode":0},{"property":"Facial Expression","index":2,"time":1.49494934,"ints":{},"floats":{},"strings":{"faceName":"Neutra"},"inTangent":0,"inWeight":0,"outTangent":0,"outWeight":0,"weightedMode":0}]},{"properties":["Face Animation Neutra"],"loops":false,"keyFrames":[{"property":"Face Animation Neutra","index":0,"time":0,"ints":{},"floats":{"girl_head_.blendShape.mClose":100,"girl_head_.blendShape.A":0,"girl_head_.blendShape.Cons":0,"girl_head_.blendShape.Fv":0,"girl_head_.blendShape.mLSide":0,"girl_head_.blendShape.mLSideUp":0,"girl_head_.blendShape.mRSide":0,"girl_head_.blendShape.mRSideUp":0,"girl_head_.blendShape.O":0,"girl_head_.blendShape.smile":0,"girl_head_.blendShape.U":0,"girl_hair.blendShape.cheek1":0,"girl_hair.blendShape.cheek2":0,"girl_hair.blendShape.cheek3":0,"girl_head_.blendShape.Bmp":0,"girl_head_.blendShape.E":0,"girl_head_.blendShape.F001":0,"girl_head_.blendShape.F003":0,"girl_head_.blendShape.F005":0,"girl_head_.blendShape.F006":0,"girl_head_.blendShape.F007":0,"girl_head_.blendShape.F007left":0,"girl_head_.blendShape.F008":0,"girl_head_.blendShape.F017":0,"girl_head_.blendShape.F019":0,"girl_head_.blendShape.F024":0,"girl_head_.blendShape.F031":0,"girl_head_.blendShape.LEyeBMad":0,"girl_head_.blendShape.LEyeClose":0,"girl_head_.blendShape.LEyeLidUp":0,"girl_head_.blendShape.LEyeMad":0,"girl_head_.blendShape.LEyeSad":0,"girl_head_.blendShape.LeyeBUp":0,"girl_head_.blendShape.mSad":0,"girl_head_.blendShape.REyeBMad":0,"girl_head_.blendShape.REyeClose":0,"girl_head_.blendShape.REyeLidUp":0,"girl_head_.blendShape.REyeMad":0,"girl_head_.blendShape.REyeSad":0,"girl_head_.blendShape.ReyeBSad":0,"girl_head_.blendShape.ReyeBUp":0,