{"animTracks":[{"properties":["Right Hand Configuration","Left Hand Configuration","Muscles"],"keyFrames":[{"property":"Muscles","index":2,"time":1.21212113,"ints":{},"floats":{"muscle0":2.77478165E-07,"muscle1":-5.36441974E-07,"muscle2":-5.36442144E-07,"muscle3":-2.13454836E-08,"muscle4":1.62844388E-13,"muscle5":-6.31021982E-13,"muscle6":0,"muscle7":0,"muscle8":0,"muscle9":-5.33609466E-07,"muscle10":-3.14621647E-14,"muscle11":2.68220447E-07,"muscle12":1.16326657E-06,"muscle13":7.31784667E-07,"muscle14":4.02711073E-08,"muscle15":-0.324147463,"muscle16":-1.84561559E-05,"muscle17":-0.324148268,"muscle18":-1.65786478E-05,"muscle19":0,"muscle20":0,"muscle21":0.522007465,"muscle22":-0.0674786568,"muscle23":-0.308529526,"muscle24":0.930870771,"muscle25":0.238599032,"muscle26":0.0380843915,"muscle27":-0.0324907154,"muscle28":1.53612518E-06,"muscle29":0.522007465,"muscle30":-0.0674886331,"muscle31":-0.308530241,"muscle32":0.930870771,"muscle33":0.2386024,"muscle34":0.0380883925,"muscle35":-0.0324261449,"muscle36":9.43019529E-07,"muscle37":-0.499999821,"muscle38":0.00360197015,"muscle39":-0.51591295,"muscle40":0.211088598,"muscle41":-0.0779917687,"muscle42":0.985978901,"muscle43":0.176828489,"muscle44":-0.0182218459,"muscle45":0.0217835568,"muscle46":-0.499996305,"muscle47":0.00360540044,"muscle48":0.947505414,"muscle49":0.193445772,"muscle50":0.726395905,"muscle51":0.190078422,"muscle52":0.408107251,"muscle53":0.556561172,"muscle54":-0.548597991,"muscle55":-1.36603785E-06,"muscle56":4.78113236E-07,"muscle57":2.95390468E-08,"muscle58":4.26886757E-08,"muscle59":-2.54444197E-16,"muscle60":1.70754674E-07,"muscle61":-6.07127845E-07,"muscle62":7.58909806E-08,"muscle63":6.83018797E-08,"muscle64":-2.27672942E-07,"muscle65":0,"muscle66":-5.52179507E-19,"muscle67":-4.78113236E-07,"muscle68":1.48425888E-14,"muscle69":-1.51781947E-07,"muscle70":-7.58909806E-08,"muscle71":-3.41509363E-08,"muscle72":4.26886722E-08,"muscle73":-7.58909735E-08,"muscle74":-7.58909735E-08,"muscle75":-1.73333371,"muscle76":-0.099999547,"muscle77":-0.626671195,"muscle78":-0.160004407,"muscle79":-0.0689662024,"muscle80":-0.986916423,"muscle81":0.644862413,"muscle82":0.644862413,"muscle83":-0.157082975,"muscle84":-1.18348479,"muscle85":0.704009354,"muscle86":0.704009533,"muscle87":-0.270157248,"muscle88":-1.39999855,"muscle89":0.844266832,"muscle90":0.844266891,"muscle91":-0.31077227,"muscle92":-0.642162621,"muscle93":0.778024077,"muscle94":0.778024316,"duration":0.171717167},"strings":{}},{"property":"Muscles","index":1,"time":1.65656555,"ints":{},"floats":{"muscle0":2.77478165E-07,"muscle1":-5.36441974E-07,"muscle2":-5.36442144E-07,"muscle3":-2.13454836E-08,"muscle4":1.62844388E-13,"muscle5":-6.31021982E-13,"muscle6":0,"muscle7":0,"muscle8":0,"muscle9":-5.33609466E-07,"muscle10":-3.14621647E-14,"muscle11":2.68220447E-07,"muscle12":1.16326669E-06,"muscle13":7.80138123E-07,"muscle14":-4.20305426E-08,"muscle15":-0.324147463,"muscle16":-1.84561559E-05,"muscle17":-0.324148268,"muscle18":-1.65786478E-05,"muscle19":0,"muscle20":0,"muscle21":0.51769954,"muscle22":-0.056066636,"muscle23":-0.074947156,"muscle24":0.9112252,"muscle25":0.0819570869,"muscle26":0.0352694765,"muscle27":-0.0118195219,"muscle28":3.38120981E-06,"muscle29":0.517693162,"muscle30":-0.0559808873,"muscle31":-0.0749754086,"muscle32":0.911224544,"muscle33":0.0819551051,"muscle34":0.0352689587,"muscle35":-0.0119354725,"muscle36":1.14805857E-06,"muscle37":-0.499998927,"muscle38":0.00360286771,"muscle39":-0.519085526,"muscle40":0.211317986,"muscle41":-0.00389392651,"muscle42":0.980416715,"muscle43":0.103203118,"muscle44":-0.0205712505,"muscle45":0.0228488408,"muscle46":-0.499996305,"muscle47":0.00360540044,"muscle48":0.946390748,"muscle49":-0.0585800223,"muscle50":0.201112881,"muscle51":0.106389321,"muscle52":0.714327931,"muscle53":-0.077848874,"muscle54":-0.238961875,"muscle55":-2.3905659E-06,"muscle56":4.78113066E-07,"muscle57":2.95390468E-08,"muscle58":4.26886757E-08,"muscle59":-2.54444197E-16,"muscle60":1.70754674E-07,"muscle61":-6.07127845E-07,"muscle62":7.58909806E-08,"muscle63":2.7320749E-07,"muscle64":3.39258994E-15,"muscle65":0,"muscle66":-5.52179507E-19,"muscle67":-4.78113236E-07,"muscle68":1.48425888E-14,"muscle69":-6.07127788E-07,"muscle70":-7.58909806E-08,"muscle71":-4.43962193E-07,"muscle72":0,"muscle73":-7.58909735E-08,"muscle74":-7.58909735E-08,"muscle75":-1.73333371,"muscle76":-0.099999547,"muscle77":-0.626671195,"muscle78":-0.160004407,"muscle79":-0.0689662024,"muscle80":-0.986916423,"muscle81":0.644862413,"muscle82":0.644862413,"muscle83":-0.157082975,"muscle84":-1.18348479,"muscle85":0.704009354,"muscle86":0.704009533,"muscle87":-0.270157248,"muscle88":-1.39999855,"muscle89":0.844266832,"muscle90":0.844266891,"muscle91":-0.31077227,"muscle92":-0.642162621,"muscle93":0.778024077,"muscle94":0.778024316,"duration":0},"strings":{}},{"property":"Left Hand Configuration","index":2,"time":1.21212113,"ints":{"hash":-1726891008},"floats":{"duration":0.171717167},"strings":{"name":"-"}},{"property":"Left Hand Configuration","index":1,"time":1.65656555,"ints":{"hash":-582732800},"floats":{"duration":0},"strings":{"name":"-"}},{"property":"Right Hand Configuration","index":2,"time":1.21212113,"ints":{"hash":-1577943040},"floats":{"duration":0.171717167},"strings":{"name":"D_1"}},{"property":"Right Hand Configuration","index":1,"time":1.65656555,"ints":{"hash":-1154811904},"floats":{"duration":0},"strings":{"name":"D_1"}}]}],"version":2,"globalSpeed":0.700000107,"globalRepetitions":1}
