{"animTracks":[{"properties":["Right Hand Configuration","Left Hand Configuration","Muscles"],"loops":false,"keyFrames":[{"property":"Muscles","index":1,"time":1,"ints":{},"floats":{"muscle0":2.77478591E-07,"muscle1":-5.36441974E-07,"muscle2":-7.93866383E-13,"muscle3":-2.13454836E-08,"muscle4":1.62844388E-13,"muscle5":-6.31021982E-13,"muscle6":0,"muscle7":0,"muscle8":0,"muscle9":2.13434017E-08,"muscle10":5.90683237E-14,"muscle11":2.68220845E-07,"muscle12":2.34787919E-07,"muscle13":5.78708523E-07,"muscle14":-2.2680203E-07,"muscle15":-0.324147046,"muscle16":-1.31784475E-06,"muscle17":-0.324148148,"muscle18":-2.77395998E-07,"muscle19":0,"muscle20":0,"muscle21":0.527684152,"muscle22":-0.0759823099,"muscle23":-0.588656127,"muscle24":0.953825772,"muscle25":0.425628841,"muscle26":0.042562589,"muscle27":-0.0481424928,"muscle28":4.42761603E-07,"muscle29":0.527683556,"muscle30":-0.0759852156,"muscle31":-0.588660777,"muscle32":0.953825891,"muscle33":0.425632775,"muscle34":0.0425663367,"muscle35":-0.0480918102,"muscle36":3.96204285E-07,"muscle37":-0.499999821,"muscle38":0.00360197015,"muscle39":-0.512595832,"muscle40":0.210587695,"muscle41":-0.16981034,"muscle42":0.992770672,"muscle43":0.268193841,"muscle44":-0.015839668,"muscle45":0.0202495288,"muscle46":-0.499999195,"muscle47":0.0036051874,"muscle48":0.166778639,"muscle49":-0.555021763,"muscle50":0.267483413,"muscle51":-0.180396244,"muscle52":0.0842844024,"muscle53":-0.0158378035,"muscle54":0.0202558991,"muscle55":-1.36603785E-06,"muscle56":1.36603731E-07,"muscle57":2.95390468E-08,"muscle58":4.26886757E-08,"muscle59":-2.54444197E-16,"muscle60":1.70754674E-07,"muscle61":-6.07127845E-07,"muscle62":7.58909806E-08,"muscle63":6.83018797E-08,"muscle64":-2.27672942E-07,"muscle65":0,"muscle66":-5.52179507E-19,"muscle67":-3.4150947E-08,"muscle68":-5.69182426E-08,"muscle69":-1.51781947E-07,"muscle70":-7.58909806E-08,"muscle71":-3.41509363E-08,"muscle72":4.26886722E-08,"muscle73":-7.58909735E-08,"muscle74":-7.58909735E-08,"muscle75":-2.4333334,"muscle76":-2.00000024,"muscle77":-0.577777684,"muscle78":-0.999999344,"muscle79":-0.999999702,"muscle80":-0.706916571,"muscle81":-2,"muscle82":0.99999994,"muscle83":-0.999999583,"muscle84":-1.3999989,"muscle85":-2.00000095,"muscle86":0.999999702,"muscle87":-0.999999821,"muscle88":-0.226229712,"muscle89":-1.99999988,"muscle90":0.999999344,"muscle91":-1.00000012,"muscle92":-0.299940735,"muscle93":-2.00000072,"muscle94":1},"strings":{}},{"property":"Muscles","index":2,"time":2,"ints":{},"floats":{"muscle0":2.20384518E-12,"muscle1":-5.36441974E-07,"muscle2":1.42488831E-13,"muscle3":-2.13454836E-08,"muscle4":1.62844388E-13,"muscle5":-6.31021982E-13,"muscle6":0,"muscle7":0,"muscle8":0,"muscle9":2.13434017E-08,"muscle10":5.90683237E-14,"muscle11":2.68220845E-07,"muscle12":5.12264251E-07,"muscle13":9.2520105E-07,"muscle14":-2.88935411E-07,"muscle15":-0.324147046,"muscle16":-1.31784475E-06,"muscle17":-0.324148148,"muscle18":-2.77395998E-07,"muscle19":0,"muscle20":0,"muscle21":0.524228156,"muscle22":-0.0713481009,"muscle23":-0.415076196,"muscle24":0.939663827,"muscle25":0.309825689,"muscle26":0.0397917219,"muscle27":-0.0395704024,"muscle28":1.12591374E-06,"muscle29":0.524227202,"muscle30":-0.0713506266,"muscle31":-0.415079862,"muscle32":0.939663708,"muscle33":0.309828997,"muscle34":0.0397956781,"muscle35":-0.0395207554,"muscle36":3.96204285E-07,"muscle37":-0.499999821,"muscle38":0.00360197015,"muscle39":-0.565658271,"muscle40":0.440915972,"muscle41":0.140257925,"muscle42":-0.439421982,"muscle43":0.124704681,"muscle44":-0.0172239598,"muscle45":0.0212370362,"muscle46":-0.499999672,"muscle47":0.00360631314,"muscle48":-0.598954797,"muscle49":0.43204397,"muscle50":0.134201154,"muscle51":-0.416427523,"muscle52":0.131958351,"muscle53":-0.0156117184,"muscle54":0.0201847218,"muscle55":-2.43297529,"muscle56":-1.99970472,"muscle57":-0.577692568,"muscle58":-0.999852479,"muscle59":-0.999852002,"muscle60":-0.706811428,"muscle61":-1.9997046,"muscle62":0.999851763,"muscle63":-0.999852419,"muscle64":-1.39979279,"muscle65":-1.99970448,"muscle66":0.999851763,"muscle67":-0.999852479,"muscle68":-0.299895197,"muscle69":-1.99970484,"muscle70":0.999852538,"muscle71":-0.999852479,"muscle72":-0.226196125,"muscle73":-1.99970448,"muscle74":0.999851882,"muscle75":-2.4333322,"muscle76":-2,"muscle77":-0.577777684,"muscle78":-0.999998748,"muscle79":-0.999999404,"muscle80":-0.706916511,"muscle81":-2,"muscle82":0.99999994,"muscle83":-0.999999583,"muscle84":-1.3999989,"muscle85":-2.00000095,"muscle86":0.999999702,"muscle87":-0.999999821,"muscle88":-0.226229712,"muscle89":-1.99999988,"muscle90":0.999999344,"muscle91":-1.00000012,"muscle92":-0.299940735,"muscle93":-2.00000095,"muscle94":1,"duration":0},"strings":{}},{"property":"Muscles","index":3,"time":3,"ints":{},"floats":{"muscle0":2.24928734E-12,"muscle1":-2.84977662E-13,"muscle2":3.4604432E-13,"muscle3":2.77475266E-07,"muscle4":8.14222618E-14,"muscle5":-6.92088639E-13,"muscle6":0,"muscle7":0,"muscle8":0,"muscle9":2.13434017E-08,"muscle10":5.90683237E-14,"muscle11":2.68220845E-07,"muscle12":-1.92098838E-07,"muscle13":-6.016041E-08,"muscle14":-2.70018319E-07,"muscle15":-0.324147046,"muscle16":-1.31784475E-06,"muscle17":-0.324148268,"muscle18":-1.58908722E-06,"muscle19":0,"muscle20":0,"muscle21":0.522001922,"muscle22":-0.0674809963,"muscle23":-0.308530509,"muscle24":0.930871308,"muscle25":0.238643527,"muscle26":-0.0412611738,"muscle27":0.0468808897,"muscle28":1.53612518E-06,"muscle29":0.522001326,"muscle30":-0.0674832761,"muscle31":-0.30853194,"muscle32":0.930871248,"muscle33":0.238644943,"muscle34":-0.0412116461,"muscle35":0.046885211,"muscle36":1.91298639E-07,"muscle37":-0.499999821,"muscle38":0.00360197015,"muscle39":-0.388279349,"muscle40":-0.0299973655,"muscle41":0.253466308,"muscle42":-0.0669906661,"muscle43":0.119558923,"muscle44":-0.0171830598,"muscle45":0.0212204009,"muscle46":-0.499999195,"muscle47":0.0036051874,"muscle48":-0.390702933,"muscle49":-0.040947184,"muscle50":0.264077306,"muscle51":-0.0746117905,"muscle52":0.127356648,"muscle53":-0.0155815668,"muscle54":0.0201703794,"muscle55":-2.43261576,"muscle56":-1.99941051,"muscle57":-0.577606678,"muscle58":-0.999705017,"muscle59":-0.999703884,"muscle60":-0.70670718,"muscle61":-1.99940991,"muscle62":0.999704123,"muscle63":-0.999705076,"muscle64":-1.39958668,"muscle65":-1.99940968,"muscle66":0.999704301,"muscle67":-0.999705136,"muscle68":-0.226163909,"muscle69":-1.99940991,"muscle70":0.99970448,"muscle71":-0.999704957,"muscle72":-0.299850464,"muscle73":-1.99940956,"muscle74":0.999704838,"muscle75":-2.4333322,"muscle76":-2,"muscle77":-0.577777684,"muscle78":-0.999998868,"muscle79":-0.999999404,"muscle80":-0.706916511,"muscle81":-2,"muscle82":0.99999994,"muscle83":-0.999999583,"muscle84":-1.3999989,"muscle85":-2.00000095,"muscle86":0.999999702,"muscle87":-0.999999821,"muscle88":-0.226229712,"muscle89":-1.99999988,"muscle90":0.999999344,"muscle91":-1.00000012,"muscle92":-0.299940735,"muscle93":-2.00000095,"muscle94":1,"duration":0},"strings":{}},{"property":"Muscles","index":4,"time":4,"ints":{},"floats":{"muscle0":2.24928734E-12,"muscle1":-2.84977662E-13,"muscle2":3.4604432E-13,"muscle3":2.77475266E-07,"muscle4":8.14222618E-14,"muscle5":-6.92088639E-13,"muscle6":0,"muscle7":0,"muscle8":0,"muscle9":2.13433218E-08,"muscle10":6.10666438E-14,"muscle11":-1.5266661E-14,"muscle12":-2.13443201E-07,"muscle13":-2.90935418E-08,"muscle14":-9.67723039E-08,"muscle15":-0.324147046,"muscle16":-1.31784475E-06,"muscle17":-0.324148148,"muscle18":-2.77395998E-07,"muscle19":0,"muscle20":0,"muscle21":0.522001922,"muscle22":-0.0674808696,"muscle23":-0.308530152,"muscle24":0.930871308,"muscle25":0.238643289,"muscle26":-0.0412608907,"muscle27":0.0468810759,"muscle28":1.53612518E-06,"muscle29":0.52200073,"muscle30":-0.0674833134,"muscle31":-0.308532834,"muscle32":0.930871248,"muscle33":0.238645762,"muscle34":-0.0412109382,"muscle35":0.0468850583,"muscle36":1.91298639E-07,"muscle37":-0.499999821,"muscle38":0.00360197015,