{"animTracks":[{"properties":["Right Hand Configuration","Left Hand Configuration","Muscles"],"loops":false,"keyFrames":[{"property":"Muscles","index":1,"time":1,"ints":{},"floats":{"muscle0":2.77478591E-07,"muscle1":-5.36441974E-07,"muscle2":-7.93866383E-13,"muscle3":-2.13454836E-08,"muscle4":1.62844388E-13,"muscle5":-6.31021982E-13,"muscle6":0,"muscle7":0,"muscle8":0,"muscle9":2.13434017E-08,"muscle10":5.90683237E-14,"muscle11":2.68220845E-07,"muscle12":2.34787919E-07,"muscle13":5.78708523E-07,"muscle14":-2.2680203E-07,"muscle15":-0.324147046,"muscle16":-1.31784475E-06,"muscle17":-0.324148148,"muscle18":-2.77395998E-07,"muscle19":0,"muscle20":0,"muscle21":0.527684152,"muscle22":-0.0759823099,"muscle23":-0.588656127,"muscle24":0.953825772,"muscle25":0.425628841,"muscle26":0.042562589,"muscle27":-0.0481424928,"muscle28":4.42761603E-07,"muscle29":0.527683556,"muscle30":-0.0759852156,"muscle31":-0.588660777,"muscle32":0.953825891,"muscle33":0.425632775,"muscle34":0.0425663367,"muscle35":-0.0480918102,"muscle36":3.96204285E-07,"muscle37":-0.499999821,"muscle38":0.00360197015,"muscle39":-0.512595832,"muscle40":0.210587695,"muscle41":-0.16981034,"muscle42":0.992770672,"muscle43":0.268193841,"muscle44":-0.015839668,"muscle45":0.0202495288,"muscle46":-0.499999195,"muscle47":0.0036051874,"muscle48":-0.315115333,"muscle49":0.0621960685,"muscle50":0.257569462,"muscle51":-0.277322561,"muscle52":1.14281368,"muscle53":-0.0158378035,"muscle54":0.0202558991,"muscle55":-1.36603785E-06,"muscle56":1.36603731E-07,"muscle57":2.95390468E-08,"muscle58":4.26886757E-08,"muscle59":-2.54444197E-16,"muscle60":1.70754674E-07,"muscle61":-6.07127845E-07,"muscle62":7.58909806E-08,"muscle63":6.83018797E-08,"muscle64":-2.27672942E-07,"muscle65":0,"muscle66":-5.52179507E-19,"muscle67":-3.4150947E-08,"muscle68":-5.69182426E-08,"muscle69":-1.51781947E-07,"muscle70":-7.58909806E-08,"muscle71":-3.41509363E-08,"muscle72":4.26886722E-08,"muscle73":-7.58909735E-08,"muscle74":-7.58909735E-08,"muscle75":-5.70761394E-08,"muscle76":0.338888228,"muscle77":-0.199999943,"muscle78":1.00000012,"muscle79":0.642144799,"muscle80":-0.964444101,"muscle81":0.844862044,"muscle82":0.844862521,"muscle83":0.665139377,"muscle84":-1.09014976,"muscle85":0.833332777,"muscle86":0.833332777,"muscle87":0.640952945,"muscle88":-1.39999843,"muscle89":0.810934067,"muscle90":0.810933769,"muscle91":0.711448967,"muscle92":-0.704384565,"muscle93":0.811357677,"muscle94":0.811357796},"strings":{}},{"property":"Muscles","index":2,"time":1.99999988,"ints":{},"floats":{"muscle0":2.77478591E-07,"muscle1":-5.36441974E-07,"muscle2":-7.93866383E-13,"muscle3":-2.13454836E-08,"muscle4":1.62844388E-13,"muscle5":-6.31021982E-13,"muscle6":0,"muscle7":0,"muscle8":0,"muscle9":-5.33609466E-07,"muscle10":-3.14621647E-14,"muscle11":2.68220447E-07,"muscle12":7.6839649E-07,"muscle13":9.98858582E-07,"muscle14":-1.12807967E-07,"muscle15":-0.324147046,"muscle16":-1.31784475E-06,"muscle17":-0.324148148,"muscle18":-2.77395998E-07,"muscle19":0,"muscle20":0,"muscle21":0.524232864,"muscle22":-0.0713528544,"muscle23":-0.415075123,"muscle24":0.939663231,"muscle25":0.309825629,"muscle26":0.0397873744,"muscle27":-0.0395610593,"muscle28":8.5270625E-07,"muscle29":0.524231732,"muscle30":-0.0713561028,"muscle31":-0.415078342,"muscle32":0.93966347,"muscle33":0.309828788,"muscle34":0.0397914648,"muscle35":-0.0395098776,"muscle36":3.96204285E-07,"muscle37":-0.499999821,"muscle38":0.00360197015,"muscle39":-0.514532208,"muscle40":0.2109074,"muscle41":-0.11397168,"muscle42":0.988652647,"muscle43":0.212617099,"muscle44":-0.0172178317,"muscle45":0.0212170966,"muscle46":-0.499998987,"muscle47":0.0036056363,"muscle48":-0.136373952,"muscle49":-0.1555406,"muscle50":0.692157209,"muscle51":-0.871055603,"muscle52":1.15355992,"muscle53":-0.015841607,"muscle54":0.0202145856,"muscle55":-1.36603785E-06,"muscle56":1.36603731E-07,"muscle57":2.95390468E-08,"muscle58":4.26886757E-08,"muscle59":-2.54444197E-16,"muscle60":1.70754674E-07,"muscle61":-6.07127845E-07,"muscle62":7.58909806E-08,"muscle63":6.83018797E-08,"muscle64":-2.27672942E-07,"muscle65":0,"muscle66":-5.52179507E-19,"muscle67":-3.4150947E-08,"muscle68":-5.69182426E-08,"muscle69":-1.51781947E-07,"muscle70":-7.58909806E-08,"muscle71":-3.41509363E-08,"muscle72":4.26886722E-08,"muscle73":-7.58909735E-08,"muscle74":-7.58909735E-08,"muscle75":-1.0900991,"muscle76":0.699964881,"muscle77":0.639910698,"muscle78":0.640031099,"muscle79":-0.999834716,"muscle80":-0.738051713,"muscle81":0.778202355,"muscle82":0.778202355,"muscle83":-0.999833643,"muscle84":-0.965718269,"muscle85":0.804011583,"muscle86":0.804012537,"muscle87":-0.914445817,"muscle88":-0.692965508,"muscle89":0.810934246,"muscle90":0.810934305,"muscle91":-0.910948813,"muscle92":-0.517736077,"muscle93":0.811357975,"muscle94":0.811358094,"duration":0.207070708},"strings":{}},{"property":"Left Hand Configuration","index":1,"time":1,"ints":{"hash":1532673024},"floats":{},"strings":{"name":"-"}},{"property":"Left Hand Configuration","index":2,"time":1.99999988,"ints":{"hash":-1046056960},"floats":{"duration":0.207070708},"strings":{"name":"-"}},{"property":"Right Hand Configuration","index":1,"time":1,"ints":{"hash":-1191316480},"floats":{},"strings":{"name":"palma"}},{"property":"Right Hand Configuration","index":2,"time":1.99999988,"ints":{"hash":-1618136064},"floats":{"duration":0.207070708},"strings":{"name":"Palma_dobrada"}}]}],"version":3,"globalSpeed":1,"globalRepetitions":1}
