{
  "animTracks": [
    {
      "properties": [
        "Right Hand Configuration",
        "Left Hand Configuration",
        "Muscles",
        "Facial Expression"
      ],
      "loops": false,
      "keyFrames": [
        {
          "property": "Muscles",
          "index": 1,
          "time": 1,
          "ints": {},
          "floats": {
            "muscle0": 2.1398753E-12,
            "muscle1": -4.07110923E-13,
            "muscle2": -9.56710622E-13,
            "muscle3": -1.48849899E-12,
            "muscle4": -1.69222731E-25,
            "muscle5": -3.25688776E-13,
            "muscle6": 0,
            "muscle7": 0,
            "muscle8": 0,
            "muscle9": -3.96933029E-13,
            "muscle10": -4.0711097E-14,
            "muscle11": -3.25688776E-13,
            "muscle12": 1.38737931E-07,
            "muscle13": 1.30605528E-07,
            "muscle14": 1.02331555E-07,
            "muscle15": 0,
            "muscle16": -3.13225756E-09,
            "muscle17": 0,
            "muscle18": -2.60550999E-12,
            "muscle19": 0,
            "muscle20": 0,
            "muscle21": 0.527684987,
            "muscle22": -0.075982213,
            "muscle23": -0.588656247,
            "muscle24": 0.953825712,
            "muscle25": 0.4257029,
            "muscle26": -0.0594078712,
            "muscle27": 0.0538544767,
            "muscle28": 3.74593156E-07,
            "muscle29": 0.527683496,
            "muscle30": -0.0759853348,
            "muscle31": -0.588659286,
            "muscle32": 0.953825295,
            "muscle33": 0.425705791,
            "muscle34": -0.0593609177,
            "muscle35": 0.053863246,
            "muscle36": 1.94633657E-07,
            "muscle37": -0.499999434,
            "muscle38": 0.00360223628,
            "muscle39": -0.430533916,
            "muscle40": -0.0074835415,
            "muscle41": 0.000945718319,
            "muscle42": -0.421466529,
            "muscle43": 0.186604068,
            "muscle44": 0.186783314,
            "muscle45": 0.41167894,
            "muscle46": -0.499998987,
            "muscle47": 0.00360562769,
            "muscle48": 0.286987305,
            "muscle49": -0.262568265,
            "muscle50": 0.0870579034,
            "muscle51": -0.35085851,
            "muscle52": 0.302967817,
            "muscle53": -0.757857084,
            "muscle54": 1.00046563,
            "muscle55": -0.999999225,
            "muscle56": -1.99999964,
            "muscle57": -0.999999464,
            "muscle58": -0.537781775,
            "muscle59": -0.955554664,
            "muscle60": -0.61358428,
            "muscle61": 0.733332932,
            "muscle62": 0.733332753,
            "muscle63": -0.999999464,
            "muscle64": -1.39999843,
            "muscle65": -1.99999964,
            "muscle66": 0.999999464,
            "muscle67": -0.99999994,
            "muscle68": 0.271548241,
            "muscle69": -2.00000095,
            "muscle70": 0.999998868,
            "muscle71": -0.99999994,
            "muscle72": -0.113273963,
            "muscle73": -2.00000095,
            "muscle74": 0.99999994,
            "muscle75": -0.333332807,
            "muscle76": 0.166666344,
            "muscle77": -0.02222207,
            "muscle78": 1.00000012,
            "muscle79": 0.711110592,
            "muscle80": -1.20469356,
            "muscle81": -0.933333993,
            "muscle82": -0.679999709,
            "muscle83": -1.00000012,
            "muscle84": -1.11999881,
            "muscle85": -2.00000072,
            "muscle86": 0.99999994,
            "muscle87": -0.99999994,
            "muscle88": 0.271548301,
            "muscle89": -2.00000072,
            "muscle90": 0.999999404,
            "muscle91": -0.999999821,
            "muscle92": -0.144384354,
            "muscle93": -2.00000024,
            "muscle94": 0.99999994,
            "muscle-1": 1
          },
          "strings": {
            "interpolation": "default"
          },
          "inTangent": 0,
          "inWeight": 0,
          "outTangent": 0,
          "outWeight": 0,
          "weightedMode": 0
        },
        {
          "property": "Muscles",
          "index": 2,
          "time": 2,
          "ints": {},
          "floats": {
            "muscle0": 2.1398753E-12,
            "muscle1": -4.07110923E-13,
            "muscle2": -9.56710622E-13,
            "muscle3": -1.48849899E-12,
            "muscle4": -1.69222731E-25,
            "muscle5": -3.25688776E-13,
            "muscle6": 0,
            "muscle7": 0,
            "muscle8": 0,
            "muscle9": -3.96933029E-13,
            "muscle10": -4.0711097E-14,
            "muscle11": -3.25688776E-13,
            "muscle12": 4.80247365E-07,
            "muscle13": 2.10025192E-07,
            "muscle14": 1.93275895E-07,
            "muscle15": 0,
            "muscle16": 4.83886538E-07,
            "muscle17": 0,
            "muscle18": -2.60550999E-12,
            "muscle19": 0,
            "muscle20": 0,
            "muscle21": 0.524233341,
            "muscle22": -0.0713521913,
            "muscle23": -0.415075451,
            "muscle24": 0.939663708,
            "muscle25": 0.309937388,
            "muscle26": -0.0621744804,
            "muscle27": 0.0624388121,
            "muscle28": 3.74593156E-07,
            "muscle29": 0.524231613,
            "muscle30": -0.0713536218,
            "muscle31": -0.41508007,
            "muscle32": 0.93966347,
            "muscle33": 0.309940934,
            "muscle34": -0.0621273965,
            "muscle35": 0.0624451376,
            "muscle36": 3.996727E-07,
            "muscle37": -0.499998987,
            "muscle38": 0.00360269262,
            "muscle39": -0.429714292,
            "muscle40": -0.00758016761,
            "muscle41": 0.000610401796,
            "muscle42": -0.421372831,
            "muscle43": 0.187045559,
            "muscle44": 0.186842591,
            "muscle45": 0.411640733,
            "muscle46": -0.499999076,
            "muscle47": 0.00360561302,
            "muscle48": 0.29543218,
            "muscle49": -0.0712007657,
            "muscle50": 0.202921003,
            "muscle51": -0.33535561,
            "muscle52": 0.304062337,
            "muscle53": -0.757297099,
            "muscle54": 0.999775648,
            "muscle55": -0.999999225,
            "muscle56": -1.99999964,
            "muscle57": -0.999999464,
            "muscle58": -0.537781775,
            "muscle59": -0.955554068,
            "muscle60": -0.613584161,
            "muscle61": 0.733332932,
            "muscle62": 0.733332753,
            "muscle63": -0.999999464,
            "muscle64": -1.39999855,
            "muscle65": -1.99999964,
            "muscle66": 0.999999464,
            "muscle67": -0.99999994,
            "muscle68": 0.271548241,
            "muscle69": -2.00000095,
            "muscle70": 0.999998689,
            "muscle71": -0.99999994,
            "muscle72": -0.113273963,
            "muscle73": -2.00000095,
            "muscle74": 0.999999702,
            "muscle75": -1.80000067,
            "muscle76": 0.105555527,
            "muscle77": -0.271116883,
            "muscle78": 0.799999356,
            "muscle79": 0.0888886005,
            "muscle80": -1.0180279,
            "muscle81": -1.33333349,
            "muscle82": -0.359999537,
            "muscle83": -0.999999523,
            "muscle84": -0.436818093,
            "muscle85": -2.00000095,
            "muscle86": 0.999999702,
            "muscle87": -0.99999994,
            "muscle88": 0.271549612,
            "muscle89": -2,
            "muscle90": 0.999999404,
            "muscle91": -1,
            "muscle92": 0.695616066,
            "muscle93": -2.00000072,
            "muscle94": 0.99999994,
            "duration": 0,
            "muscle-1": 1
          },
          "strings": {
            "interpolation": "smooth"
          },
          "inTangent": 0,
          "inWeight": 0,
          "outTangent": 0,