{"animTracks":[{"properties":["Right Hand Configuration","Left Hand Configuration","Muscles","Facial Expression"],"loops":false,"keyFrames":[{"property":"Muscles","index":1,"time":3,"ints":{},"floats":{"muscle0":2.24928734E-12,"muscle1":4.07110902E-14,"muscle2":5.08888667E-13,"muscle3":2.13431885E-08,"muscle4":-4.07110868E-14,"muscle5":0,"muscle6":0,"muscle7":0,"muscle8":0,"muscle9":-5.33609295E-07,"muscle10":-3.14621071E-14,"muscle11":2.68220703E-07,"muscle12":6.18986121E-07,"muscle13":-1.05009022E-07,"muscle14":-8.72059388E-07,"muscle15":0,"muscle16":7.54565477E-08,"muscle17":0,"muscle18":-2.0637151E-06,"muscle19":0,"muscle20":0,"muscle21":0.522007465,"muscle22":-0.0674839765,"muscle23":-0.308528066,"muscle24":0.930871487,"muscle25":0.238680989,"muscle26":-0.052598983,"muscle27":0.0582358353,"muscle28":8.52572839E-07,"muscle29":0.522007108,"muscle30":-0.0674864352,"muscle31":-0.308531165,"muscle32":0.930871248,"muscle33":0.238684192,"muscle34":-0.052548863,"muscle35":0.0582375266,"muscle36":-4.9172013E-07,"muscle37":-0.499999136,"muscle38":0.00360311777,"muscle39":-0.292638242,"muscle40":0.186282039,"muscle41":0.0431294218,"muscle42":-0.510195076,"muscle43":-0.970877349,"muscle44":-0.695775926,"muscle45":0.768767416,"muscle46":-0.499999315,"muscle47":0.00360563514,"muscle48":-0.218474537,"muscle49":0.223932043,"muscle50":0.0881493166,"muscle51":-0.520731866,"muscle52":-0.74103421,"muscle53":-0.594838142,"muscle54":0.781809092,"muscle55":0,"muscle56":-2,"muscle57":-0.0266720057,"muscle58":-0.426671326,"muscle59":0.0666667223,"muscle60":-0.722472727,"muscle61":-0.5,"muscle62":-0.5,"muscle63":-0.0888888836,"muscle64":-0.462222189,"muscle65":-0.533333242,"muscle66":-0.533333242,"muscle67":0.0888888836,"muscle68":-1.29999995,"muscle69":-0.233333349,"muscle70":-0.233333349,"muscle71":0.333333373,"muscle72":-0.748828828,"muscle73":-0.100000024,"muscle74":-0.100000024,"muscle75":-3.42877979E-06,"muscle76":-1.99970484,"muscle77":-0.0266680848,"muscle78":-0.426608592,"muscle79":0.0666569471,"muscle80":-0.722366035,"muscle81":-0.499926537,"muscle82":-0.499926686,"muscle83":-0.088876009,"muscle84":-0.4621526,"muscle85":-0.533255517,"muscle86":-0.533254504,"muscle87":0.0888754427,"muscle88":-1.29980838,"muscle89":-0.233298808,"muscle90":-0.233298808,"muscle91":0.333283991,"muscle92":-0.748718083,"muscle93":-0.0999857113,"muscle94":-0.0999851078,"duration":0,"muscle-1":1},"strings":{"interpolation":"default"},"inTangent":0,"inWeight":0,"outTangent":0,"outWeight":0,"weightedMode":0},{"property":"Muscles","index":2,"time":2,"ints":{},"floats":{"muscle0":2.24928734E-12,"muscle1":4.07110902E-14,"muscle2":5.08888667E-13,"muscle3":2.13431885E-08,"muscle4":-4.07110868E-14,"muscle5":0,"muscle6":0,"muscle7":0,"muscle8":0,"muscle9":-2.13452704E-08,"muscle10":2.23540313E-14,"muscle11":2.682211E-07,"muscle12":-3.20162634E-08,"muscle13":-9.12276121E-08,"muscle14":-4.43264923E-07,"muscle15":-0.324147224,"muscle16":7.54565477E-08,"muscle17":-0.32414791,"muscle18":-1.25760167E-07,"muscle19":0,"muscle20":0,"muscle21":0.52423358,"muscle22":-0.0713516325,"muscle23":-0.415074766,"muscle24":0.939664245,"muscle25":0.309865683,"muscle26":-0.0509065837,"muscle27":0.0511476956,"muscle28":2.37589148E-07,"muscle29":0.524233282,"muscle30":-0.071354188,"muscle31":-0.415078878,"muscle32":0.939663708,"muscle33":0.309869289,"muscle34":-0.0508563071,"muscle35":0.0511499718,"muscle36":-8.17754753E-08,"muscle37":-0.499999136,"muscle38":0.00360311777,"muscle39":-0.452568471,"muscle40":0.0697501302,"muscle41":-0.0858587846,"muscle42":-0.440122128,"muscle43":-0.975090981,"muscle44":-0.579775274,"muscle45":0.999697924,"muscle46":-0.499999315,"muscle47":0.00360563514,"muscle48":-0.387978226,"muscle49":0.11262957,"muscle50":-0.0653710812,"muscle51":-0.478972673,"muscle52":-0.744814932,"muscle53":-0.463919818,"muscle54":0.999621749,"muscle55":0,"muscle56":-2,"muscle57":-0.0266720057,"muscle58":-0.426671326,"muscle59":0.0666667223,"muscle60":-0.722472727,"muscle61":-0.5,"muscle62":-0.5,"muscle63":-0.0888888836,"muscle64":-0.462222189,"muscle65":-0.533333242,"muscle66":-0.533333242,"muscle67":0.0888888836,"muscle68":-1.29999995,"muscle69":-0.233333349,"muscle70":-0.233333349,"muscle71":0.333333373,"muscle72":-0.748828828,"muscle73":-0.100000024,"muscle74":-0.100000024,"muscle75":-3.42877979E-06,"muscle76":-1.99970484,"muscle77":-0.0266680848,"muscle78":-0.426608592,"muscle79":0.0666569546,"muscle80":-0.722365975,"muscle81":-0.499926537,"muscle82":-0.499926686,"muscle83":-0.088876009,"muscle84":-0.4621526,"muscle85":-0.533255517,"muscle86":-0.533254564,"muscle87":0.0888754427,"muscle88":-1.29980838,"muscle89":-0.233298808,"muscle90":-0.233298808,"muscle91":0.33328402,"muscle92":-0.748718023,"muscle93":-0.0999857113,"muscle94":-0.0999851078,"duration":0},"strings":{},"inTangent":0,"inWeight":0,"outTangent":0,"outWeight":0,"weightedMode":0},{"property":"Left Hand Configuration","index":1,"time":3,"ints":{"hash":-637432832},"floats":{"duration":0},"strings":{"name":"C"},"inTangent":0,"inWeight":0,"outTangent":0,"outWeight":0,"weightedMode":0},{"property":"Left Hand Configuration","index":2,"time":2,"ints":{"hash":518667264},"floats":{"duration":0},"strings":{"name":"C"},"inTangent":0,"inWeight":0,"outTangent":0,"outWeight":0,"weightedMode":0},{"property":"Right Hand Configuration","index":1,"time":3,"ints":{"hash":-1209511936},"floats":{"duration":0},"strings":{"name":"C"},"inTangent":0,"inWeight":0,"outTangent":0,"outWeight":0,"weightedMode":0},{"property":"Right Hand Configuration","index":2,"time":2,"ints":{"hash":-1493696512},"floats":{"duration":0},"strings":{"name":"C"},"inTangent":0,"inWeight":0,"outTangent":0,"outWeight":0,"weightedMode":0},{"property":"Facial Expression","index":1,"time":3,"ints":{},"floats":{},"strings":{"faceName":"Neutra"},"inTangent":0,"inWeight":0,"outTangent":0,"outWeight":0,"weightedMode":0},{"property":"Facial Expression","index":2,"time":2,"ints":{},"floats":{},"strings":{"faceName":"Neutra"},"inTangent":0,"inWeight":0,"outTangent":0,"outWeight":0,"weightedMode":0}]},{"properties":["Face Animation Neutra"],"loops":false,"keyFrames":[{"property":"Face Animation Neutra","index":0,"time":0,"ints":{},"floats":{"girl_head_.blendShape.mClose":100,"girl_head_.blendShape.A":0,"girl_head_.blendShape.Cons":0,"girl_head_.blendShape.Fv":0,"girl_head_.blendShape.mLSide":0,"girl_head_.blendShape.mLSideUp":0,"girl_head_.blendShape.mRSide":0,"girl_head_.blendShape.mRSideUp":0,"girl_head_.blendShape.O":0,"girl_head_.blendShape.smile":0,"girl_head_.blendShape.U":0,"girl_hair.blendShape.cheek1":0,"girl_hair.blendShape.cheek2":0,"girl_hair.blendShape.cheek3":0,"girl_head_.blendShape.Bmp":0,"girl_head_.blendShape.E":0,"girl_head_.blendShape.F001":0,"girl_head_.blendShape.F003":0,"girl_head_.blendShape.F005":0,"girl_head_.blendShape.F006":0,"girl_head_.blendShape.F007":0,"girl_head_.blendShape.F007left":0,"girl_head_.blendShape.F008":0,"girl_head_.blendShape.F017":0,"girl_head_.blendShape.F019":0,"girl_head_.blendShape.F024":0,"girl_head_.blendShape.F031":0,"girl_head_.blendShape.LEyeBMad":0,"girl_head_.blendShape.LEyeClose":0,"girl_head_.blendShape.LEyeLidUp":0,"girl_head_.blendShape.LEyeMad":0,"girl_head_.blendShape.LEyeSad":0,"girl_head_.blendShape.LeyeBUp":0,"girl_head_.blendShape.mSad":0,"girl_head_.blendShape.REyeBMad":0,"girl_head_.blendShape.REyeClose":0,"girl_head_.blendShape.REyeLidUp":0,"girl_head_.blendShape.REyeMad":0,"girl_head_.blendShape.REyeSad":0,"girl_head_.blendShape.ReyeBSad":0,"girl_head_.blendShape.ReyeBUp":0,