{"animTracks":[{"properties":["Right Hand Configuration","Left Hand Configuration","Muscles","Facial Expression"],"loops":false,"keyFrames":[{"property":"Muscles","index":1,"time":0.999999881,"ints":{},"floats":{"muscle0":2.77478591E-07,"muscle1":-5.36441974E-07,"muscle2":-7.93866383E-13,"muscle3":-2.13454836E-08,"muscle4":1.62844388E-13,"muscle5":-6.31021982E-13,"muscle6":0,"muscle7":0,"muscle8":0,"muscle9":2.13434017E-08,"muscle10":5.90683237E-14,"muscle11":2.68220845E-07,"muscle12":2.34787919E-07,"muscle13":5.78708523E-07,"muscle14":-2.2680203E-07,"muscle15":-0.324147046,"muscle16":-1.31784475E-06,"muscle17":-0.324148148,"muscle18":-2.77395998E-07,"muscle19":0,"muscle20":0,"muscle21":0.527684152,"muscle22":-0.0759823099,"muscle23":-0.588656127,"muscle24":0.953825772,"muscle25":0.425628841,"muscle26":0.042562589,"muscle27":-0.0481424928,"muscle28":4.42761603E-07,"muscle29":0.527683556,"muscle30":-0.0759852156,"muscle31":-0.588660777,"muscle32":0.953825891,"muscle33":0.425632775,"muscle34":0.0425663367,"muscle35":-0.0480918102,"muscle36":3.96204285E-07,"muscle37":-0.499999821,"muscle38":0.00360197015,"muscle39":-0.512595832,"muscle40":0.210587695,"muscle41":-0.16981034,"muscle42":0.992770672,"muscle43":0.268193841,"muscle44":-0.015839668,"muscle45":0.0202495288,"muscle46":-0.499999195,"muscle47":0.0036051874,"muscle48":0.134927243,"muscle49":-0.303146303,"muscle50":0.206970811,"muscle51":-0.431168377,"muscle52":0.963493645,"muscle53":-0.0841178,"muscle54":0.999732196,"muscle55":-1.36603785E-06,"muscle56":1.36603731E-07,"muscle57":2.95390468E-08,"muscle58":4.26886757E-08,"muscle59":-2.54444197E-16,"muscle60":1.70754674E-07,"muscle61":-6.07127845E-07,"muscle62":7.58909806E-08,"muscle63":6.83018797E-08,"muscle64":-2.27672942E-07,"muscle65":0,"muscle66":-5.52179507E-19,"muscle67":-3.4150947E-08,"muscle68":-5.69182426E-08,"muscle69":-1.51781947E-07,"muscle70":-7.58909806E-08,"muscle71":-3.41509363E-08,"muscle72":4.26886722E-08,"muscle73":-7.58909735E-08,"muscle74":-7.58909735E-08,"muscle75":-1.56666636,"muscle76":-0.694445968,"muscle77":-0.0266719721,"muscle78":0.999999821,"muscle79":0.311111331,"muscle80":-0.582472801,"muscle81":-1.3333323,"muscle82":-0.360000104,"muscle83":-1.00000012,"muscle84":-0.436818153,"muscle85":-2.00000095,"muscle86":0.99999994,"muscle87":-1,"muscle88":0.271548212,"muscle89":-1.99999988,"muscle90":0.999998868,"muscle91":-1,"muscle92":0.695616007,"muscle93":-2.00000072,"muscle94":1,"duration":0.0707070678},"strings":{},"inTangent":0,"inWeight":0,"outTangent":0,"outWeight":0,"weightedMode":0},{"property":"Muscles","index":2,"time":1.62626255,"ints":{},"floats":{"muscle0":2.24928734E-12,"muscle1":-2.84977662E-13,"muscle2":3.4604432E-13,"muscle3":-2.13454836E-08,"muscle4":1.62844388E-13,"muscle5":-6.31021982E-13,"muscle6":0,"muscle7":0,"muscle8":0,"muscle9":2.13434017E-08,"muscle10":5.90683237E-14,"muscle11":2.68220845E-07,"muscle12":1.81427126E-07,"muscle13":-1.93697389E-07,"muscle14":-1.9347894E-07,"muscle15":-0.324149996,"muscle16":-1.31784475E-06,"muscle17":-0.324149996,"muscle18":-2.77395998E-07,"muscle19":0,"muscle20":0,"muscle21":0.524232686,"muscle22":-0.0713520497,"muscle23":-0.415075511,"muscle24":0.939663708,"muscle25":0.309866399,"muscle26":-0.0509061366,"muscle27":0.0511481874,"muscle28":2.3772256E-07,"muscle29":0.524231613,"muscle30":-0.0713548809,"muscle31":-0.415078104,"muscle32":0.939663291,"muscle33":0.309868813,"muscle34":-0.0508560427,"muscle35":0.051151257,"muscle36":3.96204285E-07,"muscle37":-0.499999821,"muscle38":0.00360197015,"muscle39":-0.514530599,"muscle40":0.210908458,"muscle41":-0.113973834,"muscle42":0.988652825,"muscle43":0.212618634,"muscle44":-0.017219279,"muscle45":0.0212148521,"muscle46":-0.499999195,"muscle47":0.00360428216,"muscle48":0.00506569678,"muscle49":0.0968068987,"muscle50":-0.258304864,"muscle51":-0.715924203,"muscle52":0.626364291,"muscle53":-0.232065737,"muscle54":0.461138606,"muscle55":-1.36603785E-06,"muscle56":4.78113236E-07,"muscle57":2.95390468E-08,"muscle58":4.26886757E-08,"muscle59":-2.54444197E-16,"muscle60":1.70754674E-07,"muscle61":-7.58909735E-08,"muscle62":7.58909806E-08,"muscle63":6.83018797E-08,"muscle64":-2.27672942E-07,"muscle65":0,"muscle66":-5.52179507E-19,"muscle67":-3.4150947E-08,"muscle68":-5.69182426E-08,"muscle69":-1.51781947E-07,"muscle70":-7.58909806E-08,"muscle71":-3.41509363E-08,"muscle72":4.26886722E-08,"muscle73":-5.31236765E-07,"muscle74":-7.58909735E-08,"muscle75":-0.000156430498,"muscle76":0.338784516,"muscle77":-0.199982196,"muscle78":1.00000012,"muscle79":0.642111361,"muscle80":-0.964404464,"muscle81":0.844644248,"muscle82":0.844741583,"muscle83":0.664972842,"muscle84":-1.09008396,"muscle85":0.833049238,"muscle86":0.833349526,"muscle87":0.640788853,"muscle88":-1.39983273,"muscle89":0.810652971,"muscle90":0.810952902,"muscle91":0.711277843,"muscle92":-0.704244018,"muscle93":0.811076224,"muscle94":0.811376572,"duration":0.0909090936,"muscle-1":1},"strings":{},"inTangent":0,"inWeight":0,"outTangent":0,"outWeight":0,"weightedMode":0},{"property":"Left Hand Configuration","index":1,"time":0.999999881,"ints":{"hash":745602048},"floats":{"duration":0.0707070678},"strings":{"name":"-"},"inTangent":0,"inWeight":0,"outTangent":0,"outWeight":0,"weightedMode":0},{"property":"Left Hand Configuration","index":2,"time":1.62626255,"ints":{"hash":292365312},"floats":{"duration":0.0909090936},"strings":{"name":"-"},"inTangent":0,"inWeight":0,"outTangent":0,"outWeight":0,"weightedMode":0},{"property":"Right Hand Configuration","index":1,"time":0.999999881,"ints":{"hash":173522944},"floats":{"duration":0.0707070678},"strings":{"name":"E_aberto"},"inTangent":0,"inWeight":0,"outTangent":0,"outWeight":0,"weightedMode":0},{"property":"Right Hand Configuration","index":2,"time":1.62626255,"ints":{"hash":-279713792},"floats":{"duration":0.0909090936},"strings":{"name":"palma"},"inTangent":0,"inWeight":0,"outTangent":0,"outWeight":0,"weightedMode":0},{"property":"Facial Expression","index":1,"time":0.999999881,"ints":{},"floats":{},"strings":{"faceName":"Neutra"},"inTangent":0,"inWeight":0,"outTangent":0,"outWeight":0,"weightedMode":0},{"property":"Facial Expression","index":2,"time":1.62626255,"ints":{},"floats":{},"strings":{"faceName":"Neutra"},"inTangent":0,"inWeight":0,"outTangent":0,"outWeight":0,"weightedMode":0}]},{"properties":["Face Animation Neutra"],"loops":false,"keyFrames":[{"property":"Face Animation Neutra","index":0,"time":0,"ints":{},"floats":{"girl_head_.blendShape.mClose":100,"girl_head_.blendShape.A":0,"girl_head_.blendShape.Cons":0,"girl_head_.blendShape.Fv":0,"girl_head_.blendShape.mLSide":0,"girl_head_.blendShape.mLSideUp":0,"girl_head_.blendShape.mRSide":0,"girl_head_.blendShape.mRSideUp":0,"girl_head_.blendShape.O":0,"girl_head_.blendShape.smile":0,"girl_head_.blendShape.U":0,"girl_hair.blendShape.cheek1":0,"girl_hair.blendShape.cheek2":0,"girl_hair.blendShape.cheek3":0,"girl_head_.blendShape.Bmp":0,"girl_head_.blendShape.E":0,"girl_head_.blendShape.F001":0,"girl_head_.blendShape.F003":0,"girl_head_.blendShape.F005":0,"girl_head_.blendShape.F006":0,"girl_head_.blendShape.F007":0,"girl_head_.blendShape.F007left":0,"girl_head_.blendShape.F008":0,"girl_head_.blendShape.F017":0,"girl_head_.blendShape.F019":0,"girl_head_.blendShape.F024":0,"girl_head_.blendShape.F031":0,"girl_head_.blendShape.LEyeBMad":0,"girl_head_.blendShape.LEyeClose":0,"girl_head_.blendShape.LEyeLidUp":0,"girl_head_.blendShape.LEyeMad":0,"girl_head_.blendShape.LEyeSad":0,"girl_head_.blendShape.LeyeBUp":0,"girl_head_.blendShape.mSad":0,"girl_head_.blendShape.REyeBMad":0,"girl_head_.blendShape.REyeClose":0,"girl_head_.blendShape.REyeLidUp":0,"girl_head_.blendShape.REyeMad":0,"girl_head_.blendShape.REyeSad":0,"girl_head_.blendShape.ReyeBSad":0,"girl_head_.blendShape.ReyeBUp":0,