{"animTracks":[{"properties":["Right Hand Configuration","Left Hand Configuration","Muscles","Facial Expression"],"loops":false,"keyFrames":[{"property":"Muscles","index":1,"time":1,"ints":{},"floats":{"muscle0":2.13987573E-12,"muscle1":-2.03555461E-13,"muscle2":-4.68177526E-13,"muscle3":-1.25695407E-12,"muscle4":4.07110902E-14,"muscle5":3.35866507E-13,"muscle6":0,"muscle7":0,"muscle8":0,"muscle9":-4.8344396E-13,"muscle10":2.03555434E-14,"muscle11":3.25688695E-13,"muscle12":-5.336112E-08,"muscle13":9.37768405E-08,"muscle14":1.42673455E-08,"muscle15":0,"muscle16":1.88198235E-09,"muscle17":0,"muscle18":-2.60550977E-12,"muscle19":0,"muscle20":0,"muscle21":0.527684987,"muscle22":-0.0759823248,"muscle23":-0.588656723,"muscle24":0.953825772,"muscle25":0.425703287,"muscle26":-0.0594080128,"muscle27":0.0538538806,"muscle28":4.42761575E-07,"muscle29":0.527683914,"muscle30":-0.0759851784,"muscle31":-0.588661015,"muscle32":0.953825414,"muscle33":0.425707132,"muscle34":-0.0593613945,"muscle35":0.0538628362,"muscle36":-4.88385012E-07,"muscle37":-0.499999762,"muscle38":0.00360199227,"muscle39":-0.565824986,"muscle40":0.111130752,"muscle41":0.138870552,"muscle42":-0.201529205,"muscle43":0.788727582,"muscle44":0.380556434,"muscle45":-0.0492016859,"muscle46":-0.499999315,"muscle47":0.00360633456,"muscle48":-0.362480015,"muscle49":0.0172785036,"muscle50":-0.144508883,"muscle51":-0.377566636,"muscle52":0.502041101,"muscle53":0.264138311,"muscle54":1.00018084,"muscle55":-0.999999762,"muscle56":-1.99999988,"muscle57":-0.999999583,"muscle58":-0.537782371,"muscle59":0.422222376,"muscle60":-0.706916332,"muscle61":0.999999642,"muscle62":1,"muscle63":-0.99999994,"muscle64":-1.39999855,"muscle65":-1.99999964,"muscle66":0.99999994,"muscle67":-0.99999994,"muscle68":0.271548122,"muscle69":-2.00000024,"muscle70":0.999999404,"muscle71":-1,"muscle72":-0.113273919,"muscle73":-2.00000072,"muscle74":0.999999702,"muscle75":-0.999999046,"muscle76":-2,"muscle77":-0.999999821,"muscle78":-0.537782371,"muscle79":0.422222346,"muscle80":-0.706916332,"muscle81":0.999999702,"muscle82":0.999999702,"muscle83":-0.999999523,"muscle84":-1.39999843,"muscle85":-2.00000095,"muscle86":0.99999994,"muscle87":-0.999999404,"muscle88":0.271548092,"muscle89":-2.00000095,"muscle90":0.999998569,"muscle91":-0.999999881,"muscle92":-0.113273963,"muscle93":-2,"muscle94":0.999999702,"muscle-1":1},"strings":{"interpolation":"default"},"inTangent":0,"inWeight":0,"outTangent":0,"outWeight":0,"weightedMode":0},{"property":"Muscles","index":2,"time":1.55050492,"ints":{},"floats":{"muscle0":2.13987573E-12,"muscle1":-2.03555461E-13,"muscle2":-4.68177526E-13,"muscle3":-1.25695407E-12,"muscle4":4.07110902E-14,"muscle5":3.35866507E-13,"muscle6":0,"muscle7":0,"muscle8":0,"muscle9":-4.8344396E-13,"muscle10":2.03555434E-14,"muscle11":3.25688695E-13,"muscle12":1.60082209E-07,"muscle13":6.84718415E-08,"muscle14":-2.44161782E-07,"muscle15":0,"muscle16":-1.62546897E-07,"muscle17":0,"muscle18":-2.60550977E-12,"muscle19":0,"muscle20":0,"muscle21":4.09811207E-07,"muscle22":1.06721643E-07,"muscle23":1.06721664E-07,"muscle24":1.51995025E-07,"muscle25":-5.92898219E-09,"muscle26":-2.56932424E-07,"muscle27":3.79139806E-07,"muscle28":2.37855957E-07,"muscle29":6.14716214E-07,"muscle30":8.82232598E-07,"muscle31":-9.85396582E-07,"muscle32":8.03747682E-08,"muscle33":-8.89347263E-09,"muscle34":-6.58338763E-07,"muscle35":-1.9568422E-06,"muscle36":-1.00051558E-08,"muscle37":-0.500000834,"muscle38":0.0036017336,"muscle39":-0.376015604,"muscle40":-0.14830631,"muscle41":0.317899585,"muscle42":-0.460949212,"muscle43":-0.42423293,"muscle44":0.383667797,"muscle45":0.248530522,"muscle46":-0.499999315,"muscle47":0.00360633456,"muscle48":-0.374321699,"muscle49":-0.011070949,"muscle50":-0.126397178,"muscle51":-0.399376512,"muscle52":-0.105409794,"muscle53":0.180895075,"muscle54":-0.939052582,"muscle55":-0.999999762,"muscle56":-1.99999976,"muscle57":-0.999999404,"muscle58":-0.537781894,"muscle59":0.422222376,"muscle60":-0.706916332,"muscle61":0.999999642,"muscle62":1,"muscle63":-0.99999994,"muscle64":-1.39999855,"muscle65":-1.99999964,"muscle66":0.999999702,"muscle67":-0.999999404,"muscle68":0.271548241,"muscle69":-2.00000072,"muscle70":0.999998808,"muscle71":-1,"muscle72":-0.113273919,"muscle73":-2.00000095,"muscle74":0.999999404,"muscle75":-0.999999046,"muscle76":-2,"muscle77":-0.999999821,"muscle78":-0.537781775,"muscle79":0.422222346,"muscle80":-0.706916332,"muscle81":0.999999523,"muscle82":0.999999523,"muscle83":-0.999999523,"muscle84":-1.39999843,"muscle85":-2.00000095,"muscle86":0.999999464,"muscle87":-0.999998748,"muscle88":0.271548122,"muscle89":-2.00000095,"muscle90":0.999998569,"muscle91":-0.999999404,"muscle92":-0.113274015,"muscle93":-2,"muscle94":0.999999464,"duration":0,"muscle-1":1},"strings":{"interpolation":"default"},"inTangent":0,"inWeight":0,"outTangent":0,"outWeight":0,"weightedMode":0},{"property":"Left Hand Configuration","index":1,"time":1,"ints":{"hash":-644477952},"floats":{},"strings":{"name":"indicativa"},"inTangent":0,"inWeight":0,"outTangent":0,"outWeight":0,"weightedMode":0},{"property":"Left Hand Configuration","index":2,"time":1.55050492,"ints":{"hash":499680256},"floats":{"duration":0},"strings":{"name":"indicativa"},"inTangent":0,"inWeight":0,"outTangent":0,"outWeight":0,"weightedMode":0},{"property":"Right Hand Configuration","index":1,"time":1,"ints":{"hash":-1216557056},"floats":{},"strings":{"name":"indicativa"},"inTangent":0,"inWeight":0,"outTangent":0,"outWeight":0,"weightedMode":0},{"property":"Right Hand Configuration","index":2,"time":1.55050492,"ints":{"hash":-72398848},"floats":{"duration":0},"strings":{"name":"indicativa"},"inTangent":0,"inWeight":0,"outTangent":0,"outWeight":0,"weightedMode":0},{"property":"Facial Expression","index":1,"time":1,"ints":{},"floats":{},"strings":{"faceName":"Neutra"},"inTangent":0,"inWeight":0,"outTangent":0,"outWeight":0,"weightedMode":0},{"property":"Facial Expression","index":2,"time":1.55050492,"ints":{},"floats":{"duration":0},"strings":{"faceName":"Neutra"},"inTangent":0,"inWeight":0,"outTangent":0,"outWeight":0,"weightedMode":0}]},{"properties":["Face Animation Neutra"],"loops":false,"keyFrames":[{"property":"Face Animation Neutra","index":0,"time":0,"ints":{},"floats":{"girl_head_.blendShape.mClose":100,"girl_head_.blendShape.A":0,"girl_head_.blendShape.Cons":0,"girl_head_.blendShape.Fv":0,"girl_head_.blendShape.mLSide":0,"girl_head_.blendShape.mLSideUp":0,"girl_head_.blendShape.mRSide":0,"girl_head_.blendShape.mRSideUp":0,"girl_head_.blendShape.O":0,"girl_head_.blendShape.smile":0,"girl_head_.blendShape.U":0,"girl_hair.blendShape.cheek1":0,"girl_hair.blendShape.cheek2":0,"girl_hair.blendShape.cheek3":0,"girl_head_.blendShape.Bmp":0,"girl_head_.blendShape.E":0,"girl_head_.blendShape.F001":0,"girl_head_.blendShape.F003":0,"girl_head_.blendShape.F005":0,"girl_head_.blendShape.F006":0,"girl_head_.blendShape.F007":0,"girl_head_.blendShape.F007left":0,"girl_head_.blendShape.F008":0,"girl_head_.blendShape.F017":0,"girl_head_.blendShape.F019":0,"girl_head_.blendShape.F024":0,"girl_head_.blendShape.F031":0,"girl_head_.blendShape.LEyeBMad":0,"girl_head_.blendShape.LEyeClose":0,"girl_head_.blendShape.LEyeLidUp":0,"girl_head_.blendShape.LEyeMad":0,"girl_head_.blendShape.LEyeSad":0,"girl_head_.blendShape.LeyeBUp":0,"girl_head_.blendShape.mSad":0,"girl_head_.blendShape.REyeBMad":0,"girl_head_.blendShape.REyeClose":0,"girl_head_.blendShape.REyeLidUp":0,"girl_head_.blendShape.REyeMad":0,"girl_head_.blendShape.REyeSad":0,"girl_head_.blendShape.ReyeBSad":0,"girl_head_.blendShape.ReyeBUp":0,