{"animTracks":[{"properties":["Right Hand Configuration","Left Hand Configuration","Muscles","Facial Expression"],"loops":false,"keyFrames":[{"property":"Muscles","index":1,"time":1,"ints":{},"floats":{"muscle0":2.56134228E-07,"muscle1":-1.42488763E-13,"muscle2":-5.49599645E-13,"muscle3":2.13431885E-08,"muscle4":-4.07110868E-14,"muscle5":0,"muscle6":0,"muscle7":0,"muscle8":0,"muscle9":-2.13452704E-08,"muscle10":2.23540313E-14,"muscle11":2.682211E-07,"muscle12":-2.02771005E-07,"muscle13":1.95387557E-07,"muscle14":-2.5273215E-07,"muscle15":-0.324149996,"muscle16":7.54565477E-08,"muscle17":-0.324149996,"muscle18":-1.25760167E-07,"muscle19":0,"muscle20":0,"muscle21":0.527684629,"muscle22":-0.0759822652,"muscle23":-0.588656783,"muscle24":0.953825772,"muscle25":0.425629228,"muscle26":0.042562034,"muscle27":-0.0481425785,"muscle28":5.79231937E-07,"muscle29":0.527684867,"muscle30":-0.0759847462,"muscle31":-0.588661671,"muscle32":0.953825772,"muscle33":0.425633192,"muscle34":0.0425647497,"muscle35":-0.0480923951,"muscle36":-8.17754753E-08,"muscle37":-0.499999434,"muscle38":0.00360218296,"muscle39":-0.407843977,"muscle40":-0.0573541671,"muscle41":-0.0605372153,"muscle42":-0.521102965,"muscle43":0.0947254226,"muscle44":0.735756636,"muscle45":0.999970973,"muscle46":-0.499999315,"muscle47":0.00360563514,"muscle48":-0.183319017,"muscle49":-0.135977894,"muscle50":-0.0537338145,"muscle51":-0.170058772,"muscle52":-0.3945584,"muscle53":0.839552522,"muscle54":-0.538263202,"muscle55":-0.156875134,"muscle56":0.505554736,"muscle57":0.63999474,"muscle58":0.639995277,"muscle59":0.553255916,"muscle60":0.288638264,"muscle61":0.77819556,"muscle62":0.778195679,"muscle63":0.665139318,"muscle64":-0.436818153,"muscle65":0.80400908,"muscle66":0.804009855,"muscle67":0.578116179,"muscle68":0.695616305,"muscle69":0.811357975,"muscle70":0.811358154,"muscle71":0.640953004,"muscle72":0.271548569,"muscle73":0.810933769,"muscle74":0.810934424,"muscle75":-0.156876743,"muscle76":0.505554318,"muscle77":0.6399948,"muscle78":0.639995337,"muscle79":0.553255975,"muscle80":0.288638532,"muscle81":0.77819562,"muscle82":0.77819562,"muscle83":0.665139258,"muscle84":-0.436818212,"muscle85":0.804009378,"muscle86":0.804009855,"muscle87":0.640952826,"muscle88":0.271548212,"muscle89":0.810934246,"muscle90":0.810934007,"muscle91":0.578116238,"muscle92":0.695616066,"muscle93":0.811357439,"muscle94":0.811358154,"muscle-1":1},"strings":{},"inTangent":0,"inWeight":0,"outTangent":0,"outWeight":0,"weightedMode":0},{"property":"Muscles","index":2,"time":1.98484838,"ints":{},"floats":{"muscle0":2.24928734E-12,"muscle1":4.07110902E-14,"muscle2":5.08888667E-13,"muscle3":2.13431885E-08,"muscle4":-4.07110868E-14,"muscle5":0,"muscle6":0,"muscle7":0,"muscle8":0,"muscle9":-2.13452704E-08,"muscle10":2.23540313E-14,"muscle11":2.682211E-07,"muscle12":1.60082749E-07,"muscle13":-1.18075612E-08,"muscle14":-3.52319944E-07,"muscle15":0,"muscle16":-1.97229184E-07,"muscle17":0,"muscle18":-4.4875452E-07,"muscle19":0,"muscle20":0,"muscle21":0.524232924,"muscle22":-0.0713516846,"muscle23":-0.415076286,"muscle24":0.939663708,"muscle25":0.309866637,"muscle26":-0.0509066582,"muscle27":0.0511467345,"muscle28":2.37589148E-07,"muscle29":0.524233222,"muscle30":-0.0713546649,"muscle31":-0.415079772,"muscle32":0.939663827,"muscle33":0.309870124,"muscle34":-0.0508563332,"muscle35":0.05115081,"muscle36":-8.17754753E-08,"muscle37":-0.499999434,"muscle38":0.00360218296,"muscle39":-0.40817517,"muscle40":-0.0572896153,"muscle41":-0.0604332089,"muscle42":-0.521145225,"muscle43":0.0945026651,"muscle44":0.735471487,"muscle45":1.00006759,"muscle46":-0.499999315,"muscle47":0.00360563514,"muscle48":-0.147153616,"muscle49":-0.10897395,"muscle50":-0.0298684333,"muscle51":-0.188189492,"muscle52":-0.394438773,"muscle53":0.171494693,"muscle54":0.520637393,"muscle55":-0.156875134,"muscle56":0.505554736,"muscle57":0.63999474,"muscle58":0.639995277,"muscle59":0.553255916,"muscle60":0.288638264,"muscle61":0.77819556,"muscle62":0.778195679,"muscle63":0.665139318,"muscle64":-0.436818153,"muscle65":0.80400908,"muscle66":0.804009855,"muscle67":0.640952885,"muscle68":0.271548182,"muscle69":0.810933709,"muscle70":0.810934246,"muscle71":0.578116298,"muscle72":0.695616424,"muscle73":0.811357379,"muscle74":0.811358154,"muscle75":-0.244444862,"muscle76":0.138887584,"muscle77":0.6399948,"muscle78":0.639995337,"muscle79":-0.999998569,"muscle80":-0.706916392,"muscle81":-2.00000095,"muscle82":0.999999702,"muscle83":-0.999999464,"muscle84":-1.39999878,"muscle85":-2.00000095,"muscle86":1.00000012,"muscle87":-0.999999464,"muscle88":0.271548122,"muscle89":-2,"muscle90":0.999999464,"muscle91":-0.999999583,"muscle92":-0.113273971,"muscle93":-2.00000095,"muscle94":1,"duration":0,"muscle-1":1},"strings":{"interpolation":"smooth"},"inTangent":0,"inWeight":0,"outTangent":0,"outWeight":0,"weightedMode":0},{"property":"Left Hand Configuration","index":1,"time":1,"ints":{"hash":1944834048},"floats":{},"strings":{"name":"m\u00C6o aberta"},"inTangent":0,"inWeight":0,"outTangent":0,"outWeight":0,"weightedMode":0},{"property":"Left Hand Configuration","index":2,"time":1.98484838,"ints":{"hash":82278400},"floats":{"duration":0},"strings":{"name":"m\u00C6o aberta"},"inTangent":0,"inWeight":0,"outTangent":0,"outWeight":0,"weightedMode":0},{"property":"Right Hand Configuration","index":1,"time":1,"ints":{"hash":1372754944},"floats":{},"strings":{"name":"dedilhares/roubar"},"inTangent":0,"inWeight":0,"outTangent":0,"outWeight":0,"weightedMode":0},{"property":"Right Hand Configuration","index":2,"time":1.98484838,"ints":{"hash":-489800704},"floats":{"duration":0},"strings":{"name":"B"},"inTangent":0,"inWeight":0,"outTangent":0,"outWeight":0,"weightedMode":0},{"property":"Facial Expression","index":1,"time":1,"ints":{},"floats":{},"strings":{"faceName":"Neutra"},"inTangent":0,"inWeight":0,"outTangent":0,"outWeight":0,"weightedMode":0},{"property":"Facial Expression","index":2,"time":1.98484838,"ints":{},"floats":{"duration":0},"strings":{"faceName":"Neutra"},"inTangent":0,"inWeight":0,"outTangent":0,"outWeight":0,"weightedMode":0}]},{"properties":["Hand Movement dedilhares/roubar"],"loops":false,"keyFrames":[{"property":"Hand Movement dedilhares/roubar","index":0,"time":0,"ints":{},"floats":{"muscle79":0.553255916,"muscle81":0.778195679,"muscle82":0.778195679,"muscle80":0.288638562,"muscle91":0.578116179,"muscle93":0.811357975,"muscle94":0.811357975,"muscle92":0.695615292,"muscle83":0.665139318,"muscle85":0.804009378,"muscle86":0.804009378,"muscle84":-0.436817974,"muscle87":0.640953481,"muscle89":0.810934305,"muscle90":0.810934305,"muscle88":0.271548122,"muscle75":-0.156875432,"muscle77":0.639994681,"muscle78":0.639995337,"muscle76":0.505554259},"strings":{},"inTangent":0.0833330974,"inWeight":0,"outTangent":0.0833330974,"outWeight":0.333333343,"weightedMode":0},{"property":"Hand Movement dedilhares/roubar","index":1,"time":0.266666681,"ints":{},"floats":{"muscle79":0.575478077,"muscle81":0.644862294,"muscle82":1,"muscle80":0.288638532,"muscle91":-1,"muscle93":0.533333361,"muscle94":1,"muscle92":0.69561547,"muscle83":-0.223749638,"muscle85":0.604009569,"muscle86":1,"muscle84":-0.436817974,"muscle87":-0.714602351,"muscle89":0.744267464,"muscle90":1,"muscle88":0.271548122,"muscle75":-1.09020865,"muscle77":0.63999474,"muscle78":0.639995337,"muscle76":-0.527778924},"strings":{},"inTangent":-1.82500041,"inWeight":0.333333343,"outTangent":-1.82500041,"outWeight":0.333333343,"weightedMode":0},{"property":"Hand Movement dedilhares/roubar","index":2,"time":0.516666651,"ints":{},"floats":{"muscle79":-0.35785526,"muscle81":0.011529088,"muscle82":1,"muscle80":0.288638532,"muscle91":-1,"muscle93":-2,"muscle94":1,"muscle92":0.69561547,"muscle83":-0.77930522,"muscle85":-0.562657237,"muscle86":1,"muscle84":-0.436817974,"muscle87":-0.866666675,"muscle89":-1.5,"muscle90":1,"muscle88":0.271548122,"muscle75":-1.09020865,"muscle77":0.360000014,"muscle78":0.639995337,"muscle76":-0.527778924},"strings":{},