{
  "animTracks": [
    {
      "properties": [
        "Right Hand Configuration",
        "Left Hand Configuration",
        "Muscles",
        "Facial Expression"
      ],
      "loops": false,
      "keyFrames": [
        {
          "property": "Muscles",
          "index": 1,
          "time": 1,
          "ints": {},
          "floats": {
            "muscle0": 2.1398753E-12,
            "muscle1": -4.07110923E-13,
            "muscle2": -9.56710622E-13,
            "muscle3": -1.48849899E-12,
            "muscle4": -1.69222731E-25,
            "muscle5": -3.25688776E-13,
            "muscle6": 0,
            "muscle7": 0,
            "muscle8": 0,
            "muscle9": -3.96933029E-13,
            "muscle10": -4.0711097E-14,
            "muscle11": -3.25688776E-13,
            "muscle12": 1.38737931E-07,
            "muscle13": 1.30605528E-07,
            "muscle14": 1.02331555E-07,
            "muscle15": 0,
            "muscle16": -3.13225756E-09,
            "muscle17": 0,
            "muscle18": -2.60550999E-12,
            "muscle19": 0,
            "muscle20": 0,
            "muscle21": 0.527684987,
            "muscle22": -0.075982213,
            "muscle23": -0.588656247,
            "muscle24": 0.953825712,
            "muscle25": 0.4257029,
            "muscle26": -0.0594078712,
            "muscle27": 0.0538544767,
            "muscle28": 3.74593156E-07,
            "muscle29": 0.527683496,
            "muscle30": -0.0759853348,
            "muscle31": -0.588659286,
            "muscle32": 0.953825295,
            "muscle33": 0.425705791,
            "muscle34": -0.0593609177,
            "muscle35": 0.053863246,
            "muscle36": 1.94633657E-07,
            "muscle37": -0.499999434,
            "muscle38": 0.00360223628,
            "muscle39": -0.394588739,
            "muscle40": -0.155958548,
            "muscle41": 0.215461686,
            "muscle42": -0.288831264,
            "muscle43": -0.993439853,
            "muscle44": 0.397164285,
            "muscle45": 0.399385124,
            "muscle46": -0.499998987,
            "muscle47": 0.00360562769,
            "muscle48": -0.483234435,
            "muscle49": -0.207903415,
            "muscle50": 0.0708787292,
            "muscle51": -0.169941723,
            "muscle52": -0.557469308,
            "muscle53": 0.417269021,
            "muscle54": -0.365476251,
            "muscle55": -2.70000076,
            "muscle56": 0.205554307,
            "muscle57": -0.200000063,
            "muscle58": -0.999999821,
            "muscle59": 0.642144799,
            "muscle60": -0.96444416,
            "muscle61": 0.711529016,
            "muscle62": 0.711528957,
            "muscle63": 0.665139258,
            "muscle64": -1.09014988,
            "muscle65": 0.699999452,
            "muscle66": 0.699999452,
            "muscle67": 0.640953064,
            "muscle68": -1.39999855,
            "muscle69": 0.710934162,
            "muscle70": 0.710934341,
            "muscle71": 0.711449087,
            "muscle72": -0.579940796,
            "muscle73": 0.711358011,
            "muscle74": 0.711357653,
            "muscle75": -2.70000052,
            "muscle76": 0.205553815,
            "muscle77": -0.199999958,
            "muscle78": -0.999998868,
            "muscle79": 0.642144799,
            "muscle80": -0.96444416,
            "muscle81": 0.711528718,
            "muscle82": 0.711528718,
            "muscle83": 0.665139139,
            "muscle84": -1.09014964,
            "muscle85": 0.699999034,
            "muscle86": 0.699999273,
            "muscle87": 0.640952885,
            "muscle88": -1.39999855,
            "muscle89": 0.710934162,
            "muscle90": 0.710934281,
            "muscle91": 0.711449146,
            "muscle92": -0.579940796,
            "muscle93": 0.711357415,
            "muscle94": 0.711357474,
            "muscle-1": 1
          },
          "strings": {
            "interpolation": "default"
          },
          "inTangent": 0,
          "inWeight": 0,
          "outTangent": 0,
          "outWeight": 0,
          "weightedMode": 0
        },
        {
          "property": "Muscles",
          "index": 2,
          "time": 1.75252509,
          "ints": {},
          "floats": {
            "muscle0": 2.1398753E-12,
            "muscle1": -4.07110923E-13,
            "muscle2": -9.56710622E-13,
            "muscle3": -1.48849899E-12,
            "muscle4": -1.69222731E-25,
            "muscle5": -3.25688776E-13,
            "muscle6": 0,
            "muscle7": 0,
            "muscle8": 0,
            "muscle9": -3.96933029E-13,
            "muscle10": -4.0711097E-14,
            "muscle11": -3.25688776E-13,
            "muscle12": 2.98820453E-07,
            "muscle13": 2.64141335E-07,
            "muscle14": 2.57918114E-08,
            "muscle15": 0,
            "muscle16": -3.13225756E-09,
            "muscle17": 0,
            "muscle18": -2.60550999E-12,
            "muscle19": 0,
            "muscle20": 0,
            "muscle21": 0.524232864,
            "muscle22": -0.0713516772,
            "muscle23": -0.415075123,
            "muscle24": 0.939663529,
            "muscle25": 0.309937179,
            "muscle26": -0.0621735528,
            "muscle27": 0.0624383576,
            "muscle28": 3.74593156E-07,
            "muscle29": 0.524232447,
            "muscle30": -0.0713549256,
            "muscle31": -0.415078789,
            "muscle32": 0.93966347,
            "muscle33": 0.309940219,
            "muscle34": -0.0621277206,
            "muscle35": 0.0624477006,
            "muscle36": 3.996727E-07,
            "muscle37": -0.499998987,
            "muscle38": 0.00360289821,
            "muscle39": -0.3945539,
            "muscle40": -0.155953333,
            "muscle41": 0.215449393,
            "muscle42": -0.288827717,
            "muscle43": -0.993426383,
            "muscle44": 0.397164404,
            "muscle45": 0.399436831,
            "muscle46": -0.499999434,
            "muscle47": 0.00360608404,
            "muscle48": -0.412359327,
            "muscle49": -0.0440076254,
            "muscle50": 0.14514561,
            "muscle51": -0.544951499,
            "muscle52": 0.593879938,
            "muscle53": -0.400089771,
            "muscle54": -0.842194617,
            "muscle55": -2.70000076,
            "muscle56": 0.205554307,
            "muscle57": -0.200000063,
            "muscle58": -0.999999821,
            "muscle59": 0.642144799,
            "muscle60": -0.96444416,
            "muscle61": 0.711529016,
            "muscle62": 0.711528957,
            "muscle63": 0.665139079,
            "muscle64": -1.09015012,
            "muscle65": 0.699999452,
            "muscle66": 0.699999452,
            "muscle67": 0.640953302,
            "muscle68": -1.39999855,
            "muscle69": 0.710933864,
            "muscle70": 0.710934341,
            "muscle71": 0.711449087,
            "muscle72": -0.579940796,
            "muscle73": 0.711357653,
            "muscle74": 0.711357474,
            "muscle75": -2.70000076,
            "muscle76": 0.205554172,
            "muscle77": -0.199999958,
            "muscle78": -0.999998629,
            "muscle79": 0.64214462,
            "muscle80": -0.96444416,
            "muscle81": 0.711528718,
            "muscle82": 0.711528718,
            "muscle83": 0.665139318,
            "muscle84": -1.09014976,
            "muscle85": 0.699999154,
            "muscle86": 0.699999273,
            "muscle87": 0.640953004,
            "muscle88": -1.39999843,
            "muscle89": 0.710934162,
            "muscle90": 0.710934281,
            "muscle91": 0.711448967,
            "muscle92": -0.579940736,
            "muscle93": 0.711357415,
            "muscle94": 0.711357474,
            "duration": 0,
            "muscle-1": 1
          },
          "strings": {
            "interpolation": "default"
          },
          "inTangent": 0,
          "inWeight": 0,