{"animTracks":[{"properties":["Right Hand Configuration","Left Hand Configuration","Muscles"],"keyFrames":[{"property":"Muscles","index":1,"time":2.53030348,"ints":{},"floats":{"muscle0":2.20384518E-12,"muscle1":-5.36441974E-07,"muscle2":1.42488831E-13,"muscle3":-2.13454836E-08,"muscle4":1.62844388E-13,"muscle5":-6.31021982E-13,"muscle6":0,"muscle7":0,"muscle8":0,"muscle9":-5.33609466E-07,"muscle10":-3.14621647E-14,"muscle11":2.68220447E-07,"muscle12":3.86332567E-06,"muscle13":1.66076961E-06,"muscle14":-4.10320922E-07,"muscle15":-0.324147463,"muscle16":-1.84561559E-05,"muscle17":-0.324148268,"muscle18":-1.65786478E-05,"muscle19":0,"muscle20":0,"muscle21":0.5175699,"muscle22":-0.0552373007,"muscle23":-0.0606888533,"muscle24":0.910007417,"muscle25":0.0723383054,"muscle26":0.0350848958,"muscle27":-0.0103155961,"muscle28":2.01463877E-06,"muscle29":0.517579973,"muscle30":-0.0552216209,"muscle31":-0.0606924742,"muscle32":0.910006702,"muscle33":0.072335422,"muscle34":0.0350760259,"muscle35":-0.0102978554,"muscle36":9.43019529E-07,"muscle37":-0.500002503,"muscle38":0.00360196247,"muscle39":-0.0150467018,"muscle40":0.139630258,"muscle41":-0.182972237,"muscle42":-0.198981583,"muscle43":-0.199186206,"muscle44":-0.25245139,"muscle45":-0.322465003,"muscle46":-0.499997169,"muscle47":0.00360632851,"muscle48":-0.143537432,"muscle49":0.034215074,"muscle50":-0.0657981113,"muscle51":-0.221555576,"muscle52":-0.16037254,"muscle53":-0.279696286,"muscle54":-0.362516701,"muscle55":-0.244446144,"muscle56":0.138888508,"muscle57":0.639995337,"muscle58":0.639995277,"muscle59":-0.99999702,"muscle60":-0.706916511,"muscle61":-2.00000095,"muscle62":0.999999702,"muscle63":-1,"muscle64":-1.39999866,"muscle65":-2.00000072,"muscle66":0.999999464,"muscle67":-0.99999994,"muscle68":0.27154842,"muscle69":-2.00000095,"muscle70":0.999999404,"muscle71":-0.999999523,"muscle72":-0.113273941,"muscle73":-1.99999964,"muscle74":1,"muscle75":-2.4333334,"muscle76":-2.00000024,"muscle77":-0.577777684,"muscle78":-0.999998868,"muscle79":-0.999996185,"muscle80":-0.70691663,"muscle81":-2.00000095,"muscle82":0.99999994,"muscle83":-0.999999583,"muscle84":-1.3999989,"muscle85":-2.00000095,"muscle86":0.999999702,"muscle87":-0.999999821,"muscle88":-0.226229712,"muscle89":-1.99999988,"muscle90":0.999999344,"muscle91":-1.00000012,"muscle92":-0.299940735,"muscle93":-2.00000095,"muscle94":1,"duration":0},"strings":{}},{"property":"Muscles","index":2,"time":2.99495006,"ints":{},"floats":{"muscle0":2.77478591E-07,"muscle1":-5.36441974E-07,"muscle2":-7.93866383E-13,"muscle3":-2.13454836E-08,"muscle4":1.62844388E-13,"muscle5":-6.31021982E-13,"muscle6":0,"muscle7":0,"muscle8":0,"muscle9":-5.33609466E-07,"muscle10":-3.14621647E-14,"muscle11":2.68220447E-07,"muscle12":3.88467015E-06,"muscle13":1.58711214E-06,"muscle14":-5.86448721E-07,"muscle15":-0.324147463,"muscle16":-1.84364344E-05,"muscle17":-0.324148268,"muscle18":-1.65786478E-05,"muscle19":0,"muscle20":0,"muscle21":0.517394364,"muscle22":-0.0545696132,"muscle23":-0.0492882319,"muscle24":0.909032702,"muscle25":0.0646475032,"muscle26":0.0350222699,"muscle27":-0.00909865834,"muscle28":2.01463877E-06,"muscle29":0.517450154,"muscle30":-0.0545513779,"muscle31":-0.0492933877,"muscle32":0.909032226,"muscle33":0.0646389574,"muscle34":0.0349677838,"muscle35":-0.00907788612,"muscle36":9.43019529E-07,"muscle37":-0.500002444,"muscle38":0.00360264722,"muscle39":-0.150753587,"muscle40":0.149646595,"muscle41":-0.0869131014,"muscle42":-0.391993403,"muscle43":0.0970827788,"muscle44":-0.351130486,"muscle45":0.218005642,"muscle46":-0.499997169,"muscle47":0.00360632851,"muscle48":-0.144262448,"muscle49":0.0342936926,"muscle50":-0.0654758736,"muscle51":-0.318629503,"muscle52":-0.160703793,"muscle53":-0.280202746,"muscle54":-0.362672567,"muscle55":-0.244446144,"muscle56":0.138888508,"muscle57":0.639995337,"muscle58":0.639995277,"muscle59":-0.999996603,"muscle60":-0.706916571,"muscle61":-2.00000095,"muscle62":0.999999702,"muscle63":-1,"muscle64":-1.39999866,"muscle65":-2.00000072,"muscle66":0.999999464,"muscle67":-0.999999464,"muscle68":0.271548301,"muscle69":-2.00000095,"muscle70":0.999999404,"muscle71":-0.999999523,"muscle72":-0.113273941,"muscle73":-1.99999964,"muscle74":1,"muscle75":-2.4333322,"muscle76":-2,"muscle77":-0.577777684,"muscle78":-0.999998868,"muscle79":-0.999996185,"muscle80":-0.70691663,"muscle81":-2.00000095,"muscle82":0.99999994,"muscle83":-0.999999583,"muscle84":-1.3999989,"muscle85":-2.00000095,"muscle86":0.999999702,"muscle87":-0.999999821,"muscle88":-0.226229712,"muscle89":-1.99999988,"muscle90":0.999999344,"muscle91":-1.00000012,"muscle92":-0.299940735,"muscle93":-2.00000095,"muscle94":1,"duration":0},"strings":{}},{"property":"Muscles","index":5,"time":2.00505042,"ints":{},"floats":{"muscle0":2.20384518E-12,"muscle1":-5.36441974E-07,"muscle2":1.42488831E-13,"muscle3":-2.13454836E-08,"muscle4":1.62844388E-13,"muscle5":-6.31021982E-13,"muscle6":0,"muscle7":0,"muscle8":0,"muscle9":-5.33609466E-07,"muscle10":-3.14621647E-14,"muscle11":2.68220447E-07,"muscle12":3.28702822E-06,"muscle13":1.28897409E-06,"muscle14":-6.06616254E-07,"muscle15":-0.324147463,"muscle16":-1.84561559E-05,"muscle17":-0.324148268,"muscle18":-1.65786478E-05,"muscle19":0,"muscle20":0,"muscle21":0.51802963,"muscle22":-0.0570850559,"muscle23":-0.0929440558,"muscle24":0.912757933,"muscle25":0.0940586925,"muscle26":0.0353572965,"muscle27":-0.013665922,"muscle28":2.2878462E-06,"muscle29":0.518027902,"muscle30":-0.0570698045,"muscle31":-0.0929504186,"muscle32":0.912757337,"muscle33":0.0940594301,"muscle34":0.0353598669,"muscle35":-0.0136487111,"muscle36":7.38113954E-07,"muscle37":-0.500002503,"muscle38":0.00360196247,"muscle39":-0.130867094,"muscle40":0.0134800924,"muscle41":-0.09036576,"muscle42":-0.198922053,"muscle43":-0.305559129,"muscle44":0.127350107,"muscle45":-0.188596621,"muscle46":-0.499997169,"muscle47":0.00360632851,"muscle48":-0.143190384,"muscle49":0.0341678821,"muscle50":-0.065979518,"muscle51":-0.221521318,"muscle52":-0.160186559,"muscle53":-0.279457033,"muscle54":-0.362412155,"muscle55":-0.244445264,"muscle56":0.138888374,"muscle57":0.639995337,"muscle58":0.639995277,"muscle59":-0.999997735,"muscle60":-0.706916511,"muscle61":-2.00000095,"muscle62":0.999999702,"muscle63":-1,"muscle64":-1.39999866,"muscle65":-2.00000072,"muscle66":0.999999464,"muscle67":-0.99999994,"muscle68":0.27154842,"muscle69":-2.00000095,"muscle70":0.999999404,"muscle71":-0.999999523,"muscle72":-0.113273941,"muscle73":-1.99999964,"muscle74":1,"muscle75":-2.4333334,"muscle76":-2.00000024,"muscle77":-0.577777684,"muscle78":-0.999998868,"muscle79":-0.999996185,"muscle80":-0.70691663,"muscle81":-2,"muscle82":0.99999994,"muscle83":-0.999999583,"muscle84":-1.3999989,"muscle85":-2.00000095,"muscle86":0.999999702,"muscle87":-0.999999821,"muscle88":-0.226229712,"muscle89":-1.99999988,"muscle90":0.999999344,"muscle91":-1.00000012,"muscle92":-0.299940735,"muscle93":-2.00000095,"muscle94":1,"duration":0},"strings":{}},{"property":"Muscles","index":4,"time":13,"ints":{},"floats":{"muscle0":2.77478591E-07,"muscle1":-5.36441974E-07,"muscle2":-7.93866383E-13,"muscle3":-2.13454836E-08,"muscle4":1.62844388E-13,"muscle5":-6.31021982E-13,"muscle6":0,"muscle7":0,"muscle8":0,"muscle9":-5.33609466E-07,"muscle10":-3.14621647E-14,"muscle11":2.68220447E-07,"muscle12":3.91668664E-06,"muscle13":1.55604573E-06,"muscle14":-7.59695126E-07,"muscle15":-0.324148953,"muscle16":-1.81331634E-05,"muscle17":-0.324148268,"muscle18":-1.65786478E-05,"muscle19":0,"muscle20":0,"muscle21":0.517436683,"muscle22":-0.0545276068,"muscle23":-0.0493033156,"muscle24":0.909032822,"muscle25":0.0646406189,"muscle26":0.0349748917,"muscle27":-0.00917215273,"muscle28":2.01463877E-06,"muscle29":0.517356336,"muscle30":-0.0545156859,"muscle31":-0.0492990762,"muscle32":0.909032524,"muscle33":0.0646466538,"muscle34":0.035058327,"muscle35":-0.00916029327,"muscle36":9.43019529E-07,"muscle37":-0.500002503,"muscle38":0.00360196247,"muscle39":0.0271942634,"muscle40":0.139713898,