{"animTracks":[{"properties":["Right Hand Configuration","Left Hand Configuration","Muscles","Facial Expression"],"loops":false,"keyFrames":[{"property":"Muscles","index":1,"time":1,"ints":{},"floats":{"muscle0":2.13987573E-12,"muscle1":-2.03555461E-13,"muscle2":-4.68177526E-13,"muscle3":-1.25695407E-12,"muscle4":4.07110902E-14,"muscle5":3.35866507E-13,"muscle6":0,"muscle7":0,"muscle8":0,"muscle9":-4.8344396E-13,"muscle10":2.03555434E-14,"muscle11":3.25688695E-13,"muscle12":-5.336112E-08,"muscle13":9.37768405E-08,"muscle14":1.42673455E-08,"muscle15":0,"muscle16":1.88198235E-09,"muscle17":0,"muscle18":-2.60550977E-12,"muscle19":0,"muscle20":0,"muscle21":0.527684987,"muscle22":-0.0759823248,"muscle23":-0.588656723,"muscle24":0.953825772,"muscle25":0.425703287,"muscle26":-0.0594080128,"muscle27":0.0538538806,"muscle28":4.42761575E-07,"muscle29":0.527683914,"muscle30":-0.0759851784,"muscle31":-0.588661015,"muscle32":0.953825414,"muscle33":0.425707132,"muscle34":-0.0593613945,"muscle35":0.0538628362,"muscle36":-4.88385012E-07,"muscle37":-0.499999762,"muscle38":0.00360199227,"muscle39":-0.512600005,"muscle40":0.210586563,"muscle41":-0.169809312,"muscle42":0.992770314,"muscle43":0.268193245,"muscle44":-0.0158369932,"muscle45":0.0202518813,"muscle46":-0.499999315,"muscle47":0.00360633456,"muscle48":-0.140941501,"muscle49":0.121236049,"muscle50":-0.0558108836,"muscle51":-0.644814253,"muscle52":0.491898328,"muscle53":-0.624120057,"muscle54":0.679340243,"muscle55":-1.70754689E-07,"muscle56":1.36603745E-07,"muscle57":-1.0672168E-08,"muscle58":4.23551683E-08,"muscle59":-6.83018655E-08,"muscle60":8.53773372E-08,"muscle61":-7.58909735E-08,"muscle62":4.96961311E-17,"muscle63":6.83018726E-08,"muscle64":-1.13836457E-07,"muscle65":-7.58909806E-08,"muscle66":6.84702524E-17,"muscle67":3.41509363E-08,"muscle68":-5.69182284E-08,"muscle69":0,"muscle70":3.03563837E-07,"muscle71":-3.18055313E-17,"muscle72":4.26886722E-08,"muscle73":7.58909735E-08,"muscle74":-7.58909735E-08,"muscle75":-1.22354114,"muscle76":0.60555476,"muscle77":0.711109936,"muscle78":0.799999595,"muscle79":0.553255916,"muscle80":-0.96444416,"muscle81":0.978195548,"muscle82":0.978195608,"muscle83":0.665139139,"muscle84":-1.09014976,"muscle85":0.904010117,"muscle86":0.904010057,"muscle87":0.640952885,"muscle88":-1.39999831,"muscle89":0.999999702,"muscle90":0.99999994,"muscle91":0.711448967,"muscle92":-0.579940796,"muscle93":0.944690645,"muscle94":0.944690585,"muscle-1":1},"strings":{"interpolation":"default"},"inTangent":0,"inWeight":0,"outTangent":0,"outWeight":0,"weightedMode":0},{"property":"Muscles","index":2,"time":1.44949484,"ints":{},"floats":{"muscle0":-5.33606283E-07,"muscle1":-1.83199918E-13,"muscle2":-4.07110902E-14,"muscle3":-1.25695407E-12,"muscle4":4.07110902E-14,"muscle5":3.35866507E-13,"muscle6":0,"muscle7":0,"muscle8":0,"muscle9":-4.8344396E-13,"muscle10":2.03555434E-14,"muscle11":3.25688695E-13,"muscle12":4.90919433E-07,"muscle13":2.27312015E-07,"muscle14":-6.22721004E-08,"muscle15":0,"muscle16":1.88198235E-09,"muscle17":0,"muscle18":-2.60550977E-12,"muscle19":0,"muscle20":0,"muscle21":0.524233162,"muscle22":-0.0713504702,"muscle23":-0.415075004,"muscle24":0.939664185,"muscle25":0.309936911,"muscle26":-0.0621737018,"muscle27":0.0624355748,"muscle28":7.84804456E-07,"muscle29":0.524232209,"muscle30":-0.0713536292,"muscle31":-0.415079057,"muscle32":0.93966347,"muscle33":0.309940606,"muscle34":-0.0621276535,"muscle35":0.0624450371,"muscle36":-4.88385012E-07,"muscle37":-0.499999762,"muscle38":0.00360199227,"muscle39":-0.514537454,"muscle40":0.210905954,"muscle41":-0.113972008,"muscle42":0.988652825,"muscle43":0.212617502,"muscle44":-0.0172147993,"muscle45":0.0212189499,"muscle46":-0.499999315,"muscle47":0.00360633456,"muscle48":-0.014704043,"muscle49":-0.0262948051,"muscle50":0.0636595041,"muscle51":-0.332221568,"muscle52":0.483831495,"muscle53":-0.624120057,"muscle54":0.679340243,"muscle55":-1.5367923E-06,"muscle56":1.36603731E-07,"muscle57":-1.0672168E-08,"muscle58":4.23551683E-08,"muscle59":-6.83018655E-08,"muscle60":8.53773372E-08,"muscle61":-7.58909735E-08,"muscle62":4.96961311E-17,"muscle63":6.83018726E-08,"muscle64":-1.13836457E-07,"muscle65":-7.58909806E-08,"muscle66":6.84702524E-17,"muscle67":3.41509363E-08,"muscle68":-5.69182284E-08,"muscle69":0,"muscle70":3.03563837E-07,"muscle71":-3.18055313E-17,"muscle72":4.26886722E-08,"muscle73":7.58909735E-08,"muscle74":-7.58909735E-08,"muscle75":-1.22354114,"muscle76":0.60555476,"muscle77":0.711109281,"muscle78":0.799999356,"muscle79":0.553255916,"muscle80":-0.96444416,"muscle81":0.978195548,"muscle82":0.978195608,"muscle83":0.665139139,"muscle84":-1.09014976,"muscle85":0.904010117,"muscle86":0.904010177,"muscle87":0.640952885,"muscle88":-1.39999855,"muscle89":0.999999702,"muscle90":0.99999994,"muscle91":0.711448967,"muscle92":-0.579940796,"muscle93":0.944690645,"muscle94":0.944690585,"duration":0.434343427,"muscle-1":1},"strings":{"interpolation":"default"},"inTangent":0,"inWeight":0,"outTangent":0,"outWeight":0,"weightedMode":0},{"property":"Left Hand Configuration","index":1,"time":1,"ints":{"hash":-463591424},"floats":{},"strings":{"name":"-"},"inTangent":0,"inWeight":0,"outTangent":0,"outWeight":0,"weightedMode":0},{"property":"Left Hand Configuration","index":2,"time":1.44949484,"ints":{"hash":962232320},"floats":{"duration":0.434343427},"strings":{"name":"-"},"inTangent":0,"inWeight":0,"outTangent":0,"outWeight":0,"weightedMode":0},{"property":"Right Hand Configuration","index":1,"time":1,"ints":{"hash":-1035670528},"floats":{},"strings":{"name":"1"},"inTangent":0,"inWeight":0,"outTangent":0,"outWeight":0,"weightedMode":0},{"property":"Right Hand Configuration","index":2,"time":1.44949484,"ints":{"hash":108487680},"floats":{"duration":0.434343427},"strings":{"name":"1"},"inTangent":0,"inWeight":0,"outTangent":0,"outWeight":0,"weightedMode":0},{"property":"Facial Expression","index":1,"time":1,"ints":{},"floats":{},"strings":{"faceName":"Neutra"},"inTangent":0,"inWeight":0,"outTangent":0,"outWeight":0,"weightedMode":0},{"property":"Facial Expression","index":2,"time":1.44949484,"ints":{},"floats":{"duration":0.434343427},"strings":{"faceName":"Bochecha D"},"inTangent":0,"inWeight":0,"outTangent":0,"outWeight":0,"weightedMode":0}]},{"properties":["Face Animation Neutra"],"loops":false,"keyFrames":[{"property":"Face Animation Neutra","index":0,"time":0,"ints":{},"floats":{"girl_head_.blendShape.mClose":100,"girl_head_.blendShape.A":0,"girl_head_.blendShape.Cons":0,"girl_head_.blendShape.Fv":0,"girl_head_.blendShape.mLSide":0,"girl_head_.blendShape.mLSideUp":0,"girl_head_.blendShape.mRSide":0,"girl_head_.blendShape.mRSideUp":0,"girl_head_.blendShape.O":0,"girl_head_.blendShape.smile":0,"girl_head_.blendShape.U":0,"girl_hair.blendShape.cheek1":0,"girl_hair.blendShape.cheek2":0,"girl_hair.blendShape.cheek3":0,"girl_head_.blendShape.Bmp":0,"girl_head_.blendShape.E":0,"girl_head_.blendShape.F001":0,"girl_head_.blendShape.F003":0,"girl_head_.blendShape.F005":0,"girl_head_.blendShape.F006":0,"girl_head_.blendShape.F007":0,"girl_head_.blendShape.F007left":0,"girl_head_.blendShape.F008":0,"girl_head_.blendShape.F017":0,"girl_head_.blendShape.F019":0,"girl_head_.blendShape.F024":0,"girl_head_.blendShape.F031":0,"girl_head_.blendShape.LEyeBMad":0,"girl_head_.blendShape.LEyeClose":0,"girl_head_.blendShape.LEyeLidUp":0,"girl_head_.blendShape.LEyeMad":0,"girl_head_.blendShape.LEyeSad":0,"girl_head_.blendShape.LeyeBUp":0,"girl_head_.blendShape.mSad":0,"girl_head_.blendShape.REyeBMad":0,"girl_head_.blendShape.REyeClose":0,"girl_head_.blendShape.REyeLidUp":0,"girl_head_.blendShape.REyeMad":0,"girl_head_.blendShape.REyeSad":0,"girl_head_.blendShape.ReyeBSad":0,"girl_head_.blendShape.ReyeBUp":0,