{
  "animTracks": [
    {
      "properties": [
        "Right Hand Configuration",
        "Left Hand Configuration",
        "Muscles",
        "Facial Expression"
      ],
      "loops": false,
      "keyFrames": [
        {
          "property": "Muscles",
          "index": 1,
          "time": 1,
          "ints": {},
          "floats": {
            "muscle0": 2.1398753E-12,
            "muscle1": -4.07110923E-13,
            "muscle2": -9.56710622E-13,
            "muscle3": -1.48849899E-12,
            "muscle4": -1.69222731E-25,
            "muscle5": -3.25688776E-13,
            "muscle6": 0,
            "muscle7": 0,
            "muscle8": 0,
            "muscle9": -3.96933029E-13,
            "muscle10": -4.0711097E-14,
            "muscle11": -3.25688776E-13,
            "muscle12": 1.38737931E-07,
            "muscle13": 1.30605528E-07,
            "muscle14": 1.02331555E-07,
            "muscle15": 0,
            "muscle16": -3.13225756E-09,
            "muscle17": 0,
            "muscle18": -2.60550999E-12,
            "muscle19": 0,
            "muscle20": 0,
            "muscle21": 0.527684987,
            "muscle22": -0.075982213,
            "muscle23": -0.588656247,
            "muscle24": 0.953825712,
            "muscle25": 0.4257029,
            "muscle26": -0.0594078712,
            "muscle27": 0.0538544767,
            "muscle28": 3.74593156E-07,
            "muscle29": 0.527683496,
            "muscle30": -0.0759853348,
            "muscle31": -0.588659286,
            "muscle32": 0.953825295,
            "muscle33": 0.425705791,
            "muscle34": -0.0593609177,
            "muscle35": 0.053863246,
            "muscle36": 1.94633657E-07,
            "muscle37": -0.499999434,
            "muscle38": 0.00360223628,
            "muscle39": -0.398178816,
            "muscle40": 0.321508944,
            "muscle41": -0.0194701161,
            "muscle42": -0.424978256,
            "muscle43": 0.0886551887,
            "muscle44": -0.0158368628,
            "muscle45": 0.0202516299,
            "muscle46": -0.499998987,
            "muscle47": 0.00360562769,
            "muscle48": -0.336933136,
            "muscle49": -0.179711401,
            "muscle50": 0.221619025,
            "muscle51": -0.370155483,
            "muscle52": 1.10943699,
            "muscle53": -0.02702922,
            "muscle54": 0.433707625,
            "muscle55": -2.31111097,
            "muscle56": -1.66111183,
            "muscle57": -0.311111569,
            "muscle58": -0.999999821,
            "muscle59": -0.999999523,
            "muscle60": -0.706916511,
            "muscle61": -2.00000095,
            "muscle62": 0.999999404,
            "muscle63": -0.999999464,
            "muscle64": -1.39999855,
            "muscle65": -1.99999964,
            "muscle66": 0.999999464,
            "muscle67": -0.99999994,
            "muscle68": 0.271548241,
            "muscle69": -2.00000072,
            "muscle70": 0.99999851,
            "muscle71": -0.99999994,
            "muscle72": -0.113273963,
            "muscle73": -2.00000095,
            "muscle74": 0.999999464,
            "muscle75": 9.85962856E-07,
            "muscle76": -2,
            "muscle77": 0.999999583,
            "muscle78": 1.00000012,
            "muscle79": -0.822221577,
            "muscle80": 0.257527947,
            "muscle81": 0.533333361,
            "muscle82": 1.00000012,
            "muscle83": -0.99999994,
            "muscle84": -1.39999843,
            "muscle85": 0.799999952,
            "muscle86": 0.799999952,
            "muscle87": -0.99999994,
            "muscle88": 0.271548301,
            "muscle89": -1.46666646,
            "muscle90": -0.800000429,
            "muscle91": -1,
            "muscle92": 0.2289491,
            "muscle93": -1.59999967,
            "muscle94": -0.520000458,
            "muscle-1": 1
          },
          "strings": {
            "interpolation": "smooth"
          },
          "inTangent": 0,
          "inWeight": 0,
          "outTangent": 0,
          "outWeight": 0,
          "weightedMode": 0
        },
        {
          "property": "Muscles",
          "index": 2,
          "time": 1.99999988,
          "ints": {},
          "floats": {
            "muscle0": 2.1398753E-12,
            "muscle1": -4.07110923E-13,
            "muscle2": -9.56710622E-13,
            "muscle3": -1.48849899E-12,
            "muscle4": -1.69222731E-25,
            "muscle5": -3.25688776E-13,
            "muscle6": 0,
            "muscle7": 0,
            "muscle8": 0,
            "muscle9": -3.96933029E-13,
            "muscle10": -4.0711097E-14,
            "muscle11": -3.25688776E-13,
            "muscle12": 3.09492634E-07,
            "muscle13": 1.42129636E-07,
            "muscle14": -6.80340193E-08,
            "muscle15": 0,
            "muscle16": 4.83886538E-07,
            "muscle17": 0,
            "muscle18": -2.60550999E-12,
            "muscle19": 0,
            "muscle20": 0,
            "muscle21": 0.524233222,
            "muscle22": -0.071351774,
            "muscle23": -0.415074736,
            "muscle24": 0.939663708,
            "muscle25": 0.30993697,
            "muscle26": -0.0621741973,
            "muscle27": 0.0624383017,
            "muscle28": 3.74593156E-07,
            "muscle29": 0.524232328,
            "muscle30": -0.0713532716,
            "muscle31": -0.415078014,
            "muscle32": 0.939663529,
            "muscle33": 0.309939384,
            "muscle34": -0.0621278472,
            "muscle35": 0.0624450259,
            "muscle36": 3.996727E-07,
            "muscle37": -0.499998987,
            "muscle38": 0.00360269262,
            "muscle39": -0.400256187,
            "muscle40": -0.0158173069,
            "muscle41": 0.168541551,
            "muscle42": -0.475040436,
            "muscle43": 0.171867937,
            "muscle44": 0.0980766937,
            "muscle45": 0.317851603,
            "muscle46": -0.499999076,
            "muscle47": 0.00360561302,
            "muscle48": -0.470237017,
            "muscle49": -0.111746371,
            "muscle50": -0.0442994013,
            "muscle51": -0.393028647,
            "muscle52": 0.169163525,
            "muscle53": -0.0270522963,
            "muscle54": 0.433438987,
            "muscle55": -2.31111145,
            "muscle56": -1.66111112,
            "muscle57": -0.311111569,
            "muscle58": -0.999999821,
            "muscle59": -0.999999523,
            "muscle60": -0.706916511,
            "muscle61": -2.00000095,
            "muscle62": 0.999999404,
            "muscle63": -0.999999464,
            "muscle64": -1.39999855,
            "muscle65": -1.99999964,
            "muscle66": 0.999999464,
            "muscle67": -0.99999994,
            "muscle68": 0.271548241,
            "muscle69": -2.00000095,
            "muscle70": 0.999998331,
            "muscle71": -0.99999994,
            "muscle72": -0.113273963,
            "muscle73": -2.00000095,
            "muscle74": 0.999999464,
            "muscle75": -2.63333416,
            "muscle76": 0.0666663274,
            "muscle77": 0.439994484,
            "muscle78": 0.888889015,
            "muscle79": -0.0222220197,
            "muscle80": -0.582472801,
            "muscle81": -1.10000062,
            "muscle82": 0.679999888,
            "muscle83": -0.999999821,
            "muscle84": -0.436818093,
            "muscle85": -2.00000024,
            "muscle86": 0.99999994,
            "muscle87": -0.99999994,
            "muscle88": 0.271548301,
            "muscle89": -2,
            "muscle90": 0.999999404,
            "muscle91": -0.99999994,
            "muscle92": 0.695616364,
            "muscle93": -2.00000024,
            "muscle94": 0.99999994,
            "duration": 0.393939406,
            "muscle-1": 1
          },
          "strings": {
            "interpolation": "smooth"
          },
          "inTangent": 0,
          "inWeight": 0,
          "outTangent": 0,