{"animTracks":[{"properties":["Right Hand Configuration","Left Hand Configuration","Muscles","Facial Expression"],"loops":false,"keyFrames":[{"property":"Muscles","index":1,"time":1,"ints":{},"floats":{"muscle0":2.56134228E-07,"muscle1":-1.42488763E-13,"muscle2":-5.49599645E-13,"muscle3":2.13431885E-08,"muscle4":-4.07110868E-14,"muscle5":0,"muscle6":0,"muscle7":0,"muscle8":0,"muscle9":-2.13452704E-08,"muscle10":2.23540313E-14,"muscle11":2.682211E-07,"muscle12":-2.02771005E-07,"muscle13":1.95387557E-07,"muscle14":-2.5273215E-07,"muscle15":-0.324149996,"muscle16":7.54565477E-08,"muscle17":-0.324149996,"muscle18":-1.25760167E-07,"muscle19":0,"muscle20":0,"muscle21":0.527684629,"muscle22":-0.0759822652,"muscle23":-0.588656783,"muscle24":0.953825772,"muscle25":0.425629228,"muscle26":0.042562034,"muscle27":-0.0481425785,"muscle28":5.79231937E-07,"muscle29":0.527684867,"muscle30":-0.0759847462,"muscle31":-0.588661671,"muscle32":0.953825772,"muscle33":0.425633192,"muscle34":0.0425647497,"muscle35":-0.0480923951,"muscle36":-8.17754753E-08,"muscle37":-0.499999434,"muscle38":0.00360218296,"muscle39":-0.148269728,"muscle40":0.215598091,"muscle41":0.597501397,"muscle42":-0.669153929,"muscle43":-0.31792298,"muscle44":-0.0158367883,"muscle45":1.00013196,"muscle46":-0.499999315,"muscle47":0.00360563514,"muscle48":-0.175601542,"muscle49":-0.0343649536,"muscle50":0.318966568,"muscle51":-0.297418028,"muscle52":-0.369591415,"muscle53":-0.0158376992,"muscle54":1.00004911,"muscle55":1.52199078E-07,"muscle56":0.338888228,"muscle57":-0.199999988,"muscle58":0.999999702,"muscle59":0.642144799,"muscle60":-0.964444101,"muscle61":0.844862401,"muscle62":0.844862103,"muscle63":0.665139258,"muscle64":-1.09014976,"muscle65":0.833332896,"muscle66":0.833332777,"muscle67":0.640953243,"muscle68":-1.39999831,"muscle69":0.810933709,"muscle70":0.810934067,"muscle71":0.711449027,"muscle72":-0.704384565,"muscle73":0.811357677,"muscle74":0.811357677,"muscle75":1.55369591E-07,"muscle76":0.338888317,"muscle77":-0.199999958,"muscle78":0.999999821,"muscle79":0.642144799,"muscle80":-0.964443982,"muscle81":0.844861925,"muscle82":0.844862223,"muscle83":0.665139377,"muscle84":-1.09014964,"muscle85":0.833332717,"muscle86":0.83333236,"muscle87":0.640952885,"muscle88":-1.39999843,"muscle89":0.810933769,"muscle90":0.810933769,"muscle91":0.71144855,"muscle92":-0.704384565,"muscle93":0.811357439,"muscle94":0.811357379,"muscle-1":1},"strings":{},"inTangent":0,"inWeight":0,"outTangent":0,"outWeight":0,"weightedMode":0},{"property":"Muscles","index":2,"time":2,"ints":{},"floats":{"muscle0":2.56134228E-07,"muscle1":-1.42488763E-13,"muscle2":-5.49599645E-13,"muscle3":2.13431885E-08,"muscle4":-4.07110868E-14,"muscle5":0,"muscle6":0,"muscle7":0,"muscle8":0,"muscle9":-2.13452704E-08,"muscle10":2.23540313E-14,"muscle11":2.682211E-07,"muscle12":3.20167004E-08,"muscle13":2.06911324E-07,"muscle14":-4.23097077E-07,"muscle15":-0.324149996,"muscle16":-1.97229184E-07,"muscle17":-0.324149996,"muscle18":-4.4875452E-07,"muscle19":0,"muscle20":0,"muscle21":0.524233222,"muscle22":-0.0713529512,"muscle23":-0.415076464,"muscle24":0.939664185,"muscle25":0.309826195,"muscle26":0.0397876576,"muscle27":-0.0395599157,"muscle28":8.52572839E-07,"muscle29":0.524233222,"muscle30":-0.0713530555,"muscle31":-0.415078372,"muscle32":0.93966347,"muscle33":0.309827954,"muscle34":0.0397898331,"muscle35":-0.0395152457,"muscle36":-8.17754753E-08,"muscle37":-0.499999434,"muscle38":0.00360218296,"muscle39":-0.157620385,"muscle40":0.258648664,"muscle41":0.656362653,"muscle42":-0.576061606,"muscle43":-0.319081843,"muscle44":-0.618300498,"muscle45":1.00045693,"muscle46":-0.500000954,"muscle47":0.00360560464,"muscle48":-0.0672597587,"muscle49":0.0112303803,"muscle50":0.415222436,"muscle51":-0.214099869,"muscle52":-0.370074779,"muscle53":-0.715676844,"muscle54":1.00023234,"muscle55":-1.09020841,"muscle56":0.699999869,"muscle57":0.63999474,"muscle58":0.639995277,"muscle59":-0.999999523,"muscle60":-0.738028169,"muscle61":0.77819556,"muscle62":0.778195679,"muscle63":-0.99999994,"muscle64":-0.965706766,"muscle65":0.80400908,"muscle66":0.804009557,"muscle67":-0.914601386,"muscle68":-0.692896664,"muscle69":0.810934007,"muscle70":0.810934246,"muscle71":-0.911111593,"muscle72":-0.517717719,"muscle73":0.811358154,"muscle74":0.811358154,"muscle75":-1.09020841,"muscle76":0.700000465,"muscle77":0.6399948,"muscle78":0.639995337,"muscle79":-0.99999851,"muscle80":-0.738028347,"muscle81":0.77819562,"muscle82":0.77819562,"muscle83":-1.00000012,"muscle84":-0.965706646,"muscle85":0.804009378,"muscle86":0.804009557,"muscle87":-0.914602399,"muscle88":-0.692896664,"muscle89":0.810934246,"muscle90":0.810934007,"muscle91":-0.911111116,"muscle92":-0.517717659,"muscle93":0.811357975,"muscle94":0.811358154,"duration":0,"muscle-1":1},"strings":{},"inTangent":0,"inWeight":0,"outTangent":0,"outWeight":0,"weightedMode":0},{"property":"Left Hand Configuration","index":1,"time":1,"ints":{"hash":1612514304},"floats":{},"strings":{"name":"palma"},"inTangent":0,"inWeight":0,"outTangent":0,"outWeight":0,"weightedMode":0},{"property":"Left Hand Configuration","index":2,"time":2,"ints":{"hash":384227328},"floats":{"duration":0},"strings":{"name":"Palma_dobrada"},"inTangent":0,"inWeight":0,"outTangent":0,"outWeight":0,"weightedMode":0},{"property":"Right Hand Configuration","index":1,"time":1,"ints":{"hash":-103723008},"floats":{},"strings":{"name":"palma"},"inTangent":0,"inWeight":0,"outTangent":0,"outWeight":0,"weightedMode":0},{"property":"Right Hand Configuration","index":2,"time":2,"ints":{"hash":-187851776},"floats":{"duration":0},"strings":{"name":"Palma_dobrada"},"inTangent":0,"inWeight":0,"outTangent":0,"outWeight":0,"weightedMode":0},{"property":"Facial Expression","index":1,"time":1,"ints":{},"floats":{},"strings":{"faceName":"Neutra"},"inTangent":0,"inWeight":0,"outTangent":0,"outWeight":0,"weightedMode":0},{"property":"Facial Expression","index":2,"time":2,"ints":{},"floats":{"duration":0},"strings":{"faceName":"Neutra"},"inTangent":0,"inWeight":0,"outTangent":0,"outWeight":0,"weightedMode":0}]},{"properties":["Face Animation Neutra"],"loops":false,"keyFrames":[{"property":"Face Animation Neutra","index":0,"time":0,"ints":{},"floats":{"girl_head_.blendShape.mClose":100,"girl_head_.blendShape.A":0,"girl_head_.blendShape.Cons":0,"girl_head_.blendShape.Fv":0,"girl_head_.blendShape.mLSide":0,"girl_head_.blendShape.mLSideUp":0,"girl_head_.blendShape.mRSide":0,"girl_head_.blendShape.mRSideUp":0,"girl_head_.blendShape.O":0,"girl_head_.blendShape.smile":0,"girl_head_.blendShape.U":0,"girl_hair.blendShape.cheek1":0,"girl_hair.blendShape.cheek2":0,"girl_hair.blendShape.cheek3":0,"girl_head_.blendShape.Bmp":0,"girl_head_.blendShape.E":0,"girl_head_.blendShape.F001":0,"girl_head_.blendShape.F003":0,"girl_head_.blendShape.F005":0,"girl_head_.blendShape.F006":0,"girl_head_.blendShape.F007":0,"girl_head_.blendShape.F007left":0,"girl_head_.blendShape.F008":0,"girl_head_.blendShape.F017":0,"girl_head_.blendShape.F019":0,"girl_head_.blendShape.F024":0,"girl_head_.blendShape.F031":0,"girl_head_.blendShape.LEyeBMad":0,"girl_head_.blendShape.LEyeClose":0,"girl_head_.blendShape.LEyeLidUp":0,"girl_head_.blendShape.LEyeMad":0,"girl_head_.blendShape.LEyeSad":0,"girl_head_.blendShape.LeyeBUp":0,"girl_head_.blendShape.mSad":0,"girl_head_.blendShape.REyeBMad":0,"girl_head_.blendShape.REyeClose":0,"girl_head_.blendShape.REyeLidUp":0,"girl_head_.blendShape.REyeMad":0,"girl_head_.blendShape.REyeSad":0,"girl_head_.blendShape.ReyeBSad":0,"girl_head_.blendShape.ReyeBUp":0,