{"animTracks":[{"properties":["Right Hand Configuration","Left Hand Configuration","Muscles","Facial Expression"],"loops":false,"keyFrames":[{"property":"Muscles","index":1,"time":1,"ints":{},"floats":{"muscle0":2.13987573E-12,"muscle1":-2.03555461E-13,"muscle2":-4.68177526E-13,"muscle3":-1.25695407E-12,"muscle4":4.07110902E-14,"muscle5":3.35866507E-13,"muscle6":0,"muscle7":0,"muscle8":0,"muscle9":-4.8344396E-13,"muscle10":2.03555434E-14,"muscle11":3.25688695E-13,"muscle12":-5.336112E-08,"muscle13":9.37768405E-08,"muscle14":1.42673455E-08,"muscle15":0,"muscle16":1.88198235E-09,"muscle17":0,"muscle18":1.87937133E-09,"muscle19":0,"muscle20":0,"muscle21":0.527684569,"muscle22":-0.0759823844,"muscle23":-0.588657081,"muscle24":0.953825772,"muscle25":0.425703526,"muscle26":-0.0594075024,"muscle27":0.0538536496,"muscle28":4.42761575E-07,"muscle29":0.527683794,"muscle30":-0.0759852752,"muscle31":-0.588660657,"muscle32":0.953825951,"muscle33":0.425706863,"muscle34":-0.0593608059,"muscle35":0.0538638756,"muscle36":-4.88385012E-07,"muscle37":-0.499999762,"muscle38":0.00360199227,"muscle39":-0.512600005,"muscle40":0.210586652,"muscle41":-0.169808209,"muscle42":0.992770731,"muscle43":0.268192053,"muscle44":-0.0158369485,"muscle45":0.0202511977,"muscle46":-0.499999315,"muscle47":0.00360633456,"muscle48":-0.0754366294,"muscle49":0.373650819,"muscle50":0.319441795,"muscle51":-0.731335938,"muscle52":-0.704775572,"muscle53":0.362439781,"muscle54":0.0686385483,"muscle55":-1.70754689E-07,"muscle56":1.36603745E-07,"muscle57":-1.0672168E-08,"muscle58":4.23551683E-08,"muscle59":-6.83018655E-08,"muscle60":8.53773372E-08,"muscle61":-7.58909735E-08,"muscle62":4.96961311E-17,"muscle63":2.3905659E-07,"muscle64":8.90555025E-15,"muscle65":-7.58909806E-08,"muscle66":7.58909735E-08,"muscle67":3.41509363E-08,"muscle68":-5.69182284E-08,"muscle69":0,"muscle70":7.58909735E-08,"muscle71":-3.18055313E-17,"muscle72":4.26886722E-08,"muscle73":7.58909735E-08,"muscle74":-7.58909735E-08,"muscle75":-0.156874731,"muscle76":0.505554259,"muscle77":0.639994681,"muscle78":0.639995337,"muscle79":0.553255856,"muscle80":0.288638264,"muscle81":0.77819556,"muscle82":0.778195202,"muscle83":0.665139139,"muscle84":-0.436818331,"muscle85":0.80400914,"muscle86":0.804009378,"muscle87":0.640953362,"muscle88":0.271548152,"muscle89":0.810934067,"muscle90":0.810934126,"muscle91":0.578116179,"muscle92":0.695615232,"muscle93":0.811358154,"muscle94":0.811358154,"muscle-1":1},"strings":{"interpolation":"smooth"},"inTangent":0,"inWeight":0,"outTangent":0,"outWeight":0,"weightedMode":0},{"property":"Muscles","index":2,"time":1.52020192,"ints":{},"floats":{"muscle0":2.13987573E-12,"muscle1":-2.03555461E-13,"muscle2":-4.68177526E-13,"muscle3":-1.25695407E-12,"muscle4":4.07110902E-14,"muscle5":3.35866507E-13,"muscle6":0,"muscle7":0,"muscle8":0,"muscle9":-4.8344396E-13,"muscle10":2.03555434E-14,"muscle11":3.25688695E-13,"muscle12":2.34787407E-07,"muscle13":1.36367703E-07,"muscle14":1.71484427E-08,"muscle15":0,"muscle16":1.88198235E-09,"muscle17":0,"muscle18":-2.60550977E-12,"muscle19":0,"muscle20":0,"muscle21":0.524232805,"muscle22":-0.0713554844,"muscle23":-0.415073812,"muscle24":0.939663708,"muscle25":0.309937119,"muscle26":-0.0621735863,"muscle27":0.0624446757,"muscle28":1.19461572E-06,"muscle29":0.524231613,"muscle30":-0.0713533536,"muscle31":-0.415077269,"muscle32":0.939663887,"muscle33":0.309939414,"muscle34":-0.0621267855,"muscle35":0.0624454282,"muscle36":-4.88385012E-07,"muscle37":-0.499999762,"muscle38":0.00360199227,"muscle39":-0.514537573,"muscle40":0.210906044,"muscle41":-0.113969177,"muscle42":0.988653064,"muscle43":0.212614596,"muscle44":-0.0172143951,"muscle45":0.0212191083,"muscle46":-0.499999553,"muscle47":0.00360655552,"muscle48":-0.195965484,"muscle49":0.104085006,"muscle50":0.472138643,"muscle51":-0.795515001,"muscle52":1.03444743,"muscle53":-0.102658123,"muscle54":0.0682302341,"muscle55":-1.70754689E-07,"muscle56":1.36603745E-07,"muscle57":-1.0672168E-08,"muscle58":4.23551683E-08,"muscle59":-6.83018655E-08,"muscle60":8.53773372E-08,"muscle61":-7.58909735E-08,"muscle62":4.96961311E-17,"muscle63":2.3905659E-07,"muscle64":8.90555025E-15,"muscle65":-7.58909806E-08,"muscle66":7.58909735E-08,"muscle67":3.41509363E-08,"muscle68":-5.69182284E-08,"muscle69":0,"muscle70":7.58909735E-08,"muscle71":-3.18055313E-17,"muscle72":4.26886722E-08,"muscle73":7.58909735E-08,"muscle74":-7.58909735E-08,"muscle75":-0.156874731,"muscle76":0.505554259,"muscle77":0.639994681,"muscle78":0.639995337,"muscle79":0.553255856,"muscle80":0.288638264,"muscle81":0.77819556,"muscle82":0.778194785,"muscle83":0.665139139,"muscle84":-0.436818331,"muscle85":0.80400914,"muscle86":0.804009378,"muscle87":0.640953362,"muscle88":0.271548152,"muscle89":0.810934067,"muscle90":0.810933769,"muscle91":0.578116179,"muscle92":0.695615232,"muscle93":0.811358154,"muscle94":0.811358154,"duration":0.247474745,"muscle-1":1},"strings":{"interpolation":"smooth"},"inTangent":0,"inWeight":0,"outTangent":0,"outWeight":0,"weightedMode":0},{"property":"Left Hand Configuration","index":1,"time":1,"ints":{"hash":-1843172352},"floats":{},"strings":{"name":"-"},"inTangent":0,"inWeight":0,"outTangent":0,"outWeight":0,"weightedMode":0},{"property":"Left Hand Configuration","index":2,"time":1.52020192,"ints":{"hash":-2124837888},"floats":{"duration":0.247474745},"strings":{"name":"-"},"inTangent":0,"inWeight":0,"outTangent":0,"outWeight":0,"weightedMode":0},{"property":"Right Hand Configuration","index":1,"time":1,"ints":{"hash":1879715840},"floats":{},"strings":{"name":"4eEa"},"inTangent":0,"inWeight":0,"outTangent":0,"outWeight":0,"weightedMode":0},{"property":"Right Hand Configuration","index":2,"time":1.52020192,"ints":{"hash":1888463872},"floats":{"duration":0.247474745},"strings":{"name":"4eEa"},"inTangent":0,"inWeight":0,"outTangent":0,"outWeight":0,"weightedMode":0},{"property":"Facial Expression","index":1,"time":1,"ints":{},"floats":{},"strings":{"faceName":"Neutra"},"inTangent":0,"inWeight":0,"outTangent":0,"outWeight":0,"weightedMode":0},{"property":"Facial Expression","index":2,"time":1.52020192,"ints":{},"floats":{"duration":0.247474745},"strings":{"faceName":"Neutra"},"inTangent":0,"inWeight":0,"outTangent":0,"outWeight":0,"weightedMode":0}]},{"properties":["Face Animation Neutra"],"loops":false,"keyFrames":[{"property":"Face Animation Neutra","index":0,"time":0,"ints":{},"floats":{"girl_head_.blendShape.mClose":100,"girl_head_.blendShape.A":0,"girl_head_.blendShape.Cons":0,"girl_head_.blendShape.Fv":0,"girl_head_.blendShape.mLSide":0,"girl_head_.blendShape.mLSideUp":0,"girl_head_.blendShape.mRSide":0,"girl_head_.blendShape.mRSideUp":0,"girl_head_.blendShape.O":0,"girl_head_.blendShape.smile":0,"girl_head_.blendShape.U":0,"girl_hair.blendShape.cheek1":0,"girl_hair.blendShape.cheek2":0,"girl_hair.blendShape.cheek3":0,"girl_head_.blendShape.Bmp":0,"girl_head_.blendShape.E":0,"girl_head_.blendShape.F001":0,"girl_head_.blendShape.F003":0,"girl_head_.blendShape.F005":0,"girl_head_.blendShape.F006":0,"girl_head_.blendShape.F007":0,"girl_head_.blendShape.F007left":0,"girl_head_.blendShape.F008":0,"girl_head_.blendShape.F017":0,"girl_head_.blendShape.F019":0,"girl_head_.blendShape.F024":0,"girl_head_.blendShape.F031":0,"girl_head_.blendShape.LEyeBMad":0,"girl_head_.blendShape.LEyeClose":0,"girl_head_.blendShape.LEyeLidUp":0,"girl_head_.blendShape.LEyeMad":0,"girl_head_.blendShape.LEyeSad":0,"girl_head_.blendShape.LeyeBUp":0,"girl_head_.blendShape.mSad":0,"girl_head_.blendShape.REyeBMad":0,"girl_head_.blendShape.REyeClose":0,"girl_head_.blendShape.REyeLidUp":0,"girl_head_.blendShape.REyeMad":0,"girl_head_.blendShape.REyeSad":0,"girl_head_.blendShape.ReyeBSad":0,"girl_head_.blendShape.ReyeBUp":0,