{"animTracks":[{"properties":["Right Hand Configuration","Left Hand Configuration","Muscles"],"loops":false,"keyFrames":[{"property":"Muscles","index":1,"time":1,"ints":{},"floats":{"muscle0":2.77478591E-07,"muscle1":-5.36441974E-07,"muscle2":-7.93866383E-13,"muscle3":-2.13454836E-08,"muscle4":1.62844388E-13,"muscle5":-6.31021982E-13,"muscle6":0,"muscle7":0,"muscle8":0,"muscle9":2.13434017E-08,"muscle10":5.90683237E-14,"muscle11":2.68220845E-07,"muscle12":2.34787919E-07,"muscle13":5.78708523E-07,"muscle14":-2.2680203E-07,"muscle15":-0.324147046,"muscle16":-1.31784475E-06,"muscle17":-0.324148148,"muscle18":-2.77395998E-07,"muscle19":0,"muscle20":0,"muscle21":0.527684152,"muscle22":-0.0759823099,"muscle23":-0.588656127,"muscle24":0.953825772,"muscle25":0.425628841,"muscle26":0.042562589,"muscle27":-0.0481424928,"muscle28":4.42761603E-07,"muscle29":0.527683556,"muscle30":-0.0759852156,"muscle31":-0.588660777,"muscle32":0.953825891,"muscle33":0.425632775,"muscle34":0.0425663367,"muscle35":-0.0480918102,"muscle36":3.96204285E-07,"muscle37":-0.499999821,"muscle38":0.00360197015,"muscle39":-0.476041943,"muscle40":0.311423153,"muscle41":-0.112239547,"muscle42":0.744023621,"muscle43":0.182929173,"muscle44":-0.015839668,"muscle45":0.0202495288,"muscle46":-0.499999195,"muscle47":0.0036051874,"muscle48":0.0618817955,"muscle49":0.238996238,"muscle50":-0.00260751764,"muscle51":-0.724601567,"muscle52":0.215869904,"muscle53":-0.549275875,"muscle54":0.0202558991,"muscle55":-1.36603785E-06,"muscle56":1.36603731E-07,"muscle57":2.95390468E-08,"muscle58":4.26886757E-08,"muscle59":-2.54444197E-16,"muscle60":1.70754674E-07,"muscle61":-6.07127845E-07,"muscle62":7.58909806E-08,"muscle63":6.83018797E-08,"muscle64":-2.27672942E-07,"muscle65":0,"muscle66":-5.52179507E-19,"muscle67":-3.4150947E-08,"muscle68":-5.69182426E-08,"muscle69":-1.51781947E-07,"muscle70":-7.58909806E-08,"muscle71":-3.41509363E-08,"muscle72":4.26886722E-08,"muscle73":-7.58909735E-08,"muscle74":-7.58909735E-08,"muscle75":-0.156851158,"muscle76":0.50548023,"muscle77":0.639900088,"muscle78":0.639900744,"muscle79":0.553174138,"muscle80":0.288595915,"muscle81":0.778081179,"muscle82":0.778080881,"muscle83":0.665041149,"muscle84":-0.4367522,"muscle85":0.803890347,"muscle86":0.803891063,"muscle87":0.640858352,"muscle88":0.271508127,"muscle89":0.810814798,"muscle90":0.810814798,"muscle91":0.578031003,"muscle92":0.695512831,"muscle93":0.811237693,"muscle94":0.811238468},"strings":{}},{"property":"Muscles","index":2,"time":2.31313181,"ints":{},"floats":{"muscle0":2.77478591E-07,"muscle1":-5.36441974E-07,"muscle2":-7.93866383E-13,"muscle3":2.77475266E-07,"muscle4":8.14222618E-14,"muscle5":-6.92088639E-13,"muscle6":0,"muscle7":0,"muscle8":0,"muscle9":-5.33609466E-07,"muscle10":-3.14621647E-14,"muscle11":2.68220447E-07,"muscle12":1.08856125E-06,"muscle13":1.15544265E-06,"muscle14":-5.30077784E-07,"muscle15":-0.324147046,"muscle16":-1.31784475E-06,"muscle17":-0.324148148,"muscle18":-2.77395998E-07,"muscle19":0,"muscle20":0,"muscle21":0.522002578,"muscle22":-0.0674857572,"muscle23":-0.308529407,"muscle24":0.930870712,"muscle25":0.238601491,"muscle26":0.03808989,"muscle27":-0.0324774869,"muscle28":1.26265093E-06,"muscle29":0.522001922,"muscle30":-0.0674886182,"muscle31":-0.308532327,"muscle32":0.930871248,"muscle33":0.238604367,"muscle34":0.0380941778,"muscle35":-0.0324264802,"muscle36":3.96204285E-07,"muscle37":-0.499999434,"muscle38":0.0036008365,"muscle39":-0.515919507,"muscle40":0.211088896,"muscle41":-0.0779925734,"muscle42":0.985978901,"muscle43":0.176830307,"muscle44":-0.0182171892,"muscle45":0.0217828471,"muscle46":-0.499997497,"muscle47":0.00360539299,"muscle48":0.0317054316,"muscle49":0.24601455,"muscle50":-0.0432787389,"muscle51":-0.553500593,"muscle52":-0.875541031,"muscle53":-0.307062,"muscle54":0.0206340682,"muscle55":-1.36603785E-06,"muscle56":4.78113236E-07,"muscle57":-5.71878388E-07,"muscle58":4.26886757E-08,"muscle59":-2.54444197E-16,"muscle60":1.70754674E-07,"muscle61":-6.07127845E-07,"muscle62":7.58909806E-08,"muscle63":6.83018797E-08,"muscle64":-2.27672942E-07,"muscle65":0,"muscle66":-5.52179507E-19,"muscle67":-3.4150947E-08,"muscle68":-5.69182426E-08,"muscle69":-1.51781947E-07,"muscle70":-7.58909806E-08,"muscle71":-3.41509363E-08,"muscle72":4.26886722E-08,"muscle73":-7.58909735E-08,"muscle74":-7.58909735E-08,"muscle75":-0.156851217,"muscle76":0.505480468,"muscle77":0.639900088,"muscle78":0.639900446,"muscle79":0.553174138,"muscle80":0.288595915,"muscle81":0.778081179,"muscle82":0.778080881,"muscle83":0.665041149,"muscle84":-0.4367522,"muscle85":0.803890347,"muscle86":0.803891063,"muscle87":0.640858352,"muscle88":0.271508127,"muscle89":0.810814798,"muscle90":0.810814798,"muscle91":0.578031003,"muscle92":0.695512831,"muscle93":0.811237335,"muscle94":0.811238468,"duration":0.13636364},"strings":{}},{"property":"Muscles","index":4,"time":1.61616182,"ints":{},"floats":{"muscle0":2.77478591E-07,"muscle1":-5.36441974E-07,"muscle2":-7.93866383E-13,"muscle3":2.77475266E-07,"muscle4":8.14222618E-14,"muscle5":-6.92088639E-13,"muscle6":0,"muscle7":0,"muscle8":0,"muscle9":-5.33609466E-07,"muscle10":-3.14621647E-14,"muscle11":2.68220447E-07,"muscle12":8.3242935E-07,"muscle13":9.05657714E-07,"muscle14":-6.32547369E-07,"muscle15":-0.324147046,"muscle16":-1.31784475E-06,"muscle17":-0.324148148,"muscle18":-2.77395998E-07,"muscle19":0,"muscle20":0,"muscle21":0.524228632,"muscle22":-0.07135313,"muscle23":-0.415074736,"muscle24":0.939663649,"muscle25":0.309826016,"muscle26":0.039792154,"muscle27":-0.039560724,"muscle28":1.12591374E-06,"muscle29":0.524227858,"muscle30":-0.0713559464,"muscle31":-0.415078878,"muscle32":0.939663827,"muscle33":0.309829503,"muscle34":0.0397958979,"muscle35":-0.0395102166,"muscle36":3.96204285E-07,"muscle37":-0.499999434,"muscle38":0.0036008365,"muscle39":-0.514528275,"muscle40":0.210909724,"muscle41":-0.113974184,"muscle42":0.988652647,"muscle43":0.212618843,"muscle44":-0.0172211584,"muscle45":0.0212125089,"muscle46":-0.499998987,"muscle47":0.0036056363,"muscle48":0.0426840223,"muscle49":0.269918174,"muscle50":-0.0264876634,"muscle51":-0.62441349,"muscle52":-0.0520578772,"muscle53":-0.549727678,"muscle54":0.020620374,"muscle55":-1.36603785E-06,"muscle56":1.36603731E-07,"muscle57":-5.71878388E-07,"muscle58":4.26886757E-08,"muscle59":-2.54444197E-16,"muscle60":1.70754674E-07,"muscle61":-6.07127845E-07,"muscle62":7.58909806E-08,"muscle63":6.83018797E-08,"muscle64":-2.27672942E-07,"muscle65":0,"muscle66":-5.52179507E-19,"muscle67":-3.4150947E-08,"muscle68":-5.69182426E-08,"muscle69":-1.51781947E-07,"muscle70":-7.58909806E-08,"muscle71":-3.41509363E-08,"muscle72":4.26886722E-08,"muscle73":-7.58909735E-08,"muscle74":-7.58909735E-08,"muscle75":-0.156851217,"muscle76":0.505480468,"muscle77":0.639900088,"muscle78":0.639900744,"muscle79":0.553174138,"muscle80":0.288595915,"muscle81":0.778081179,"muscle82":0.778080881,"muscle83":0.665041149,"muscle84":-0.4367522,"muscle85":0.803890347,"muscle86":0.803891063,"muscle87":0.640858352,"muscle88":0.271508127,"muscle89":0.810814798,"muscle90":0.810814798,"muscle91":0.578031003,"muscle92":0.695512831,"muscle93":0.811237335,"muscle94":0.811238468,"duration":0},"strings":{}},{"property":"Left Hand Configuration","index":1,"time":1,"ints":{"hash":1193544704},"floats":{},"strings":{"name":"-"}},{"property":"Left Hand Configuration","index":2,"time":2.31313181,"ints":{"hash":-431860736},"floats":{"duration":0.13636364},"strings":{"name":"-"}},{"property":"Left Hand Configuration","index":4,"time":1.61616182,"ints":{"hash":-932227072},"floats":{"duration":0},"strings":{"name":"-"}},{"property":"Right Hand Configuration","index":1,"time":1,"ints":{"hash":621465600},"floats":{},"strings":{"name":"m\u05B6o aberta"}},{"property":"Right Hand Configuration","index":2,"time":2.31313181,"ints":{"hash":-1003939840},"floats":{"duration":0.13636364},"strings":{"name":"m\u05B6o aberta"}},{"property":"Right Hand Configuration","index":4,"time":1.61616182,