{
  "animTracks": [
    {
      "properties": [
        "Right Hand Configuration",
        "Left Hand Configuration",
        "Muscles",
        "Facial Expression"
      ],
      "loops": false,
      "keyFrames": [
        {
          "property": "Muscles",
          "index": 1,
          "time": 1,
          "ints": {},
          "floats": {
            "muscle0": 2.1398753E-12,
            "muscle1": -4.07110923E-13,
            "muscle2": -9.56710622E-13,
            "muscle3": -1.48849899E-12,
            "muscle4": -1.69222731E-25,
            "muscle5": -3.25688776E-13,
            "muscle6": 0,
            "muscle7": 0,
            "muscle8": 0,
            "muscle9": -3.96933029E-13,
            "muscle10": -4.0711097E-14,
            "muscle11": -3.25688776E-13,
            "muscle12": 1.38737931E-07,
            "muscle13": 1.30605528E-07,
            "muscle14": 1.02331555E-07,
            "muscle15": 0,
            "muscle16": -3.13225756E-09,
            "muscle17": 0,
            "muscle18": -2.60550999E-12,
            "muscle19": 0,
            "muscle20": 0,
            "muscle21": 0.527684987,
            "muscle22": -0.075982213,
            "muscle23": -0.588656247,
            "muscle24": 0.953825712,
            "muscle25": 0.4257029,
            "muscle26": -0.0594078712,
            "muscle27": 0.0538544767,
            "muscle28": 3.74593156E-07,
            "muscle29": 0.527683496,
            "muscle30": -0.0759853348,
            "muscle31": -0.588659286,
            "muscle32": 0.953825295,
            "muscle33": 0.425705791,
            "muscle34": -0.0593609177,
            "muscle35": 0.053863246,
            "muscle36": 1.94633657E-07,
            "muscle37": -0.499999434,
            "muscle38": 0.00360223628,
            "muscle39": -0.390174508,
            "muscle40": -0.0804790631,
            "muscle41": 0.107075319,
            "muscle42": -0.220900401,
            "muscle43": -0.900122225,
            "muscle44": -0.0758337304,
            "muscle45": 0.462284237,
            "muscle46": -0.499998987,
            "muscle47": 0.00360562769,
            "muscle48": -0.392207563,
            "muscle49": -0.237517521,
            "muscle50": 0.133157328,
            "muscle51": -0.291242212,
            "muscle52": -0.860347927,
            "muscle53": -0.717835486,
            "muscle54": 0.274282724,
            "muscle55": -1.80000162,
            "muscle56": 0.10555546,
            "muscle57": -0.271116793,
            "muscle58": 0.799999356,
            "muscle59": 0.0888888016,
            "muscle60": -1.01802814,
            "muscle61": -1.33333313,
            "muscle62": -0.360000104,
            "muscle63": -1.00000012,
            "muscle64": -0.436818033,
            "muscle65": -1.99999964,
            "muscle66": 0.999999642,
            "muscle67": -0.99999994,
            "muscle68": 0.271548241,
            "muscle69": -2.00000072,
            "muscle70": 0.999998868,
            "muscle71": -1,
            "muscle72": 0.695615888,
            "muscle73": -2.00000095,
            "muscle74": 0.99999994,
            "muscle75": -1.80000031,
            "muscle76": 0.105554894,
            "muscle77": -0.271117389,
            "muscle78": 0.799999356,
            "muscle79": 0.0888887793,
            "muscle80": -1.01802778,
            "muscle81": -1.33333349,
            "muscle82": -0.360000551,
            "muscle83": -0.999999523,
            "muscle84": -0.436818093,
            "muscle85": -2.00000095,
            "muscle86": 0.999999702,
            "muscle87": -0.99999994,
            "muscle88": 0.271548301,
            "muscle89": -2.00000072,
            "muscle90": 0.999998808,
            "muscle91": -1,
            "muscle92": 0.695616066,
            "muscle93": -2.00000072,
            "muscle94": 0.99999994,
            "muscle-1": 1
          },
          "strings": {
            "interpolation": "default"
          },
          "inTangent": 0,
          "inWeight": 0,
          "outTangent": 0,
          "outWeight": 0,
          "weightedMode": 0
        },
        {
          "property": "Muscles",
          "index": 2,
          "time": 1.88888872,
          "ints": {},
          "floats": {
            "muscle0": 2.15925563E-12,
            "muscle1": 2.68220703E-07,
            "muscle2": -2.03555451E-14,
            "muscle3": -1.48849899E-12,
            "muscle4": -1.69222731E-25,
            "muscle5": -3.25688776E-13,
            "muscle6": 0,
            "muscle7": 0,
            "muscle8": 0,
            "muscle9": -3.96933029E-13,
            "muscle10": -4.0711097E-14,
            "muscle11": -3.25688776E-13,
            "muscle12": 4.4823085E-07,
            "muscle13": 8.22511836E-08,
            "muscle14": 1.84632498E-07,
            "muscle15": 0,
            "muscle16": -3.13225756E-09,
            "muscle17": 0,
            "muscle18": -2.60550999E-12,
            "muscle19": 0,
            "muscle20": 0,
            "muscle21": 0.524233282,
            "muscle22": -0.0713520572,
            "muscle23": -0.4150756,
            "muscle24": 0.939663708,
            "muscle25": 0.309937418,
            "muscle26": -0.0621744096,
            "muscle27": 0.0624387413,
            "muscle28": 3.74593156E-07,
            "muscle29": 0.524232566,
            "muscle30": -0.0713548586,
            "muscle31": -0.415081322,
            "muscle32": 0.939663887,
            "muscle33": 0.309941888,
            "muscle34": -0.0621277168,
            "muscle35": 0.0624473132,
            "muscle36": 3.996727E-07,
            "muscle37": -0.499999434,
            "muscle38": 0.00360223628,
            "muscle39": -0.268520623,
            "muscle40": -0.277666271,
            "muscle41": 0.16045177,
            "muscle42": 0.211240426,
            "muscle43": -0.895134032,
            "muscle44": -0.0758010298,
            "muscle45": 0.46267131,
            "muscle46": -0.499997675,
            "muscle47": 0.00360540743,
            "muscle48": -0.407063693,
            "muscle49": -0.0839364305,
            "muscle50": 0.215303034,
            "muscle51": -0.672318816,
            "muscle52": -0.837255359,
            "muscle53": 0.311079532,
            "muscle54": 0.2729671,
            "muscle55": -1.80000162,
            "muscle56": 0.10555546,
            "muscle57": -0.271116793,
            "muscle58": 0.799999356,
            "muscle59": 0.0888888016,
            "muscle60": -1.01802814,
            "muscle61": -1.33333313,
            "muscle62": -0.360000104,
            "muscle63": -1.00000012,
            "muscle64": -0.436818033,
            "muscle65": -1.99999964,
            "muscle66": 0.999999464,
            "muscle67": -0.99999994,
            "muscle68": 0.271548241,
            "muscle69": -2.00000095,
            "muscle70": 0.999998689,
            "muscle71": -1,
            "muscle72": 0.695615888,
            "muscle73": -2.00000095,
            "muscle74": 0.999999702,
            "muscle75": -1.80000067,
            "muscle76": 0.105555527,
            "muscle77": -0.271117955,
            "muscle78": 0.799999356,
            "muscle79": 0.0888887793,
            "muscle80": -1.01802778,
            "muscle81": -1.33333349,
            "muscle82": -0.360000551,
            "muscle83": -0.999999523,
            "muscle84": -0.436818093,
            "muscle85": -2.00000095,
            "muscle86": 0.999999464,
            "muscle87": -0.99999994,
            "muscle88": 0.271548301,
            "muscle89": -2.00000095,
            "muscle90": 0.999998808,
            "muscle91": -1,
            "muscle92": 0.695616066,
            "muscle93": -2.00000072,
            "muscle94": 0.999999702,
            "duration": 0,
            "muscle-1": 1
          },
          "strings": {
            "interpolation": "default"
          },
          "inTangent": 0,
          "inWeight": 0,
          "outTangent": 0,
          "outWeight": 0,