{"animTracks":[{"properties":["Right Hand Configuration","Left Hand Configuration","Muscles"],"loops":false,"keyFrames":[{"property":"Muscles","index":5,"time":0.999999583,"ints":{},"floats":{"muscle0":2.24928734E-12,"muscle1":-2.84977662E-13,"muscle2":3.4604432E-13,"muscle3":-2.13454836E-08,"muscle4":1.62844388E-13,"muscle5":-6.31021982E-13,"muscle6":0,"muscle7":0,"muscle8":0,"muscle9":2.13433218E-08,"muscle10":6.10666438E-14,"muscle11":-1.5266661E-14,"muscle12":-2.13441265E-08,"muscle13":-2.33317561E-08,"muscle14":-1.8195442E-07,"muscle15":-0.324147046,"muscle16":-1.31784475E-06,"muscle17":-0.324148268,"muscle18":-1.58908722E-06,"muscle19":0,"muscle20":0,"muscle21":0.518380165,"muscle22":-0.0583489612,"muscle23":-0.115849376,"muscle24":0.914703906,"muscle25":0.109493837,"muscle26":-0.0392552279,"muscle27":0.0588473789,"muscle28":1.53612518E-06,"muscle29":0.518379092,"muscle30":-0.0583453216,"muscle31":-0.115854666,"muscle32":0.914703667,"muscle33":0.109496266,"muscle34":-0.0392151624,"muscle35":0.0588505641,"muscle36":1.91298639E-07,"muscle37":-0.500002503,"muscle38":0.00360196247,"muscle39":-0.489651531,"muscle40":0.174297005,"muscle41":-0.321893036,"muscle42":0.957932949,"muscle43":0.42290625,"muscle44":-0.0232743043,"muscle45":0.0280665644,"muscle46":-0.499996305,"muscle47":0.00360540044,"muscle48":0.698457062,"muscle49":-0.300336748,"muscle50":0.719601095,"muscle51":0.293186635,"muscle52":0.790596783,"muscle53":-0.735097408,"muscle54":0.241947904,"muscle55":-1.36603785E-06,"muscle56":1.36603731E-07,"muscle57":2.95390468E-08,"muscle58":4.26886757E-08,"muscle59":-4.43962193E-07,"muscle60":-4.13471933E-15,"muscle61":-7.58909735E-08,"muscle62":7.58909806E-08,"muscle63":6.83018797E-08,"muscle64":-2.27672942E-07,"muscle65":0,"muscle66":-5.52179507E-19,"muscle67":-3.4150947E-08,"muscle68":-5.69182426E-08,"muscle69":-1.51781947E-07,"muscle70":-7.58909806E-08,"muscle71":-3.41509363E-08,"muscle72":4.26886722E-08,"muscle73":-7.58909735E-08,"muscle74":-7.58909735E-08,"muscle75":-0.000148414023,"muscle76":-1.32787859,"muscle77":0.350906163,"muscle78":0.595383286,"muscle79":0.553236485,"muscle80":0.288492084,"muscle81":-0.321609497,"muscle82":0.0801360756,"muscle83":0.66489315,"muscle84":-0.436961085,"muscle85":-0.196257681,"muscle86":0.160124272,"muscle87":0.640710831,"muscle88":0.271548331,"muscle89":-0.266922444,"muscle90":0.600059092,"muscle91":0.577883124,"muscle92":0.695495784,"muscle93":-0.322223097,"muscle94":0.120130017,"duration":0.363636374},"strings":{}},{"property":"Muscles","index":7,"time":1.63131273,"ints":{},"floats":{"muscle0":2.24928734E-12,"muscle1":-2.84977662E-13,"muscle2":3.4604432E-13,"muscle3":2.77475266E-07,"muscle4":8.14222618E-14,"muscle5":-6.92088639E-13,"muscle6":0,"muscle7":0,"muscle8":0,"muscle9":2.13433218E-08,"muscle10":6.10666438E-14,"muscle11":-1.5266661E-14,"muscle12":-2.13441353E-08,"muscle13":-1.62630172E-07,"muscle14":-2.02325872E-08,"muscle15":-0.324147046,"muscle16":-1.31784475E-06,"muscle17":-0.324148268,"muscle18":-1.58908722E-06,"muscle19":0,"muscle20":0,"muscle21":0.51802218,"muscle22":-0.0570752285,"muscle23":-0.0929488689,"muscle24":0.912757397,"muscle25":0.0940520689,"muscle26":0.0586174689,"muscle27":-0.0369886234,"muscle28":1.94607014E-06,"muscle29":0.518021882,"muscle30":-0.0570703074,"muscle31":-0.092953749,"muscle32":0.912757456,"muscle33":0.0940537229,"muscle34":0.0586202033,"muscle35":-0.0369501449,"muscle36":3.96204285E-07,"muscle37":-0.500002503,"muscle38":0.00360196247,"muscle39":-0.493896306,"muscle40":0.175703213,"muscle41":-0.256179392,"muscle42":0.953259051,"muscle43":0.357376248,"muscle44":-0.0262592826,"muscle45":0.0318658389,"muscle46":-0.499996305,"muscle47":0.00360540044,"muscle48":0.746088624,"muscle49":-0.213007137,"muscle50":0.761792243,"muscle51":0.600065112,"muscle52":0.819135904,"muscle53":-0.734772563,"muscle54":0.241195053,"muscle55":-1.36603785E-06,"muscle56":1.36603731E-07,"muscle57":2.95390468E-08,"muscle58":4.26886757E-08,"muscle59":-2.54444197E-16,"muscle60":1.70754674E-07,"muscle61":-7.58909735E-08,"muscle62":7.58909806E-08,"muscle63":2.7320749E-07,"muscle64":3.39258994E-15,"muscle65":0,"muscle66":-5.52179507E-19,"muscle67":-3.4150947E-08,"muscle68":-5.69182426E-08,"muscle69":-1.51781947E-07,"muscle70":-7.58909806E-08,"muscle71":-3.41509363E-08,"muscle72":4.26886722E-08,"muscle73":-7.58909735E-08,"muscle74":-7.58909735E-08,"muscle75":-0.000296350248,"muscle76":-1.3279773,"muscle77":0.350706369,"muscle78":0.595215917,"muscle79":0.553217173,"muscle80":0.288345516,"muscle81":-0.321414411,"muscle82":0.0802719295,"muscle83":0.664647162,"muscle84":-0.437104195,"muscle85":-0.196524084,"muscle86":0.160248265,"muscle87":0.640468061,"muscle88":0.271548122,"muscle89":-0.267178595,"muscle90":0.600117922,"muscle91":0.57765013,"muscle92":0.695376158,"muscle93":-0.322470754,"muscle94":0.120259784,"duration":0.373737365},"strings":{}},{"property":"Left Hand Configuration","index":5,"time":0.999999583,"ints":{"hash":-2083091456},"floats":{"duration":0.363636374},"strings":{"name":"-"}},{"property":"Left Hand Configuration","index":7,"time":1.63131273,"ints":{"hash":486890496},"floats":{"duration":0.373737365},"strings":{"name":"-"}},{"property":"Right Hand Configuration","index":5,"time":0.999999583,"ints":{"hash":213972992},"floats":{"duration":0.363636374},"strings":{"name":"garra aberta"}},{"property":"Right Hand Configuration","index":7,"time":1.63131273,"ints":{"hash":-85188608},"floats":{"duration":0.373737365},"strings":{"name":"garra aberta"}}]}],"version":3,"globalSpeed":0.915714324,"globalRepetitions":1}
