{"animTracks":[{"properties":["Right Hand Configuration","Left Hand Configuration","Muscles"],"keyFrames":[{"property":"Muscles","index":1,"time":1,"ints":{},"floats":{"muscle0":2.77478591E-07,"muscle1":-5.36441974E-07,"muscle2":-7.93866383E-13,"muscle3":-2.13454836E-08,"muscle4":1.62844388E-13,"muscle5":-6.31021982E-13,"muscle6":0,"muscle7":0,"muscle8":0,"muscle9":2.13434017E-08,"muscle10":5.90683237E-14,"muscle11":2.68220845E-07,"muscle12":2.34787919E-07,"muscle13":5.78708523E-07,"muscle14":-2.2680203E-07,"muscle15":-0.324147463,"muscle16":-1.84561559E-05,"muscle17":-0.324148268,"muscle18":-1.65786478E-05,"muscle19":0,"muscle20":0,"muscle21":0.527684152,"muscle22":-0.0759823099,"muscle23":-0.588656127,"muscle24":0.953825772,"muscle25":0.425628841,"muscle26":0.042562589,"muscle27":-0.0481424928,"muscle28":4.42761603E-07,"muscle29":0.527683556,"muscle30":-0.0759852156,"muscle31":-0.588660777,"muscle32":0.953825891,"muscle33":0.425632775,"muscle34":0.0425663367,"muscle35":-0.0480918102,"muscle36":3.96204285E-07,"muscle37":-0.499999821,"muscle38":0.00360197015,"muscle39":-0.512595832,"muscle40":0.210587695,"muscle41":-0.16981034,"muscle42":0.992770672,"muscle43":0.268193841,"muscle44":-0.015839668,"muscle45":0.0202495288,"muscle46":-0.499999195,"muscle47":0.0036051874,"muscle48":0.16960752,"muscle49":-0.335021108,"muscle50":0.45748204,"muscle51":-0.50096947,"muscle52":-0.685902655,"muscle53":0.141878352,"muscle54":0.872343838,"muscle55":-1.36603785E-06,"muscle56":1.36603731E-07,"muscle57":2.95390468E-08,"muscle58":4.26886757E-08,"muscle59":-2.54444197E-16,"muscle60":1.70754674E-07,"muscle61":-6.07127845E-07,"muscle62":7.58909806E-08,"muscle63":6.83018797E-08,"muscle64":-2.27672942E-07,"muscle65":0,"muscle66":-5.52179507E-19,"muscle67":-3.4150947E-08,"muscle68":-5.69182426E-08,"muscle69":-1.51781947E-07,"muscle70":-7.58909806E-08,"muscle71":-3.41509363E-08,"muscle72":4.26886722E-08,"muscle73":-7.58909735E-08,"muscle74":-7.58909735E-08,"muscle75":-0.244444415,"muscle76":0.138887882,"muscle77":0.63999474,"muscle78":0.639995337,"muscle79":-0.999999404,"muscle80":-0.706916511,"muscle81":-2,"muscle82":0.99999994,"muscle83":-0.999999583,"muscle84":-1.3999989,"muscle85":-2.00000095,"muscle86":0.999999702,"muscle87":-1,"muscle88":0.271548212,"muscle89":-1.99999988,"muscle90":0.999998808,"muscle91":-1,"muscle92":-0.113273993,"muscle93":-2.00000095,"muscle94":1},"strings":{}},{"property":"Muscles","index":3,"time":1.80808067,"ints":{},"floats":{"muscle0":2.77478591E-07,"muscle1":-5.36441974E-07,"muscle2":-7.93866383E-13,"muscle3":-2.13454836E-08,"muscle4":1.62844388E-13,"muscle5":-6.31021982E-13,"muscle6":0,"muscle7":0,"muscle8":0,"muscle9":-5.33609466E-07,"muscle10":-3.14621647E-14,"muscle11":2.68220447E-07,"muscle12":1.66485836E-06,"muscle13":1.45358058E-06,"muscle14":-5.09909626E-07,"muscle15":-0.324147463,"muscle16":-1.84561559E-05,"muscle17":-0.324148268,"muscle18":-1.65786478E-05,"muscle19":0,"muscle20":0,"muscle21":0.519565582,"muscle22":-0.0619019531,"muscle23":-0.18410106,"muscle24":0.920473278,"muscle25":0.155262351,"muscle26":0.0363329872,"muscle27":-0.0223748982,"muscle28":2.01463877E-06,"muscle29":0.519565463,"muscle30":-0.0619117133,"muscle31":-0.184100598,"muscle32":0.920473218,"muscle33":0.155264795,"muscle34":0.0363366902,"muscle35":-0.0223115254,"muscle36":1.14805857E-06,"muscle37":-0.499999434,"muscle38":0.0036008365,"muscle39":-0.517609179,"muscle40":0.21125491,"muscle41":-0.0377087817,"muscle42":0.9829638,"muscle43":0.136788368,"muscle44":-0.0194338094,"muscle45":0.0223511793,"muscle46":-0.499997169,"muscle47":0.00360632851,"muscle48":0.130943313,"muscle49":-0.430889338,"muscle50":0.29733339,"muscle51":-0.15190962,"muscle52":-0.517500818,"muscle53":-0.896514237,"muscle54":0.826987565,"muscle55":-3.41509462E-06,"muscle56":6.83018641E-07,"muscle57":2.95390468E-08,"muscle58":4.26886757E-08,"muscle59":-2.54444197E-16,"muscle60":1.70754674E-07,"muscle61":-6.07127845E-07,"muscle62":7.58909806E-08,"muscle63":6.83018797E-08,"muscle64":-2.27672942E-07,"muscle65":0,"muscle66":-5.52179507E-19,"muscle67":-4.78113236E-07,"muscle68":1.48425888E-14,"muscle69":-1.51781947E-07,"muscle70":-7.58909806E-08,"muscle71":-3.41509363E-08,"muscle72":4.26886722E-08,"muscle73":-7.58909735E-08,"muscle74":-7.58909735E-08,"muscle75":-7.92701016E-08,"muscle76":0.33888793,"muscle77":-0.199999943,"muscle78":1.00000012,"muscle79":0.642144799,"muscle80":-0.964444101,"muscle81":0.844861925,"muscle82":0.844862521,"muscle83":0.665139377,"muscle84":-1.09014976,"muscle85":0.833332479,"muscle86":0.83333236,"muscle87":0.640953302,"muscle88":-1.39999831,"muscle89":0.810934067,"muscle90":0.810934007,"muscle91":0.711448848,"muscle92":-0.704384565,"muscle93":0.811357379,"muscle94":0.811357379,"duration":0},"strings":{}},{"property":"Left Hand Configuration","index":1,"time":1,"ints":{"hash":-669298688},"floats":{},"strings":{"name":"-"}},{"property":"Left Hand Configuration","index":3,"time":1.80808067,"ints":{"hash":-387633152},"floats":{"duration":0},"strings":{"name":"-"}},{"property":"Right Hand Configuration","index":1,"time":1,"ints":{"hash":-1241377792},"floats":{},"strings":{"name":"B"}},{"property":"Right Hand Configuration","index":3,"time":1.80808067,"ints":{"hash":-959712256},"floats":{"duration":0},"strings":{"name":"palma"}}]}],"version":2,"globalSpeed":1,"globalRepetitions":1}
