{"animTracks":[{"properties":["Right Hand Configuration","Left Hand Configuration","Muscles"],"loops":false,"keyFrames":[{"property":"Muscles","index":5,"time":3.81818271,"ints":{},"floats":{"muscle0":2.24928734E-12,"muscle1":-2.84977662E-13,"muscle2":3.4604432E-13,"muscle3":-2.13454836E-08,"muscle4":1.62844388E-13,"muscle5":-6.31021982E-13,"muscle6":0,"muscle7":0,"muscle8":0,"muscle9":2.13433218E-08,"muscle10":6.10666438E-14,"muscle11":-1.5266661E-14,"muscle12":1.02452839E-06,"muscle13":1.24288113E-06,"muscle14":7.48440243E-08,"muscle15":-0.324147046,"muscle16":-1.31784475E-06,"muscle17":-0.324148148,"muscle18":-2.77395998E-07,"muscle19":0,"muscle20":0,"muscle21":0.519556761,"muscle22":-0.0619086251,"muscle23":-0.184130386,"muscle24":0.920475841,"muscle25":0.155321553,"muscle26":0.0430345312,"muscle27":-0.0290444121,"muscle28":2.01463877E-06,"muscle29":0.519554913,"muscle30":-0.0619141422,"muscle31":-0.184135377,"muscle32":0.92047596,"muscle33":0.155326754,"muscle34":0.0430411659,"muscle35":-0.0289925076,"muscle36":3.96204285E-07,"muscle37":-0.500002503,"muscle38":0.00360196247,"muscle39":-0.184931085,"muscle40":-0.0870477632,"muscle41":-0.426960111,"muscle42":-0.0677130595,"muscle43":-0.459142566,"muscle44":-0.0316010229,"muscle45":-0.211442858,"muscle46":-0.499998987,"muscle47":0.0036056363,"muscle48":-0.153468966,"muscle49":-0.268572479,"muscle50":-0.314611912,"muscle51":0.14108178,"muscle52":-0.522873461,"muscle53":-1.00076103,"muscle54":0.997439981,"muscle55":-1.36977917E-06,"muscle56":0.338862985,"muscle57":-0.199984998,"muscle58":0.999925673,"muscle59":0.642096996,"muscle60":-0.964373112,"muscle61":0.844799995,"muscle62":0.844799995,"muscle63":0.665089846,"muscle64":-1.09006953,"muscle65":0.833270431,"muscle66":0.83327055,"muscle67":0.640915692,"muscle68":-1.39979267,"muscle69":0.810873747,"muscle70":0.810874104,"muscle71":0.711385965,"muscle72":-0.704433858,"muscle73":0.811297417,"muscle74":0.811297357,"muscle75":9.57571615E-07,"muscle76":0.338810176,"muscle77":-0.199954897,"muscle78":0.999778509,"muscle79":0.642001867,"muscle80":-0.964230478,"muscle81":0.844674528,"muscle82":0.844674587,"muscle83":0.664991498,"muscle84":-1.08990955,"muscle85":0.833147228,"muscle86":0.833148301,"muscle87":0.640811205,"muscle88":-1.39968956,"muscle89":0.81075412,"muscle90":0.81075412,"muscle91":0.711290717,"muscle92":-0.704229176,"muscle93":0.811177254,"muscle94":0.811177254,"duration":0},"strings":{}},{"property":"Muscles","index":1,"time":2.40909147,"ints":{},"floats":{"muscle0":2.24928734E-12,"muscle1":-2.84977662E-13,"muscle2":3.4604432E-13,"muscle3":-2.13454836E-08,"muscle4":1.62844388E-13,"muscle5":-6.31021982E-13,"muscle6":0,"muscle7":0,"muscle8":0,"muscle9":2.13433218E-08,"muscle10":6.10666438E-14,"muscle11":-1.5266661E-14,"muscle12":1.00318425E-06,"muscle13":1.45583772E-06,"muscle14":8.92493262E-08,"muscle15":-0.324147046,"muscle16":-1.31784475E-06,"muscle17":-0.324148148,"muscle18":-2.77395998E-07,"muscle19":0,"muscle20":0,"muscle21":0.520544887,"muscle22":-0.0643835068,"muscle23":-0.236159042,"muscle24":0.924841881,"muscle25":0.190201789,"muscle26":-0.0335235968,"muscle27":0.0437326618,"muscle28":1.94607014E-06,"muscle29":0.520543814,"muscle30":-0.0643883795,"muscle31":-0.236163303,"muscle32":0.924841344,"muscle33":0.190206349,"muscle34":-0.0334727801,"muscle35":0.0437385999,"muscle36":3.96204285E-07,"muscle37":-0.500000656,"muscle38":0.00360196223,"muscle39":-0.184923917,"muscle40":-0.0870524421,"muscle41":-0.426965803,"muscle42":-0.0677122101,"muscle43":-0.459135443,"muscle44":-0.0315959044,"muscle45":-0.211431816,"muscle46":-0.499999195,"muscle47":0.0036051874,"muscle48":-0.152834952,"muscle49":-0.268800914,"muscle50":-0.315153688,"muscle51":0.141151115,"muscle52":-0.521919429,"muscle53":-1.00039828,"muscle54":0.998841524,"muscle55":-1.36977917E-06,"muscle56":0.338862985,"muscle57":-0.199984998,"muscle58":0.999925673,"muscle59":0.642096996,"muscle60":-0.964373112,"muscle61":0.844799995,"muscle62":0.844799995,"muscle63":0.665090024,"muscle64":-1.09006965,"muscle65":0.833270431,"muscle66":0.83327055,"muscle67":0.711396456,"muscle68":-0.704332292,"muscle69":0.811297417,"muscle70":0.811297655,"muscle71":0.640905321,"muscle72":-1.39989555,"muscle73":0.810874045,"muscle74":0.810874164,"muscle75":7.92689036E-07,"muscle76":0.338810474,"muscle77":-0.199954897,"muscle78":0.999778509,"muscle79":0.642002106,"muscle80":-0.964230299,"muscle81":0.844674528,"muscle82":0.844674587,"muscle83":0.664991498,"muscle84":-1.08990955,"muscle85":0.833147228,"muscle86":0.833148301,"muscle87":0.640811205,"muscle88":-1.39968956,"muscle89":0.81075412,"muscle90":0.81075412,"muscle91":0.711290717,"muscle92":-0.704229176,"muscle93":0.811177254,"muscle94":0.811177254,"duration":0},"strings":{}},{"property":"Muscles","index":4,"time":1.71717191,"ints":{},"floats":{"muscle0":2.77478591E-07,"muscle1":-5.36441974E-07,"muscle2":-7.93866383E-13,"muscle3":2.77475266E-07,"muscle4":8.14222618E-14,"muscle5":-6.92088639E-13,"muscle6":0,"muscle7":0,"muscle8":0,"muscle9":-5.33609466E-07,"muscle10":-3.14621647E-14,"muscle11":2.68220447E-07,"muscle12":9.60495299E-07,"muscle13":1.0391941E-06,"muscle14":-7.09086748E-07,"muscle15":-0.324147046,"muscle16":-1.31784475E-06,"muscle17":-0.324148148,"muscle18":-2.77395998E-07,"muscle19":0,"muscle20":0,"muscle21":0.522010922,"muscle22":-0.0674878284,"muscle23":-0.308529228,"muscle24":0.930871248,"muscle25":0.238601178,"muscle26":0.0380819812,"muscle27":-0.032471668,"muscle28":1.26265093E-06,"muscle29":0.522010267,"muscle30":-0.0674909353,"muscle31":-0.308531791,"muscle32":0.930871308,"muscle33":0.238603875,"muscle34":0.0380859114,"muscle35":-0.0324211642,"muscle36":3.96204285E-07,"muscle37":-0.499998927,"muscle38":0.00360286771,"muscle39":-0.184886351,"muscle40":-0.0870829299,"muscle41":-0.426977456,"muscle42":-0.0677903891,"muscle43":-0.459182262,"muscle44":-0.031596601,"muscle45":-0.21144855,"muscle46":-0.499998987,"muscle47":0.0036056363,"muscle48":-0.102324955,"muscle49":-0.48036772,"muscle50":-0.604910016,"muscle51":0.215512112,"muscle52":0.667499065,"muscle53":-0.661913991,"muscle54":0.452985376,"muscle55":-1.53466112E-06,"muscle56":0.33888796,"muscle57":-0.199999988,"muscle58":1.00000012,"muscle59":0.642144799,"muscle60":-0.96444416,"muscle61":0.844862401,"muscle62":0.844862401,"muscle63":0.665139258,"muscle64":-1.09014964,"muscle65":0.83333236,"muscle66":0.83333236,"muscle67":0.640952885,"muscle68":-1.39999843,"muscle69":0.810934067,"muscle70":0.810934126,"muscle71":0.711449087,"muscle72":-0.704384625,"muscle73":0.811357379,"muscle74":0.811357796,"muscle75":1.58503557E-08,"muscle76":0.338835686,"muscle77":-0.199969992,"muscle78":0.999852479,"muscle79":0.642049909,"muscle80":-0.964301169,"muscle81":0.844737351,"muscle82":0.844736755,"muscle83":0.665041089,"muscle84":-1.08998942,"muscle85":0.833209217,"muscle86":0.833209872,"muscle87":0.640858889,"muscle88":-1.39979267,"muscle89":0.810814142,"muscle90":0.810814083,"muscle91":0.711343646,"muscle92":-0.704280436,"muscle93":0.811237335,"muscle94":0.811237395,"duration":0.00505050505},"strings":{}},{"property":"Muscles","index":3,"time":1.00505042,"ints":{},"floats":{"muscle0":2.77478591E-07,"muscle1":-5.36441974E-07,"muscle2":-7.93866383E-13,"muscle3":2.77475266E-07,"muscle4":8.14222618E-14,"muscle5":-6.92088639E-13,"muscle6":0,"muscle7":0,"muscle8":0,"muscle9":-5.33609466E-07,"muscle10":-3.14621647E-14,"muscle11":2.68220447E-07,"muscle12":1.00318402E-06,"muscle13":1.28321699E-06,"muscle14":-5.21434401E-07,"muscle15":-0.324147046,"muscle16":-1.31784475E-06,"muscle17":-0.324148148,"muscle18":-2.77395998E-07,"muscle19":0,"muscle20":0,"muscle21":0.522005439,"muscle22":-0.0674879998,"muscle23":-0.308526307,"muscle24":0.930871308,"muscle25":0.238599956,"muscle26":0.0380876139,"muscle27":-0.0324717201,"muscle28":1.53612518E-06,"muscle29":0.522004366,"muscle30":-0.0674915016,"muscle31":-0.308532387,"muscle32":0.930870891,"muscle33":0.238605231,"muscle34":0.0380910002,"muscle35":-0.0324215181,