{"animTracks":[{"properties":["Right Hand Configuration","Left Hand Configuration","Muscles","Facial Expression"],"loops":false,"keyFrames":[{"property":"Muscles","index":2,"time":1.01515138,"ints":{},"floats":{"muscle0":2.24928734E-12,"muscle1":-2.84977662E-13,"muscle2":3.4604432E-13,"muscle3":-2.13454836E-08,"muscle4":1.62844388E-13,"muscle5":-6.31021982E-13,"muscle6":0,"muscle7":0,"muscle8":0,"muscle9":2.13433218E-08,"muscle10":6.10666438E-14,"muscle11":-1.5266661E-14,"muscle12":-1.28065807E-07,"muscle13":-9.69897798E-08,"muscle14":-3.58081905E-07,"muscle15":-0.324147046,"muscle16":-1.31784475E-06,"muscle17":-0.324148148,"muscle18":-2.77395998E-07,"muscle19":0,"muscle20":0,"muscle21":0.524232864,"muscle22":-0.0713516474,"muscle23":-0.415077001,"muscle24":0.939663708,"muscle25":0.309867203,"muscle26":-0.0509064496,"muscle27":0.0511473417,"muscle28":4.42761603E-07,"muscle29":0.524232209,"muscle30":-0.0713545829,"muscle31":-0.415078133,"muscle32":0.939663708,"muscle33":0.309868783,"muscle34":-0.0508560278,"muscle35":0.051151529,"muscle36":3.96204285E-07,"muscle37":-0.499999821,"muscle38":0.00360197015,"muscle39":-0.285494,"muscle40":0.798481345,"muscle41":-0.163645253,"muscle42":-0.383176863,"muscle43":-0.341241211,"muscle44":-0.0159850381,"muscle45":-0.697623372,"muscle46":-0.499999195,"muscle47":0.0036051874,"muscle48":-0.432765573,"muscle49":0.81532836,"muscle50":-0.107228875,"muscle51":-0.365804464,"muscle52":-0.345775694,"muscle53":-0.0316646211,"muscle54":-0.690578222,"muscle55":-0.566666722,"muscle56":-2,"muscle57":1,"muscle58":0.666666627,"muscle59":-0.0222221613,"muscle60":-0.831361473,"muscle61":0.566666603,"muscle62":1,"muscle63":-0.088888824,"muscle64":-0.996818423,"muscle65":0.600000024,"muscle66":1,"muscle67":-0.155555546,"muscle68":-1.39999998,"muscle69":0.566666603,"muscle70":1,"muscle71":-0.0888888836,"muscle72":-0.642162323,"muscle73":0.533333361,"muscle74":1,"muscle75":-0.566418171,"muscle76":-1.99911475,"muscle77":0.999557376,"muscle78":0.666370749,"muscle79":-0.022211764,"muscle80":-0.830994368,"muscle81":0.56641525,"muscle82":0.999557376,"muscle83":-0.0888502449,"muscle84":-0.996379435,"muscle85":0.599734485,"muscle86":0.999557734,"muscle87":-0.155486166,"muscle88":-1.39938056,"muscle89":0.566414416,"muscle90":0.99955678,"muscle91":-0.088850148,"muscle92":-0.641877353,"muscle93":0.53309685,"muscle94":0.999557793,"duration":0.171717167},"strings":{},"inTangent":0,"inWeight":0,"outTangent":0,"outWeight":0,"weightedMode":0},{"property":"Muscles","index":3,"time":1.99999988,"ints":{},"floats":{"muscle0":2.24928734E-12,"muscle1":-2.84977662E-13,"muscle2":3.4604432E-13,"muscle3":-2.13454836E-08,"muscle4":1.62844388E-13,"muscle5":-6.31021982E-13,"muscle6":0,"muscle7":0,"muscle8":0,"muscle9":2.13433218E-08,"muscle10":6.10666438E-14,"muscle11":-1.5266661E-14,"muscle12":-1.28065807E-07,"muscle13":-9.69897798E-08,"muscle14":-3.58081905E-07,"muscle15":0,"muscle16":-1.31784475E-06,"muscle17":0,"muscle18":-2.77395998E-07,"muscle19":0,"muscle20":0,"muscle21":0.524232864,"muscle22":-0.0713516474,"muscle23":-0.415077001,"muscle24":0.939663708,"muscle25":0.309867203,"muscle26":-0.0509064496,"muscle27":0.0511473417,"muscle28":4.42761603E-07,"muscle29":0.524232209,"muscle30":-0.0713545829,"muscle31":-0.415078133,"muscle32":0.939663708,"muscle33":0.309868783,"muscle34":-0.0508560278,"muscle35":0.051151529,"muscle36":3.96204285E-07,"muscle37":-0.499999821,"muscle38":0.00360197015,"muscle39":-0.201947272,"muscle40":0.609661102,"muscle41":-0.0976720899,"muscle42":0.12568517,"muscle43":-0.34268558,"muscle44":-0.015987087,"muscle45":-0.697624207,"muscle46":-0.499999195,"muscle47":0.0036051874,"muscle48":-0.222618639,"muscle49":0.627454817,"muscle50":-0.0364410654,"muscle51":0.0923815742,"muscle52":-0.347291738,"muscle53":-0.0316646211,"muscle54":-0.690578222,"muscle55":-0.566666722,"muscle56":-2,"muscle57":1,"muscle58":0.666666627,"muscle59":-0.0222221613,"muscle60":-0.831361473,"muscle61":0.566666603,"muscle62":1,"muscle63":-0.088888824,"muscle64":-0.996818423,"muscle65":0.600000024,"muscle66":1,"muscle67":-0.155555546,"muscle68":-1.39999998,"muscle69":0.566666603,"muscle70":1,"muscle71":-0.0888888836,"muscle72":-0.642162323,"muscle73":0.533333361,"muscle74":1,"muscle75":-0.566418171,"muscle76":-1.99911475,"muscle77":0.999557376,"muscle78":0.666370749,"muscle79":-0.022211764,"muscle80":-0.830994368,"muscle81":0.56641525,"muscle82":0.999557376,"muscle83":-0.0888502449,"muscle84":-0.996379435,"muscle85":0.599734485,"muscle86":0.999557734,"muscle87":-0.155486166,"muscle88":-1.39938056,"muscle89":0.566414416,"muscle90":0.99955678,"muscle91":-0.088850148,"muscle92":-0.641877353,"muscle93":0.53309685,"muscle94":0.999557793,"duration":0.212121218,"muscle-1":1},"strings":{"interpolation":"default"},"inTangent":0,"inWeight":0,"outTangent":0,"outWeight":0,"weightedMode":0},{"property":"Left Hand Configuration","index":2,"time":1.01515138,"ints":{"hash":-541302784},"floats":{"duration":0.171717167},"strings":{"name":"Pico_Pato_Aberto2"},"inTangent":0,"inWeight":0,"outTangent":0,"outWeight":0,"weightedMode":0},{"property":"Left Hand Configuration","index":3,"time":1.99999988,"ints":{"hash":-1423181824},"floats":{"duration":0.212121218},"strings":{"name":"Pico_Pato_Aberto2"},"inTangent":0,"inWeight":0,"outTangent":0,"outWeight":0,"weightedMode":0},{"property":"Right Hand Configuration","index":2,"time":1.01515138,"ints":{"hash":-1113381888},"floats":{"duration":0.171717167},"strings":{"name":"Pico_Pato_Aberto2"},"inTangent":0,"inWeight":0,"outTangent":0,"outWeight":0,"weightedMode":0},{"property":"Right Hand Configuration","index":3,"time":1.99999988,"ints":{"hash":-1995260928},"floats":{"duration":0.212121218},"strings":{"name":"Pico_Pato_Aberto2"},"inTangent":0,"inWeight":0,"outTangent":0,"outWeight":0,"weightedMode":0},{"property":"Facial Expression","index":2,"time":1.01515138,"ints":{},"floats":{},"strings":{"faceName":"Neutra"},"inTangent":0,"inWeight":0,"outTangent":0,"outWeight":0,"weightedMode":0},{"property":"Facial Expression","index":3,"time":1.99999988,"ints":{},"floats":{},"strings":{"faceName":"Neutra"},"inTangent":0,"inWeight":0,"outTangent":0,"outWeight":0,"weightedMode":0}]},{"properties":["Face Animation Neutra"],"loops":false,"keyFrames":[{"property":"Face Animation Neutra","index":0,"time":0,"ints":{},"floats":{"girl_head_.blendShape.mClose":100,"girl_head_.blendShape.A":0,"girl_head_.blendShape.Cons":0,"girl_head_.blendShape.Fv":0,"girl_head_.blendShape.mLSide":0,"girl_head_.blendShape.mLSideUp":0,"girl_head_.blendShape.mRSide":0,"girl_head_.blendShape.mRSideUp":0,"girl_head_.blendShape.O":0,"girl_head_.blendShape.smile":0,"girl_head_.blendShape.U":0,"girl_hair.blendShape.cheek1":0,"girl_hair.blendShape.cheek2":0,"girl_hair.blendShape.cheek3":0,"girl_head_.blendShape.Bmp":0,"girl_head_.blendShape.E":0,"girl_head_.blendShape.F001":0,"girl_head_.blendShape.F003":0,"girl_head_.blendShape.F005":0,"girl_head_.blendShape.F006":0,"girl_head_.blendShape.F007":0,"girl_head_.blendShape.F007left":0,"girl_head_.blendShape.F008":0,"girl_head_.blendShape.F017":0,"girl_head_.blendShape.F019":0,"girl_head_.blendShape.F024":0,"girl_head_.blendShape.F031":0,"girl_head_.blendShape.LEyeBMad":0,"girl_head_.blendShape.LEyeClose":0,"girl_head_.blendShape.LEyeLidUp":0,"girl_head_.blendShape.LEyeMad":0,"girl_head_.blendShape.LEyeSad":0,"girl_head_.blendShape.LeyeBUp":0,"girl_head_.blendShape.mSad":0,"girl_head_.blendShape.REyeBMad":0,"girl_head_.blendShape.REyeClose":0,"girl_head_.blendShape.REyeLidUp":0,"girl_head_.blendShape.REyeMad":0,"girl_head_.blendShape.REyeSad":0,"girl_head_.blendShape.ReyeBSad":0,"girl_head_.blendShape.ReyeBUp":0,