{"animTracks":[{"properties":["Right Hand Configuration","Left Hand Configuration","Muscles"],"loops":false,"keyFrames":[{"property":"Muscles","index":1,"time":1,"ints":{},"floats":{"muscle0":2.77478591E-07,"muscle1":-5.36441974E-07,"muscle2":-7.93866383E-13,"muscle3":-2.13454836E-08,"muscle4":1.62844388E-13,"muscle5":-6.31021982E-13,"muscle6":0,"muscle7":0,"muscle8":0,"muscle9":2.13434017E-08,"muscle10":5.90683237E-14,"muscle11":2.68220845E-07,"muscle12":2.34787919E-07,"muscle13":5.78708523E-07,"muscle14":-2.2680203E-07,"muscle15":-0.324147046,"muscle16":-1.31784475E-06,"muscle17":-0.324148148,"muscle18":-2.77395998E-07,"muscle19":0,"muscle20":0,"muscle21":0.527684152,"muscle22":-0.0759823099,"muscle23":-0.588656127,"muscle24":0.953825772,"muscle25":0.425628841,"muscle26":0.042562589,"muscle27":-0.0481424928,"muscle28":4.42761603E-07,"muscle29":0.527683556,"muscle30":-0.0759852156,"muscle31":-0.588660777,"muscle32":0.953825891,"muscle33":0.425632775,"muscle34":0.0425663367,"muscle35":-0.0480918102,"muscle36":3.96204285E-07,"muscle37":-0.499999821,"muscle38":0.00360197015,"muscle39":-0.512595832,"muscle40":0.210587695,"muscle41":-0.16981034,"muscle42":0.992770672,"muscle43":0.268193841,"muscle44":-0.015839668,"muscle45":0.0202495288,"muscle46":-0.499999195,"muscle47":0.0036051874,"muscle48":0.510182202,"muscle49":-0.450920761,"muscle50":0.356529325,"muscle51":-0.0686241537,"muscle52":1.20000589,"muscle53":-0.219058275,"muscle54":0.99998486,"muscle55":-1.36603785E-06,"muscle56":1.36603731E-07,"muscle57":2.95390468E-08,"muscle58":4.26886757E-08,"muscle59":-2.54444197E-16,"muscle60":1.70754674E-07,"muscle61":-6.07127845E-07,"muscle62":7.58909806E-08,"muscle63":6.83018797E-08,"muscle64":-2.27672942E-07,"muscle65":0,"muscle66":-5.52179507E-19,"muscle67":-3.4150947E-08,"muscle68":-5.69182426E-08,"muscle69":-1.51781947E-07,"muscle70":-7.58909806E-08,"muscle71":-3.41509363E-08,"muscle72":4.26886722E-08,"muscle73":-7.58909735E-08,"muscle74":-7.58909735E-08,"muscle75":-5.70761394E-08,"muscle76":0.338888228,"muscle77":-0.199999943,"muscle78":1.00000012,"muscle79":0.642144799,"muscle80":-0.964444101,"muscle81":0.844862044,"muscle82":0.844862521,"muscle83":0.665139377,"muscle84":-1.09014976,"muscle85":0.833332777,"muscle86":0.833332777,"muscle87":0.640952945,"muscle88":-1.39999843,"muscle89":0.810934067,"muscle90":0.810933769,"muscle91":0.711448967,"muscle92":-0.704384565,"muscle93":0.811357677,"muscle94":0.811357796},"strings":{}},{"property":"Muscles","index":2,"time":1.51010084,"ints":{},"floats":{"muscle0":2.20384518E-12,"muscle1":-5.36441974E-07,"muscle2":1.42488831E-13,"muscle3":-2.13454836E-08,"muscle4":1.62844388E-13,"muscle5":-6.31021982E-13,"muscle6":0,"muscle7":0,"muscle8":0,"muscle9":2.13434337E-08,"muscle10":2.6822093E-07,"muscle11":2.6822093E-07,"muscle12":5.22936546E-07,"muscle13":4.25629509E-07,"muscle14":-4.93873927E-07,"muscle15":-0.324147046,"muscle16":-1.31784475E-06,"muscle17":-0.324148268,"muscle18":-1.58908722E-06,"muscle19":0,"muscle20":0,"muscle21":0.524232805,"muscle22":-0.0713533163,"muscle23":-0.415077269,"muscle24":0.939663529,"muscle25":0.309827,"muscle26":0.0397873707,"muscle27":-0.0395604037,"muscle28":1.12591374E-06,"muscle29":0.524231851,"muscle30":-0.0713557377,"muscle31":-0.415077001,"muscle32":0.939663708,"muscle33":0.309827507,"muscle34":0.0397917777,"muscle35":-0.0395094864,"muscle36":3.96204285E-07,"muscle37":-0.499999821,"muscle38":0.00360197015,"muscle39":-0.51453346,"muscle40":0.210907102,"muscle41":-0.113971144,"muscle42":0.988653064,"muscle43":0.212616727,"muscle44":-0.0172172226,"muscle45":0.021216549,"muscle46":-0.499999195,"muscle47":0.0036051874,"muscle48":0.166022778,"muscle49":-0.163021639,"muscle50":-0.10704612,"muscle51":-0.375033915,"muscle52":0.982288361,"muscle53":-0.219059497,"muscle54":0.352009714,"muscle55":-1.36603785E-06,"muscle56":4.78113236E-07,"muscle57":2.95390468E-08,"muscle58":4.26886757E-08,"muscle59":-2.54444197E-16,"muscle60":1.70754674E-07,"muscle61":-6.07127845E-07,"muscle62":7.58909806E-08,"muscle63":6.83018797E-08,"muscle64":-2.27672942E-07,"muscle65":0,"muscle66":-5.52179507E-19,"muscle67":-3.4150947E-08,"muscle68":-5.69182426E-08,"muscle69":-1.51781947E-07,"muscle70":-7.58909806E-08,"muscle71":-3.41509363E-08,"muscle72":4.26886722E-08,"muscle73":-7.58909735E-08,"muscle74":-7.58909735E-08,"muscle75":5.16837929E-07,"muscle76":0.338888139,"muscle77":-0.199999943,"muscle78":1.00000012,"muscle79":0.642144799,"muscle80":-0.964444101,"muscle81":0.844861925,"muscle82":0.844862521,"muscle83":0.665139377,"muscle84":-1.09014976,"muscle85":0.833332479,"muscle86":0.833332777,"muscle87":0.640952885,"muscle88":-1.39999843,"muscle89":0.810934067,"muscle90":0.810933769,"muscle91":0.71144861,"muscle92":-0.704384565,"muscle93":0.811357141,"muscle94":0.811357796,"duration":0},"strings":{}},{"property":"Muscles","index":3,"time":2.00505066,"ints":{},"floats":{"muscle0":2.20384518E-12,"muscle1":-5.36441974E-07,"muscle2":1.42488831E-13,"muscle3":-2.13454836E-08,"muscle4":1.62844388E-13,"muscle5":-6.31021982E-13,"muscle6":0,"muscle7":0,"muscle8":0,"muscle9":2.13434337E-08,"muscle10":2.6822093E-07,"muscle11":2.6822093E-07,"muscle12":1.26998839E-06,"muscle13":2.24195645E-07,"muscle14":-6.78644767E-07,"muscle15":-0.324146777,"muscle16":-1.16620834E-06,"muscle17":-0.324148268,"muscle18":-1.58908722E-06,"muscle19":0,"muscle20":0,"muscle21":0.52200979,"muscle22":-0.0674835518,"muscle23":-0.308531374,"muscle24":0.930870771,"muscle25":0.238601208,"muscle26":0.0380822904,"muscle27":-0.0324819796,"muscle28":1.26265093E-06,"muscle29":0.522002935,"muscle30":-0.0674908832,"muscle31":-0.308529407,"muscle32":0.930871308,"muscle33":0.238602877,"muscle34":0.0380934179,"muscle35":-0.0324214213,"muscle36":3.96204285E-07,"muscle37":-0.499999821,"muscle38":0.00360197015,"muscle39":-0.515931964,"muscle40":0.211083412,"muscle41":-0.0779863074,"muscle42":0.98597908,"muscle43":0.176826075,"muscle44":-0.0182075128,"muscle45":0.0217920709,"muscle46":-0.500001013,"muscle47":0.00360515737,"muscle48":0.184548959,"muscle49":-0.397147834,"muscle50":-0.142445549,"muscle51":0.423615307,"muscle52":0.99423939,"muscle53":-0.50398922,"muscle54":0.352158606,"muscle55":-1.36603785E-06,"muscle56":4.78113236E-07,"muscle57":2.95390468E-08,"muscle58":4.26886757E-08,"muscle59":-2.54444197E-16,"muscle60":1.70754674E-07,"muscle61":-6.07127845E-07,"muscle62":7.58909806E-08,"muscle63":6.83018797E-08,"muscle64":-2.27672942E-07,"muscle65":-5.31236765E-07,"muscle66":-5.52179507E-19,"muscle67":-3.4150947E-08,"muscle68":-5.69182426E-08,"muscle69":-1.51781947E-07,"muscle70":-7.58909806E-08,"muscle71":-3.41509363E-08,"muscle72":4.26886722E-08,"muscle73":-7.58909735E-08,"muscle74":-7.58909735E-08,"muscle75":5.16837929E-07,"muscle76":0.338888139,"muscle77":-0.199999943,"muscle78":1.00000012,"muscle79":0.642144799,"muscle80":-0.964444101,"muscle81":0.844861925,"muscle82":0.844862521,"muscle83":0.665139377,"muscle84":-1.09014976,"muscle85":0.833332479,"muscle86":0.833332777,"muscle87":0.640952885,"muscle88":-1.39999855,"muscle89":0.810934067,"muscle90":0.810933769,"muscle91":0.71144861,"muscle92":-0.704384565,"muscle93":0.811357141,"muscle94":0.811357796,"duration":0.055555556},"strings":{}},{"property":"Left Hand Configuration","index":1,"time":1,"ints":{"hash":797401088},"floats":{},"strings":{"name":"-"}},{"property":"Left Hand Configuration","index":2,"time":1.51010084,"ints":{"hash":1941559296},"floats":{"duration":0},"strings":{"name":"-"}},{"property":"Left Hand Configuration","index":3,"time":2.00505066,"ints":{"hash":-637170688},"floats":{"duration":0.055555556},"strings":{"name":"-"}},{"property":"Right Hand Configuration","index":1,"time":1,"ints":{"hash":225321984},"floats":{},"strings":{"name":"palma"}},{"property":"Right Hand Configuration","index":2,"time":1.51010084,"ints":{"hash":1369480192},"floats":{"duration":0},"strings":{"name":"palma"}},{"property":"Right Hand Configuration","index":3,"time":2.00505066,"ints":{"hash":-1209249792},