{
  "animTracks": [
    {
      "properties": [
        "Right Hand Configuration",
        "Left Hand Configuration",
        "Muscles",
        "Facial Expression"
      ],
      "loops": false,
      "keyFrames": [
        {
          "property": "Muscles",
          "index": 1,
          "time": 1,
          "ints": {},
          "floats": {
            "muscle0": 2.1398753E-12,
            "muscle1": -4.07110923E-13,
            "muscle2": -9.56710622E-13,
            "muscle3": -1.48849899E-12,
            "muscle4": -1.69222731E-25,
            "muscle5": -3.25688776E-13,
            "muscle6": 0,
            "muscle7": 0,
            "muscle8": 0,
            "muscle9": -3.96933029E-13,
            "muscle10": -4.0711097E-14,
            "muscle11": -3.25688776E-13,
            "muscle12": 1.38737931E-07,
            "muscle13": 1.30605528E-07,
            "muscle14": 1.02331555E-07,
            "muscle15": 0,
            "muscle16": -3.13225756E-09,
            "muscle17": 0,
            "muscle18": -2.60550999E-12,
            "muscle19": 0,
            "muscle20": 0,
            "muscle21": 0.527684987,
            "muscle22": -0.075982213,
            "muscle23": -0.588656247,
            "muscle24": 0.953825712,
            "muscle25": 0.4257029,
            "muscle26": -0.0594078712,
            "muscle27": 0.0538544767,
            "muscle28": 3.74593156E-07,
            "muscle29": 0.527683496,
            "muscle30": -0.0759853348,
            "muscle31": -0.588659286,
            "muscle32": 0.953825295,
            "muscle33": 0.425705791,
            "muscle34": -0.0593609177,
            "muscle35": 0.053863246,
            "muscle36": 1.94633657E-07,
            "muscle37": -0.499999434,
            "muscle38": 0.00360223628,
            "muscle39": -0.230887532,
            "muscle40": -0.236146614,
            "muscle41": 0.315855533,
            "muscle42": -0.510824978,
            "muscle43": 0.0919413269,
            "muscle44": -0.0158368628,
            "muscle45": 0.0202516299,
            "muscle46": -0.499998987,
            "muscle47": 0.00360562769,
            "muscle48": -0.153097868,
            "muscle49": -0.214916244,
            "muscle50": 0.320850253,
            "muscle51": -0.501197755,
            "muscle52": 0.0914776698,
            "muscle53": -0.0158368628,
            "muscle54": 0.0202562679,
            "muscle55": -0.999999344,
            "muscle56": -1.99999976,
            "muscle57": -0.999999642,
            "muscle58": -0.537782311,
            "muscle59": -0.955554962,
            "muscle60": -0.61358422,
            "muscle61": 0.733332932,
            "muscle62": 0.733332813,
            "muscle63": -0.999999464,
            "muscle64": -1.39999843,
            "muscle65": -1.99999964,
            "muscle66": 0.99999994,
            "muscle67": -0.99999994,
            "muscle68": 0.271548241,
            "muscle69": -2.00000072,
            "muscle70": 0.999998868,
            "muscle71": -0.99999994,
            "muscle72": -0.113273963,
            "muscle73": -2.00000095,
            "muscle74": 0.99999994,
            "muscle75": -0.999999404,
            "muscle76": -2,
            "muscle77": -0.999999464,
            "muscle78": -0.537782431,
            "muscle79": -0.955555618,
            "muscle80": -0.613584101,
            "muscle81": 0.733332813,
            "muscle82": 0.733332872,
            "muscle83": -0.999999583,
            "muscle84": -1.39999855,
            "muscle85": -2.00000095,
            "muscle86": 0.999999702,
            "muscle87": -0.99999994,
            "muscle88": 0.271548301,
            "muscle89": -2.00000072,
            "muscle90": 0.999998808,
            "muscle91": -0.999998629,
            "muscle92": -0.113273963,
            "muscle93": -2.00000072,
            "muscle94": 0.99999994,
            "muscle-1": 1
          },
          "strings": {
            "interpolation": "default"
          },
          "inTangent": 0,
          "inWeight": 0,
          "outTangent": 0,
          "outWeight": 0,
          "weightedMode": 0
        },
        {
          "property": "Muscles",
          "index": 2,
          "time": 1.5757575,
          "ints": {},
          "floats": {
            "muscle0": 2.1398753E-12,
            "muscle1": -4.07110923E-13,
            "muscle2": -9.56710622E-13,
            "muscle3": -1.48849899E-12,
            "muscle4": -1.69222731E-25,
            "muscle5": -3.25688776E-13,
            "muscle6": 0,
            "muscle7": 0,
            "muscle8": 0,
            "muscle9": -3.96933029E-13,
            "muscle10": -4.0711097E-14,
            "muscle11": -3.25688776E-13,
            "muscle12": -0.156999752,
            "muscle13": 0.197000265,
            "muscle14": -0.0220002849,
            "muscle15": 0,
            "muscle16": 4.83886538E-07,
            "muscle17": 0,
            "muscle18": -2.60550999E-12,
            "muscle19": 0,
            "muscle20": 0,
            "muscle21": 0.524233222,
            "muscle22": -0.071351774,
            "muscle23": -0.415074736,
            "muscle24": 0.939663708,
            "muscle25": 0.30993697,
            "muscle26": -0.0621741973,
            "muscle27": 0.0624383017,
            "muscle28": 3.74593156E-07,
            "muscle29": 0.524232328,
            "muscle30": -0.0713532716,
            "muscle31": -0.415078014,
            "muscle32": 0.939663529,
            "muscle33": 0.309939384,
            "muscle34": -0.0621278472,
            "muscle35": 0.0624450259,
            "muscle36": 3.996727E-07,
            "muscle37": -0.499998987,
            "muscle38": 0.00360269262,
            "muscle39": 0.253025889,
            "muscle40": -0.412721902,
            "muscle41": 0.632485509,
            "muscle42": -0.215444893,
            "muscle43": 0.0874798298,
            "muscle44": -0.677468121,
            "muscle45": 0.0201743711,
            "muscle46": -0.499999076,
            "muscle47": 0.00360561302,
            "muscle48": 0.210994467,
            "muscle49": -0.320538104,
            "muscle50": 0.619355977,
            "muscle51": -0.272687644,
            "muscle52": 0.0886411667,
            "muscle53": -0.602270603,
            "muscle54": 0.0201885495,
            "muscle55": -0.999999046,
            "muscle56": -1.99999893,
            "muscle57": -0.999999464,
            "muscle58": -0.537781775,
            "muscle59": -0.955554664,
            "muscle60": -0.61358428,
            "muscle61": 0.733332932,
            "muscle62": 0.733332753,
            "muscle63": -0.999999464,
            "muscle64": -1.39999843,
            "muscle65": -1.99999964,
            "muscle66": 0.999999464,
            "muscle67": -0.99999994,
            "muscle68": 0.271548241,
            "muscle69": -2.00000095,
            "muscle70": 0.999998689,
            "muscle71": -0.99999994,
            "muscle72": -0.113273963,
            "muscle73": -2.00000095,
            "muscle74": 0.999999702,
            "muscle75": -0.999999404,
            "muscle76": -2,
            "muscle77": -0.999999464,
            "muscle78": -0.537782431,
            "muscle79": -0.955555618,
            "muscle80": -0.613584101,
            "muscle81": 0.733332813,
            "muscle82": 0.733332872,
            "muscle83": -0.999999583,
            "muscle84": -1.39999855,
            "muscle85": -2.00000095,
            "muscle86": 0.999998987,
            "muscle87": -0.99999994,
            "muscle88": 0.271548301,
            "muscle89": -2.00000095,
            "muscle90": 0.999998808,
            "muscle91": -0.999997795,
            "muscle92": -0.113273993,
            "muscle93": -2.00000072,
            "muscle94": 0.999999702,
            "duration": 0.222222224,
            "muscle-1": 1
          },
          "strings": {
            "interpolation": "default"
          },
          "inTangent": 0,
          "inWeight": 0,