{"animTracks":[{"properties":["Right Hand Configuration","Left Hand Configuration","Muscles"],"loops":false,"keyFrames":[{"property":"Muscles","index":1,"time":0.999999881,"ints":{},"floats":{"muscle0":2.77478591E-07,"muscle1":-5.36441974E-07,"muscle2":-7.93866383E-13,"muscle3":-2.13454836E-08,"muscle4":1.62844388E-13,"muscle5":-6.31021982E-13,"muscle6":0,"muscle7":0,"muscle8":0,"muscle9":2.13434017E-08,"muscle10":5.90683237E-14,"muscle11":2.68220845E-07,"muscle12":2.34787919E-07,"muscle13":5.78708523E-07,"muscle14":-2.2680203E-07,"muscle15":-0.324147046,"muscle16":-1.31784475E-06,"muscle17":-0.324148148,"muscle18":-2.77395998E-07,"muscle19":0,"muscle20":0,"muscle21":0.527684152,"muscle22":-0.0759823099,"muscle23":-0.588656127,"muscle24":0.953825772,"muscle25":0.425628841,"muscle26":0.042562589,"muscle27":-0.0481424928,"muscle28":4.42761603E-07,"muscle29":0.527683556,"muscle30":-0.0759852156,"muscle31":-0.588660777,"muscle32":0.953825891,"muscle33":0.425632775,"muscle34":0.0425663367,"muscle35":-0.0480918102,"muscle36":3.96204285E-07,"muscle37":-0.499999821,"muscle38":0.00360197015,"muscle39":-0.627162874,"muscle40":0.355056733,"muscle41":0.185117468,"muscle42":-0.324689627,"muscle43":-0.649565995,"muscle44":-0.015839668,"muscle45":0.0202495288,"muscle46":-0.499999195,"muscle47":0.0036051874,"muscle48":-0.656649649,"muscle49":0.353678226,"muscle50":0.162193045,"muscle51":-0.328920871,"muscle52":-0.770828724,"muscle53":-0.0158378035,"muscle54":0.0202558991,"muscle55":-2.43333411,"muscle56":-2.00000024,"muscle57":-0.577777803,"muscle58":-0.999999821,"muscle59":-0.999999404,"muscle60":-0.706916392,"muscle61":-2.00000072,"muscle62":0.999999702,"muscle63":-1,"muscle64":-1.39999866,"muscle65":-2,"muscle66":0.999999821,"muscle67":-1.00000012,"muscle68":-0.226229563,"muscle69":-2.00000095,"muscle70":0.999999404,"muscle71":-1,"muscle72":-0.299940705,"muscle73":-1.99999964,"muscle74":1,"muscle75":-2.4333334,"muscle76":-2.00000024,"muscle77":-0.577777684,"muscle78":-0.999999344,"muscle79":-0.999999404,"muscle80":-0.706916511,"muscle81":-2,"muscle82":0.99999994,"muscle83":-1,"muscle84":-1.39999866,"muscle85":-2.00000095,"muscle86":0.999999702,"muscle87":-0.999999821,"muscle88":-0.226229712,"muscle89":-1.99999988,"muscle90":0.999999344,"muscle91":-1.00000012,"muscle92":-0.299940735,"muscle93":-2.00000095,"muscle94":1,"duration":0.0404040404},"strings":{}},{"property":"Muscles","index":2,"time":2.24747467,"ints":{},"floats":{"muscle0":2.24928734E-12,"muscle1":-2.84977662E-13,"muscle2":3.4604432E-13,"muscle3":-2.13454836E-08,"muscle4":1.62844388E-13,"muscle5":-6.31021982E-13,"muscle6":0,"muscle7":0,"muscle8":0,"muscle9":2.13433218E-08,"muscle10":6.10666438E-14,"muscle11":-1.5266661E-14,"muscle12":1.81427083E-07,"muscle13":3.88016588E-08,"muscle14":1.64538307E-07,"muscle15":-0.324147046,"muscle16":-1.31784475E-06,"muscle17":-0.324148148,"muscle18":-2.77395998E-07,"muscle19":0,"muscle20":0,"muscle21":0.524233401,"muscle22":-0.0713516101,"muscle23":-0.415075541,"muscle24":0.939664185,"muscle25":0.309866101,"muscle26":-0.0509065092,"muscle27":0.0511481352,"muscle28":2.3772256E-07,"muscle29":0.524232447,"muscle30":-0.0713545159,"muscle31":-0.415078998,"muscle32":0.939663708,"muscle33":0.309869349,"muscle34":-0.0508564487,"muscle35":0.051151257,"muscle36":3.96204285E-07,"muscle37":-0.499998927,"muscle38":0.00360286771,"muscle39":-0.454885453,"muscle40":-0.0185079146,"muscle41":0.259482443,"muscle42":0.123144142,"muscle43":-0.648333967,"muscle44":-0.0158143155,"muscle45":0.0203301869,"muscle46":-0.499998987,"muscle47":0.0036056363,"muscle48":-0.458426565,"muscle49":-0.00770938676,"muscle50":0.255424708,"muscle51":0.108488932,"muscle52":-0.770016134,"muscle53":-0.0158205442,"muscle54":0.0203412492,"muscle55":-2.43297505,"muscle56":-1.99970412,"muscle57":-0.577692568,"muscle58":-0.999852479,"muscle59":-0.999852002,"muscle60":-0.706811428,"muscle61":-1.99970627,"muscle62":0.999851763,"muscle63":-0.999852419,"muscle64":-1.39979279,"muscle65":-1.99970448,"muscle66":0.999852598,"muscle67":-0.999852479,"muscle68":-0.299895197,"muscle69":-1.99970484,"muscle70":0.999852538,"muscle71":-0.999852479,"muscle72":-0.226196125,"muscle73":-1.99970615,"muscle74":0.999851882,"muscle75":-2.43297386,"muscle76":-1.99970496,"muscle77":-0.577691972,"muscle78":-0.999851704,"muscle79":-0.999851942,"muscle80":-0.706811368,"muscle81":-1.99970484,"muscle82":0.999852598,"muscle83":-0.999852359,"muscle84":-1.39979267,"muscle85":-1.99970627,"muscle86":0.999851942,"muscle87":-0.999852359,"muscle88":-0.226195335,"muscle89":-1.9997046,"muscle90":0.999851942,"muscle91":-0.999852538,"muscle92":-0.299896628,"muscle93":-1.99970615,"muscle94":0.999852717,"duration":0.156565651},"strings":{}},{"property":"Muscles","index":3,"time":3.40404034,"ints":{},"floats":{"muscle0":2.24928734E-12,"muscle1":-2.84977662E-13,"muscle2":3.4604432E-13,"muscle3":-2.13454836E-08,"muscle4":1.62844388E-13,"muscle5":-6.31021982E-13,"muscle6":0,"muscle7":0,"muscle8":0,"muscle9":2.13433218E-08,"muscle10":6.10666438E-14,"muscle11":-1.5266661E-14,"muscle12":-1.28065821E-07,"muscle13":-1.02751947E-07,"muscle14":-2.72899769E-07,"muscle15":-0.324146777,"muscle16":-1.16620834E-06,"muscle17":-0.324148148,"muscle18":-2.77395998E-07,"muscle19":0,"muscle20":0,"muscle21":0.522007704,"muscle22":-0.0674847364,"muscle23":-0.308538347,"muscle24":0.930872679,"muscle25":0.238629743,"muscle26":0.0494312681,"muscle27":-0.0438199565,"muscle28":2.3772256E-07,"muscle29":0.522007406,"muscle30":-0.067486614,"muscle31":-0.308544487,"muscle32":0.930872083,"muscle33":0.238634497,"muscle34":0.0494341776,"muscle35":-0.0437723249,"muscle36":3.96204285E-07,"muscle37":-0.499999821,"muscle38":0.00360197015,"muscle39":-0.454392284,"muscle40":-0.0183832943,"muscle41":0.258969724,"muscle42":0.123163909,"muscle43":-0.647845089,"muscle44":-0.0156043684,"muscle45":0.0210069958,"muscle46":-0.499997497,"muscle47":0.00360539299,"muscle48":0.399432331,"muscle49":-0.309978217,"muscle50":0.603016615,"muscle51":0.456791162,"muscle52":-1.1879766,"muscle53":-0.0157064516,"muscle54":0.0209405459,"muscle55":-2.43333435,"muscle56":-2,"muscle57":-0.577777803,"muscle58":-0.999999404,"muscle59":-0.999997735,"muscle60":-0.706916511,"muscle61":-2.00000095,"muscle62":0.999999702,"muscle63":-1,"muscle64":-1.39999878,"muscle65":-2.00000072,"muscle66":0.999999464,"muscle67":-1.00000012,"muscle68":-0.299920917,"muscle69":-2,"muscle70":0.99999994,"muscle71":-0.999999881,"muscle72":-0.226242214,"muscle73":-2.00000072,"muscle74":0.999999464,"muscle75":-0.566852212,"muscle76":-1.99999964,"muscle77":0.999843001,"muscle78":0.666500509,"muscle79":-0.0223194696,"muscle80":-0.831349552,"muscle81":0.566410482,"muscle82":0.99999994,"muscle83":-0.0889797732,"muscle84":-0.996857405,"muscle85":0.599740922,"muscle86":0.99999994,"muscle87":-0.155639783,"muscle88":-1.39988124,"muscle89":0.566410482,"muscle90":0.999999642,"muscle91":-0.0889797062,"muscle92":-0.642127216,"muscle93":0.533080816,"muscle94":1,"duration":0.101010099},"strings":{}},{"property":"Muscles","index":4,"time":4.41414118,"ints":{},"floats":{"muscle0":2.24928734E-12,"muscle1":-2.84977662E-13,"muscle2":3.4604432E-13,"muscle3":-2.13454836E-08,"muscle4":1.62844388E-13,"muscle5":-6.31021982E-13,"muscle6":0,"muscle7":0,"muscle8":0,"muscle9":2.13434017E-08,"muscle10":5.90683237E-14,"muscle11":2.68220845E-07,"muscle12":5.33610667E-08,"muscle13":-1.14276801E-07,"muscle14":-1.02534244E-07,"muscle15":-0.324146777,"muscle16":-1.16620834E-06,"muscle17":-0.324148268,"muscle18":-1.58908722E-06,"muscle19":0,"muscle20":0,"muscle21":0.520547271,"muscle22":-0.0643814728,"muscle23":-0.236131877,"muscle24":0.924840748,"muscle25":0.19020617,"muscle26":-0.0448701531,"muscle27":0.0550772324,"muscle28":2.3772256E-07,"muscle29":0.520546854,"muscle30":-0.0643821806,"muscle31":-0.236139029,"muscle32":0.924840093,"muscle33":0.190211505,"muscle34":-0.0448222384,"muscle35":0.0550785176,"muscle36":3.96204285E-07,"muscle37":-0.500000656,"muscle38":0.00360196223,