{
  "animTracks": [
    {
      "properties": [
        "Right Hand Configuration",
        "Left Hand Configuration",
        "Muscles",
        "Facial Expression"
      ],
      "loops": false,
      "keyFrames": [
        {
          "property": "Muscles",
          "index": 5,
          "time": 1.0101006,
          "ints": {},
          "floats": {
            "muscle0": 2.24928734E-12,
            "muscle1": -2.84977662E-13,
            "muscle2": 3.4604432E-13,
            "muscle3": -2.13454836E-08,
            "muscle4": 1.62844388E-13,
            "muscle5": -6.31021982E-13,
            "muscle6": 0,
            "muscle7": 0,
            "muscle8": 0,
            "muscle9": 2.13433218E-08,
            "muscle10": 6.10666438E-14,
            "muscle11": -1.5266661E-14,
            "muscle12": 4.16214874E-07,
            "muscle13": -1.62631125E-07,
            "muscle14": -2.02325872E-08,
            "muscle15": 0,
            "muscle16": -1.31784475E-06,
            "muscle17": 0,
            "muscle18": -1.58908722E-06,
            "muscle19": 0,
            "muscle20": 0,
            "muscle21": 0.51838088,
            "muscle22": -0.0583489649,
            "muscle23": -0.115849443,
            "muscle24": 0.914703906,
            "muscle25": 0.109493852,
            "muscle26": -0.0392559096,
            "muscle27": 0.0588474348,
            "muscle28": 1.53612518E-06,
            "muscle29": 0.518379033,
            "muscle30": -0.0583451837,
            "muscle31": -0.11585436,
            "muscle32": 0.914703906,
            "muscle33": 0.109496027,
            "muscle34": -0.03921514,
            "muscle35": 0.0588507243,
            "muscle36": 1.91298639E-07,
            "muscle37": -0.500002503,
            "muscle38": 0.00360196247,
            "muscle39": -0.506985307,
            "muscle40": 0.247601166,
            "muscle41": -0.378538638,
            "muscle42": 0.921040356,
            "muscle43": 0.457467228,
            "muscle44": -0.0232743006,
            "muscle45": 0.0280675236,
            "muscle46": -0.499996305,
            "muscle47": 0.00360540044,
            "muscle48": -0.178134665,
            "muscle49": -0.192862809,
            "muscle50": 0.68720901,
            "muscle51": -0.782981515,
            "muscle52": 0.734292448,
            "muscle53": -0.126820117,
            "muscle54": 0.358152509,
            "muscle55": 0,
            "muscle56": 0,
            "muscle57": 0,
            "muscle58": 0,
            "muscle59": 0,
            "muscle60": 0,
            "muscle61": 0,
            "muscle62": 0,
            "muscle63": 0,
            "muscle64": 0,
            "muscle65": 0,
            "muscle66": 0,
            "muscle67": 0,
            "muscle68": 0,
            "muscle69": 0,
            "muscle70": 0,
            "muscle71": 0,
            "muscle72": 0,
            "muscle73": 0,
            "muscle74": 0,
            "muscle75": -0.999851108,
            "muscle76": -1.99970484,
            "muscle77": -0.999851465,
            "muscle78": -0.537703037,
            "muscle79": 0.422159702,
            "muscle80": -0.706811428,
            "muscle81": 0.999852538,
            "muscle82": 0.999851942,
            "muscle83": -0.999851465,
            "muscle84": -1.39979267,
            "muscle85": -1.99970627,
            "muscle86": 0.999851942,
            "muscle87": -0.999851525,
            "muscle88": 0.271506757,
            "muscle89": -1.9997046,
            "muscle90": 0.999851227,
            "muscle91": -0.999851525,
            "muscle92": -0.113257892,
            "muscle93": -1.99970543,
            "muscle94": 0.999852717,
            "duration": 0.075757578,
            "muscle-1": 1
          },
          "strings": {
            "interpolation": "default"
          },
          "inTangent": 0,
          "inWeight": 0,
          "outTangent": 0,
          "outWeight": 0,
          "weightedMode": 0
        },
        {
          "property": "Muscles",
          "index": 7,
          "time": 1.87878776,
          "ints": {},
          "floats": {
            "muscle0": 1.70762482E-12,
            "muscle1": -1.22132962E-13,
            "muscle2": -5.36441632E-07,
            "muscle3": -2.13454836E-08,
            "muscle4": 1.62844388E-13,
            "muscle5": -6.31021982E-13,
            "muscle6": 0,
            "muscle7": 0,
            "muscle8": 0,
            "muscle9": 2.13433218E-08,
            "muscle10": 6.10666438E-14,
            "muscle11": -1.5266661E-14,
            "muscle12": 4.26888427E-08,
            "muscle13": -3.07690954E-07,
            "muscle14": 2.26671375E-07,
            "muscle15": 0,
            "muscle16": -1.31784475E-06,
            "muscle17": 0,
            "muscle18": -1.76044443E-06,
            "muscle19": 0,
            "muscle20": 0,
            "muscle21": 0.518023074,
            "muscle22": -0.0570748523,
            "muscle23": -0.0929475501,
            "muscle24": 0.912757158,
            "muscle25": 0.0940511599,
            "muscle26": 0.0586175695,
            "muscle27": -0.0369896777,
            "muscle28": 1.94607014E-06,
            "muscle29": 0.518020809,
            "muscle30": -0.0570703484,
            "muscle31": -0.0929517969,
            "muscle32": 0.912757576,
            "muscle33": 0.0940526724,
            "muscle34": 0.0586212687,
            "muscle35": -0.0369501039,
            "muscle36": 3.96204285E-07,
            "muscle37": -0.500002503,
            "muscle38": 0.00360196247,
            "muscle39": -0.51133728,
            "muscle40": 0.249460191,
            "muscle41": -0.332108557,
            "muscle42": 0.917741239,
            "muscle43": 0.411228895,
            "muscle44": -0.0275349449,
            "muscle45": 0.0356346816,
            "muscle46": -0.499997169,
            "muscle47": 0.00360632851,
            "muscle48": -0.426318735,
            "muscle49": -0.146768808,
            "muscle50": 0.023158418,
            "muscle51": -0.479373217,
            "muscle52": -0.303202301,
            "muscle53": 0.233826503,
            "muscle54": -0.396251291,
            "muscle55": 0,
            "muscle56": 0,
            "muscle57": 0,
            "muscle58": 0,
            "muscle59": 0,
            "muscle60": 0,
            "muscle61": 0,
            "muscle62": 0,
            "muscle63": 0,
            "muscle64": 0,
            "muscle65": 0,
            "muscle66": 0,
            "muscle67": 0,
            "muscle68": 0,
            "muscle69": 0,
            "muscle70": 0,
            "muscle71": 0,
            "muscle72": 0,
            "muscle73": 0,
            "muscle74": 0,
            "muscle75": -0.999850988,
            "muscle76": -1.99970484,
            "muscle77": -0.999851465,
            "muscle78": -0.537703037,
            "muscle79": 0.422159702,
            "muscle80": -0.706811428,
            "muscle81": 0.999852538,
            "muscle82": 0.999851942,
            "muscle83": -0.999851465,
            "muscle84": -1.39979267,
            "muscle85": -1.99970627,
            "muscle86": 0.999851942,
            "muscle87": -0.999851525,
            "muscle88": 0.271506757,
            "muscle89": -1.9997046,
            "muscle90": 0.999851227,
            "muscle91": -0.999851525,
            "muscle92": -0.113257892,
            "muscle93": -1.99970543,
            "muscle94": 0.999852717,
            "duration": 0.49494949,
            "muscle-1": 1
          },
          "strings": {
            "interpolation": "default"
          },
          "inTangent": 0,
          "inWeight": 0,
          "outTangent": 0,
          "outWeight": 0,
          "weightedMode": 0
        },
        {
          "property": "Left Hand Configuration",
          "index": 5,
          "time": 1.0101006,
          "ints": {
            "hash": -31512576
          },
          "floats": {
            "duration": 0.075757578
          },