{"animTracks":[{"properties":["Right Hand Configuration","Left Hand Configuration","Muscles"],"loops":false,"keyFrames":[{"property":"Muscles","index":1,"time":1,"ints":{},"floats":{"muscle0":2.77478591E-07,"muscle1":-5.36441974E-07,"muscle2":-7.93866383E-13,"muscle3":-2.13454836E-08,"muscle4":1.62844388E-13,"muscle5":-6.31021982E-13,"muscle6":0,"muscle7":0,"muscle8":0,"muscle9":2.13434017E-08,"muscle10":5.90683237E-14,"muscle11":2.68220845E-07,"muscle12":2.34787919E-07,"muscle13":5.78708523E-07,"muscle14":-2.2680203E-07,"muscle15":-0.324147046,"muscle16":-1.31784475E-06,"muscle17":-0.324148148,"muscle18":-2.77395998E-07,"muscle19":0,"muscle20":0,"muscle21":0.527684152,"muscle22":-0.0759823099,"muscle23":-0.588656127,"muscle24":0.953825772,"muscle25":0.425628841,"muscle26":0.042562589,"muscle27":-0.0481424928,"muscle28":4.42761603E-07,"muscle29":0.527683556,"muscle30":-0.0759852156,"muscle31":-0.588660777,"muscle32":0.953825891,"muscle33":0.425632775,"muscle34":0.0425663367,"muscle35":-0.0480918102,"muscle36":3.96204285E-07,"muscle37":-0.499999821,"muscle38":0.00360197015,"muscle39":-0.0566597432,"muscle40":-0.0864746422,"muscle41":0.233809203,"muscle42":-0.410387486,"muscle43":0.870515704,"muscle44":-0.182776034,"muscle45":0.265788943,"muscle46":-0.499999195,"muscle47":0.0036051874,"muscle48":-0.155169055,"muscle49":-0.0512764826,"muscle50":0.271735877,"muscle51":-0.565760314,"muscle52":1.1253376,"muscle53":-0.404467732,"muscle54":0.47898522,"muscle55":6.34020703E-09,"muscle56":0.338839084,"muscle57":-0.199971139,"muscle58":0.999855995,"muscle59":0.642052114,"muscle60":-0.964304686,"muscle61":0.844740152,"muscle62":0.844740748,"muscle63":0.665043175,"muscle64":-1.08999228,"muscle65":0.833212852,"muscle66":0.833211541,"muscle67":0.640860736,"muscle68":-1.39979529,"muscle69":0.810817122,"muscle70":0.810817778,"muscle71":0.711345911,"muscle72":-0.7042858,"muscle73":0.811240375,"muscle74":0.811240137,"muscle75":-5.70761394E-08,"muscle76":0.338888228,"muscle77":-0.199999943,"muscle78":1.00000012,"muscle79":0.642144799,"muscle80":-0.964444101,"muscle81":0.844861925,"muscle82":0.844862521,"muscle83":0.665139377,"muscle84":-1.09014976,"muscle85":0.833332598,"muscle86":0.83333236,"muscle87":0.640952885,"muscle88":-1.39999855,"muscle89":0.810934067,"muscle90":0.810933769,"muscle91":0.71144861,"muscle92":-0.704384565,"muscle93":0.811357379,"muscle94":0.811357796},"strings":{}},{"property":"Muscles","index":2,"time":2,"ints":{},"floats":{"muscle0":2.24928734E-12,"muscle1":-2.84977662E-13,"muscle2":3.4604432E-13,"muscle3":-2.13454836E-08,"muscle4":1.62844388E-13,"muscle5":-6.31021982E-13,"muscle6":0,"muscle7":0,"muscle8":0,"muscle9":2.13433218E-08,"muscle10":6.10666438E-14,"muscle11":-1.5266661E-14,"muscle12":2.56132267E-07,"muscle13":1.18221855E-07,"muscle14":2.55482689E-07,"muscle15":-0.324147046,"muscle16":-1.31784475E-06,"muscle17":-0.324148148,"muscle18":-2.77395998E-07,"muscle19":0,"muscle20":0,"muscle21":0.524232626,"muscle22":-0.0713518187,"muscle23":-0.415076047,"muscle24":0.939663708,"muscle25":0.309866637,"muscle26":-0.050906498,"muscle27":0.0511479415,"muscle28":2.3772256E-07,"muscle29":0.524232328,"muscle30":-0.0713544562,"muscle31":-0.415079057,"muscle32":0.939663708,"muscle33":0.309869409,"muscle34":-0.0508563966,"muscle35":0.0511507913,"muscle36":3.96204285E-07,"muscle37":-0.499999821,"muscle38":0.00360197015,"muscle39":-0.102405421,"muscle40":0.000959721801,"muscle41":0.279311776,"muscle42":-0.773095191,"muscle43":0.913433671,"muscle44":-0.0828830898,"muscle45":0.265241057,"muscle46":-0.499998987,"muscle47":0.0036056363,"muscle48":-0.164227188,"muscle49":-0.158872858,"muscle50":0.215795711,"muscle51":-0.269144058,"muscle52":1.12009394,"muscle53":-0.404468924,"muscle54":0.478282809,"muscle55":-1.45861563E-07,"muscle56":0.338838518,"muscle57":-0.199971139,"muscle58":0.999852657,"muscle59":0.642049909,"muscle60":-0.964301407,"muscle61":0.844737351,"muscle62":0.844737828,"muscle63":0.665041029,"muscle64":-1.0899893,"muscle65":0.833209872,"muscle66":0.833209038,"muscle67":0.711343825,"muscle68":-0.704280794,"muscle69":0.811237454,"muscle70":0.811237454,"muscle71":0.640858352,"muscle72":-1.39979243,"muscle73":0.810814381,"muscle74":0.810814559,"muscle75":-1.10990719E-07,"muscle76":0.338837177,"muscle77":-0.199969947,"muscle78":0.999852061,"muscle79":0.642049909,"muscle80":-0.964301348,"muscle81":0.844737351,"muscle82":0.844737589,"muscle83":0.665041268,"muscle84":-1.08998942,"muscle85":0.833209515,"muscle86":0.833209217,"muscle87":0.640857995,"muscle88":-1.39979243,"muscle89":0.810814381,"muscle90":0.810814083,"muscle91":0.711343646,"muscle92":-0.704280436,"muscle93":0.811237335,"muscle94":0.811237454,"duration":0},"strings":{}},{"property":"Muscles","index":3,"time":3,"ints":{},"floats":{"muscle0":2.24928734E-12,"muscle1":-2.84977662E-13,"muscle2":3.4604432E-13,"muscle3":-2.13454836E-08,"muscle4":1.62844388E-13,"muscle5":-6.31021982E-13,"muscle6":0,"muscle7":0,"muscle8":0,"muscle9":2.13434017E-08,"muscle10":5.90683237E-14,"muscle11":2.68220845E-07,"muscle12":1.4941061E-07,"muscle13":-2.3628867E-07,"muscle14":-1.96360403E-07,"muscle15":-0.324147046,"muscle16":-1.31784475E-06,"muscle17":-0.324148148,"muscle18":-2.77395998E-07,"muscle19":0,"muscle20":0,"muscle21":0.524232686,"muscle22":-0.0713521242,"muscle23":-0.415076971,"muscle24":0.939663887,"muscle25":0.309867144,"muscle26":-0.0509063415,"muscle27":0.0511479937,"muscle28":2.3772256E-07,"muscle29":0.524231791,"muscle30":-0.0713546872,"muscle31":-0.415077358,"muscle32":0.939663708,"muscle33":0.309868276,"muscle34":-0.0508555695,"muscle35":0.051151447,"muscle36":3.96204285E-07,"muscle37":-0.499998927,"muscle38":0.00360286771,"muscle39":-0.0715391636,"muscle40":-0.0709842965,"muscle41":0.226742521,"muscle42":-0.485520422,"muscle43":0.871275604,"muscle44":-0.182734892,"muscle45":0.265603542,"muscle46":-0.499999195,"muscle47":0.0036051874,"muscle48":-0.154847205,"muscle49":-0.0511857904,"muscle50":0.271535337,"muscle51":-0.565481007,"muscle52":1.12526965,"muscle53":-0.404470831,"muscle54":0.478314072,"muscle55":-1.45861563E-07,"muscle56":0.338838518,"muscle57":-0.199970484,"muscle58":0.999852657,"muscle59":0.642049909,"muscle60":-0.964301407,"muscle61":0.844737351,"muscle62":0.844737828,"muscle63":0.665041029,"muscle64":-1.0899893,"muscle65":0.833209872,"muscle66":0.833209038,"muscle67":0.711343825,"muscle68":-0.704280794,"muscle69":0.811237454,"muscle70":0.811237454,"muscle71":0.640858352,"muscle72":-1.39979243,"muscle73":0.810814381,"muscle74":0.810814977,"muscle75":-1.23671001E-07,"muscle76":0.338837594,"muscle77":-0.199970424,"muscle78":0.999852479,"muscle79":0.642049909,"muscle80":-0.964301348,"muscle81":0.844737351,"muscle82":0.844737589,"muscle83":0.665041089,"muscle84":-1.08998942,"muscle85":0.833209515,"muscle86":0.833209217,"muscle87":0.640857995,"muscle88":-1.39979243,"muscle89":0.810814381,"muscle90":0.810814083,"muscle91":0.711343646,"muscle92":-0.704280436,"muscle93":0.811237335,"muscle94":0.811237454,"duration":0},"strings":{}},{"property":"Muscles","index":4,"time":4,"ints":{},"floats":{"muscle0":2.24928734E-12,"muscle1":-2.84977662E-13,"muscle2":3.4604432E-13,"muscle3":-2.13454836E-08,"muscle4":1.62844388E-13,"muscle5":-6.31021982E-13,"muscle6":0,"muscle7":0,"muscle8":0,"muscle9":2.13434017E-08,"muscle10":5.90683237E-14,"muscle11":2.68220845E-07,"muscle12":1.4941061E-07,"muscle13":-2.3628867E-07,"muscle14":-1.96360403E-07,"muscle15":-0.324147046,"muscle16":-1.31784475E-06,"muscle17":-0.324148148,"muscle18":-2.77395998E-07,"muscle19":0,"muscle20":0,"muscle21":0.522006869,"muscle22":-0.0674844161,"muscle23":-0.308530807,"muscle24":0.930871546,"muscle25":0.238624871,"muscle26":0.049439881,"muscle27":-0.0438276157,"muscle28":4.42761603E-07,"muscle29":0.522006392,"muscle30":-0.0674872622,"muscle31":-0.308532208,"muscle32":0.930870771,"muscle33":0.238626748,"muscle34":0.0494418517,"muscle35":-0.0437786281,"muscle36":3.96204285E-07,"muscle37":-0.499998927,"muscle38":0.00360286771,