{"animTracks":[{"properties":["Right Hand Configuration","Left Hand Configuration","Muscles","Facial Expression"],"loops":false,"keyFrames":[{"property":"Muscles","index":1,"time":1,"ints":{},"floats":{"muscle0":2.56134228E-07,"muscle1":-1.42488763E-13,"muscle2":-5.49599645E-13,"muscle3":2.13431885E-08,"muscle4":-4.07110868E-14,"muscle5":0,"muscle6":0,"muscle7":0,"muscle8":0,"muscle9":-2.13452704E-08,"muscle10":2.23540313E-14,"muscle11":2.682211E-07,"muscle12":-0.176999986,"muscle13":1.95387557E-07,"muscle14":-2.5273215E-07,"muscle15":-0.324147224,"muscle16":7.54565477E-08,"muscle17":-0.32414791,"muscle18":-1.25760167E-07,"muscle19":0,"muscle20":0,"muscle21":0.527684629,"muscle22":-0.0759822652,"muscle23":-0.588656783,"muscle24":0.953825772,"muscle25":0.425629228,"muscle26":0.042562034,"muscle27":-0.0481425785,"muscle28":5.79231937E-07,"muscle29":0.527684867,"muscle30":-0.0759847462,"muscle31":-0.588661671,"muscle32":0.953825772,"muscle33":0.425633192,"muscle34":0.0425647497,"muscle35":-0.0480923951,"muscle36":-8.17754753E-08,"muscle37":-0.499999434,"muscle38":0.00360218296,"muscle39":-0.512599766,"muscle40":0.210586742,"muscle41":-0.169809639,"muscle42":0.99277091,"muscle43":0.268193185,"muscle44":-0.0158367883,"muscle45":0.0202510636,"muscle46":-0.499999315,"muscle47":0.00360563514,"muscle48":-0.228492767,"muscle49":0.119035169,"muscle50":-0.0871132612,"muscle51":-0.155798167,"muscle52":0.444650471,"muscle53":-0.133890897,"muscle54":-0.00818274263,"muscle55":0,"muscle56":0,"muscle57":0,"muscle58":0,"muscle59":0,"muscle60":0,"muscle61":0,"muscle62":0,"muscle63":0,"muscle64":0,"muscle65":0,"muscle66":0,"muscle67":0,"muscle68":0,"muscle69":0,"muscle70":0,"muscle71":0,"muscle72":0,"muscle73":0,"muscle74":0,"muscle75":-0.999999404,"muscle76":-1.99999905,"muscle77":-0.999999821,"muscle78":-0.537781775,"muscle79":0.422222376,"muscle80":-0.706916511,"muscle81":0.99999994,"muscle82":0.999999702,"muscle83":-0.999999464,"muscle84":-1.39999878,"muscle85":-2.00000095,"muscle86":0.999999702,"muscle87":-1,"muscle88":0.271548212,"muscle89":-2.00000072,"muscle90":0.999999464,"muscle91":-1,"muscle92":-0.113273911,"muscle93":-2.00000072,"muscle94":1},"strings":{},"inTangent":0,"inWeight":0,"outTangent":0,"outWeight":0,"weightedMode":0},{"property":"Muscles","index":2,"time":1.71212137,"ints":{},"floats":{"muscle0":7.89742103E-07,"muscle1":3.31082004E-13,"muscle2":-5.36442315E-07,"muscle3":2.13431885E-08,"muscle4":-4.07110868E-14,"muscle5":0,"muscle6":0,"muscle7":0,"muscle8":0,"muscle9":-2.13452367E-08,"muscle10":2.68220958E-07,"muscle11":2.68221157E-07,"muscle12":-0.177000403,"muscle13":-8.80594442E-08,"muscle14":5.66121088E-08,"muscle15":0,"muscle16":-1.97229184E-07,"muscle17":0,"muscle18":1.55238649E-08,"muscle19":0,"muscle20":0,"muscle21":0.524234176,"muscle22":-0.071352832,"muscle23":-0.415076345,"muscle24":0.939663708,"muscle25":0.309826016,"muscle26":0.0397860892,"muscle27":-0.0395609699,"muscle28":8.52572839E-07,"muscle29":0.524233341,"muscle30":-0.071352914,"muscle31":-0.415080577,"muscle32":0.93966347,"muscle33":0.309829444,"muscle34":0.0397896692,"muscle35":-0.0395157114,"muscle36":-8.17754753E-08,"muscle37":-0.499999434,"muscle38":0.00360218296,"muscle39":-0.514532804,"muscle40":0.210906997,"muscle41":-0.113972366,"muscle42":0.9886536,"muscle43":0.212616786,"muscle44":-0.0172178503,"muscle45":0.0212171376,"muscle46":-0.500000954,"muscle47":0.00360560464,"muscle48":-0.228553772,"muscle49":0.119046152,"muscle50":-0.0870709643,"muscle51":-0.155804336,"muscle52":-0.60799098,"muscle53":-0.322573453,"muscle54":-0.00814101566,"muscle55":0,"muscle56":0,"muscle57":0,"muscle58":0,"muscle59":0,"muscle60":0,"muscle61":0,"muscle62":0,"muscle63":0,"muscle64":0,"muscle65":0,"muscle66":0,"muscle67":0,"muscle68":0,"muscle69":0,"muscle70":0,"muscle71":0,"muscle72":0,"muscle73":0,"muscle74":0,"muscle75":-0.999999404,"muscle76":-1.99999905,"muscle77":-0.999999821,"muscle78":-0.537781775,"muscle79":0.422222376,"muscle80":-0.706916511,"muscle81":0.999999702,"muscle82":0.999999702,"muscle83":-0.999999464,"muscle84":-1.39999878,"muscle85":-2.00000095,"muscle86":0.999999702,"muscle87":-1,"muscle88":0.271548212,"muscle89":-2.00000095,"muscle90":0.999999464,"muscle91":-1,"muscle92":-0.113273911,"muscle93":-2.00000095,"muscle94":1,"duration":0,"muscle-1":1},"strings":{"interpolation":"default"},"inTangent":0,"inWeight":0,"outTangent":0,"outWeight":0,"weightedMode":0},{"property":"Left Hand Configuration","index":1,"time":1,"ints":{"hash":1092599808},"floats":{},"strings":{"name":"-"},"inTangent":0,"inWeight":0,"outTangent":0,"outWeight":0,"weightedMode":0},{"property":"Left Hand Configuration","index":2,"time":1.71212137,"ints":{"hash":1433651200},"floats":{"duration":0},"strings":{"name":"-"},"inTangent":0,"inWeight":0,"outTangent":0,"outWeight":0,"weightedMode":0},{"property":"Right Hand Configuration","index":1,"time":1,"ints":{"hash":520520704},"floats":{},"strings":{"name":"indicativa"},"inTangent":0,"inWeight":0,"outTangent":0,"outWeight":0,"weightedMode":0},{"property":"Right Hand Configuration","index":2,"time":1.71212137,"ints":{"hash":289492992},"floats":{"duration":0},"strings":{"name":"indicativa"},"inTangent":0,"inWeight":0,"outTangent":0,"outWeight":0,"weightedMode":0},{"property":"Facial Expression","index":1,"time":1,"ints":{},"floats":{},"strings":{"faceName":"Neutra"},"inTangent":0,"inWeight":0,"outTangent":0,"outWeight":0,"weightedMode":0},{"property":"Facial Expression","index":2,"time":1.71212137,"ints":{},"floats":{},"strings":{"faceName":"Neutra"},"inTangent":0,"inWeight":0,"outTangent":0,"outWeight":0,"weightedMode":0}]},{"properties":["Face Animation Neutra"],"loops":false,"keyFrames":[{"property":"Face Animation Neutra","index":0,"time":0,"ints":{},"floats":{"girl_head_.blendShape.mClose":100,"girl_head_.blendShape.A":0,"girl_head_.blendShape.Cons":0,"girl_head_.blendShape.Fv":0,"girl_head_.blendShape.mLSide":0,"girl_head_.blendShape.mLSideUp":0,"girl_head_.blendShape.mRSide":0,"girl_head_.blendShape.mRSideUp":0,"girl_head_.blendShape.O":0,"girl_head_.blendShape.smile":0,"girl_head_.blendShape.U":0,"girl_hair.blendShape.cheek1":0,"girl_hair.blendShape.cheek2":0,"girl_hair.blendShape.cheek3":0,"girl_head_.blendShape.Bmp":0,"girl_head_.blendShape.E":0,"girl_head_.blendShape.F001":0,"girl_head_.blendShape.F003":0,"girl_head_.blendShape.F005":0,"girl_head_.blendShape.F006":0,"girl_head_.blendShape.F007":0,"girl_head_.blendShape.F007left":0,"girl_head_.blendShape.F008":0,"girl_head_.blendShape.F017":0,"girl_head_.blendShape.F019":0,"girl_head_.blendShape.F024":0,"girl_head_.blendShape.F031":0,"girl_head_.blendShape.LEyeBMad":0,"girl_head_.blendShape.LEyeClose":0,"girl_head_.blendShape.LEyeLidUp":0,"girl_head_.blendShape.LEyeMad":0,"girl_head_.blendShape.LEyeSad":0,"girl_head_.blendShape.LeyeBUp":0,"girl_head_.blendShape.mSad":0,"girl_head_.blendShape.REyeBMad":0,"girl_head_.blendShape.REyeClose":0,"girl_head_.blendShape.REyeLidUp":0,"girl_head_.blendShape.REyeMad":0,"girl_head_.blendShape.REyeSad":0,"girl_head_.blendShape.ReyeBSad":0,"girl_head_.blendShape.ReyeBUp":0,