{
  "animTracks": [
    {
      "properties": [
        "Right Hand Configuration",
        "Left Hand Configuration",
        "Muscles",
        "Facial Expression"
      ],
      "loops": false,
      "keyFrames": [
        {
          "property": "Muscles",
          "index": 1,
          "time": 1,
          "ints": {},
          "floats": {
            "muscle0": 2.1398753E-12,
            "muscle1": -4.07110923E-13,
            "muscle2": -9.56710622E-13,
            "muscle3": -1.48849899E-12,
            "muscle4": -1.69222731E-25,
            "muscle5": -3.25688776E-13,
            "muscle6": 0,
            "muscle7": 0,
            "muscle8": 0,
            "muscle9": -3.96933029E-13,
            "muscle10": -4.0711097E-14,
            "muscle11": -3.25688776E-13,
            "muscle12": 1.38737931E-07,
            "muscle13": 1.30605528E-07,
            "muscle14": 1.02331555E-07,
            "muscle15": 0,
            "muscle16": -3.13225756E-09,
            "muscle17": 0,
            "muscle18": -2.60550999E-12,
            "muscle19": 0,
            "muscle20": 0,
            "muscle21": 0.527684987,
            "muscle22": -0.075982213,
            "muscle23": -0.588656247,
            "muscle24": 0.953825712,
            "muscle25": 0.4257029,
            "muscle26": -0.0594078712,
            "muscle27": 0.0538544767,
            "muscle28": 3.74593156E-07,
            "muscle29": 0.527683496,
            "muscle30": -0.0759853348,
            "muscle31": -0.588659286,
            "muscle32": 0.953825295,
            "muscle33": 0.425705791,
            "muscle34": -0.0593609177,
            "muscle35": 0.053863246,
            "muscle36": 1.94633657E-07,
            "muscle37": -0.499999434,
            "muscle38": 0.00360223628,
            "muscle39": -0.486230165,
            "muscle40": 0.0961598232,
            "muscle41": 0.181324303,
            "muscle42": -0.467857569,
            "muscle43": 0.577534735,
            "muscle44": -0.685860276,
            "muscle45": 0.999501824,
            "muscle46": -0.499998987,
            "muscle47": 0.00360562769,
            "muscle48": -0.383875936,
            "muscle49": -0.100935735,
            "muscle50": 0.0273253862,
            "muscle51": -0.282670736,
            "muscle52": 0.495141357,
            "muscle53": -0.443498701,
            "muscle54": 0.999901414,
            "muscle55": -0.599999785,
            "muscle56": 0.138887182,
            "muscle57": 3.64950097E-08,
            "muscle58": 1,
            "muscle59": 0.553256035,
            "muscle60": 0.288638294,
            "muscle61": -0.321803927,
            "muscle62": 0.0799996033,
            "muscle63": 0.665139079,
            "muscle64": -0.436817974,
            "muscle65": -0.195989981,
            "muscle66": 0.16000016,
            "muscle67": 0.640953362,
            "muscle68": 0.271548152,
            "muscle69": -0.266666353,
            "muscle70": 0.599999964,
            "muscle71": 0.578116179,
            "muscle72": 0.695615411,
            "muscle73": -0.321974754,
            "muscle74": 0.120000131,
            "muscle75": -0.599999487,
            "muscle76": 0.138887227,
            "muscle77": 4.87870651E-08,
            "muscle78": 1.00000012,
            "muscle79": 0.553255916,
            "muscle80": 0.288638234,
            "muscle81": -0.321804136,
            "muscle82": 0.080000028,
            "muscle83": 0.665139318,
            "muscle84": -0.436818361,
            "muscle85": -0.19599013,
            "muscle86": 0.160000041,
            "muscle87": 0.640953422,
            "muscle88": 0.271548092,
            "muscle89": -0.266666323,
            "muscle90": 0.600000024,
            "muscle91": 0.578116179,
            "muscle92": 0.695615232,
            "muscle93": -0.321975172,
            "muscle94": 0.120000355,
            "muscle-1": 1
          },
          "strings": {
            "interpolation": "smooth"
          },
          "inTangent": 0,
          "inWeight": 0,
          "outTangent": 0,
          "outWeight": 0,
          "weightedMode": 0
        },
        {
          "property": "Muscles",
          "index": 2,
          "time": 1.72727263,
          "ints": {},
          "floats": {
            "muscle0": 2.1398753E-12,
            "muscle1": -4.07110923E-13,
            "muscle2": -9.56710622E-13,
            "muscle3": -1.48849899E-12,
            "muscle4": -1.69222731E-25,
            "muscle5": -3.25688776E-13,
            "muscle6": 0,
            "muscle7": 0,
            "muscle8": 0,
            "muscle9": -3.96933029E-13,
            "muscle10": -4.0711097E-14,
            "muscle11": -3.25688776E-13,
            "muscle12": 3.09492634E-07,
            "muscle13": 1.42129636E-07,
            "muscle14": -6.80340193E-08,
            "muscle15": 0,
            "muscle16": 4.83886538E-07,
            "muscle17": 0,
            "muscle18": -2.60550999E-12,
            "muscle19": 0,
            "muscle20": 0,
            "muscle21": 0.524233222,
            "muscle22": -0.071351774,
            "muscle23": -0.415074736,
            "muscle24": 0.939663708,
            "muscle25": 0.30993697,
            "muscle26": -0.0621741973,
            "muscle27": 0.0624383017,
            "muscle28": 3.74593156E-07,
            "muscle29": 0.524232328,
            "muscle30": -0.0713532716,
            "muscle31": -0.415078014,
            "muscle32": 0.939663529,
            "muscle33": 0.309939384,
            "muscle34": -0.0621278472,
            "muscle35": 0.0624450259,
            "muscle36": 3.996727E-07,
            "muscle37": -0.499998987,
            "muscle38": 0.00360269262,
            "muscle39": -0.381510347,
            "muscle40": 0.129212976,
            "muscle41": 0.29041034,
            "muscle42": -0.473050207,
            "muscle43": 0.945599437,
            "muscle44": -0.685602069,
            "muscle45": 0.99855876,
            "muscle46": -0.499999076,
            "muscle47": 0.00360561302,
            "muscle48": -0.369882226,
            "muscle49": 0.105787307,
            "muscle50": 0.267101645,
            "muscle51": -0.551570356,
            "muscle52": 0.969742119,
            "muscle53": -0.31456095,
            "muscle54": 0.999171257,
            "muscle55": -0.633333921,
            "muscle56": 0.133333415,
            "muscle57": 0.711110234,
            "muscle58": 0.999999702,
            "muscle59": 0.311110646,
            "muscle60": -0.0224725213,
            "muscle61": -2.00000072,
            "muscle62": -0.99999994,
            "muscle63": 0.222222045,
            "muscle64": -1.39999855,
            "muscle65": -2.00000072,
            "muscle66": -1.00000095,
            "muscle67": 0.288888931,
            "muscle68": 0.653334498,
            "muscle69": -1.89999938,
            "muscle70": -0.999999702,
            "muscle71": 0.333333135,
            "muscle72": 1.06894863,
            "muscle73": -2.00000095,
            "muscle74": -0.999999702,
            "muscle75": -0.633333743,
            "muscle76": 0.133334741,
            "muscle77": 0.71111083,
            "muscle78": 1.00000012,
            "muscle79": 0.311110675,
            "muscle80": -0.0224727672,
            "muscle81": -2.00000095,
            "muscle82": -1.00000012,
            "muscle83": 0.222222075,
            "muscle84": -1.39999843,
            "muscle85": -2.00000095,
            "muscle86": -0.999999344,
            "muscle87": 0.288888961,
            "muscle88": 0.653334498,
            "muscle89": -1.89999962,
            "muscle90": -1,
            "muscle91": 0.333333164,
            "muscle92": 1.06894791,
            "muscle93": -2.00000072,
            "muscle94": -1.00000012,
            "duration": 0,
            "muscle-1": 1
          },
          "strings": {
            "interpolation": "smooth"
          },
          "inTangent": 0,
          "inWeight": 0,
          "outTangent": 0,