{"animTracks":[{"properties":["Right Hand Configuration","Left Hand Configuration","Muscles"],"loops":false,"keyFrames":[{"property":"Muscles","index":1,"time":1,"ints":{},"floats":{"muscle0":2.77478591E-07,"muscle1":-5.36441974E-07,"muscle2":-7.93866383E-13,"muscle3":-2.13454836E-08,"muscle4":1.62844388E-13,"muscle5":-6.31021982E-13,"muscle6":0,"muscle7":0,"muscle8":0,"muscle9":2.13434017E-08,"muscle10":5.90683237E-14,"muscle11":2.68220845E-07,"muscle12":2.34787919E-07,"muscle13":5.78708523E-07,"muscle14":-2.2680203E-07,"muscle15":-0.324147046,"muscle16":-1.31784475E-06,"muscle17":-0.324148148,"muscle18":-2.77395998E-07,"muscle19":0,"muscle20":0,"muscle21":0.527684152,"muscle22":-0.0759823099,"muscle23":-0.588656127,"muscle24":0.953825772,"muscle25":0.425628841,"muscle26":0.042562589,"muscle27":-0.0481424928,"muscle28":4.42761603E-07,"muscle29":0.527683556,"muscle30":-0.0759852156,"muscle31":-0.588660777,"muscle32":0.953825891,"muscle33":0.425632775,"muscle34":0.0425663367,"muscle35":-0.0480918102,"muscle36":3.96204285E-07,"muscle37":-0.499999821,"muscle38":0.00360197015,"muscle39":-0.427046269,"muscle40":0.125468314,"muscle41":0.375686526,"muscle42":-0.54578799,"muscle43":0.181706101,"muscle44":-0.015839668,"muscle45":-0.46027416,"muscle46":-0.499999195,"muscle47":0.0036051874,"muscle48":-0.409948736,"muscle49":0.123862207,"muscle50":0.353858382,"muscle51":-0.517211795,"muscle52":0.194254518,"muscle53":-0.0158378035,"muscle54":-0.614399791,"muscle55":-0.999998748,"muscle56":-1.99999964,"muscle57":-0.999999225,"muscle58":-0.537782431,"muscle59":0.422222346,"muscle60":-0.706916511,"muscle61":0.999999821,"muscle62":0.999999702,"muscle63":-1,"muscle64":-1.39999866,"muscle65":-2,"muscle66":0.999999702,"muscle67":-0.99999994,"muscle68":0.27154842,"muscle69":-2.00000095,"muscle70":0.999999404,"muscle71":-0.999999881,"muscle72":-0.113273934,"muscle73":-1.99999964,"muscle74":1,"muscle75":-0.999999166,"muscle76":-1.99999976,"muscle77":-0.999999464,"muscle78":-0.537782371,"muscle79":0.422222316,"muscle80":-0.706916392,"muscle81":0.999999642,"muscle82":0.999999523,"muscle83":-0.999999583,"muscle84":-1.3999989,"muscle85":-2.00000095,"muscle86":0.999999702,"muscle87":-1,"muscle88":0.271548212,"muscle89":-1.99999988,"muscle90":0.999998808,"muscle91":-1,"muscle92":-0.113273993,"muscle93":-2.00000095,"muscle94":1},"strings":{}},{"property":"Muscles","index":2,"time":1.62626255,"ints":{},"floats":{"muscle0":2.24928734E-12,"muscle1":-2.84977662E-13,"muscle2":3.4604432E-13,"muscle3":-2.13454836E-08,"muscle4":1.62844388E-13,"muscle5":-6.31021982E-13,"muscle6":0,"muscle7":0,"muscle8":0,"muscle9":2.13433218E-08,"muscle10":6.10666438E-14,"muscle11":-1.5266661E-14,"muscle12":-1.06719442E-08,"muscle13":-1.93697005E-07,"muscle14":-1.9347894E-07,"muscle15":-0.324147046,"muscle16":-1.31784475E-06,"muscle17":-0.324148148,"muscle18":-2.77395998E-07,"muscle19":0,"muscle20":0,"muscle21":0.524232745,"muscle22":-0.0713516995,"muscle23":-0.415076137,"muscle24":0.939663708,"muscle25":0.309866607,"muscle26":-0.0509065837,"muscle27":0.0511471145,"muscle28":2.3772256E-07,"muscle29":0.524231553,"muscle30":-0.0713549405,"muscle31":-0.415078968,"muscle32":0.93966347,"muscle33":0.309869438,"muscle34":-0.0508559346,"muscle35":0.0511513688,"muscle36":3.96204285E-07,"muscle37":-0.499999821,"muscle38":0.00360197015,"muscle39":-0.437041134,"muscle40":0.115846403,"muscle41":0.829406917,"muscle42":-0.543374538,"muscle43":0.184261993,"muscle44":-0.0155341411,"muscle45":-0.460380048,"muscle46":-0.499998987,"muscle47":0.0036056363,"muscle48":-0.409712166,"muscle49":0.123918988,"muscle50":-0.0621349216,"muscle51":-0.54999125,"muscle52":0.194307327,"muscle53":-0.0156456083,"muscle54":-0.614423454,"muscle55":-0.999851346,"muscle56":-1.99970448,"muscle57":-0.999851763,"muscle58":-0.537703037,"muscle59":0.42215991,"muscle60":-0.706811368,"muscle61":0.999852538,"muscle62":0.999851763,"muscle63":-0.999852419,"muscle64":-1.39979279,"muscle65":-1.99970448,"muscle66":0.999851763,"muscle67":-0.999852419,"muscle68":-0.113256328,"muscle69":-1.99970484,"muscle70":0.999852538,"muscle71":-0.999852419,"muscle72":0.271508247,"muscle73":-1.99970615,"muscle74":0.999851882,"muscle75":-0.999850988,"muscle76":-1.99970484,"muscle77":-0.999851763,"muscle78":-0.537703097,"muscle79":0.42215991,"muscle80":-0.706811368,"muscle81":0.999851942,"muscle82":0.999851942,"muscle83":-0.999851882,"muscle84":-1.39979267,"muscle85":-1.99970627,"muscle86":0.999852061,"muscle87":-0.99985224,"muscle88":0.271508127,"muscle89":-1.9997046,"muscle90":0.999851227,"muscle91":-0.999852359,"muscle92":-0.113257922,"muscle93":-1.99970615,"muscle94":0.999852717,"duration":0},"strings":{}},{"property":"Muscles","index":3,"time":2.21212101,"ints":{},"floats":{"muscle0":2.24928734E-12,"muscle1":-2.84977662E-13,"muscle2":3.4604432E-13,"muscle3":-2.13454836E-08,"muscle4":1.62844388E-13,"muscle5":-6.31021982E-13,"muscle6":0,"muscle7":0,"muscle8":0,"muscle9":2.13433218E-08,"muscle10":6.10666438E-14,"muscle11":-1.5266661E-14,"muscle12":-2.1343924E-08,"muscle13":-6.70219549E-07,"muscle14":-7.39148163E-07,"muscle15":-0.324146777,"muscle16":-1.16620834E-06,"muscle17":-0.324148268,"muscle18":-1.58908722E-06,"muscle19":0,"muscle20":0,"muscle21":0.52200675,"muscle22":-0.0674838275,"muscle23":-0.308528066,"muscle24":0.930871427,"muscle25":0.238681063,"muscle26":-0.0525987707,"muscle27":0.0582349151,"muscle28":8.5270625E-07,"muscle29":0.522004962,"muscle30":-0.0674875975,"muscle31":-0.308534324,"muscle32":0.930870652,"muscle33":0.238686204,"muscle34":-0.0525484756,"muscle35":0.0582387336,"muscle36":7.38113954E-07,"muscle37":-0.499999821,"muscle38":0.00360197015,"muscle39":-0.436691552,"muscle40":0.115802743,"muscle41":0.00100903667,"muscle42":-0.543359756,"muscle43":0.184287295,"muscle44":-0.0154472617,"muscle45":-0.460437804,"muscle46":-0.499999195,"muscle47":0.0036051874,"muscle48":-0.409066558,"muscle49":0.123892024,"muscle50":0.747562349,"muscle51":-0.549972415,"muscle52":0.194425344,"muscle53":-0.0151606314,"muscle54":-0.614720225,"muscle55":-0.999851584,"muscle56":-1.999704,"muscle57":-0.999851763,"muscle58":-0.537702978,"muscle59":0.42215991,"muscle60":-0.706811368,"muscle61":0.999852538,"muscle62":0.999851763,"muscle63":-0.999852419,"muscle64":-1.39979279,"muscle65":-1.99970448,"muscle66":0.999851763,"muscle67":-0.999852419,"muscle68":-0.113256328,"muscle69":-1.99970484,"muscle70":0.999852538,"muscle71":-0.999852419,"muscle72":0.271508247,"muscle73":-1.99970615,"muscle74":0.999851882,"muscle75":-0.999850988,"muscle76":-1.99970484,"muscle77":-0.999851763,"muscle78":-0.537703097,"muscle79":0.42215991,"muscle80":-0.706811368,"muscle81":0.999851942,"muscle82":0.999851942,"muscle83":-0.999851882,"muscle84":-1.39979267,"muscle85":-1.99970627,"muscle86":0.999851942,"muscle87":-0.99985224,"muscle88":0.271508127,"muscle89":-1.9997046,"muscle90":0.999851227,"muscle91":-0.999852359,"muscle92":-0.113257922,"muscle93":-1.99970615,"muscle94":0.999852896,"duration":0},"strings":{}},{"property":"Muscles","index":4,"time":2.82323241,"ints":{},"floats":{"muscle0":2.24928734E-12,"muscle1":-2.84977662E-13,"muscle2":3.4604432E-13,"muscle3":-2.13454836E-08,"muscle4":1.62844388E-13,"muscle5":-6.31021982E-13,"muscle6":0,"muscle7":0,"muscle8":0,"muscle9":2.13433218E-08,"muscle10":6.10666438E-14,"muscle11":-1.5266661E-14,"muscle12":8.53777848E-08,"muscle13":-7.12811072E-07,"muscle14":-7.42029897E-07,"muscle15":-0.324147046,"muscle16":-1.31784475E-06,"muscle17":-0.324148148,"muscle18":-2.77395998E-07,"muscle19":0,"muscle20":0,"muscle21":0.522009611,"muscle22":-0.0674867183,"muscle23":-0.308531106,"muscle24":0.930871248,"muscle25":0.238683313,"muscle26":-0.0526015796,"muscle27":0.0582399219,"muscle28":8.5270625E-07,"muscle29":0.52200222,"muscle30":-0.067485109,"muscle31":-0.308532715,"muscle32":0.930870354,"muscle33":0.238685071,"muscle34":-0.0525459498,"muscle35":0.0582339428,"muscle36":7.38113954E-07,"muscle37":-0.499999821,"muscle38":0.00360197015,"muscle39":-0.436977029,