{
  "animTracks": [
    {
      "properties": [
        "Right Hand Configuration",
        "Left Hand Configuration",
        "Muscles",
        "Facial Expression"
      ],
      "loops": false,
      "keyFrames": [
        {
          "property": "Muscles",
          "index": 1,
          "time": 1,
          "ints": {},
          "floats": {
            "muscle0": 2.1398753E-12,
            "muscle1": -4.07110923E-13,
            "muscle2": -9.56710622E-13,
            "muscle3": -1.48849899E-12,
            "muscle4": -1.69222731E-25,
            "muscle5": -3.25688776E-13,
            "muscle6": 0,
            "muscle7": 0,
            "muscle8": 0,
            "muscle9": -3.96933029E-13,
            "muscle10": -4.0711097E-14,
            "muscle11": -3.25688776E-13,
            "muscle12": 1.38737931E-07,
            "muscle13": 1.30605528E-07,
            "muscle14": 1.02331555E-07,
            "muscle15": 0,
            "muscle16": -3.13225756E-09,
            "muscle17": 0,
            "muscle18": -2.60550999E-12,
            "muscle19": 0,
            "muscle20": 0,
            "muscle21": 0.527684987,
            "muscle22": -0.075982213,
            "muscle23": -0.588656247,
            "muscle24": 0.953825712,
            "muscle25": 0.4257029,
            "muscle26": -0.0594078712,
            "muscle27": 0.0538544767,
            "muscle28": 3.74593156E-07,
            "muscle29": 0.527683496,
            "muscle30": -0.0759853348,
            "muscle31": -0.588659286,
            "muscle32": 0.953825295,
            "muscle33": 0.425705791,
            "muscle34": -0.0593609177,
            "muscle35": 0.053863246,
            "muscle36": 1.94633657E-07,
            "muscle37": -0.499999434,
            "muscle38": 0.00360223628,
            "muscle39": -0.511494517,
            "muscle40": -0.00533652725,
            "muscle41": 0.0830863118,
            "muscle42": -0.592534781,
            "muscle43": 0.429177493,
            "muscle44": 0.369611382,
            "muscle45": 0.999855876,
            "muscle46": -0.499998987,
            "muscle47": 0.00360562769,
            "muscle48": -0.512093723,
            "muscle49": 0.0116544962,
            "muscle50": 0.122635588,
            "muscle51": -0.576412976,
            "muscle52": 0.587066114,
            "muscle53": 0.290515691,
            "muscle54": 0.999113023,
            "muscle55": -1.89999938,
            "muscle56": -1.70000064,
            "muscle57": 0.622221947,
            "muscle58": 0.688889027,
            "muscle59": 0.533333361,
            "muscle60": -0.893583417,
            "muscle61": 0.799999952,
            "muscle62": 0.799999952,
            "muscle63": -1.00000012,
            "muscle64": -0.436818033,
            "muscle65": -1.99999964,
            "muscle66": 0.999999642,
            "muscle67": -0.99999994,
            "muscle68": 0.271548241,
            "muscle69": -2.00000072,
            "muscle70": 0.999998868,
            "muscle71": -1,
            "muscle72": 0.695615888,
            "muscle73": -2.00000095,
            "muscle74": 0.99999994,
            "muscle75": -1.8999989,
            "muscle76": -1.69999993,
            "muscle77": 0.622221589,
            "muscle78": 0.688888967,
            "muscle79": 0.533333361,
            "muscle80": -0.893583357,
            "muscle81": 0.799998581,
            "muscle82": 0.799998641,
            "muscle83": -0.999999523,
            "muscle84": -0.436818093,
            "muscle85": -2.00000095,
            "muscle86": 0.999999702,
            "muscle87": -0.99999994,
            "muscle88": 0.271548301,
            "muscle89": -2.00000072,
            "muscle90": 0.999998808,
            "muscle91": -1,
            "muscle92": 0.695616066,
            "muscle93": -2.00000072,
            "muscle94": 0.99999994,
            "muscle-1": 1
          },
          "strings": {
            "interpolation": "default"
          },
          "inTangent": 0,
          "inWeight": 0,
          "outTangent": 0,
          "outWeight": 0,
          "weightedMode": 0
        },
        {
          "property": "Muscles",
          "index": 2,
          "time": 2,
          "ints": {},
          "floats": {
            "muscle0": 2.1398753E-12,
            "muscle1": -4.07110923E-13,
            "muscle2": -9.56710622E-13,
            "muscle3": -1.48849899E-12,
            "muscle4": -1.69222731E-25,
            "muscle5": -3.25688776E-13,
            "muscle6": 0,
            "muscle7": 0,
            "muscle8": 0,
            "muscle9": -3.96933029E-13,
            "muscle10": -4.0711097E-14,
            "muscle11": -3.25688776E-13,
            "muscle12": 4.16214334E-07,
            "muscle13": 2.52616729E-07,
            "muscle14": 1.96157018E-07,
            "muscle15": 0,
            "muscle16": -3.13225756E-09,
            "muscle17": 0,
            "muscle18": -2.60550999E-12,
            "muscle19": 0,
            "muscle20": 0,
            "muscle21": 0.524233341,
            "muscle22": -0.071351774,
            "muscle23": -0.415074468,
            "muscle24": 0.939663827,
            "muscle25": 0.309936702,
            "muscle26": -0.0621739998,
            "muscle27": 0.0624390058,
            "muscle28": 3.74593156E-07,
            "muscle29": 0.52423209,
            "muscle30": -0.071353659,
            "muscle31": -0.415078431,
            "muscle32": 0.93966347,
            "muscle33": 0.309939772,
            "muscle34": -0.0621276796,
            "muscle35": 0.0624452531,
            "muscle36": 3.996727E-07,
            "muscle37": -0.499998987,
            "muscle38": 0.00360289821,
            "muscle39": -0.423257619,
            "muscle40": 0.0950415954,
            "muscle41": 0.210751325,
            "muscle42": -0.623867452,
            "muscle43": 0.200284496,
            "muscle44": 0.369731158,
            "muscle45": 0.999674261,
            "muscle46": -0.499998987,
            "muscle47": 0.00360562769,
            "muscle48": -0.435877532,
            "muscle49": 0.0742217898,
            "muscle50": 0.233022451,
            "muscle51": -0.594181776,
            "muscle52": 0.246839836,
            "muscle53": 0.290620476,
            "muscle54": 0.998856544,
            "muscle55": -1.83333302,
            "muscle56": -1.99999893,
            "muscle57": -0.0666668341,
            "muscle58": 1,
            "muscle59": -0.999999523,
            "muscle60": -0.831361532,
            "muscle61": 0.266666532,
            "muscle62": 0.999999702,
            "muscle63": -0.999999881,
            "muscle64": -1.2768172,
            "muscle65": -1.46666574,
            "muscle66": -0.719999671,
            "muscle67": -0.99999994,
            "muscle68": 0.271548241,
            "muscle69": -1.46666563,
            "muscle70": -0.800000131,
            "muscle71": -0.999999821,
            "muscle72": 0.228948504,
            "muscle73": -1.59999955,
            "muscle74": -0.519999862,
            "muscle75": -1.83333278,
            "muscle76": -1.99999988,
            "muscle77": -0.0666668341,
            "muscle78": 0.999999821,
            "muscle79": -1.00000024,
            "muscle80": -0.831361413,
            "muscle81": 0.266666442,
            "muscle82": 1.00000012,
            "muscle83": -0.999999821,
            "muscle84": -1.27681732,
            "muscle85": -1.466663,
            "muscle86": -0.71999979,
            "muscle87": -0.99999994,
            "muscle88": 0.271548301,
            "muscle89": -1.46666646,
            "muscle90": -0.800000072,
            "muscle91": -1,
            "muscle92": 0.228948593,
            "muscle93": -1.59999967,
            "muscle94": -0.520000458,
            "duration": 0,
            "muscle-1": 1
          },
          "strings": {
            "interpolation": "default"
          },
          "inTangent": 0,
          "inWeight": 0,
          "outTangent": 0,
          "outWeight": 0,