{"animTracks":[{"properties":["Right Hand Configuration","Left Hand Configuration","Muscles"],"loops":false,"keyFrames":[{"property":"Muscles","index":2,"time":1.01010084,"ints":{},"floats":{"muscle0":2.56134228E-07,"muscle1":-1.42488763E-13,"muscle2":-5.49599645E-13,"muscle3":2.13431885E-08,"muscle4":-4.07110868E-14,"muscle5":0,"muscle6":0,"muscle7":0,"muscle8":0,"muscle9":-2.13452367E-08,"muscle10":2.68220958E-07,"muscle11":2.68221157E-07,"muscle12":-5.44280397E-07,"muscle13":1.15967921E-07,"muscle14":-3.43677215E-07,"muscle15":-0.324147224,"muscle16":7.54565477E-08,"muscle17":-0.324146986,"muscle18":-2.0637151E-06,"muscle19":0,"muscle20":0,"muscle21":0.524233222,"muscle22":-0.0713529661,"muscle23":-0.415076554,"muscle24":0.939664185,"muscle25":0.309826314,"muscle26":0.0397876762,"muscle27":-0.0395601764,"muscle28":1.12591374E-06,"muscle29":0.524233401,"muscle30":-0.0713528618,"muscle31":-0.41508016,"muscle32":0.939663708,"muscle33":0.309829205,"muscle34":0.0397901759,"muscle35":-0.0395153724,"muscle36":-8.17754753E-08,"muscle37":-0.499999434,"muscle38":0.00360218296,"muscle39":-0.750598669,"muscle40":0.104380213,"muscle41":-0.138087675,"muscle42":-0.348667562,"muscle43":-0.962994039,"muscle44":0.897001684,"muscle45":0.572132707,"muscle46":-0.499999315,"muscle47":0.00360563514,"muscle48":-0.302094221,"muscle49":0.189007059,"muscle50":-0.0742563605,"muscle51":-0.458827019,"muscle52":0.0897384733,"muscle53":-0.473001212,"muscle54":0.113312632,"muscle55":-2.79999876,"muscle56":0.266666383,"muscle57":0.0222218204,"muscle58":1,"muscle59":-0.0911886543,"muscle60":0.293333292,"muscle61":0.999999702,"muscle62":0.999999702,"muscle63":0.133333206,"muscle64":-0.0901508853,"muscle65":0.999999464,"muscle66":0.999999464,"muscle67":0.640953064,"muscle68":1.39999855,"muscle69":-2.00000095,"muscle70":-1.00000012,"muscle71":0.577777445,"muscle72":0.166726112,"muscle73":-1.99999964,"muscle74":-0.999999166,"muscle75":-0.999999404,"muscle76":-1.99999905,"muscle77":-0.999999821,"muscle78":-0.537781775,"muscle79":0.422222584,"muscle80":-0.706916392,"muscle81":0.99999994,"muscle82":0.999999702,"muscle83":-0.999999464,"muscle84":-1.39999878,"muscle85":-2.00000095,"muscle86":0.999999702,"muscle87":-1,"muscle88":0.271548212,"muscle89":-2.00000095,"muscle90":0.999999464,"muscle91":-1,"muscle92":-0.113273911,"muscle93":-2.00000095,"muscle94":1,"duration":0},"strings":{}},{"property":"Muscles","index":4,"time":1.52525246,"ints":{},"floats":{"muscle0":2.24928734E-12,"muscle1":4.07110902E-14,"muscle2":5.08888667E-13,"muscle3":2.77475209E-07,"muscle4":-4.07110801E-14,"muscle5":-5.08888586E-14,"muscle6":0,"muscle7":0,"muscle8":0,"muscle9":-2.13453486E-08,"muscle10":2.03555434E-14,"muscle11":3.20599775E-13,"muscle12":-3.73525694E-07,"muscle13":9.86808288E-08,"muscle14":-8.81288997E-08,"muscle15":-0.324147224,"muscle16":7.54565477E-08,"muscle17":-0.324146986,"muscle18":-2.0637151E-06,"muscle19":0,"muscle20":0,"muscle21":0.520547032,"muscle22":-0.0643827245,"muscle23":-0.23612839,"muscle24":0.924839973,"muscle25":0.190162003,"muscle26":0.045809906,"muscle27":-0.0356137156,"muscle28":1.80946608E-06,"muscle29":0.520545721,"muscle30":-0.0643812492,"muscle31":-0.236131459,"muscle32":0.924839556,"muscle33":0.190164357,"muscle34":0.045813147,"muscle35":-0.0355711468,"muscle36":-4.9172013E-07,"muscle37":-0.499999434,"muscle38":0.00360218296,"muscle39":-0.39646101,"muscle40":0.209088519,"muscle41":0.202380776,"muscle42":-0.516934395,"muscle43":-0.954703808,"muscle44":0.897007763,"muscle45":0.572394907,"muscle46":-0.500000954,"muscle47":0.00360560464,"muscle48":-0.302524626,"muscle49":0.18908672,"muscle50":-0.0740465447,"muscle51":-0.458877176,"muscle52":0.0895699412,"muscle53":-0.473327011,"muscle54":0.11342226,"muscle55":-2.79999876,"muscle56":0.266666383,"muscle57":0.0222214796,"muscle58":1,"muscle59":-0.0911886543,"muscle60":0.293333292,"muscle61":0.999999404,"muscle62":0.999999702,"muscle63":0.133332819,"muscle64":-0.0901507661,"muscle65":0.999999464,"muscle66":0.999999464,"muscle67":0.640952885,"muscle68":1.39999723,"muscle69":-2.00000095,"muscle70":-0.999998808,"muscle71":0.577777445,"muscle72":0.166726112,"muscle73":-2.00000072,"muscle74":-0.999998689,"muscle75":-0.999999344,"muscle76":-1.99999905,"muscle77":-0.999999821,"muscle78":-0.537781775,"muscle79":0.422222584,"muscle80":-0.706916392,"muscle81":0.99999994,"muscle82":0.999999702,"muscle83":-0.999999464,"muscle84":-1.39999878,"muscle85":-2.00000095,"muscle86":0.999999702,"muscle87":-1,"muscle88":0.271548212,"muscle89":-2.00000095,"muscle90":0.999999464,"muscle91":-1,"muscle92":-0.113273911,"muscle93":-2.00000095,"muscle94":1,"duration":0},"strings":{}},{"property":"Left Hand Configuration","index":2,"time":1.01010084,"ints":{"hash":-959203328},"floats":{"duration":0},"strings":{"name":"V"}},{"property":"Left Hand Configuration","index":4,"time":1.52525246,"ints":{"hash":1624153088},"floats":{"duration":0},"strings":{"name":"V"}},{"property":"Right Hand Configuration","index":2,"time":1.01010084,"ints":{"hash":-1531282432},"floats":{"duration":0},"strings":{"name":"indicativa"}},{"property":"Right Hand Configuration","index":4,"time":1.52525246,"ints":{"hash":1052073984},"floats":{"duration":0},"strings":{"name":"indicativa"}}]}],"version":3,"globalSpeed":1,"globalRepetitions":1}
