{"animTracks":[{"properties":["Right Hand Configuration","Left Hand Configuration","Muscles","Facial Expression"],"loops":false,"keyFrames":[{"property":"Muscles","index":1,"time":1,"ints":{},"floats":{"muscle0":2.56134228E-07,"muscle1":-1.42488763E-13,"muscle2":-5.49599645E-13,"muscle3":2.13431885E-08,"muscle4":-4.07110868E-14,"muscle5":0,"muscle6":0,"muscle7":0,"muscle8":0,"muscle9":-2.13452704E-08,"muscle10":2.23540313E-14,"muscle11":2.682211E-07,"muscle12":-0.198999003,"muscle13":1.95387557E-07,"muscle14":0.00749959052,"muscle15":-0.324147224,"muscle16":7.54565477E-08,"muscle17":-0.32414791,"muscle18":-1.25760167E-07,"muscle19":0,"muscle20":0,"muscle21":0.527684629,"muscle22":-0.0759822652,"muscle23":-0.588656783,"muscle24":0.953825772,"muscle25":0.425629228,"muscle26":0.042562034,"muscle27":-0.0481425785,"muscle28":5.79231937E-07,"muscle29":0.527684867,"muscle30":-0.0759847462,"muscle31":-0.588661671,"muscle32":0.953825772,"muscle33":0.425633192,"muscle34":0.0425647497,"muscle35":-0.0480923951,"muscle36":-8.17754753E-08,"muscle37":-0.499999434,"muscle38":0.00360218296,"muscle39":-0.512599766,"muscle40":0.210586742,"muscle41":-0.169809639,"muscle42":0.99277091,"muscle43":0.268193185,"muscle44":-0.0158367883,"muscle45":0.0202510636,"muscle46":-0.499999315,"muscle47":0.00360563514,"muscle48":-0.187453032,"muscle49":-0.203183606,"muscle50":0.514106035,"muscle51":-0.676760435,"muscle52":-0.975639701,"muscle53":-0.0158376992,"muscle54":0.020255588,"muscle55":-1.36603751E-06,"muscle56":8.19622528E-07,"muscle57":-1.67169532E-08,"muscle58":-9.05049902E-08,"muscle59":-3.41509327E-08,"muscle60":1.70754674E-07,"muscle61":7.58909735E-08,"muscle62":7.58909593E-08,"muscle63":3.41509363E-08,"muscle64":-2.27672913E-07,"muscle65":0,"muscle66":-2.20871741E-18,"muscle67":0,"muscle68":0,"muscle69":-7.58909735E-08,"muscle70":-8.28269027E-19,"muscle71":-6.36110494E-17,"muscle72":4.26886686E-08,"muscle73":4.41743481E-18,"muscle74":-3.31307611E-18,"muscle75":-2.99999666,"muscle76":0.066666007,"muscle77":0.0888886824,"muscle78":0.666666567,"muscle79":0.486588925,"muscle80":0.293333352,"muscle81":0.83333236,"muscle82":0.833332777,"muscle83":0.0222222395,"muscle84":-1.39999819,"muscle85":0.999999344,"muscle86":1.00000012,"muscle87":-1,"muscle88":1.05777717,"muscle89":-2.00000095,"muscle90":-1,"muscle91":-0.99999994,"muscle92":0.166726068,"muscle93":-2.00000095,"muscle94":-0.99999994},"strings":{},"inTangent":0,"inWeight":0,"outTangent":0,"outWeight":0,"weightedMode":0},{"property":"Muscles","index":2,"time":1.65151501,"ints":{},"floats":{"muscle0":2.56134228E-07,"muscle1":-1.42488763E-13,"muscle2":-5.49599645E-13,"muscle3":2.13431885E-08,"muscle4":-4.07110868E-14,"muscle5":0,"muscle6":0,"muscle7":0,"muscle8":0,"muscle9":-5.33609295E-07,"muscle10":-3.14621071E-14,"muscle11":2.68220703E-07,"muscle12":-0.198998407,"muscle13":1.1222378E-07,"muscle14":0.00749950251,"muscle15":-0.324149996,"muscle16":3.60232491E-07,"muscle17":-0.324149996,"muscle18":-1.89235766E-06,"muscle19":0,"muscle20":0,"muscle21":0.524233758,"muscle22":-0.0713516176,"muscle23":-0.41507408,"muscle24":0.939664245,"muscle25":0.309865057,"muscle26":-0.0509064198,"muscle27":0.0511478074,"muscle28":5.79231937E-07,"muscle29":0.52423346,"muscle30":-0.0713542327,"muscle31":-0.415078789,"muscle32":0.939663708,"muscle33":0.309869289,"muscle34":-0.0508566089,"muscle35":0.0511498228,"muscle36":-8.17754753E-08,"muscle37":-0.499999434,"muscle38":0.00360218296,"muscle39":-0.489447027,"muscle40":0.263712972,"muscle41":-0.240397215,"muscle42":0.885739565,"muscle43":0.321939945,"muscle44":-0.0172161572,"muscle45":0.0212173741,"muscle46":-0.499999762,"muscle47":0.00360652548,"muscle48":-0.204326078,"muscle49":-0.260722786,"muscle50":0.424048066,"muscle51":-0.0587601624,"muscle52":-0.986989319,"muscle53":0.320684254,"muscle54":0.0382279977,"muscle55":-1.36603751E-06,"muscle56":8.19622528E-07,"muscle57":-1.67169532E-08,"muscle58":-5.17475087E-07,"muscle59":-3.41509327E-08,"muscle60":1.70754674E-07,"muscle61":7.58909735E-08,"muscle62":7.58909593E-08,"muscle63":3.41509363E-08,"muscle64":-2.27672913E-07,"muscle65":0,"muscle66":-2.20871741E-18,"muscle67":0,"muscle68":0,"muscle69":-7.58909735E-08,"muscle70":-8.28269027E-19,"muscle71":-6.36110494E-17,"muscle72":4.26886686E-08,"muscle73":4.41743481E-18,"muscle74":-3.31307611E-18,"muscle75":-2.99999666,"muscle76":0.066666007,"muscle77":0.0888883993,"muscle78":0.666666567,"muscle79":0.486588925,"muscle80":0.293333352,"muscle81":0.83333236,"muscle82":0.83333236,"muscle83":0.0222222395,"muscle84":-1.39999819,"muscle85":0.999999344,"muscle86":1.00000012,"muscle87":-1,"muscle88":1.05777717,"muscle89":-2.00000095,"muscle90":-1,"muscle91":-0.99999994,"muscle92":0.166726068,"muscle93":-2.00000095,"muscle94":-0.99999994,"duration":0,"muscle-1":1},"strings":{},"inTangent":0,"inWeight":0,"outTangent":0,"outWeight":0,"weightedMode":0},{"property":"Left Hand Configuration","index":1,"time":1,"ints":{"hash":538246144},"floats":{},"strings":{"name":"-"},"inTangent":0,"inWeight":0,"outTangent":0,"outWeight":0,"weightedMode":0},{"property":"Left Hand Configuration","index":2,"time":1.65151501,"ints":{"hash":-542018560},"floats":{"duration":0},"strings":{"name":"-"},"inTangent":0,"inWeight":0,"outTangent":0,"outWeight":0,"weightedMode":0},{"property":"Right Hand Configuration","index":1,"time":1,"ints":{"hash":-33832960},"floats":{},"strings":{"name":"V_1"},"inTangent":0,"inWeight":0,"outTangent":0,"outWeight":0,"weightedMode":0},{"property":"Right Hand Configuration","index":2,"time":1.65151501,"ints":{"hash":-1114097664},"floats":{"duration":0},"strings":{"name":"V_1"},"inTangent":0,"inWeight":0,"outTangent":0,"outWeight":0,"weightedMode":0},{"property":"Facial Expression","index":1,"time":1,"ints":{},"floats":{},"strings":{"faceName":"Neutra"},"inTangent":0,"inWeight":0,"outTangent":0,"outWeight":0,"weightedMode":0},{"property":"Facial Expression","index":2,"time":1.65151501,"ints":{},"floats":{},"strings":{"faceName":"Neutra"},"inTangent":0,"inWeight":0,"outTangent":0,"outWeight":0,"weightedMode":0}]},{"properties":["Face Animation Neutra"],"loops":false,"keyFrames":[{"property":"Face Animation Neutra","index":0,"time":0,"ints":{},"floats":{"girl_head_.blendShape.mClose":100,"girl_head_.blendShape.A":0,"girl_head_.blendShape.Cons":0,"girl_head_.blendShape.Fv":0,"girl_head_.blendShape.mLSide":0,"girl_head_.blendShape.mLSideUp":0,"girl_head_.blendShape.mRSide":0,"girl_head_.blendShape.mRSideUp":0,"girl_head_.blendShape.O":0,"girl_head_.blendShape.smile":0,"girl_head_.blendShape.U":0,"girl_hair.blendShape.cheek1":0,"girl_hair.blendShape.cheek2":0,"girl_hair.blendShape.cheek3":0,"girl_head_.blendShape.Bmp":0,"girl_head_.blendShape.E":0,"girl_head_.blendShape.F001":0,"girl_head_.blendShape.F003":0,"girl_head_.blendShape.F005":0,"girl_head_.blendShape.F006":0,"girl_head_.blendShape.F007":0,"girl_head_.blendShape.F007left":0,"girl_head_.blendShape.F008":0,"girl_head_.blendShape.F017":0,"girl_head_.blendShape.F019":0,"girl_head_.blendShape.F024":0,"girl_head_.blendShape.F031":0,"girl_head_.blendShape.LEyeBMad":0,"girl_head_.blendShape.LEyeClose":0,"girl_head_.blendShape.LEyeLidUp":0,"girl_head_.blendShape.LEyeMad":0,"girl_head_.blendShape.LEyeSad":0,"girl_head_.blendShape.LeyeBUp":0,"girl_head_.blendShape.mSad":0,"girl_head_.blendShape.REyeBMad":0,"girl_head_.blendShape.REyeClose":0,"girl_head_.blendShape.REyeLidUp":0,"girl_head_.blendShape.REyeMad":0,"girl_head_.blendShape.REyeSad":0,"girl_head_.blendShape.ReyeBSad":0,"girl_head_.blendShape.ReyeBUp":0,