{"animTracks":[{"properties":["Right Hand Configuration","Left Hand Configuration","Muscles"],"loops":false,"keyFrames":[{"property":"Muscles","index":1,"time":1,"ints":{},"floats":{"muscle0":2.77478591E-07,"muscle1":-5.36441974E-07,"muscle2":-7.93866383E-13,"muscle3":-2.13454836E-08,"muscle4":1.62844388E-13,"muscle5":-6.31021982E-13,"muscle6":0,"muscle7":0,"muscle8":0,"muscle9":2.13434017E-08,"muscle10":5.90683237E-14,"muscle11":2.68220845E-07,"muscle12":2.34787919E-07,"muscle13":5.78708523E-07,"muscle14":-2.2680203E-07,"muscle15":-0.324147046,"muscle16":-1.31784475E-06,"muscle17":-0.324148148,"muscle18":-2.77395998E-07,"muscle19":0,"muscle20":0,"muscle21":0.527684152,"muscle22":-0.0759823099,"muscle23":-0.588656127,"muscle24":0.953825772,"muscle25":0.425628841,"muscle26":0.042562589,"muscle27":-0.0481424928,"muscle28":4.42761603E-07,"muscle29":0.527683556,"muscle30":-0.0759852156,"muscle31":-0.588660777,"muscle32":0.953825891,"muscle33":0.425632775,"muscle34":0.0425663367,"muscle35":-0.0480918102,"muscle36":3.96204285E-07,"muscle37":-0.499999821,"muscle38":0.00360197015,"muscle39":-0.512595832,"muscle40":0.210587695,"muscle41":-0.16981034,"muscle42":0.992770672,"muscle43":0.268193841,"muscle44":-0.015839668,"muscle45":0.0202495288,"muscle46":-0.499999195,"muscle47":0.0036051874,"muscle48":0.166778639,"muscle49":-0.555021763,"muscle50":0.267483413,"muscle51":-0.180396244,"muscle52":0.0842844024,"muscle53":-0.0158378035,"muscle54":0.0202558991,"muscle55":-1.36603785E-06,"muscle56":1.36603731E-07,"muscle57":2.95390468E-08,"muscle58":4.26886757E-08,"muscle59":-2.54444197E-16,"muscle60":1.70754674E-07,"muscle61":-6.07127845E-07,"muscle62":7.58909806E-08,"muscle63":6.83018797E-08,"muscle64":-2.27672942E-07,"muscle65":0,"muscle66":-5.52179507E-19,"muscle67":-3.4150947E-08,"muscle68":-5.69182426E-08,"muscle69":-1.51781947E-07,"muscle70":-7.58909806E-08,"muscle71":-3.41509363E-08,"muscle72":4.26886722E-08,"muscle73":-7.58909735E-08,"muscle74":-7.58909735E-08,"muscle75":-2.4333334,"muscle76":-2.00000024,"muscle77":-0.577777684,"muscle78":-0.999999344,"muscle79":-0.999999702,"muscle80":-0.706916571,"muscle81":-2,"muscle82":0.99999994,"muscle83":-0.999999583,"muscle84":-1.3999989,"muscle85":-2.00000095,"muscle86":0.999999702,"muscle87":-0.999999821,"muscle88":-0.226229712,"muscle89":-1.99999988,"muscle90":0.999999344,"muscle91":-1.00000012,"muscle92":-0.299940735,"muscle93":-2.00000072,"muscle94":1},"strings":{}},{"property":"Muscles","index":2,"time":2,"ints":{},"floats":{"muscle0":2.24928734E-12,"muscle1":-2.84977662E-13,"muscle2":3.4604432E-13,"muscle3":-2.13454836E-08,"muscle4":1.62844388E-13,"muscle5":-6.31021982E-13,"muscle6":0,"muscle7":0,"muscle8":0,"muscle9":2.13433218E-08,"muscle10":6.10666438E-14,"muscle11":-1.5266661E-14,"muscle12":1.60082763E-07,"muscle13":-4.63810572E-08,"muscle14":1.58776047E-07,"muscle15":-0.324147046,"muscle16":-1.31784475E-06,"muscle17":-0.324148268,"muscle18":-1.58908722E-06,"muscle19":0,"muscle20":0,"muscle21":0.524232686,"muscle22":-0.0713517889,"muscle23":-0.415073752,"muscle24":0.939663887,"muscle25":0.309865057,"muscle26":-0.0509061031,"muscle27":0.0511483885,"muscle28":2.3772256E-07,"muscle29":0.524231851,"muscle30":-0.0713544264,"muscle31":-0.415078223,"muscle32":0.939663291,"muscle33":0.309868723,"muscle34":-0.0508562811,"muscle35":0.05115043,"muscle36":3.96204285E-07,"muscle37":-0.499998927,"muscle38":0.00360286771,"muscle39":0.415785909,"muscle40":0.449770242,"muscle41":0.0681823492,"muscle42":-0.871459246,"muscle43":0.37569344,"muscle44":0.241822317,"muscle45":0.0212149806,"muscle46":-0.499999195,"muscle47":0.00360428216,"muscle48":0.253024936,"muscle49":0.61653477,"muscle50":0.26515004,"muscle51":-0.951847076,"muscle52":0.429764152,"muscle53":-0.0153762028,"muscle54":0.0198590457,"muscle55":-2.3663156,"muscle56":-1.99970448,"muscle57":-0.0222188979,"muscle58":0.999852657,"muscle59":-0.999851942,"muscle60":-0.831239164,"muscle61":0.26662755,"muscle62":0.999851763,"muscle63":-0.999852359,"muscle64":-1.27662814,"muscle65":0.19997108,"muscle66":0.999851763,"muscle67":-0.999852419,"muscle68":-0.393216074,"muscle69":0.533254206,"muscle70":0.999852538,"muscle71":-0.999852419,"muscle72":-0.506154358,"muscle73":0.399940968,"muscle74":0.999852836,"muscle75":-2.36667824,"muscle76":-1.99999988,"muscle77":-0.0223332345,"muscle78":0.999599457,"muscle79":-1,"muscle80":-0.831337094,"muscle81":0.266213059,"muscle82":0.999999762,"muscle83":-1,"muscle84":-1.27684021,"muscle85":0.199559852,"muscle86":0.99999994,"muscle87":-1,"muscle88":-0.506172121,"muscle89":0.399519682,"muscle90":0.999999344,"muscle91":-1.00000012,"muscle92":-0.393254727,"muscle93":0.532826364,"muscle94":1,"duration":0},"strings":{}},{"property":"Muscles","index":3,"time":2.50505042,"ints":{},"floats":{"muscle0":2.24928734E-12,"muscle1":-2.84977662E-13,"muscle2":3.4604432E-13,"muscle3":-2.13454836E-08,"muscle4":1.62844388E-13,"muscle5":-6.31021982E-13,"muscle6":0,"muscle7":0,"muscle8":0,"muscle9":2.13434017E-08,"muscle10":5.90683237E-14,"muscle11":2.68220845E-07,"muscle12":-2.134413E-08,"muscle13":-1.14276581E-07,"muscle14":-1.02534564E-07,"muscle15":-0.324147046,"muscle16":-1.31784475E-06,"muscle17":-0.324148953,"muscle18":-1.76044443E-06,"muscle19":0,"muscle20":0,"muscle21":0.522008061,"muscle22":-0.067483902,"muscle23":-0.30852744,"muscle24":0.930871308,"muscle25":0.238680422,"muscle26":-0.0526001006,"muscle27":0.058236368,"muscle28":8.5270625E-07,"muscle29":0.522005618,"muscle30":-0.0674871281,"muscle31":-0.308532983,"muscle32":0.930870771,"muscle33":0.238685444,"muscle34":-0.0525492392,"muscle35":0.0582377128,"muscle36":3.96204285E-07,"muscle37":-0.499998927,"muscle38":0.00360286771,"muscle39":0.416008562,"muscle40":0.449719608,"muscle41":0.0679884106,"muscle42":-0.871389568,"muscle43":0.906632364,"muscle44":-0.223032638,"muscle45":0.0209233537,"muscle46":-0.499999881,"muscle47":0.00360358274,"muscle48":0.253293991,"muscle49":0.616532028,"muscle50":0.264928907,"muscle51":-0.951760352,"muscle52":0.752895117,"muscle53":-0.385796189,"muscle54":0.0195521377,"muscle55":-2.36631513,"muscle56":-1.99970412,"muscle57":-0.0222188979,"muscle58":0.999852657,"muscle59":-0.999851942,"muscle60":-0.831239402,"muscle61":0.26662755,"muscle62":0.999851763,"muscle63":-0.999852359,"muscle64":-1.27662814,"muscle65":0.199971244,"muscle66":0.999851763,"muscle67":-0.999852419,"muscle68":-0.393216074,"muscle69":0.533254027,"muscle70":0.999852538,"muscle71":-0.999852419,"muscle72":-0.506154358,"muscle73":0.399940968,"muscle74":0.999852836,"muscle75":-2.36667871,"muscle76":-1.99999905,"muscle77":-0.0223332345,"muscle78":0.999598801,"muscle79":-1,"muscle80":-0.831337094,"muscle81":0.266213059,"muscle82":0.999999762,"muscle83":-1,"muscle84":-1.27684021,"muscle85":0.199559852,"muscle86":0.99999994,"muscle87":-1,"muscle88":-0.506172121,"muscle89":0.399519682,"muscle90":0.999999344,"muscle91":-1.00000012,"muscle92":-0.393254757,"muscle93":0.532826364,"muscle94":1,"duration":0},"strings":{}},{"property":"Muscles","index":4,"time":3.00505042,"ints":{},"floats":{"muscle0":2.24928734E-12,"muscle1":-2.84977662E-13,"muscle2":3.4604432E-13,"muscle3":-2.13454836E-08,"muscle4":1.62844388E-13,"muscle5":-6.31021982E-13,"muscle6":0,"muscle7":0,"muscle8":0,"muscle9":-5.33609466E-07,"muscle10":-3.14621647E-14,"muscle11":2.68220447E-07,"muscle12":7.47052127E-07,"muscle13":-1.99461041E-07,"muscle14":-1.08296504E-07,"muscle15":-0.324147046,"muscle16":-1.31784475E-06,"muscle17":-0.324148953,"muscle18":-1.76044443E-06,"muscle19":0,"muscle20":0,"muscle21":0.520549119,"muscle22":-0.0643796325,"muscle23":-0.236124918,"muscle24":0.924839318,"muscle25":0.190258637,"muscle26":-0.0536537766,"muscle27":0.0638794377,"muscle28":1.12591374E-06,"muscle29":0.52054131,"muscle30":-0.064387463,"muscle31":-0.236128598,"muscle32":0.924838901,"muscle33":0.190264091,"muscle34":-0.0535976142,"muscle35":0.0638897121,"muscle36":3.96204285E-07,"muscle37":-0.499998927,"muscle38":0.00360286771,"muscle39":0.416232228,