{"animTracks":[{"properties":["Right Hand Configuration","Left Hand Configuration","Muscles","Facial Expression"],"loops":false,"keyFrames":[{"property":"Muscles","index":1,"time":1,"ints":{},"floats":{"muscle0":2.56134228E-07,"muscle1":-1.42488763E-13,"muscle2":-5.49599645E-13,"muscle3":2.13431885E-08,"muscle4":-4.07110868E-14,"muscle5":0,"muscle6":0,"muscle7":0,"muscle8":0,"muscle9":-2.13452704E-08,"muscle10":2.23540313E-14,"muscle11":2.682211E-07,"muscle12":-2.02771005E-07,"muscle13":1.95387557E-07,"muscle14":-2.5273215E-07,"muscle15":-0.324149996,"muscle16":7.54565477E-08,"muscle17":-0.324149996,"muscle18":-1.25760167E-07,"muscle19":0,"muscle20":0,"muscle21":0.527684629,"muscle22":-0.0759822652,"muscle23":-0.588656783,"muscle24":0.953825772,"muscle25":0.425629228,"muscle26":0.042562034,"muscle27":-0.0481425785,"muscle28":5.79231937E-07,"muscle29":0.527684867,"muscle30":-0.0759847462,"muscle31":-0.588661671,"muscle32":0.953825772,"muscle33":0.425633192,"muscle34":0.0425647497,"muscle35":-0.0480923951,"muscle36":-8.17754753E-08,"muscle37":-0.499999434,"muscle38":0.00360218296,"muscle39":-0.512599766,"muscle40":0.210586742,"muscle41":-0.169809639,"muscle42":0.99277091,"muscle43":0.268193185,"muscle44":-0.0158367883,"muscle45":0.0202510636,"muscle46":-0.499999315,"muscle47":0.00360563514,"muscle48":0.028634144,"muscle49":-0.546029866,"muscle50":0.210971311,"muscle51":-0.25702703,"muscle52":-0.507444918,"muscle53":0.154238552,"muscle54":0.5154109,"muscle55":-1.36603751E-06,"muscle56":8.19622528E-07,"muscle57":-1.67169532E-08,"muscle58":-9.05049902E-08,"muscle59":-3.41509327E-08,"muscle60":1.70754674E-07,"muscle61":7.58909735E-08,"muscle62":7.58909593E-08,"muscle63":3.41509363E-08,"muscle64":-2.27672913E-07,"muscle65":0,"muscle66":-2.20871741E-18,"muscle67":0,"muscle68":0,"muscle69":-7.58909735E-08,"muscle70":-8.28269027E-19,"muscle71":-6.36110494E-17,"muscle72":4.26886686E-08,"muscle73":4.41743481E-18,"muscle74":-3.31307611E-18,"muscle75":-1.83333313,"muscle76":-1.99999988,"muscle77":-0.0666668564,"muscle78":0.999999821,"muscle79":-1,"muscle80":-0.831361413,"muscle81":0.266666651,"muscle82":0.999999702,"muscle83":-0.999999702,"muscle84":-1.27681732,"muscle85":-1.46666574,"muscle86":-0.71999979,"muscle87":-1,"muscle88":0.271548212,"muscle89":-1.46666574,"muscle90":-0.799999297,"muscle91":-0.99999994,"muscle92":0.228948519,"muscle93":-1.59999955,"muscle94":-0.519999921,"muscle-1":1},"strings":{},"inTangent":0,"inWeight":0,"outTangent":0,"outWeight":0,"weightedMode":0},{"property":"Muscles","index":2,"time":2,"ints":{},"floats":{"muscle0":2.24928734E-12,"muscle1":4.07110902E-14,"muscle2":5.08888667E-13,"muscle3":2.13431885E-08,"muscle4":-4.07110868E-14,"muscle5":0,"muscle6":0,"muscle7":0,"muscle8":0,"muscle9":-2.13452704E-08,"muscle10":2.23540313E-14,"muscle11":2.682211E-07,"muscle12":1.60082749E-07,"muscle13":-1.18075612E-08,"muscle14":-3.52319944E-07,"muscle15":-0.324149996,"muscle16":-1.97229184E-07,"muscle17":-0.324149996,"muscle18":-4.4875452E-07,"muscle19":0,"muscle20":0,"muscle21":0.524232924,"muscle22":-0.0713516846,"muscle23":-0.415076286,"muscle24":0.939663708,"muscle25":0.309866637,"muscle26":-0.0509066582,"muscle27":0.0511467345,"muscle28":2.37589148E-07,"muscle29":0.524233222,"muscle30":-0.0713546649,"muscle31":-0.415079772,"muscle32":0.939663827,"muscle33":0.309870124,"muscle34":-0.0508563332,"muscle35":0.05115081,"muscle36":-8.17754753E-08,"muscle37":-0.499999434,"muscle38":0.00360218296,"muscle39":0.176898405,"muscle40":0.34331426,"muscle41":0.736307502,"muscle42":-0.583361506,"muscle43":-0.415944159,"muscle44":-0.482831806,"muscle45":1.00047338,"muscle46":-0.499999315,"muscle47":0.00360563514,"muscle48":0.150291607,"muscle49":0.0643378273,"muscle50":0.896788836,"muscle51":-0.28908959,"muscle52":-0.505924821,"muscle53":-0.776648521,"muscle54":0.398723274,"muscle55":1.52199078E-07,"muscle56":0.338888228,"muscle57":-0.199999988,"muscle58":0.999999702,"muscle59":0.64214462,"muscle60":-0.964444101,"muscle61":0.844862401,"muscle62":0.844861984,"muscle63":0.665139258,"muscle64":-1.09014976,"muscle65":0.83333236,"muscle66":0.83333236,"muscle67":0.711448908,"muscle68":-0.704386652,"muscle69":0.811357081,"muscle70":0.811357141,"muscle71":0.640952885,"muscle72":-1.39999831,"muscle73":0.810933769,"muscle74":0.810934424,"muscle75":5.73914008E-07,"muscle76":0.338887691,"muscle77":-0.199999958,"muscle78":0.999998808,"muscle79":0.64214462,"muscle80":-0.964444101,"muscle81":0.844861925,"muscle82":0.844862223,"muscle83":0.665139377,"muscle84":-1.09014976,"muscle85":0.833332479,"muscle86":0.833332002,"muscle87":0.640952885,"muscle88":-1.39999843,"muscle89":0.810933769,"muscle90":0.810934007,"muscle91":0.711447895,"muscle92":-0.704384506,"muscle93":0.811357439,"muscle94":0.811357796,"duration":0,"muscle-1":1},"strings":{},"inTangent":0,"inWeight":0,"outTangent":0,"outWeight":0,"weightedMode":0},{"property":"Muscles","index":3,"time":3,"ints":{},"floats":{"muscle0":2.24928734E-12,"muscle1":4.07110902E-14,"muscle2":5.08888667E-13,"muscle3":2.13431885E-08,"muscle4":-4.07110868E-14,"muscle5":0,"muscle6":0,"muscle7":0,"muscle8":0,"muscle9":-2.13452704E-08,"muscle10":2.23540313E-14,"muscle11":2.682211E-07,"muscle12":9.6049753E-08,"muscle13":-9.69900356E-08,"muscle14":-3.5808219E-07,"muscle15":0,"muscle16":-1.97229184E-07,"muscle17":0,"muscle18":1.55238649E-08,"muscle19":0,"muscle20":0,"muscle21":0.522007406,"muscle22":-0.0674835443,"muscle23":-0.308528006,"muscle24":0.930871129,"muscle25":0.238622993,"muscle26":0.0494380146,"muscle27":-0.043828968,"muscle28":8.52572839E-07,"muscle29":0.522007346,"muscle30":-0.0674872473,"muscle31":-0.308531851,"muscle32":0.930871248,"muscle33":0.238626465,"muscle34":0.0494420938,"muscle35":-0.0437776335,"muscle36":-8.17754753E-08,"muscle37":-0.499999136,"muscle38":0.00360311777,"muscle39":0.347188622,"muscle40":-0.234347939,"muscle41":0.359172344,"muscle42":0.551384866,"muscle43":-0.386490196,"muscle44":-0.482671648,"muscle45":1.00072277,"muscle46":-0.499999315,"muscle47":0.00360563514,"muscle48":0.465785563,"muscle49":-0.24623014,"muscle50":0.589715958,"muscle51":0.782960653,"muscle52":-0.368646175,"muscle53":-0.548463583,"muscle54":0.160178587,"muscle55":1.52199078E-07,"muscle56":0.338888228,"muscle57":-0.199999988,"muscle58":0.999999702,"muscle59":0.64214462,"muscle60":-0.964444101,"muscle61":0.844862401,"muscle62":0.844861984,"muscle63":0.665139258,"muscle64":-1.09014976,"muscle65":0.833332181,"muscle66":0.83333236,"muscle67":0.640952885,"muscle68":-1.39999831,"muscle69":0.810933709,"muscle70":0.810934246,"muscle71":0.711448729,"muscle72":-0.704386652,"muscle73":0.811356843,"muscle74":0.811356783,"muscle75":5.73914008E-07,"muscle76":0.338887691,"muscle77":-0.199999958,"muscle78":0.999998629,"muscle79":0.64214462,"muscle80":-0.964444101,"muscle81":0.844861925,"muscle82":0.844862223,"muscle83":0.665139377,"muscle84":-1.09014964,"muscle85":0.833332479,"muscle86":0.833332002,"muscle87":0.640952885,"muscle88":-1.39999843,"muscle89":0.810933769,"muscle90":0.810934007,"muscle91":0.711447477,"muscle92":-0.704384565,"muscle93":0.811357439,"muscle94":0.811357796,"duration":0,"muscle-1":1},"strings":{"interpolation":"smooth"},"inTangent":0,"inWeight":0,"outTangent":0,"outWeight":0,"weightedMode":0},{"property":"Left Hand Configuration","index":1,"time":1,"ints":{"hash":-2123081728},"floats":{},"strings":{"name":"-"},"inTangent":0,"inWeight":0,"outTangent":0,"outWeight":0,"weightedMode":0},{"property":"Left Hand Configuration","index":2,"time":2,"ints":{"hash":165234688},"floats":{"duration":0},"strings":{"name":"palma"},"inTangent":0,"inWeight":0,"outTangent":0,"outWeight":0,"weightedMode":0},{"property":"Left Hand Configuration","index":3,"time":3,"ints":{"hash":-1856011264},"floats":{"duration":0},"strings":{"name":"palma"},"inTangent":0,"inWeight":0,"outTangent":0,"outWeight":0,"weightedMode":0},{"property":"Right Hand Configuration","index":1,"time":1,"ints":{"hash":1027727360},"floats":{},