{"animTracks":[{"properties":["Right Hand Configuration","Left Hand Configuration","Muscles"],"loops":false,"keyFrames":[{"property":"Muscles","index":1,"time":1.04040396,"ints":{},"floats":{"muscle0":2.77478591E-07,"muscle1":-5.36441974E-07,"muscle2":-7.93866383E-13,"muscle3":-2.13454836E-08,"muscle4":1.62844388E-13,"muscle5":-6.31021982E-13,"muscle6":0,"muscle7":0,"muscle8":0,"muscle9":2.13434017E-08,"muscle10":5.90683237E-14,"muscle11":2.68220845E-07,"muscle12":2.34787919E-07,"muscle13":5.78708523E-07,"muscle14":-2.2680203E-07,"muscle15":-0.324147046,"muscle16":-1.31784475E-06,"muscle17":-0.324148148,"muscle18":-2.77395998E-07,"muscle19":0,"muscle20":0,"muscle21":0.527684152,"muscle22":-0.0759823099,"muscle23":-0.588656127,"muscle24":0.953825772,"muscle25":0.425628841,"muscle26":0.042562589,"muscle27":-0.0481424928,"muscle28":4.42761603E-07,"muscle29":0.527683556,"muscle30":-0.0759852156,"muscle31":-0.588660777,"muscle32":0.953825891,"muscle33":0.425632775,"muscle34":0.0425663367,"muscle35":-0.0480918102,"muscle36":3.96204285E-07,"muscle37":-0.499999821,"muscle38":0.00360197015,"muscle39":-0.446434557,"muscle40":0.160602778,"muscle41":-0.352105916,"muscle42":0.997500122,"muscle43":0.454784632,"muscle44":-0.015839668,"muscle45":0.0202495288,"muscle46":-0.499999195,"muscle47":0.0036051874,"muscle48":0.0805495977,"muscle49":0.0530235991,"muscle50":-0.381936818,"muscle51":-0.42110616,"muscle52":0.611411095,"muscle53":0.242379114,"muscle54":0.0237041749,"muscle55":-1.36603785E-06,"muscle56":1.36603731E-07,"muscle57":2.95390468E-08,"muscle58":4.26886757E-08,"muscle59":-2.54444197E-16,"muscle60":1.70754674E-07,"muscle61":-6.07127845E-07,"muscle62":7.58909806E-08,"muscle63":6.83018797E-08,"muscle64":-2.27672942E-07,"muscle65":0,"muscle66":-5.52179507E-19,"muscle67":-3.4150947E-08,"muscle68":-5.69182426E-08,"muscle69":-1.51781947E-07,"muscle70":-7.58909806E-08,"muscle71":-3.41509363E-08,"muscle72":4.26886722E-08,"muscle73":-7.58909735E-08,"muscle74":-7.58909735E-08,"muscle75":-0.244444415,"muscle76":0.138887882,"muscle77":0.63999474,"muscle78":0.639995337,"muscle79":-0.999999404,"muscle80":-0.706916511,"muscle81":-2.00000072,"muscle82":0.99999994,"muscle83":-1,"muscle84":-1.39999902,"muscle85":-2.00000024,"muscle86":0.99999994,"muscle87":-1,"muscle88":0.271548212,"muscle89":-1.99999988,"muscle90":0.999999344,"muscle91":0.68888855,"muscle92":0.91339314,"muscle93":0.666666746,"muscle94":0.666666806,"duration":0.055555556},"strings":{}},{"property":"Muscles","index":2,"time":1.33838367,"ints":{},"floats":{"muscle0":2.24928734E-12,"muscle1":-2.84977662E-13,"muscle2":3.4604432E-13,"muscle3":-2.13454836E-08,"muscle4":1.62844388E-13,"muscle5":-6.31021982E-13,"muscle6":0,"muscle7":0,"muscle8":0,"muscle9":2.13433218E-08,"muscle10":6.10666438E-14,"muscle11":-1.5266661E-14,"muscle12":1.60082763E-07,"muscle13":-4.63810572E-08,"muscle14":1.58776047E-07,"muscle15":-0.324147046,"muscle16":-1.31784475E-06,"muscle17":-0.324148148,"muscle18":-2.77395998E-07,"muscle19":0,"muscle20":0,"muscle21":0.524232686,"muscle22":-0.0713513792,"muscle23":-0.415073663,"muscle24":0.939663887,"muscle25":0.309864908,"muscle26":-0.0509064309,"muscle27":0.0511474237,"muscle28":2.3772256E-07,"muscle29":0.524231136,"muscle30":-0.071354121,"muscle31":-0.415076911,"muscle32":0.93966341,"muscle33":0.309868157,"muscle34":-0.0508553274,"muscle35":0.0511503592,"muscle36":3.96204285E-07,"muscle37":-0.500002503,"muscle38":0.00360196247,"muscle39":-0.449943453,"muscle40":0.161652327,"muscle41":-0.23361066,"muscle42":0.988980234,"muscle43":0.336605608,"muscle44":-0.0183162261,"muscle45":0.0231750645,"muscle46":-0.499999195,"muscle47":0.00360428216,"muscle48":0.0801489502,"muscle49":0.0533571355,"muscle50":-0.38156575,"muscle51":-0.420979023,"muscle52":0.610998213,"muscle53":0.242028594,"muscle54":0.024634935,"muscle55":-1.36603785E-06,"muscle56":1.36603731E-07,"muscle57":2.95390468E-08,"muscle58":4.26886757E-08,"muscle59":-2.54444197E-16,"muscle60":1.70754674E-07,"muscle61":-7.58909735E-08,"muscle62":7.58909806E-08,"muscle63":6.83018797E-08,"muscle64":-2.27672942E-07,"muscle65":0,"muscle66":-5.52179507E-19,"muscle67":-3.4150947E-08,"muscle68":-5.69182426E-08,"muscle69":-1.51781947E-07,"muscle70":-7.58909806E-08,"muscle71":-3.41509363E-08,"muscle72":4.26886722E-08,"muscle73":-7.58909735E-08,"muscle74":-7.58909735E-08,"muscle75":-0.244444758,"muscle76":0.138888434,"muscle77":0.63999474,"muscle78":0.639995337,"muscle79":-0.999999404,"muscle80":-0.70691663,"muscle81":0.732929111,"muscle82":0.99999994,"muscle83":-1,"muscle84":-1.39999866,"muscle85":0.632944465,"muscle86":0.99999994,"muscle87":-1,"muscle88":0.271548212,"muscle89":0.632944524,"muscle90":0.999999344,"muscle91":0.688887656,"muscle92":0.913392425,"muscle93":0.666666746,"muscle94":0.666666806,"duration":0.055555556},"strings":{}},{"property":"Muscles","index":3,"time":1.64141405,"ints":{},"floats":{"muscle0":2.24928734E-12,"muscle1":-2.84977662E-13,"muscle2":3.4604432E-13,"muscle3":-2.13454836E-08,"muscle4":1.62844388E-13,"muscle5":-6.31021982E-13,"muscle6":0,"muscle7":0,"muscle8":0,"muscle9":2.13433218E-08,"muscle10":6.10666438E-14,"muscle11":-1.5266661E-14,"muscle12":1.60082763E-07,"muscle13":-4.63810572E-08,"muscle14":1.58776047E-07,"muscle15":-0.324147046,"muscle16":-1.31784475E-06,"muscle17":-0.324148148,"muscle18":-2.77395998E-07,"muscle19":0,"muscle20":0,"muscle21":0.524232686,"muscle22":-0.0713513792,"muscle23":-0.415073663,"muscle24":0.939663887,"muscle25":0.309864908,"muscle26":-0.0509064309,"muscle27":0.0511474237,"muscle28":2.3772256E-07,"muscle29":0.524231136,"muscle30":-0.071354121,"muscle31":-0.415076911,"muscle32":0.93966341,"muscle33":0.309868157,"muscle34":-0.0508553274,"muscle35":0.0511503592,"muscle36":3.96204285E-07,"muscle37":-0.500002503,"muscle38":0.00360196247,"muscle39":-0.449943453,"muscle40":0.161652327,"muscle41":-0.23361066,"muscle42":0.988980234,"muscle43":0.336605608,"muscle44":-0.0183162261,"muscle45":0.0231750645,"muscle46":-0.499999195,"muscle47":0.00360428216,"muscle48":0.0801489502,"muscle49":0.0533571355,"muscle50":-0.38156575,"muscle51":-0.420979023,"muscle52":0.610998213,"muscle53":0.242028594,"muscle54":0.024634935,"muscle55":-1.36603785E-06,"muscle56":1.36603731E-07,"muscle57":2.95390468E-08,"muscle58":4.26886757E-08,"muscle59":-2.54444197E-16,"muscle60":1.70754674E-07,"muscle61":-7.58909735E-08,"muscle62":7.58909806E-08,"muscle63":6.83018797E-08,"muscle64":-2.27672942E-07,"muscle65":0,"muscle66":-5.52179507E-19,"muscle67":-3.4150947E-08,"muscle68":-5.69182426E-08,"muscle69":-1.51781947E-07,"muscle70":-7.58909806E-08,"muscle71":-3.41509363E-08,"muscle72":4.26886722E-08,"muscle73":-7.58909735E-08,"muscle74":-7.58909735E-08,"muscle75":-0.244444758,"muscle76":0.138888434,"muscle77":0.63999474,"muscle78":0.639995337,"muscle79":-0.999998093,"muscle80":-0.706916332,"muscle81":-2.00000095,"muscle82":0.999999762,"muscle83":-1,"muscle84":-1.39999866,"muscle85":-2.00000095,"muscle86":0.999999702,"muscle87":-1,"muscle88":0.271548212,"muscle89":-1.99999988,"muscle90":0.999999344,"muscle91":0.688888311,"muscle92":0.913392842,"muscle93":0.666666746,"muscle94":0.666666806,"duration":0.0606060624},"strings":{}},{"property":"Muscles","index":4,"time":1.93434358,"ints":{},"floats":{"muscle0":1.70762482E-12,"muscle1":-1.22132962E-13,"muscle2":-5.36441632E-07,"muscle3":-2.13454836E-08,"muscle4":1.62844388E-13,"muscle5":-6.31021982E-13,"muscle6":0,"muscle7":0,"muscle8":0,"muscle9":2.13433218E-08,"muscle10":6.10666438E-14,"muscle11":-1.5266661E-14,"muscle12":2.24115709E-07,"muscle13":-2.45557743E-07,"muscle14":5.73165096E-07,"muscle15":-0.324147046,"muscle16":-1.31784475E-06,"muscle17":-0.324148268,"muscle18":-1.58908722E-06,"muscle19":0,"muscle20":0,"muscle21":0.522006214,"muscle22":-0.0674838871,"muscle23":-0.308528692,"muscle24":0.930871248,"muscle25":0.238623232,"muscle26":0.0494391583,"muscle27":-0.0438282862,"muscle28":4.42761603E-07,"muscle29":0.522005141,"muscle30":-0.0674851537,"muscle31":-0.308532268,