{
  "animTracks": [
    {
      "properties": [
        "Right Hand Configuration",
        "Left Hand Configuration",
        "Muscles",
        "Facial Expression"
      ],
      "loops": false,
      "keyFrames": [
        {
          "property": "Muscles",
          "index": 1,
          "time": 1,
          "ints": {},
          "floats": {
            "muscle3": -2.13454836E-08,
            "muscle4": 1.62844388E-13,
            "muscle5": -6.31021982E-13,
            "muscle12": 2.34787919E-07,
            "muscle13": 5.78708523E-07,
            "muscle14": -2.2680203E-07,
            "muscle39": -0.512595832,
            "muscle40": 0.210587695,
            "muscle41": -0.16981034,
            "muscle27": 0.0425630584,
            "muscle26": -0.0481315888,
            "muscle42": 0.992770672,
            "muscle43": 0.268193841,
            "muscle44": -0.015839668,
            "muscle45": 0.0202495288,
            "muscle59": -2.54444197E-16,
            "muscle61": -6.07127845E-07,
            "muscle62": 7.58909806E-08,
            "muscle60": 1.70754674E-07,
            "muscle71": -3.4150947E-08,
            "muscle73": -1.51781947E-07,
            "muscle74": -7.58909806E-08,
            "muscle72": -5.69182426E-08,
            "muscle63": 6.83018797E-08,
            "muscle65": 0,
            "muscle66": -5.52179507E-19,
            "muscle64": -2.27672942E-07,
            "muscle67": -3.41509363E-08,
            "muscle69": -7.58909735E-08,
            "muscle70": -7.58909735E-08,
            "muscle68": 4.26886722E-08,
            "muscle55": -1.36603785E-06,
            "muscle57": 2.95390468E-08,
            "muscle58": 4.26886757E-08,
            "muscle56": 1.36603731E-07,
            "muscle24": 0.953825772,
            "muscle25": 0.425629646,
            "muscle37": -0.499999821,
            "muscle38": 0.00360197015,
            "muscle28": 4.42761603E-07,
            "muscle21": 0.527690291,
            "muscle22": -0.0159881171,
            "muscle23": -0.588769019,
            "muscle10": 2.13434017E-08,
            "muscle11": 5.90683237E-14,
            "muscle9": 2.68220845E-07,
            "muscle48": -0.355691761,
            "muscle49": 0.101791002,
            "muscle50": -0.138343602,
            "muscle35": 0.0425670445,
            "muscle34": -0.0480957925,
            "muscle51": -0.411712408,
            "muscle52": -0.962412775,
            "muscle53": 0.34228456,
            "muscle54": 0.790702403,
            "muscle79": 0.999999881,
            "muscle81": 0.999998927,
            "muscle82": 0.99999994,
            "muscle80": -0.40913868,
            "muscle91": -0.844443738,
            "muscle93": -2.00000095,
            "muscle94": -0.200000346,
            "muscle92": -0.206607401,
            "muscle83": 0.999999404,
            "muscle85": 0.999999225,
            "muscle86": 0.99999994,
            "muscle84": -0.0901510715,
            "muscle87": -0.933333158,
            "muscle89": -1.99999988,
            "muscle90": 0.679999888,
            "muscle88": 0.271548122,
            "muscle75": -2.37909913,
            "muscle77": -0.999999762,
            "muscle78": 0.355555505,
            "muscle76": -1.62777901,
            "muscle32": 0.953825593,
            "muscle33": 0.425632477,
            "muscle46": -0.499999195,
            "muscle47": 0.0036051874,
            "muscle36": -4.234183E-07,
            "muscle29": 0.52768892,
            "muscle30": -0.0159830768,
            "muscle31": -0.588774383,
            "muscle0": 2.77478591E-07,
            "muscle1": -5.36441974E-07,
            "muscle2": -7.93866383E-13,
            "muscle6": 0,
            "muscle7": 0,
            "muscle8": 0
          },
          "strings": {
            "interpolation": "default"
          },
          "inTangent": 0,
          "inWeight": 0,
          "outTangent": 0,
          "outWeight": 0,
          "weightedMode": 0
        },
        {
          "property": "Right Hand Configuration",
          "index": 1,
          "time": 1,
          "ints": {
            "hash": 15585280
          },
          "floats": {},
          "strings": {
            "name": "U"
          },
          "inTangent": 0,
          "inWeight": 0,
          "outTangent": 0,
          "outWeight": 0,
          "weightedMode": 0
        },
        {
          "property": "Left Hand Configuration",
          "index": 1,
          "time": 1,
          "ints": {
            "hash": -556493824
          },
          "floats": {},
          "strings": {
            "name": "-"
          },
          "inTangent": 0,
          "inWeight": 0,
          "outTangent": 0,
          "outWeight": 0,
          "weightedMode": 0
        },
        {
          "property": "Facial Expression",
          "index": 1,
          "time": 1,
          "ints": {},
          "floats": {},
          "strings": {
            "faceName": "Neutra"
          },
          "inTangent": 0,
          "inWeight": 0,
          "outTangent": 0,
          "outWeight": 0,
          "weightedMode": 0
        }
      ]
    },
    {
      "properties": [
        "Face Animation Neutra"
      ],
      "loops": false,
      "keyFrames": [
        {
          "property": "Face Animation Neutra",
          "index": 0,
          "time": 0,
          "ints": {},
          "floats": {
            "girl_head_.blendShape.mClose": 100,
            "girl_head_.blendShape.A": 0,
            "girl_head_.blendShape.Cons": 0,
            "girl_head_.blendShape.Fv": 0,
            "girl_head_.blendShape.mLSide": 0,
            "girl_head_.blendShape.mLSideUp": 0,
            "girl_head_.blendShape.mRSide": 0,
            "girl_head_.blendShape.mRSideUp": 0,
            "girl_head_.blendShape.O": 0,
            "girl_head_.blendShape.smile": 0,
            "girl_head_.blendShape.U": 0,
            "girl_hair.blendShape.cheek1": 0,
            "girl_hair.blendShape.cheek2": 0,
            "girl_hair.blendShape.cheek3": 0,
            "girl_head_.blendShape.Bmp": 0,
            "girl_head_.blendShape.E": 0,
            "girl_head_.blendShape.F001": 0,
            "girl_head_.blendShape.F003": 0,
            "girl_head_.blendShape.F005": 0,
            "girl_head_.blendShape.F006": 0,
            "girl_head_.blendShape.F007": 0,
            "girl_head_.blendShape.F007left": 0,
            "girl_head_.blendShape.F008": 0,
            "girl_head_.blendShape.F017": 0,
            "girl_head_.blendShape.F019": 0,
            "girl_head_.blendShape.F024": 0,
            "girl_head_.blendShape.F031": 0,
            "girl_head_.blendShape.LEyeBMad": 0,
            "girl_head_.blendShape.LEyeClose": 0,
            "girl_head_.blendShape.LEyeLidUp": 0,
            "girl_head_.blendShape.LEyeMad": 0,
            "girl_head_.blendShape.LEyeSad": 0,
            "girl_head_.blendShape.LeyeBUp": 0,
            "girl_head_.blendShape.mSad": 0,
            "girl_head_.blendShape.REyeBMad": 0,
            "girl_head_.blendShape.REyeClose": 0,
            "girl_head_.blendShape.REyeLidUp": 0,
            "girl_head_.blendShape.REyeMad": 0,
            "girl_head_.blendShape.REyeSad": 0,
            "girl_head_.blendShape.ReyeBSad": 0,
            "girl_head_.blendShape.ReyeBUp": 0,