{"animTracks":[{"properties":["Right Hand Configuration","Left Hand Configuration","Muscles","Facial Expression"],"loops":false,"keyFrames":[{"property":"Muscles","index":1,"time":1,"ints":{},"floats":{"muscle0":2.56134228E-07,"muscle1":-1.42488763E-13,"muscle2":-5.49599645E-13,"muscle3":2.13431885E-08,"muscle4":-4.07110868E-14,"muscle5":0,"muscle6":0,"muscle7":0,"muscle8":0,"muscle9":-2.13452704E-08,"muscle10":2.23540313E-14,"muscle11":2.682211E-07,"muscle12":-2.02771005E-07,"muscle13":1.95387557E-07,"muscle14":-2.5273215E-07,"muscle15":-0.324149996,"muscle16":7.54565477E-08,"muscle17":-0.324149996,"muscle18":-1.25760167E-07,"muscle19":0,"muscle20":0,"muscle21":0.527684629,"muscle22":-0.0759822652,"muscle23":-0.588656783,"muscle24":0.953825772,"muscle25":0.425629228,"muscle26":0.042562034,"muscle27":-0.0481425785,"muscle28":5.79231937E-07,"muscle29":0.527684867,"muscle30":-0.0759847462,"muscle31":-0.588661671,"muscle32":0.953825772,"muscle33":0.425633192,"muscle34":0.0425647497,"muscle35":-0.0480923951,"muscle36":-8.17754753E-08,"muscle37":-0.499999434,"muscle38":0.00360218296,"muscle39":-0.134442374,"muscle40":0.0408401638,"muscle41":-0.125429139,"muscle42":-0.231097892,"muscle43":-0.412524223,"muscle44":-0.699989796,"muscle45":0.536750376,"muscle46":-0.499999315,"muscle47":0.00360563514,"muscle48":-0.14896673,"muscle49":-0.0298956484,"muscle50":-0.159240112,"muscle51":-0.172274709,"muscle52":-0.523577332,"muscle53":-0.892395735,"muscle54":0.268016249,"muscle55":4.17996262E-07,"muscle56":-1.99999988,"muscle57":-0.026671933,"muscle58":-0.426671386,"muscle59":0.0666668639,"muscle60":-0.72247225,"muscle61":-0.499999881,"muscle62":-0.499999911,"muscle63":-0.088888824,"muscle64":-0.462221146,"muscle65":-0.533332765,"muscle66":-0.533333242,"muscle67":0.0888888761,"muscle68":-1.30000007,"muscle69":-0.2333332,"muscle70":-0.233333081,"muscle71":0.333333433,"muscle72":-0.748828828,"muscle73":-0.0999998301,"muscle74":-0.099999927,"muscle75":3.05104862E-07,"muscle76":-1.76666665,"muscle77":0.644444823,"muscle78":0.111111112,"muscle79":0.48888883,"muscle80":-0.986916542,"muscle81":-0.99999994,"muscle82":-0.119999759,"muscle83":0.577777505,"muscle84":-1.11999869,"muscle85":-1.33333302,"muscle86":-0.200000301,"muscle87":0.688888729,"muscle88":-1.39999831,"muscle89":-1.2666657,"muscle90":-0.400000572,"muscle91":0.644444466,"muscle92":-0.579940796,"muscle93":-0.999999821,"muscle94":-0.800000608,"muscle-1":1},"strings":{},"inTangent":0,"inWeight":0,"outTangent":0,"outWeight":0,"weightedMode":0},{"property":"Muscles","index":2,"time":2.38888884,"ints":{},"floats":{"muscle0":1.70762449E-12,"muscle1":1.8320023E-13,"muscle2":-5.36442087E-07,"muscle3":2.13431885E-08,"muscle4":-4.07110868E-14,"muscle5":0,"muscle6":0,"muscle7":0,"muscle8":0,"muscle9":-2.13453486E-08,"muscle10":2.03555434E-14,"muscle11":3.20599775E-13,"muscle12":2.66804392E-07,"muscle13":-2.10766196E-08,"muscle14":4.17205086E-07,"muscle15":-0.324149996,"muscle16":-1.97229184E-07,"muscle17":-0.324149996,"muscle18":-4.4875452E-07,"muscle19":0,"muscle20":0,"muscle21":0.524232984,"muscle22":-0.0713518187,"muscle23":-0.415076256,"muscle24":0.939663708,"muscle25":0.309866637,"muscle26":-0.0509064607,"muscle27":0.0511470437,"muscle28":5.79231937E-07,"muscle29":0.524232566,"muscle30":-0.071354188,"muscle31":-0.415079713,"muscle32":0.939663708,"muscle33":0.309870064,"muscle34":-0.050855767,"muscle35":0.0511496402,"muscle36":-8.17754753E-08,"muscle37":-0.499999434,"muscle38":0.00360218296,"muscle39":0.295988351,"muscle40":0.817663372,"muscle41":-0.272457808,"muscle42":-0.712808311,"muscle43":1.22601843,"muscle44":0.465174437,"muscle45":0.98399514,"muscle46":-0.499999315,"muscle47":0.00360563514,"muscle48":0.312029332,"muscle49":0.77150327,"muscle50":-0.285700589,"muscle51":-0.754190803,"muscle52":1.22898519,"muscle53":0.653068841,"muscle54":1.00029373,"muscle55":-1.98093701E-07,"muscle56":-1.32777917,"muscle57":0.35110572,"muscle58":0.595550597,"muscle59":0.553255916,"muscle60":0.288638264,"muscle61":-0.321804076,"muscle62":0.0799999535,"muscle63":0.665139318,"muscle64":-0.436818093,"muscle65":-0.195990562,"muscle66":0.160000056,"muscle67":0.640953422,"muscle68":0.271548182,"muscle69":-0.266666263,"muscle70":0.600000024,"muscle71":0.578116238,"muscle72":0.695615888,"muscle73":-0.32197535,"muscle74":0.120000035,"muscle75":8.28356121E-07,"muscle76":-1.32777917,"muscle77":0.35110572,"muscle78":0.595550656,"muscle79":0.553255975,"muscle80":0.288638532,"muscle81":-0.321804196,"muscle82":0.0799999908,"muscle83":0.665139258,"muscle84":-0.436818212,"muscle85":-0.195990011,"muscle86":0.160000116,"muscle87":0.640952826,"muscle88":0.271548212,"muscle89":-0.266666472,"muscle90":0.600000024,"muscle91":0.578116238,"muscle92":0.695616066,"muscle93":-0.321975291,"muscle94":0.120000072,"duration":0.409090906,"muscle-1":1},"strings":{},"inTangent":0,"inWeight":0,"outTangent":0,"outWeight":0,"weightedMode":0},{"property":"Left Hand Configuration","index":1,"time":1,"ints":{"hash":-813356032},"floats":{},"strings":{"name":"C"},"inTangent":0,"inWeight":0,"outTangent":0,"outWeight":0,"weightedMode":0},{"property":"Left Hand Configuration","index":2,"time":2.38888884,"ints":{"hash":-1103769600},"floats":{"duration":0.409090906},"strings":{"name":"garra aberta"},"inTangent":0,"inWeight":0,"outTangent":0,"outWeight":0,"weightedMode":0},{"property":"Right Hand Configuration","index":1,"time":1,"ints":{"hash":-1385435136},"floats":{},"strings":{"name":"Teta_semifechado2"},"inTangent":0,"inWeight":0,"outTangent":0,"outWeight":0,"weightedMode":0},{"property":"Right Hand Configuration","index":2,"time":2.38888884,"ints":{"hash":-1675848704},"floats":{"duration":0.409090906},"strings":{"name":"garra aberta"},"inTangent":0,"inWeight":0,"outTangent":0,"outWeight":0,"weightedMode":0},{"property":"Facial Expression","index":1,"time":1,"ints":{},"floats":{},"strings":{"faceName":"Neutra"},"inTangent":0,"inWeight":0,"outTangent":0,"outWeight":0,"weightedMode":0},{"property":"Facial Expression","index":2,"time":2.38888884,"ints":{},"floats":{"duration":0.409090906},"strings":{"faceName":"Neutra"},"inTangent":0,"inWeight":0,"outTangent":0,"outWeight":0,"weightedMode":0}]},{"properties":["Face Animation Neutra"],"loops":false,"keyFrames":[{"property":"Face Animation Neutra","index":0,"time":0,"ints":{},"floats":{"girl_head_.blendShape.mClose":100,"girl_head_.blendShape.A":0,"girl_head_.blendShape.Cons":0,"girl_head_.blendShape.Fv":0,"girl_head_.blendShape.mLSide":0,"girl_head_.blendShape.mLSideUp":0,"girl_head_.blendShape.mRSide":0,"girl_head_.blendShape.mRSideUp":0,"girl_head_.blendShape.O":0,"girl_head_.blendShape.smile":0,"girl_head_.blendShape.U":0,"girl_hair.blendShape.cheek1":0,"girl_hair.blendShape.cheek2":0,"girl_hair.blendShape.cheek3":0,"girl_head_.blendShape.Bmp":0,"girl_head_.blendShape.E":0,"girl_head_.blendShape.F001":0,"girl_head_.blendShape.F003":0,"girl_head_.blendShape.F005":0,"girl_head_.blendShape.F006":0,"girl_head_.blendShape.F007":0,"girl_head_.blendShape.F007left":0,"girl_head_.blendShape.F008":0,"girl_head_.blendShape.F017":0,"girl_head_.blendShape.F019":0,"girl_head_.blendShape.F024":0,"girl_head_.blendShape.F031":0,"girl_head_.blendShape.LEyeBMad":0,"girl_head_.blendShape.LEyeClose":0,"girl_head_.blendShape.LEyeLidUp":0,"girl_head_.blendShape.LEyeMad":0,"girl_head_.blendShape.LEyeSad":0,"girl_head_.blendShape.LeyeBUp":0,"girl_head_.blendShape.mSad":0,"girl_head_.blendShape.REyeBMad":0,"girl_head_.blendShape.REyeClose":0,"girl_head_.blendShape.REyeLidUp":0,"girl_head_.blendShape.REyeMad":0,"girl_head_.blendShape.REyeSad":0,"girl_head_.blendShape.ReyeBSad":0,"girl_head_.blendShape.ReyeBUp":0,