{"animTracks":[{"properties":["Right Hand Configuration","Left Hand Configuration","Muscles","Facial Expression"],"loops":false,"keyFrames":[{"property":"Muscles","index":5,"time":1.04545474,"ints":{},"floats":{"muscle0":2.24928734E-12,"muscle1":4.07110902E-14,"muscle2":5.08888667E-13,"muscle3":2.13431885E-08,"muscle4":-4.07110868E-14,"muscle5":0,"muscle6":0,"muscle7":0,"muscle8":0,"muscle9":-2.13453486E-08,"muscle10":2.03555434E-14,"muscle11":3.20599775E-13,"muscle12":-0.557999194,"muscle13":-0.151000157,"muscle14":-0.740000904,"muscle15":0,"muscle16":7.54572227E-08,"muscle17":0,"muscle18":1.55238649E-08,"muscle19":0,"muscle20":0,"muscle21":0.522005379,"muscle22":-0.0674853474,"muscle23":-0.308529556,"muscle24":0.930870771,"muscle25":0.238643572,"muscle26":-0.0412516482,"muscle27":0.0468777828,"muscle28":1.26251746E-06,"muscle29":0.522005856,"muscle30":-0.0674853474,"muscle31":-0.308534473,"muscle32":0.930871725,"muscle33":0.238646761,"muscle34":-0.0412061512,"muscle35":0.0468800478,"muscle36":-4.9172013E-07,"muscle37":-0.499999434,"muscle38":0.00360218296,"muscle39":-0.51592344,"muscle40":0.211086795,"muscle41":-0.0779907182,"muscle42":0.985978961,"muscle43":0.176828399,"muscle44":-0.0182139259,"muscle45":0.0217868946,"muscle46":-0.5,"muscle47":0.00360631221,"muscle48":0.00332379597,"muscle49":0.15949972,"muscle50":1.72286785,"muscle51":-0.870045304,"muscle52":0.922281623,"muscle53":0.349459738,"muscle54":-1.00079465,"muscle55":-1.36603751E-06,"muscle56":8.19622528E-07,"muscle57":-1.67169532E-08,"muscle58":-9.05049902E-08,"muscle59":-3.41509327E-08,"muscle60":1.70754674E-07,"muscle61":7.58909735E-08,"muscle62":7.58909593E-08,"muscle63":3.41509363E-08,"muscle64":-2.27672913E-07,"muscle65":0,"muscle66":-2.20871741E-18,"muscle67":0,"muscle68":0,"muscle69":-7.58909735E-08,"muscle70":-8.28269027E-19,"muscle71":-6.36110494E-17,"muscle72":4.26886686E-08,"muscle73":4.41743481E-18,"muscle74":-3.31307611E-18,"muscle75":-1.59020722,"muscle76":0.638886988,"muscle77":0.0444449596,"muscle78":-0.111111,"muscle79":-0.113411143,"muscle80":-0.964444101,"muscle81":0.878195703,"muscle82":0.999999702,"muscle83":-0.112639077,"muscle84":-1.09014952,"muscle85":0.699999273,"muscle86":1.00000012,"muscle87":-0.136824399,"muscle88":-1.39999855,"muscle89":0.610934198,"muscle90":0.99999994,"muscle91":-0.177439481,"muscle92":-0.797717988,"muscle93":0.67802465,"muscle94":1,"duration":0,"muscle-1":1},"strings":{"interpolation":"default"},"inTangent":0,"inWeight":0,"outTangent":0,"outWeight":0,"weightedMode":0},{"property":"Muscles","index":7,"time":1.58080864,"ints":{},"floats":{"muscle0":1.68012034E-12,"muscle1":2.68220759E-07,"muscle2":-5.36441917E-07,"muscle3":2.77475209E-07,"muscle4":-4.07110801E-14,"muscle5":-5.08888586E-14,"muscle6":0,"muscle7":0,"muscle8":0,"muscle9":-2.13453486E-08,"muscle10":2.03555434E-14,"muscle11":3.20599775E-13,"muscle12":-0.557999492,"muscle13":-0.151000425,"muscle14":-0.739999771,"muscle15":0,"muscle16":-1.97229184E-07,"muscle17":0,"muscle18":1.55238649E-08,"muscle19":0,"muscle20":0,"muscle21":0.519557297,"muscle22":-0.061910741,"muscle23":-0.184098989,"muscle24":0.92047286,"muscle25":0.155409023,"muscle26":-0.0429731123,"muscle27":0.0570083819,"muscle28":1.80946608E-06,"muscle29":0.519556999,"muscle30":-0.0619065836,"muscle31":-0.184104696,"muscle32":0.920473039,"muscle33":0.155411497,"muscle34":-0.0429294631,"muscle35":0.0570012778,"muscle36":-4.9172013E-07,"muscle37":-0.499999434,"muscle38":0.00360218296,"muscle39":-0.517615199,"muscle40":0.211250573,"muscle41":-0.0377065912,"muscle42":0.982964158,"muscle43":0.13678661,"muscle44":-0.0194292571,"muscle45":0.0223597512,"muscle46":-0.500002682,"muscle47":0.00360630522,"muscle48":0.802896857,"muscle49":-0.180191517,"muscle50":0.992918849,"muscle51":-0.873216927,"muscle52":1.03488588,"muscle53":0.257247239,"muscle54":-0.557890415,"muscle55":-1.36603751E-06,"muscle56":8.19622528E-07,"muscle57":-1.67169532E-08,"muscle58":-9.05049902E-08,"muscle59":-4.43962136E-07,"muscle60":4.13471806E-15,"muscle61":7.58909735E-08,"muscle62":7.58909593E-08,"muscle63":3.41509363E-08,"muscle64":-2.27672913E-07,"muscle65":0,"muscle66":-2.20871741E-18,"muscle67":0,"muscle68":0,"muscle69":-7.58909735E-08,"muscle70":-8.28269027E-19,"muscle71":-6.36110494E-17,"muscle72":4.26886686E-08,"muscle73":4.41743481E-18,"muscle74":-3.31307611E-18,"muscle75":-1.59020758,"muscle76":0.638887167,"muscle77":0.0444449596,"muscle78":-0.111111,"muscle79":-0.113411143,"muscle80":-0.964444101,"muscle81":0.878195703,"muscle82":0.999999702,"muscle83":-0.112639077,"muscle84":-1.09014952,"muscle85":0.699999273,"muscle86":1.00000012,"muscle87":-0.136824399,"muscle88":-1.39999855,"muscle89":0.6109339,"muscle90":0.99999994,"muscle91":-0.177439481,"muscle92":-0.797717988,"muscle93":0.67802465,"muscle94":1,"duration":0,"muscle-1":1},"strings":{"interpolation":"smooth"},"inTangent":0,"inWeight":0,"outTangent":0,"outWeight":0,"weightedMode":0},{"property":"Left Hand Configuration","index":5,"time":1.04545474,"ints":{"hash":-1574345728},"floats":{"duration":0},"strings":{"name":"-"},"inTangent":0,"inWeight":0,"outTangent":0,"outWeight":0,"weightedMode":0},{"property":"Left Hand Configuration","index":7,"time":1.58080864,"ints":{"hash":141616128},"floats":{"duration":0},"strings":{"name":"-"},"inTangent":0,"inWeight":0,"outTangent":0,"outWeight":0,"weightedMode":0},{"property":"Right Hand Configuration","index":5,"time":1.04545474,"ints":{"hash":-2146424832},"floats":{"duration":0},"strings":{"name":"concha"},"inTangent":0,"inWeight":0,"outTangent":0,"outWeight":0,"weightedMode":0},{"property":"Right Hand Configuration","index":7,"time":1.58080864,"ints":{"hash":-430462976},"floats":{"duration":0},"strings":{"name":"concha"},"inTangent":0,"inWeight":0,"outTangent":0,"outWeight":0,"weightedMode":0},{"property":"Facial Expression","index":5,"time":1.04545474,"ints":{},"floats":{"duration":0},"strings":{"faceName":"Neutra"},"inTangent":0,"inWeight":0,"outTangent":0,"outWeight":0,"weightedMode":0},{"property":"Facial Expression","index":7,"time":1.58080864,"ints":{},"floats":{"duration":0},"strings":{"faceName":"Bochecha D"},"inTangent":0,"inWeight":0,"outTangent":0,"outWeight":0,"weightedMode":0}]},{"properties":["Face Animation Neutra"],"loops":false,"keyFrames":[{"property":"Face Animation Neutra","index":0,"time":0,"ints":{},"floats":{"girl_head_.blendShape.mClose":100,"girl_head_.blendShape.A":0,"girl_head_.blendShape.Cons":0,"girl_head_.blendShape.Fv":0,"girl_head_.blendShape.mLSide":0,"girl_head_.blendShape.mLSideUp":0,"girl_head_.blendShape.mRSide":0,"girl_head_.blendShape.mRSideUp":0,"girl_head_.blendShape.O":0,"girl_head_.blendShape.smile":0,"girl_head_.blendShape.U":0,"girl_hair.blendShape.cheek1":0,"girl_hair.blendShape.cheek2":0,"girl_hair.blendShape.cheek3":0,"girl_head_.blendShape.Bmp":0,"girl_head_.blendShape.E":0,"girl_head_.blendShape.F001":0,"girl_head_.blendShape.F003":0,"girl_head_.blendShape.F005":0,"girl_head_.blendShape.F006":0,"girl_head_.blendShape.F007":0,"girl_head_.blendShape.F007left":0,"girl_head_.blendShape.F008":0,"girl_head_.blendShape.F017":0,"girl_head_.blendShape.F019":0,"girl_head_.blendShape.F024":0,"girl_head_.blendShape.F031":0,"girl_head_.blendShape.LEyeBMad":0,"girl_head_.blendShape.LEyeClose":0,"girl_head_.blendShape.LEyeLidUp":0,"girl_head_.blendShape.LEyeMad":0,"girl_head_.blendShape.LEyeSad":0,"girl_head_.blendShape.LeyeBUp":0,"girl_head_.blendShape.mSad":0,"girl_head_.blendShape.REyeBMad":0,"girl_head_.blendShape.REyeClose":0,"girl_head_.blendShape.REyeLidUp":0,"girl_head_.blendShape.REyeMad":0,"girl_head_.blendShape.REyeSad":0,"girl_head_.blendShape.ReyeBSad":0,"girl_head_.blendShape.ReyeBUp":0,