{"animTracks":[{"properties":["Right Hand Configuration","Left Hand Configuration","Muscles","Facial Expression"],"loops":false,"keyFrames":[{"property":"Muscles","index":1,"time":1,"ints":{},"floats":{"muscle0":2.13987573E-12,"muscle1":-2.03555461E-13,"muscle2":-4.68177526E-13,"muscle3":-1.25695407E-12,"muscle4":4.07110902E-14,"muscle5":3.35866507E-13,"muscle6":0,"muscle7":0,"muscle8":0,"muscle9":-4.8344396E-13,"muscle10":2.03555434E-14,"muscle11":3.25688695E-13,"muscle12":-5.336112E-08,"muscle13":9.37768405E-08,"muscle14":1.42673455E-08,"muscle15":0,"muscle16":1.88198235E-09,"muscle17":0,"muscle18":-2.60550977E-12,"muscle19":0,"muscle20":0,"muscle21":0.527684987,"muscle22":-0.0759823248,"muscle23":-0.588656723,"muscle24":0.953825772,"muscle25":0.425703287,"muscle26":-0.0594080128,"muscle27":0.0538538806,"muscle28":4.42761575E-07,"muscle29":0.527683914,"muscle30":-0.0759851784,"muscle31":-0.588661015,"muscle32":0.953825414,"muscle33":0.425707132,"muscle34":-0.0593613945,"muscle35":0.0538628362,"muscle36":-4.88385012E-07,"muscle37":-0.499999762,"muscle38":0.00360199227,"muscle39":0.490778863,"muscle40":-0.529277861,"muscle41":0.638234317,"muscle42":-0.0617354251,"muscle43":0.387102246,"muscle44":0.142200932,"muscle45":0.577187359,"muscle46":-0.499999315,"muscle47":0.00360633456,"muscle48":0.482991695,"muscle49":-0.484006912,"muscle50":0.647928417,"muscle51":-0.0330697224,"muscle52":0.351106465,"muscle53":0.0782381669,"muscle54":0.443162531,"muscle55":-1.22354114,"muscle56":0.605554104,"muscle57":0.711110771,"muscle58":0.799999297,"muscle59":0.553255916,"muscle60":-0.964444101,"muscle61":0.978195786,"muscle62":0.978195786,"muscle63":0.665139258,"muscle64":-1.09014988,"muscle65":0.904009581,"muscle66":0.90400964,"muscle67":0.640952945,"muscle68":-1.39999843,"muscle69":0.999999642,"muscle70":0.999999523,"muscle71":0.711449087,"muscle72":-0.579940796,"muscle73":0.944691181,"muscle74":0.944690824,"muscle75":-1.22354114,"muscle76":0.60555476,"muscle77":0.711109936,"muscle78":0.799999595,"muscle79":0.553255916,"muscle80":-0.96444416,"muscle81":0.978195548,"muscle82":0.978195608,"muscle83":0.665139139,"muscle84":-1.09014976,"muscle85":0.904010117,"muscle86":0.904010057,"muscle87":0.640952885,"muscle88":-1.39999831,"muscle89":0.999999702,"muscle90":0.99999994,"muscle91":0.711448967,"muscle92":-0.579940796,"muscle93":0.944690645,"muscle94":0.944690585,"muscle-1":1},"strings":{"interpolation":"default"},"inTangent":0,"inWeight":0,"outTangent":0,"outWeight":0,"weightedMode":0},{"property":"Muscles","index":2,"time":2,"ints":{},"floats":{"muscle0":2.13987573E-12,"muscle1":-2.03555461E-13,"muscle2":-4.68177526E-13,"muscle3":-1.25695407E-12,"muscle4":4.07110902E-14,"muscle5":3.35866507E-13,"muscle6":0,"muscle7":0,"muscle8":0,"muscle9":-4.8344396E-13,"muscle10":2.03555434E-14,"muscle11":3.25688695E-13,"muscle12":1.17393562E-07,"muscle13":5.69473713E-08,"muscle14":-7.37965706E-08,"muscle15":0,"muscle16":1.88198235E-09,"muscle17":0,"muscle18":1.87937133E-09,"muscle19":0,"muscle20":0,"muscle21":-7.58909309E-08,"muscle22":-3.23722247E-07,"muscle23":7.11477499E-09,"muscle24":1.51995025E-07,"muscle25":-5.92898219E-09,"muscle26":3.08292215E-07,"muscle27":-3.80752141E-08,"muscle28":2.37855957E-07,"muscle29":6.83018442E-08,"muscle30":1.73422663E-07,"muscle31":-4.26886544E-08,"muscle32":8.03747682E-08,"muscle33":-8.89347263E-09,"muscle34":2.01703955E-07,"muscle35":1.19617269E-07,"muscle36":-1.00051558E-08,"muscle37":-0.499999762,"muscle38":0.00360199227,"muscle39":0.927104235,"muscle40":-0.646941721,"muscle41":0.48950538,"muscle42":0.565336287,"muscle43":0.528517187,"muscle44":0.149456203,"muscle45":0.250668377,"muscle46":-0.499999315,"muscle47":0.00360633456,"muscle48":0.832205474,"muscle49":-0.60558784,"muscle50":0.748297155,"muscle51":0.357928097,"muscle52":0.361729205,"muscle53":0.0786960572,"muscle54":0.442603201,"muscle55":-1.22354114,"muscle56":0.605554104,"muscle57":0.711109996,"muscle58":0.799998879,"muscle59":0.553255916,"muscle60":-0.964444101,"muscle61":0.978195786,"muscle62":0.978195786,"muscle63":0.665139079,"muscle64":-1.09014988,"muscle65":0.904009581,"muscle66":0.90400964,"muscle67":0.640952826,"muscle68":-1.39999843,"muscle69":0.999999404,"muscle70":0.999999404,"muscle71":0.711449087,"muscle72":-0.579940796,"muscle73":0.944691181,"muscle74":0.944691122,"muscle75":-1.22354114,"muscle76":0.60555476,"muscle77":0.711109936,"muscle78":0.799999356,"muscle79":0.553255916,"muscle80":-0.96444416,"muscle81":0.978195071,"muscle82":0.97819525,"muscle83":0.665139139,"muscle84":-1.09014976,"muscle85":0.904010117,"muscle86":0.904010177,"muscle87":0.640952885,"muscle88":-1.39999831,"muscle89":0.999999523,"muscle90":0.999999404,"muscle91":0.711449087,"muscle92":-0.579940796,"muscle93":0.944690466,"muscle94":0.944690585,"duration":0,"muscle-1":1},"strings":{"interpolation":"default"},"inTangent":0,"inWeight":0,"outTangent":0,"outWeight":0,"weightedMode":0},{"property":"Left Hand Configuration","index":1,"time":1,"ints":{"hash":2082437120},"floats":{},"strings":{"name":"1"},"inTangent":0,"inWeight":0,"outTangent":0,"outWeight":0,"weightedMode":0},{"property":"Left Hand Configuration","index":2,"time":2,"ints":{"hash":1219944448},"floats":{"duration":0},"strings":{"name":"1"},"inTangent":0,"inWeight":0,"outTangent":0,"outWeight":0,"weightedMode":0},{"property":"Right Hand Configuration","index":1,"time":1,"ints":{"hash":1510358016},"floats":{},"strings":{"name":"1"},"inTangent":0,"inWeight":0,"outTangent":0,"outWeight":0,"weightedMode":0},{"property":"Right Hand Configuration","index":2,"time":2,"ints":{"hash":647865344},"floats":{"duration":0},"strings":{"name":"1"},"inTangent":0,"inWeight":0,"outTangent":0,"outWeight":0,"weightedMode":0},{"property":"Facial Expression","index":1,"time":1,"ints":{},"floats":{},"strings":{"faceName":"Neutra"},"inTangent":0,"inWeight":0,"outTangent":0,"outWeight":0,"weightedMode":0},{"property":"Facial Expression","index":2,"time":2,"ints":{},"floats":{"duration":0},"strings":{"faceName":"Neutra"},"inTangent":0,"inWeight":0,"outTangent":0,"outWeight":0,"weightedMode":0}]},{"properties":["Face Animation Neutra"],"loops":false,"keyFrames":[{"property":"Face Animation Neutra","index":0,"time":0,"ints":{},"floats":{"girl_head_.blendShape.mClose":100,"girl_head_.blendShape.A":0,"girl_head_.blendShape.Cons":0,"girl_head_.blendShape.Fv":0,"girl_head_.blendShape.mLSide":0,"girl_head_.blendShape.mLSideUp":0,"girl_head_.blendShape.mRSide":0,"girl_head_.blendShape.mRSideUp":0,"girl_head_.blendShape.O":0,"girl_head_.blendShape.smile":0,"girl_head_.blendShape.U":0,"girl_hair.blendShape.cheek1":0,"girl_hair.blendShape.cheek2":0,"girl_hair.blendShape.cheek3":0,"girl_head_.blendShape.Bmp":0,"girl_head_.blendShape.E":0,"girl_head_.blendShape.F001":0,"girl_head_.blendShape.F003":0,"girl_head_.blendShape.F005":0,"girl_head_.blendShape.F006":0,"girl_head_.blendShape.F007":0,"girl_head_.blendShape.F007left":0,"girl_head_.blendShape.F008":0,"girl_head_.blendShape.F017":0,"girl_head_.blendShape.F019":0,"girl_head_.blendShape.F024":0,"girl_head_.blendShape.F031":0,"girl_head_.blendShape.LEyeBMad":0,"girl_head_.blendShape.LEyeClose":0,"girl_head_.blendShape.LEyeLidUp":0,"girl_head_.blendShape.LEyeMad":0,"girl_head_.blendShape.LEyeSad":0,"girl_head_.blendShape.LeyeBUp":0,"girl_head_.blendShape.mSad":0,"girl_head_.blendShape.REyeBMad":0,"girl_head_.blendShape.REyeClose":0,"girl_head_.blendShape.REyeLidUp":0,"girl_head_.blendShape.REyeMad":0,"girl_head_.blendShape.REyeSad":0,"girl_head_.blendShape.ReyeBSad":0,"girl_head_.blendShape.ReyeBUp":0,