{
  "animTracks": [
    {
      "properties": [
        "Right Hand Configuration",
        "Left Hand Configuration",
        "Muscles",
        "Facial Expression"
      ],
      "loops": false,
      "keyFrames": [
        {
          "property": "Muscles",
          "index": 1,
          "time": 1,
          "ints": {},
          "floats": {
            "muscle0": 2.1398753E-12,
            "muscle1": -4.07110923E-13,
            "muscle2": -9.56710622E-13,
            "muscle3": -1.48849899E-12,
            "muscle4": -1.69222731E-25,
            "muscle5": -3.25688776E-13,
            "muscle6": 0,
            "muscle7": 0,
            "muscle8": 0,
            "muscle9": -3.96933029E-13,
            "muscle10": -4.0711097E-14,
            "muscle11": -3.25688776E-13,
            "muscle12": 1.38737931E-07,
            "muscle13": 1.30605528E-07,
            "muscle14": 1.02331555E-07,
            "muscle15": 0,
            "muscle16": -3.13225756E-09,
            "muscle17": 0,
            "muscle18": -2.60550999E-12,
            "muscle19": 0,
            "muscle20": 0,
            "muscle21": 0.527684987,
            "muscle22": -0.075982213,
            "muscle23": -0.588656247,
            "muscle24": 0.953825712,
            "muscle25": 0.4257029,
            "muscle26": -0.0594078712,
            "muscle27": 0.0538544767,
            "muscle28": 3.74593156E-07,
            "muscle29": 0.527683496,
            "muscle30": -0.0759853348,
            "muscle31": -0.588659286,
            "muscle32": 0.953825295,
            "muscle33": 0.425705791,
            "muscle34": -0.0593609177,
            "muscle35": 0.053863246,
            "muscle36": 1.94633657E-07,
            "muscle37": -0.499999434,
            "muscle38": 0.00360223628,
            "muscle39": 0.569653511,
            "muscle40": -0.469354033,
            "muscle41": 0.65265286,
            "muscle42": 0.16048111,
            "muscle43": 0.828842521,
            "muscle44": -0.220691726,
            "muscle45": 0.410425484,
            "muscle46": -0.499998987,
            "muscle47": 0.00360562769,
            "muscle48": 0.628905058,
            "muscle49": -0.252794504,
            "muscle50": 0.73126775,
            "muscle51": 0.0439771153,
            "muscle52": 0.89651525,
            "muscle53": -0.19779174,
            "muscle54": 0.554476082,
            "muscle55": -1.0333333,
            "muscle56": -1.16666663,
            "muscle57": 1,
            "muscle58": -0.515560269,
            "muscle59": 0.286589265,
            "muscle60": 0.288638562,
            "muscle61": -0.321804225,
            "muscle62": 0.0800000429,
            "muscle63": 0.331805944,
            "muscle64": -0.436817974,
            "muscle65": -0.195990562,
            "muscle66": 0.159999967,
            "muscle67": 0.218731403,
            "muscle68": 0.271548122,
            "muscle69": -0.266666591,
            "muscle70": 0.600000024,
            "muscle71": 0.244782805,
            "muscle72": 0.695615292,
            "muscle73": -0.321975529,
            "muscle74": 0.120000005,
            "muscle75": -1.03333306,
            "muscle76": -1.16666615,
            "muscle77": 0.999999881,
            "muscle78": -0.515560329,
            "muscle79": 0.286589533,
            "muscle80": 0.288638294,
            "muscle81": -0.321804136,
            "muscle82": 0.080000028,
            "muscle83": 0.331805974,
            "muscle84": -0.436818033,
            "muscle85": -0.195990577,
            "muscle86": 0.160000041,
            "muscle87": 0.218731374,
            "muscle88": 0.271548152,
            "muscle89": -0.266666412,
            "muscle90": 0.600000024,
            "muscle91": 0.244782671,
            "muscle92": 0.695615828,
            "muscle93": -0.321975172,
            "muscle94": 0.120000131,
            "muscle-1": 1
          },
          "strings": {
            "interpolation": "default"
          },
          "inTangent": 0,
          "inWeight": 0,
          "outTangent": 0,
          "outWeight": 0,
          "weightedMode": 0
        },
        {
          "property": "Muscles",
          "index": 3,
          "time": 1.80303013,
          "ints": {},
          "floats": {
            "muscle0": 2.1398753E-12,
            "muscle1": -4.07110923E-13,
            "muscle2": -9.56710622E-13,
            "muscle3": -1.48849899E-12,
            "muscle4": -1.69222731E-25,
            "muscle5": -3.25688776E-13,
            "muscle6": 0,
            "muscle7": 0,
            "muscle8": 0,
            "muscle9": -4.02742049E-13,
            "muscle10": -5.36441689E-07,
            "muscle11": 1.57755495E-13,
            "muscle12": 5.33608159E-07,
            "muscle13": 7.07340803E-07,
            "muscle14": -2.00944925E-07,
            "muscle15": 0,
            "muscle16": -3.13225756E-09,
            "muscle17": 0,
            "muscle18": -1.13157489E-06,
            "muscle19": 0,
            "muscle20": 0,
            "muscle21": 0.522007227,
            "muscle22": -0.0674862638,
            "muscle23": -0.308528662,
            "muscle24": 0.930871308,
            "muscle25": 0.238750741,
            "muscle26": -0.0638686717,
            "muscle27": 0.0695285499,
            "muscle28": 1.19461595E-06,
            "muscle29": 0.522005498,
            "muscle30": -0.0674912855,
            "muscle31": -0.308530718,
            "muscle32": 0.93087095,
            "muscle33": 0.238753259,
            "muscle34": -0.0638216063,
            "muscle35": 0.0695414245,
            "muscle36": 9.46487944E-07,
            "muscle37": -0.499996245,
            "muscle38": 0.00360247167,
            "muscle39": 0.657735765,
            "muscle40": -0.286677301,
            "muscle41": 0.956777871,
            "muscle42": -0.0656842068,
            "muscle43": 0.826655626,
            "muscle44": -0.206983954,
            "muscle45": -0.925231636,
            "muscle46": -0.499994993,
            "muscle47": 0.00360563514,
            "muscle48": 0.618710756,
            "muscle49": -0.0935790613,
            "muscle50": 0.929383755,
            "muscle51": -0.0750892013,
            "muscle52": 0.896474898,
            "muscle53": -0.197663054,
            "muscle54": -0.435075819,
            "muscle55": -1.0333333,
            "muscle56": -1.16666663,
            "muscle57": 1,
            "muscle58": -0.515560269,
            "muscle59": 0.286589265,
            "muscle60": 0.288638562,
            "muscle61": -0.321804225,
            "muscle62": 0.0800000429,
            "muscle63": 0.331805944,
            "muscle64": -0.436817974,
            "muscle65": -0.195990562,
            "muscle66": 0.159999967,
            "muscle67": 0.218731403,
            "muscle68": 0.271548122,
            "muscle69": -0.266666591,
            "muscle70": 0.600000024,
            "muscle71": 0.244782805,
            "muscle72": 0.695615292,
            "muscle73": -0.321975529,
            "muscle74": 0.120000005,
            "muscle75": -1.03333306,
            "muscle76": -1.16666579,
            "muscle77": 0.999999106,
            "muscle78": -0.515560329,
            "muscle79": 0.286589533,
            "muscle80": 0.288638294,
            "muscle81": -0.321804136,
            "muscle82": 0.080000028,
            "muscle83": 0.331805974,
            "muscle84": -0.436818033,
            "muscle85": -0.195990577,
            "muscle86": 0.160000041,
            "muscle87": 0.218731374,
            "muscle88": 0.271548152,
            "muscle89": -0.266666323,
            "muscle90": 0.600000024,
            "muscle91": 0.244782463,
            "muscle92": 0.695615888,
            "muscle93": -0.321975172,
            "muscle94": 0.120000131,
            "duration": 0,
            "muscle-1": 1
          },
          "strings": {
            "interpolation": "smooth"
          },
          "inTangent": 0,
          "inWeight": 0,
          "outTangent": 0,