{"animTracks":[{"properties":["Right Hand Configuration","Left Hand Configuration","Muscles"],"loops":false,"keyFrames":[{"property":"Muscles","index":1,"time":1,"ints":{},"floats":{"muscle0":2.56134228E-07,"muscle1":-1.42488763E-13,"muscle2":-5.49599645E-13,"muscle3":2.13431885E-08,"muscle4":-4.07110868E-14,"muscle5":0,"muscle6":0,"muscle7":0,"muscle8":0,"muscle9":-2.13452704E-08,"muscle10":2.23540313E-14,"muscle11":2.682211E-07,"muscle12":-2.02771005E-07,"muscle13":1.95387557E-07,"muscle14":-2.5273215E-07,"muscle15":-0.324147224,"muscle16":7.54565477E-08,"muscle17":-0.32414791,"muscle18":-1.25760167E-07,"muscle19":0,"muscle20":0,"muscle21":0.527684629,"muscle22":-0.0759822652,"muscle23":-0.588656783,"muscle24":0.953825772,"muscle25":0.425629228,"muscle26":0.042562034,"muscle27":-0.0481425785,"muscle28":5.79231937E-07,"muscle29":0.527684867,"muscle30":-0.0759847462,"muscle31":-0.588661671,"muscle32":0.953825772,"muscle33":0.425633192,"muscle34":0.0425647497,"muscle35":-0.0480923951,"muscle36":-8.17754753E-08,"muscle37":-0.499999434,"muscle38":0.00360218296,"muscle39":-0.28311187,"muscle40":-0.160993561,"muscle41":0.0459843166,"muscle42":-0.174563915,"muscle43":-0.729752898,"muscle44":-0.922893286,"muscle45":0.863620996,"muscle46":-0.499999315,"muscle47":0.00360563514,"muscle48":-0.19537732,"muscle49":-0.167451307,"muscle50":0.0626892671,"muscle51":-0.089481242,"muscle52":-0.499218017,"muscle53":-0.799997091,"muscle54":0.474832922,"muscle55":4.17996262E-07,"muscle56":-1.99999988,"muscle57":-0.026671933,"muscle58":-0.426671386,"muscle59":0.0666668639,"muscle60":-0.72247225,"muscle61":-0.499999881,"muscle62":-0.499999911,"muscle63":-0.088888824,"muscle64":-0.462221146,"muscle65":-0.533332765,"muscle66":-0.533333242,"muscle67":0.0888888761,"muscle68":-1.30000007,"muscle69":-0.2333332,"muscle70":-0.233333081,"muscle71":0.333333433,"muscle72":-0.748828828,"muscle73":-0.0999998301,"muscle74":-0.099999927,"muscle75":-2.06930235E-06,"muscle76":-2,"muscle77":-0.0266719274,"muscle78":-0.426671296,"muscle79":0.0666667894,"muscle80":-0.722472131,"muscle81":-0.50000006,"muscle82":-0.50000006,"muscle83":-0.0888888612,"muscle84":-0.462221354,"muscle85":-0.533334017,"muscle86":-0.533333361,"muscle87":0.0888886005,"muscle88":-1.30000007,"muscle89":-0.233333126,"muscle90":-0.233333111,"muscle91":0.333333135,"muscle92":-0.748828828,"muscle93":-0.100000069,"muscle94":-0.100000069},"strings":{}},{"property":"Muscles","index":2,"time":1.50505042,"ints":{},"floats":{"muscle0":2.24928734E-12,"muscle1":4.07110902E-14,"muscle2":5.08888667E-13,"muscle3":2.13431885E-08,"muscle4":-4.07110868E-14,"muscle5":0,"muscle6":0,"muscle7":0,"muscle8":0,"muscle9":-2.13452704E-08,"muscle10":2.23540313E-14,"muscle11":2.682211E-07,"muscle12":9.6049753E-08,"muscle13":-9.69900356E-08,"muscle14":-3.5808219E-07,"muscle15":-0.324147224,"muscle16":7.54565477E-08,"muscle17":-0.32414791,"muscle18":-1.25760167E-07,"muscle19":0,"muscle20":0,"muscle21":0.524234176,"muscle22":-0.0713512748,"muscle23":-0.41507408,"muscle24":0.939664245,"muscle25":0.309864998,"muscle26":-0.0509068407,"muscle27":0.0511473939,"muscle28":5.79231937E-07,"muscle29":0.524234116,"muscle30":-0.0713541135,"muscle31":-0.415078223,"muscle32":0.939663827,"muscle33":0.309868664,"muscle34":-0.0508570448,"muscle35":0.0511500537,"muscle36":-8.17754753E-08,"muscle37":-0.499999136,"muscle38":0.00360311777,"muscle39":-0.184356689,"muscle40":0.00383894239,"muscle41":0.0778182372,"muscle42":-0.39726451,"muscle43":1.12364638,"muscle44":1.00003576,"muscle45":0.513631642,"muscle46":-0.499999315,"muscle47":0.00360563514,"muscle48":-0.211531669,"muscle49":-0.0647890866,"muscle50":0.067760691,"muscle51":-0.31242761,"muscle52":0.938380599,"muscle53":0.999983788,"muscle54":1.00039947,"muscle55":4.23466645E-07,"muscle56":-1.99970472,"muscle57":-0.0266681332,"muscle58":-0.426608562,"muscle59":0.0666569248,"muscle60":-0.722365975,"muscle61":-0.499925435,"muscle62":-0.49992612,"muscle63":-0.0888758972,"muscle64":-0.46215269,"muscle65":-0.533254147,"muscle66":-0.533254266,"muscle67":0.333284199,"muscle68":-0.748718202,"muscle69":-0.0999851599,"muscle70":-0.0999845639,"muscle71":0.0888757408,"muscle72":-1.29980814,"muscle73":-0.233298749,"muscle74":-0.233298853,"muscle75":-3.42877979E-06,"muscle76":-1.99970484,"muscle77":-0.0266680848,"muscle78":-0.426608592,"muscle79":0.0666569546,"muscle80":-0.722365975,"muscle81":-0.499926537,"muscle82":-0.499926537,"muscle83":-0.088876009,"muscle84":-0.4621526,"muscle85":-0.533255517,"muscle86":-0.533254564,"muscle87":0.0888754427,"muscle88":-1.29980838,"muscle89":-0.233298808,"muscle90":-0.233298808,"muscle91":0.33328402,"muscle92":-0.748718023,"muscle93":-0.0999857113,"muscle94":-0.0999851078,"duration":0},"strings":{}},{"property":"Muscles","index":3,"time":2.50505042,"ints":{},"floats":{"muscle0":2.56134228E-07,"muscle1":-1.42488763E-13,"muscle2":-5.49599645E-13,"muscle3":2.13431885E-08,"muscle4":-4.07110868E-14,"muscle5":0,"muscle6":0,"muscle7":0,"muscle8":0,"muscle9":-2.13452704E-08,"muscle10":2.23540313E-14,"muscle11":2.682211E-07,"muscle12":-1.06719593E-08,"muscle13":1.21729059E-07,"muscle14":-4.28859607E-07,"muscle15":-0.324147493,"muscle16":4.63046945E-07,"muscle17":-0.324147671,"muscle18":-6.00388489E-07,"muscle19":0,"muscle20":0,"muscle21":0.520547211,"muscle22":-0.0643809214,"muscle23":-0.236125082,"muscle24":0.924839914,"muscle25":0.190201789,"muscle26":-0.0448796749,"muscle27":0.0550853349,"muscle28":2.37589148E-07,"muscle29":0.520547867,"muscle30":-0.0643815398,"muscle31":-0.236129373,"muscle32":0.92483896,"muscle33":0.190205261,"muscle34":-0.0448323898,"muscle35":0.0550868623,"muscle36":-4.9172013E-07,"muscle37":-0.499999434,"muscle38":0.00360218296,"muscle39":-0.280468673,"muscle40":0.0938661247,"muscle41":-0.0282805488,"muscle42":-0.594496071,"muscle43":1.12840044,"muscle44":1.00013185,"muscle45":0.515149415,"muscle46":-0.499999315,"muscle47":0.00360563514,"muscle48":-0.243152395,"muscle49":0.0934631675,"muscle50":0.0265916213,"muscle51":-0.586300492,"muscle52":0.945298672,"muscle53":1.00001645,"muscle54":0.999090791,"muscle55":2.98199041E-07,"muscle56":-1.99970472,"muscle57":-0.0266681332,"muscle58":-0.426608562,"muscle59":0.0666569248,"muscle60":-0.722365975,"muscle61":-0.499925107,"muscle62":-0.49992612,"muscle63":-0.0888758972,"muscle64":-0.46215269,"muscle65":-0.533254147,"muscle66":-0.533254087,"muscle67":0.333284199,"muscle68":-0.748718202,"muscle69":-0.0999851599,"muscle70":-0.0999845639,"muscle71":0.0888756961,"muscle72":-1.29980719,"muscle73":-0.233298749,"muscle74":-0.233298853,"muscle75":-3.42877979E-06,"muscle76":-1.99970484,"muscle77":-0.0266680848,"muscle78":-0.426608592,"muscle79":0.0666572005,"muscle80":-0.722366095,"muscle81":-0.499926537,"muscle82":-0.499926537,"muscle83":-0.088876009,"muscle84":-0.4621526,"muscle85":-0.533256054,"muscle86":-0.533254564,"muscle87":0.0888754427,"muscle88":-1.29980838,"muscle89":-0.233298808,"muscle90":-0.233298808,"muscle91":0.33328402,"muscle92":-0.748718023,"muscle93":-0.0999857113,"muscle94":-0.0999851078,"duration":0},"strings":{}},{"property":"Muscles","index":5,"time":2.01010084,"ints":{},"floats":{"muscle0":2.56134228E-07,"muscle1":-1.42488763E-13,"muscle2":-5.49599645E-13,"muscle3":2.13431885E-08,"muscle4":-4.07110868E-14,"muscle5":0,"muscle6":0,"muscle7":0,"muscle8":0,"muscle9":-2.13452704E-08,"muscle10":2.23540313E-14,"muscle11":2.682211E-07,"muscle12":-1.06719593E-08,"muscle13":1.21729059E-07,"muscle14":-4.28859607E-07,"muscle15":-0.324147493,"muscle16":4.63046945E-07,"muscle17":-0.324147671,"muscle18":-6.00388489E-07,"muscle19":0,"muscle20":0,"muscle21":0.522008002,"muscle22":-0.0674837902,"muscle23":-0.308527023,"muscle24":0.930871546,"muscle25":0.238622069,"muscle26":0.0494386964,"muscle27":-0.0438295826,"muscle28":5.79231937E-07,"muscle29":0.522008002,"muscle30":-0.0674852133,"muscle31":-0.308533281,"muscle32":0.930871129,"muscle33":0.238627031,"muscle34":0.0494410954,"muscle35":-0.0437815748,"muscle36":-8.17754753E-08,