{"animTracks":[{"properties":["Right Hand Configuration","Left Hand Configuration","Muscles"],"loops":false,"keyFrames":[{"property":"Muscles","index":1,"time":1,"ints":{},"floats":{"muscle0":2.56134228E-07,"muscle1":-1.42488763E-13,"muscle2":-5.49599645E-13,"muscle3":2.13431885E-08,"muscle4":-4.07110868E-14,"muscle5":0,"muscle6":0,"muscle7":0,"muscle8":0,"muscle9":-2.13452704E-08,"muscle10":2.23540313E-14,"muscle11":2.682211E-07,"muscle12":-2.02771005E-07,"muscle13":1.95387557E-07,"muscle14":-2.5273215E-07,"muscle15":-0.324147224,"muscle16":7.54565477E-08,"muscle17":-0.32414791,"muscle18":-1.25760167E-07,"muscle19":0,"muscle20":0,"muscle21":0.527684629,"muscle22":-0.0759822652,"muscle23":-0.588656783,"muscle24":0.953825772,"muscle25":0.425629228,"muscle26":0.042562034,"muscle27":-0.0481425785,"muscle28":5.79231937E-07,"muscle29":0.527684867,"muscle30":-0.0759847462,"muscle31":-0.588661671,"muscle32":0.953825772,"muscle33":0.425633192,"muscle34":0.0425647497,"muscle35":-0.0480923951,"muscle36":-8.17754753E-08,"muscle37":-0.499999434,"muscle38":0.00360218296,"muscle39":-0.53298384,"muscle40":-0.0624946728,"muscle41":0.066700913,"muscle42":-0.478071392,"muscle43":-1.06010461,"muscle44":0.179198861,"muscle45":0.505383193,"muscle46":-0.499999315,"muscle47":0.00360563514,"muscle48":-0.302263141,"muscle49":-0.0600967631,"muscle50":0.107429512,"muscle51":-0.407776386,"muscle52":-0.937672496,"muscle53":0.27320087,"muscle54":0.441305906,"muscle55":4.17996262E-07,"muscle56":-1.99999988,"muscle57":-0.026671933,"muscle58":-0.426671386,"muscle59":0.0666668639,"muscle60":-0.72247225,"muscle61":-0.499999881,"muscle62":-0.499999911,"muscle63":-0.088888824,"muscle64":-0.462221146,"muscle65":-0.533332765,"muscle66":-0.533333242,"muscle67":0.0888888761,"muscle68":-1.30000007,"muscle69":-0.2333332,"muscle70":-0.233333081,"muscle71":0.333333433,"muscle72":-0.748828828,"muscle73":-0.0999998301,"muscle74":-0.099999927,"muscle75":-2.06930235E-06,"muscle76":-2,"muscle77":-0.0266719274,"muscle78":-0.426671296,"muscle79":0.0666667894,"muscle80":-0.722472131,"muscle81":-0.50000006,"muscle82":-0.50000006,"muscle83":-0.0888888612,"muscle84":-0.462221354,"muscle85":-0.533334017,"muscle86":-0.533333361,"muscle87":0.0888886005,"muscle88":-1.30000007,"muscle89":-0.233333126,"muscle90":-0.233333111,"muscle91":0.333333135,"muscle92":-0.748828828,"muscle93":-0.100000069,"muscle94":-0.100000069},"strings":{}},{"property":"Muscles","index":2,"time":1.20707059,"ints":{},"floats":{"muscle0":2.56133717E-07,"muscle1":1.09028597E-13,"muscle2":-5.36442087E-07,"muscle3":2.13431885E-08,"muscle4":-4.07110868E-14,"muscle5":0,"muscle6":0,"muscle7":0,"muscle8":0,"muscle9":-2.13452704E-08,"muscle10":2.23540313E-14,"muscle11":2.682211E-07,"muscle12":-1.17393618E-07,"muscle13":-9.69896519E-08,"muscle14":-3.5808219E-07,"muscle15":-0.324147493,"muscle16":4.63046945E-07,"muscle17":-0.324147224,"muscle18":-1.89235766E-06,"muscle19":0,"muscle20":0,"muscle21":0.520541906,"muscle22":-0.0643847734,"muscle23":-0.236122742,"muscle24":0.924839497,"muscle25":0.190221012,"muscle26":-0.0422969311,"muscle27":0.0525282994,"muscle28":8.52572839E-07,"muscle29":0.520543933,"muscle30":-0.0643759742,"muscle31":-0.236130118,"muscle32":0.924839139,"muscle33":0.190223575,"muscle34":-0.042253308,"muscle35":0.0525122993,"muscle36":-8.17754753E-08,"muscle37":-0.499999136,"muscle38":0.00360311777,"muscle39":-0.314574152,"muscle40":-0.061168097,"muscle41":0.119980253,"muscle42":-0.363566071,"muscle43":-0.157677799,"muscle44":0.432421684,"muscle45":-1.00007272,"muscle46":-0.500000954,"muscle47":0.00360560464,"muscle48":-0.242110819,"muscle49":-0.0530894585,"muscle50":0.146667302,"muscle51":-0.390248209,"muscle52":-0.132898152,"muscle53":0.240632012,"muscle54":-0.910946906,"muscle55":5.84439249E-07,"muscle56":-1.99999976,"muscle57":-0.026671933,"muscle58":-0.426671386,"muscle59":0.0666670576,"muscle60":-0.72247225,"muscle61":-0.499999881,"muscle62":-0.499999911,"muscle63":-0.088888824,"muscle64":-0.462221146,"muscle65":-0.533332288,"muscle66":-0.533333242,"muscle67":0.333333135,"muscle68":-0.748829901,"muscle69":-0.0999998301,"muscle70":-0.099999927,"muscle71":0.0888888761,"muscle72":-1.30000007,"muscle73":-0.233333141,"muscle74":-0.233333215,"muscle75":-2.06930235E-06,"muscle76":-2,"muscle77":-0.0266719274,"muscle78":-0.426671296,"muscle79":0.0666667894,"muscle80":-0.722472131,"muscle81":-0.50000006,"muscle82":-0.50000006,"muscle83":-0.0888888612,"muscle84":-0.462221354,"muscle85":-0.533334851,"muscle86":-0.533332765,"muscle87":0.088888593,"muscle88":-1.30000281,"muscle89":-0.233333126,"muscle90":-0.233333111,"muscle91":0.333333135,"muscle92":-0.748828828,"muscle93":-0.100000069,"muscle94":-0.100000069,"duration":0},"strings":{}},{"property":"Muscles","index":3,"time":1.44949484,"ints":{},"floats":{"muscle0":2.24928734E-12,"muscle1":4.07110902E-14,"muscle2":5.08888667E-13,"muscle3":2.13431885E-08,"muscle4":-4.07110868E-14,"muscle5":0,"muscle6":0,"muscle7":0,"muscle8":0,"muscle9":-2.13453486E-08,"muscle10":2.03555434E-14,"muscle11":3.20599775E-13,"muscle12":-2.13441247E-08,"muscle13":-2.33316921E-08,"muscle14":-1.81954718E-07,"muscle15":-0.324147224,"muscle16":7.54565477E-08,"muscle17":-0.32414791,"muscle18":-1.25760167E-07,"muscle19":0,"muscle20":0,"muscle21":0.522006571,"muscle22":-0.0674841776,"muscle23":-0.308526814,"muscle24":0.930871725,"muscle25":0.238641232,"muscle26":-0.0412506126,"muscle27":0.0468756109,"muscle28":2.37589148E-07,"muscle29":0.522008777,"muscle30":-0.0674850717,"muscle31":-0.308530569,"muscle32":0.930871308,"muscle33":0.238643959,"muscle34":-0.0412060022,"muscle35":0.0468784757,"muscle36":-8.17754753E-08,"muscle37":-0.499999434,"muscle38":0.00360218296,"muscle39":-0.314671606,"muscle40":-0.0611645319,"muscle41":0.12000908,"muscle42":-0.363575548,"muscle43":0.217276201,"muscle44":0.380283505,"muscle45":-1.00004101,"muscle46":-0.500000954,"muscle47":0.00360560464,"muscle48":-0.242264241,"muscle49":-0.053095147,"muscle50":0.146751359,"muscle51":-0.390266448,"muscle52":0.311043262,"muscle53":0.186360195,"muscle54":-1.00011683,"muscle55":4.17996262E-07,"muscle56":-1.99999988,"muscle57":-0.026671933,"muscle58":-0.426671386,"muscle59":0.0666670576,"muscle60":-0.72247225,"muscle61":-0.499999881,"muscle62":-0.499999911,"muscle63":-0.088888824,"muscle64":-0.462221146,"muscle65":-0.533332288,"muscle66":-0.533333242,"muscle67":0.333333135,"muscle68":-0.748829901,"muscle69":-0.0999998301,"muscle70":-0.099999927,"muscle71":0.0888888761,"muscle72":-1.30000007,"muscle73":-0.233333141,"muscle74":-0.233333141,"muscle75":-2.06930235E-06,"muscle76":-2,"muscle77":-0.0266719274,"muscle78":-0.426671296,"muscle79":0.0666667894,"muscle80":-0.722472131,"muscle81":-0.50000006,"muscle82":-0.50000006,"muscle83":-0.0888888612,"muscle84":-0.462221354,"muscle85":-0.533334851,"muscle86":-0.533333361,"muscle87":0.088888593,"muscle88":-1.30000269,"muscle89":-0.233333126,"muscle90":-0.233333111,"muscle91":0.333333135,"muscle92":-0.748828828,"muscle93":-0.100000069,"muscle94":-0.100000069,"duration":0},"strings":{}},{"property":"Muscles","index":4,"time":1.70707059,"ints":{},"floats":{"muscle0":2.24928734E-12,"muscle1":4.07110902E-14,"muscle2":5.08888667E-13,"muscle3":2.13431885E-08,"muscle4":-4.07110868E-14,"muscle5":0,"muscle6":0,"muscle7":0,"muscle8":0,"muscle9":-2.13452704E-08,"muscle10":2.23540313E-14,"muscle11":2.682211E-07,"muscle12":-8.53770743E-08,"muscle13":-6.81785153E-08,"muscle14":-7.83995631E-07,"muscle15":-0.324147224,"muscle16":7.54565477E-08,"muscle17":-0.324147224,"muscle18":-1.89235766E-06,"muscle19":0,"muscle20":0,"muscle21":0.520544469,"muscle22":-0.0643825606,"muscle23":-0.236125126,"muscle24":0.924839854,"muscle25":0.190221697,"muscle26":-0.0422995947,"muscle27":0.0525246747,"muscle28":5.79231937E-07,"muscle29":0.520548344,"muscle30":-0.0643807203,"muscle31":-0.236127928,"muscle32":0.924839139,"muscle33":0.19022271,"muscle34":-0.0422571748,"muscle35":0.052522745,"muscle36":-4.9172013E-07,"muscle37":-0.499999434,