{
  "animTracks": [
    {
      "properties": [
        "Right Hand Configuration",
        "Left Hand Configuration",
        "Muscles"
      ],
      "loops": false,
      "keyFrames": [
        {
          "property": "Muscles",
          "index": 1,
          "time": 1,
          "ints": {},
          "floats": {
            "muscle3": 2.98819458E-07,
            "muscle4": -4.07111207E-14,
            "muscle5": 2.54444333E-13,
            "muscle12": 3.7352541E-07,
            "muscle13": 6.02616069E-07,
            "muscle14": -5.5031893E-07,
            "muscle39": -0.514536381,
            "muscle40": 0.210907757,
            "muscle41": -0.11396949,
            "muscle27": 0.0511480607,
            "muscle26": -0.0508942977,
            "muscle42": 0.988653362,
            "muscle43": 0.212614506,
            "muscle44": -0.0172149092,
            "muscle45": 0.0212145019,
            "muscle59": -3.41509363E-08,
            "muscle61": -5.31236708E-07,
            "muscle62": 7.58909664E-08,
            "muscle60": 1.27222115E-15,
            "muscle71": 0,
            "muscle73": 1.51781933E-07,
            "muscle74": -7.58909735E-08,
            "muscle72": 0,
            "muscle63": 6.83018797E-08,
            "muscle65": -3.31307673E-18,
            "muscle66": 3.03563866E-07,
            "muscle64": -1.13836464E-07,
            "muscle67": 3.41509363E-08,
            "muscle69": 0,
            "muscle70": 7.58909664E-08,
            "muscle68": 0,
            "muscle55": -1.19528295E-06,
            "muscle57": -1.0588793E-08,
            "muscle58": 4.23551683E-08,
            "muscle56": -2.84977594E-14,
            "muscle24": 0.939661324,
            "muscle25": 0.309845686,
            "muscle37": -0.499999672,
            "muscle38": 0.00360196922,
            "muscle28": 9.21408343E-07,
            "muscle21": 0.524240077,
            "muscle22": -0.0113558555,
            "muscle23": -0.415246457,
            "muscle10": -2.03555417E-14,
            "muscle11": -5.08888543E-15,
            "muscle9": 2.13438494E-08,
            "muscle48": -0.325798064,
            "muscle49": -0.0192044191,
            "muscle50": -0.0126012871,
            "muscle35": 0.0511527024,
            "muscle34": -0.0508583412,
            "muscle51": -0.175792322,
            "muscle52": -0.0504067652,
            "muscle53": 0.245612249,
            "muscle54": -0.999867737,
            "muscle79": -0.510658562,
            "muscle81": -0.499557853,
            "muscle82": -0.499558896,
            "muscle80": -0.721835136,
            "muscle91": -0.111013435,
            "muscle93": -0.0999117494,
            "muscle94": -0.0999118239,
            "muscle92": -0.748165727,
            "muscle83": -0.599471569,
            "muscle85": -0.532862782,
            "muscle86": -0.532860696,
            "muscle84": -0.461809129,
            "muscle87": -0.37744388,
            "muscle89": -0.233127162,
            "muscle90": -0.233126715,
            "muscle88": -1.29885042,
            "muscle75": -0.166520879,
            "muscle77": -0.337484509,
            "muscle78": -0.426294088,
            "muscle76": -1.99822772,
            "muscle32": 0.939661443,
            "muscle33": 0.30984962,
            "muscle46": -0.499999255,
            "muscle47": 0.00360563444,
            "muscle36": -4.88118189E-07,
            "muscle29": 0.524239063,
            "muscle30": -0.0113514345,
            "muscle31": -0.415253311,
            "muscle0": 2.77478108E-07,
            "muscle1": -5.36441974E-07,
            "muscle2": -5.3644186E-07,
            "muscle6": 0,
            "muscle7": 0,
            "muscle8": 0
          },
          "strings": {
            "interpolation": "default"
          },
          "inTangent": 0,
          "inWeight": 0,
          "outTangent": 0,
          "outWeight": 0,
          "weightedMode": 0
        },
        {
          "property": "Right Hand Configuration",
          "index": 1,
          "time": 1,
          "ints": {
            "hash": -1057823744
          },
          "floats": {
            "leftHandPositionX": -0.205389023,
            "leftHandPositionY": 0.00347805768,
            "leftHandPositionZ": -0.0752883032
          },
          "strings": {
            "name": "2"
          },
          "inTangent": 0,
          "inWeight": 0,
          "outTangent": 0,
          "outWeight": 0,
          "weightedMode": 0
        },
        {
          "property": "Left Hand Configuration",
          "index": 1,
          "time": 1,
          "ints": {
            "hash": -1629902848
          },
          "floats": {
            "rightHandPositionX": 0.0542392731,
            "rightHandPositionY": -0.253144324,
            "rightHandPositionZ": 0.209810734
          },
          "strings": {
            "name": "-"
          },
          "inTangent": 0,
          "inWeight": 0,
          "outTangent": 0,
          "outWeight": 0,
          "weightedMode": 0
        }
      ]
    },
    {
      "properties": [
        "Face Animation Neutra"
      ],
      "loops": false,
      "keyFrames": [
        {
          "property": "Face Animation Neutra",
          "index": 0,
          "time": 0,
          "ints": {},
          "floats": {
            "girl_head_.blendShape.mClose": 100,
            "girl_head_.blendShape.A": 0,
            "girl_head_.blendShape.Cons": 0,
            "girl_head_.blendShape.Fv": 0,
            "girl_head_.blendShape.mLSide": 0,
            "girl_head_.blendShape.mLSideUp": 0,
            "girl_head_.blendShape.mRSide": 0,
            "girl_head_.blendShape.mRSideUp": 0,
            "girl_head_.blendShape.O": 0,
            "girl_head_.blendShape.smile": 0,
            "girl_head_.blendShape.U": 0,
            "girl_hair.blendShape.cheek1": 0,
            "girl_hair.blendShape.cheek2": 0,
            "girl_hair.blendShape.cheek3": 0,
            "girl_head_.blendShape.Bmp": 0,
            "girl_head_.blendShape.E": 0,
            "girl_head_.blendShape.F001": 0,
            "girl_head_.blendShape.F003": 0,
            "girl_head_.blendShape.F005": 0,
            "girl_head_.blendShape.F006": 0,
            "girl_head_.blendShape.F007": 0,
            "girl_head_.blendShape.F007left": 0,
            "girl_head_.blendShape.F008": 0,
            "girl_head_.blendShape.F017": 0,
            "girl_head_.blendShape.F019": 0,
            "girl_head_.blendShape.F024": 0,
            "girl_head_.blendShape.F031": 0,
            "girl_head_.blendShape.LEyeBMad": 0,
            "girl_head_.blendShape.LEyeClose": 0,
            "girl_head_.blendShape.LEyeLidUp": 0,
            "girl_head_.blendShape.LEyeMad": 0,
            "girl_head_.blendShape.LEyeSad": 0,
            "girl_head_.blendShape.LeyeBUp": 0,
            "girl_head_.blendShape.mSad": 0,
            "girl_head_.blendShape.REyeBMad": 0,
            "girl_head_.blendShape.REyeClose": 0,
            "girl_head_.blendShape.REyeLidUp": 0,
            "girl_head_.blendShape.REyeMad": 0,
            "girl_head_.blendShape.REyeSad": 0,
            "girl_head_.blendShape.ReyeBSad": 0,
            "girl_head_.blendShape.ReyeBUp": 0,