{"animTracks":[{"properties":["Right Hand Configuration","Left Hand Configuration","Muscles"],"loops":false,"keyFrames":[{"property":"Muscles","index":1,"time":1.02020192,"ints":{},"floats":{"muscle0":2.77478591E-07,"muscle1":-5.36441974E-07,"muscle2":-7.93866383E-13,"muscle3":-2.13454836E-08,"muscle4":1.62844388E-13,"muscle5":-6.31021982E-13,"muscle6":0,"muscle7":0,"muscle8":0,"muscle9":2.13434017E-08,"muscle10":5.90683237E-14,"muscle11":2.68220845E-07,"muscle12":2.34787919E-07,"muscle13":5.78708523E-07,"muscle14":-2.2680203E-07,"muscle15":-0.324147046,"muscle16":-1.31784475E-06,"muscle17":-0.324148148,"muscle18":-2.77395998E-07,"muscle19":0,"muscle20":0,"muscle21":0.527684152,"muscle22":-0.0759823099,"muscle23":-0.588656127,"muscle24":0.953825772,"muscle25":0.425628841,"muscle26":0.042562589,"muscle27":-0.0481424928,"muscle28":4.42761603E-07,"muscle29":0.527683556,"muscle30":-0.0759852156,"muscle31":-0.588660777,"muscle32":0.953825891,"muscle33":0.425632775,"muscle34":0.0425663367,"muscle35":-0.0480918102,"muscle36":3.96204285E-07,"muscle37":-0.499999821,"muscle38":0.00360197015,"muscle39":-0.446434557,"muscle40":0.160602778,"muscle41":-0.352105916,"muscle42":0.997500122,"muscle43":0.454784632,"muscle44":-0.015839668,"muscle45":0.0202495288,"muscle46":-0.499999195,"muscle47":0.0036051874,"muscle48":-0.344550133,"muscle49":0.183551371,"muscle50":-0.143563703,"muscle51":-0.326063097,"muscle52":0.437904477,"muscle53":-0.0671176612,"muscle54":0.188808694,"muscle55":-1.36603785E-06,"muscle56":1.36603731E-07,"muscle57":2.95390468E-08,"muscle58":4.26886757E-08,"muscle59":-2.54444197E-16,"muscle60":1.70754674E-07,"muscle61":-6.07127845E-07,"muscle62":7.58909806E-08,"muscle63":6.83018797E-08,"muscle64":-2.27672942E-07,"muscle65":0,"muscle66":-5.52179507E-19,"muscle67":-3.4150947E-08,"muscle68":-5.69182426E-08,"muscle69":-1.51781947E-07,"muscle70":-7.58909806E-08,"muscle71":-3.41509363E-08,"muscle72":4.26886722E-08,"muscle73":-7.58909735E-08,"muscle74":-7.58909735E-08,"muscle75":-1.22354138,"muscle76":0.605554461,"muscle77":0.71111083,"muscle78":0.799999297,"muscle79":0.553255975,"muscle80":-0.964444101,"muscle81":0.978195608,"muscle82":0.978195786,"muscle83":0.665139377,"muscle84":-1.09014976,"muscle85":0.904009521,"muscle86":0.904009938,"muscle87":0.640952945,"muscle88":-1.39999843,"muscle89":0.999999702,"muscle90":0.99999994,"muscle91":0.711449087,"muscle92":-0.579940736,"muscle93":0.944690585,"muscle94":0.944691181,"duration":0.075757578},"strings":{}},{"property":"Muscles","index":4,"time":1.92424226,"ints":{},"floats":{"muscle0":2.20384518E-12,"muscle1":-5.36441974E-07,"muscle2":1.42488831E-13,"muscle3":2.77475266E-07,"muscle4":8.14222618E-14,"muscle5":-6.92088639E-13,"muscle6":0,"muscle7":0,"muscle8":0,"muscle9":-5.33609466E-07,"muscle10":-3.14621647E-14,"muscle11":2.68220447E-07,"muscle12":1.25931604E-06,"muscle13":1.61242224E-06,"muscle14":-3.28020178E-07,"muscle15":-0.324146777,"muscle16":-1.16620834E-06,"muscle17":-0.324148953,"muscle18":-1.25761701E-07,"muscle19":0,"muscle20":0,"muscle21":0.520550609,"muscle22":-0.0643874407,"muscle23":-0.236124337,"muscle24":0.924839318,"muscle25":0.190131173,"muscle26":0.0370199122,"muscle27":-0.026825482,"muscle28":1.94607014E-06,"muscle29":0.520549774,"muscle30":-0.0643904507,"muscle31":-0.236125603,"muscle32":0.924839318,"muscle33":0.190133229,"muscle34":0.0370241962,"muscle35":-0.0267749596,"muscle36":3.96204285E-07,"muscle37":-0.499999434,"muscle38":0.0036008365,"muscle39":-0.454720974,"muscle40":0.162579834,"muscle41":-0.113961577,"muscle42":0.980224907,"muscle43":0.217421934,"muscle44":-0.0217495542,"muscle45":0.0259838067,"muscle46":-0.499998987,"muscle47":0.0036056363,"muscle48":-0.346300721,"muscle49":0.183902666,"muscle50":-0.142654866,"muscle51":-0.326113403,"muscle52":-0.0811487734,"muscle53":-0.0727653503,"muscle54":0.196316034,"muscle55":-2.56132103E-06,"muscle56":2.04905461E-07,"muscle57":2.95390468E-08,"muscle58":4.26886757E-08,"muscle59":2.04905632E-07,"muscle60":0,"muscle61":-6.07127845E-07,"muscle62":7.58909806E-08,"muscle63":2.7320749E-07,"muscle64":3.39258994E-15,"muscle65":0,"muscle66":-5.52179507E-19,"muscle67":-3.4150947E-08,"muscle68":-5.69182426E-08,"muscle69":-1.51781947E-07,"muscle70":-7.58909806E-08,"muscle71":-3.41509363E-08,"muscle72":4.26886722E-08,"muscle73":-5.31236765E-07,"muscle74":-7.58909735E-08,"muscle75":-1.22354114,"muscle76":0.605554819,"muscle77":0.71111083,"muscle78":0.799999297,"muscle79":0.553255975,"muscle80":-0.964444101,"muscle81":0.978195608,"muscle82":0.978195786,"muscle83":0.665139377,"muscle84":-1.09014976,"muscle85":0.904009521,"muscle86":0.904010057,"muscle87":0.640952885,"muscle88":-1.39999843,"muscle89":0.999999523,"muscle90":0.999999344,"muscle91":0.71144855,"muscle92":-0.579940856,"muscle93":0.944690585,"muscle94":0.944691181,"duration":0.075757578},"strings":{}},{"property":"Muscles","index":3,"time":1.63636351,"ints":{},"floats":{"muscle0":2.20384518E-12,"muscle1":-5.36441974E-07,"muscle2":1.42488831E-13,"muscle3":-2.13454836E-08,"muscle4":1.62844388E-13,"muscle5":-6.31021982E-13,"muscle6":0,"muscle7":0,"muscle8":0,"muscle9":2.13434017E-08,"muscle10":5.90683237E-14,"muscle11":2.68220845E-07,"muscle12":5.97641588E-07,"muscle13":1.00462137E-06,"muscle14":-1.97991056E-07,"muscle15":-0.324147046,"muscle16":-1.31784475E-06,"muscle17":-0.324148268,"muscle18":-1.58908722E-06,"muscle19":0,"muscle20":0,"muscle21":0.524234176,"muscle22":-0.0713528097,"muscle23":-0.415075898,"muscle24":0.939663649,"muscle25":0.309825867,"muscle26":0.0397861339,"muscle27":-0.0395607539,"muscle28":1.12591374E-06,"muscle29":0.524233162,"muscle30":-0.0713559762,"muscle31":-0.41507861,"muscle32":0.93966347,"muscle33":0.30982852,"muscle34":0.0397897549,"muscle35":-0.0395099632,"muscle36":3.96204285E-07,"muscle37":-0.499999821,"muscle38":0.00360197015,"muscle39":-0.449938118,"muscle40":0.161654189,"muscle41":-0.233611926,"muscle42":0.988980174,"muscle43":0.336606383,"muscle44":-0.0183205921,"muscle45":0.0231712591,"muscle46":-0.499998987,"muscle47":0.0036056363,"muscle48":-0.344602287,"muscle49":0.183561131,"muscle50":-0.143533736,"muscle51":-0.326068461,"muscle52":0.437878191,"muscle53":-0.0671469942,"muscle54":0.188865215,"muscle55":-1.36603785E-06,"muscle56":1.36603731E-07,"muscle57":2.95390468E-08,"muscle58":4.26886757E-08,"muscle59":2.04905632E-07,"muscle60":0,"muscle61":-6.07127845E-07,"muscle62":7.58909806E-08,"muscle63":6.83018797E-08,"muscle64":-2.27672942E-07,"muscle65":0,"muscle66":-5.52179507E-19,"muscle67":-3.4150947E-08,"muscle68":-5.69182426E-08,"muscle69":-1.51781947E-07,"muscle70":-7.58909806E-08,"muscle71":-3.41509363E-08,"muscle72":4.26886722E-08,"muscle73":-7.58909735E-08,"muscle74":-7.58909735E-08,"muscle75":-1.22354114,"muscle76":0.605554819,"muscle77":0.71111083,"muscle78":0.799999297,"muscle79":0.553255975,"muscle80":-0.964444101,"muscle81":0.978195608,"muscle82":0.978195786,"muscle83":0.665139377,"muscle84":-1.09014976,"muscle85":0.904009521,"muscle86":0.904010057,"muscle87":0.640952885,"muscle88":-1.39999855,"muscle89":0.999999702,"muscle90":0.999999642,"muscle91":0.711449087,"muscle92":-0.579940736,"muscle93":0.944690585,"muscle94":0.944691181,"duration":0.075757578},"strings":{}},{"property":"Muscles","index":2,"time":1.32828307,"ints":{},"floats":{"muscle0":2.20384518E-12,"muscle1":-5.36441974E-07,"muscle2":1.42488831E-13,"muscle3":2.77475266E-07,"muscle4":8.14222618E-14,"muscle5":-6.92088639E-13,"muscle6":0,"muscle7":0,"muscle8":0,"muscle9":-5.33609466E-07,"muscle10":-3.14621647E-14,"muscle11":2.68220447E-07,"muscle12":7.4705207E-07,"muscle13":1.0103829E-06,"muscle14":-2.83173506E-07,"muscle15":-0.324147046,"muscle16":-1.31784475E-06,"muscle17":-0.324148148,"muscle18":-2.77395998E-07,"muscle19":0,"muscle20":0,"muscle21":0.524232924,"muscle22":-0.0713525638,"muscle23":-0.415073365,"muscle24":0.939663827,"muscle25":0.309824347,"muscle26":0.0397880971,"muscle27":-0.0395607054,"muscle28":1.12591374E-06,"muscle29":0.524231672,"muscle30":-0.0713557675,