{"animTracks":[{"properties":["Right Hand Configuration","Left Hand Configuration","Muscles"],"loops":false,"keyFrames":[{"property":"Muscles","index":1,"time":1,"ints":{},"floats":{"muscle0":2.77478591E-07,"muscle1":-5.36441974E-07,"muscle2":-7.93866383E-13,"muscle3":-2.13454836E-08,"muscle4":1.62844388E-13,"muscle5":-6.31021982E-13,"muscle6":0,"muscle7":0,"muscle8":0,"muscle9":2.13434017E-08,"muscle10":5.90683237E-14,"muscle11":2.68220845E-07,"muscle12":2.34787919E-07,"muscle13":5.78708523E-07,"muscle14":-2.2680203E-07,"muscle15":-0.324147046,"muscle16":-1.31784475E-06,"muscle17":-0.324148148,"muscle18":-2.77395998E-07,"muscle19":0,"muscle20":0,"muscle21":0.527684152,"muscle22":-0.0759823099,"muscle23":-0.588656127,"muscle24":0.953825772,"muscle25":0.425628841,"muscle26":0.042562589,"muscle27":-0.0481424928,"muscle28":4.42761603E-07,"muscle29":0.527683556,"muscle30":-0.0759852156,"muscle31":-0.588660777,"muscle32":0.953825891,"muscle33":0.425632775,"muscle34":0.0425663367,"muscle35":-0.0480918102,"muscle36":3.96204285E-07,"muscle37":-0.499999821,"muscle38":0.00360197015,"muscle39":-0.446434557,"muscle40":0.160602778,"muscle41":-0.352105916,"muscle42":0.997500122,"muscle43":0.454784632,"muscle44":-0.015839668,"muscle45":0.0202495288,"muscle46":-0.499999195,"muscle47":0.0036051874,"muscle48":-0.352044016,"muscle49":0.0831541866,"muscle50":-0.153459907,"muscle51":-0.48460713,"muscle52":-0.475588173,"muscle53":0.653419971,"muscle54":-0.0907417461,"muscle55":-1.36603785E-06,"muscle56":1.36603731E-07,"muscle57":2.95390468E-08,"muscle58":4.26886757E-08,"muscle59":-2.54444197E-16,"muscle60":1.70754674E-07,"muscle61":-6.07127845E-07,"muscle62":7.58909806E-08,"muscle63":6.83018797E-08,"muscle64":-2.27672942E-07,"muscle65":0,"muscle66":-5.52179507E-19,"muscle67":-3.4150947E-08,"muscle68":-5.69182426E-08,"muscle69":-1.51781947E-07,"muscle70":-7.58909806E-08,"muscle71":-3.41509363E-08,"muscle72":4.26886722E-08,"muscle73":-7.58909735E-08,"muscle74":-7.58909735E-08,"muscle75":-3.00000024,"muscle76":0.172221482,"muscle77":-0.18222712,"muscle78":1.00000012,"muscle79":-0.777777314,"muscle80":-0.582472682,"muscle81":-1.96666598,"muscle82":0.879999936,"muscle83":-0.266666561,"muscle84":-0.436818063,"muscle85":-1.63333344,"muscle86":-0.119999856,"muscle87":-1,"muscle88":0.271548212,"muscle89":-1.99999988,"muscle90":0.999999344,"muscle91":-1,"muscle92":0.695616603,"muscle93":-2.00000024,"muscle94":1},"strings":{}},{"property":"Muscles","index":2,"time":1.41919184,"ints":{},"floats":{"muscle0":2.77478591E-07,"muscle1":-5.36441974E-07,"muscle2":-7.93866383E-13,"muscle3":-2.13454836E-08,"muscle4":1.62844388E-13,"muscle5":-6.31021982E-13,"muscle6":0,"muscle7":0,"muscle8":0,"muscle9":2.13434017E-08,"muscle10":5.90683237E-14,"muscle11":2.68220845E-07,"muscle12":3.94870398E-07,"muscle13":8.57305054E-07,"muscle14":-5.50245431E-07,"muscle15":-0.324147046,"muscle16":-1.31784475E-06,"muscle17":-0.324148148,"muscle18":-2.77395998E-07,"muscle19":0,"muscle20":0,"muscle21":0.524228394,"muscle22":-0.071348086,"muscle23":-0.41507563,"muscle24":0.939663887,"muscle25":0.309825391,"muscle26":0.0397920161,"muscle27":-0.0395700671,"muscle28":8.5270625E-07,"muscle29":0.524228513,"muscle30":-0.0713708624,"muscle31":-0.41507116,"muscle32":0.939664185,"muscle33":0.309828252,"muscle34":0.0397973657,"muscle35":-0.0394812897,"muscle36":3.96204285E-07,"muscle37":-0.499998927,"muscle38":0.00360286771,"muscle39":-0.449935675,"muscle40":0.161651969,"muscle41":-0.233613506,"muscle42":0.988980174,"muscle43":0.336607993,"muscle44":-0.0183221251,"muscle45":0.0231766663,"muscle46":-0.499998987,"muscle47":0.0036056363,"muscle48":-0.352606654,"muscle49":0.0833071694,"muscle50":-0.153221622,"muscle51":-0.484679401,"muscle52":-0.475670993,"muscle53":0.653072596,"muscle54":-0.0915055498,"muscle55":-1.36603785E-06,"muscle56":4.78113236E-07,"muscle57":2.95390468E-08,"muscle58":4.26886757E-08,"muscle59":-2.54444197E-16,"muscle60":1.70754674E-07,"muscle61":-6.07127845E-07,"muscle62":7.58909806E-08,"muscle63":6.83018797E-08,"muscle64":-2.27672942E-07,"muscle65":0,"muscle66":-5.52179507E-19,"muscle67":-3.4150947E-08,"muscle68":-5.69182426E-08,"muscle69":-1.51781947E-07,"muscle70":-7.58909806E-08,"muscle71":-3.41509363E-08,"muscle72":4.26886722E-08,"muscle73":-7.58909735E-08,"muscle74":-7.58909735E-08,"muscle75":-2.73333287,"muscle76":0.03333373,"muscle77":-0.36000514,"muscle78":0.799999297,"muscle79":-0.488889098,"muscle80":-0.582472742,"muscle81":-0.933333337,"muscle82":0.879999638,"muscle83":-0.511111259,"muscle84":-0.436818063,"muscle85":-0.333332956,"muscle86":-0.119999856,"muscle87":-0.644443691,"muscle88":0.271548063,"muscle89":-0.900000095,"muscle90":0.999999344,"muscle91":-1,"muscle92":0.695616007,"muscle93":-1.2666657,"muscle94":1,"duration":0},"strings":{}},{"property":"Muscles","index":3,"time":1.82828271,"ints":{},"floats":{"muscle0":2.77478591E-07,"muscle1":-5.36441974E-07,"muscle2":-7.93866383E-13,"muscle3":-2.13454836E-08,"muscle4":1.62844388E-13,"muscle5":-6.31021982E-13,"muscle6":0,"muscle7":0,"muscle8":0,"muscle9":2.13434017E-08,"muscle10":5.90683237E-14,"muscle11":2.68220845E-07,"muscle12":3.09493004E-07,"muscle13":1.06449966E-06,"muscle14":-4.5065741E-07,"muscle15":-0.324147046,"muscle16":-1.31784475E-06,"muscle17":-0.324148148,"muscle18":-2.77395998E-07,"muscle19":0,"muscle20":0,"muscle21":0.524217069,"muscle22":-0.0713485703,"muscle23":-0.415074766,"muscle24":0.939663708,"muscle25":0.309826493,"muscle26":0.0398030728,"muscle27":-0.0395711251,"muscle28":1.12591374E-06,"muscle29":0.524217129,"muscle30":-0.0713711828,"muscle31":-0.415072203,"muscle32":0.93966347,"muscle33":0.309830546,"muscle34":0.0398075432,"muscle35":-0.0394837037,"muscle36":3.96204285E-07,"muscle37":-0.500000656,"muscle38":0.00360196223,"muscle39":-0.449935734,"muscle40":0.161652073,"muscle41":-0.233613446,"muscle42":0.988980114,"muscle43":0.336608082,"muscle44":-0.0183216687,"muscle45":0.0231770501,"muscle46":-0.499998987,"muscle47":0.0036056363,"muscle48":-0.352620631,"muscle49":0.0833203197,"muscle50":-0.153247625,"muscle51":-0.484679371,"muscle52":-0.475697041,"muscle53":0.653091609,"muscle54":-0.0914963409,"muscle55":-1.36603785E-06,"muscle56":4.78113236E-07,"muscle57":2.95390468E-08,"muscle58":4.26886757E-08,"muscle59":-2.54444197E-16,"muscle60":1.70754674E-07,"muscle61":-6.07127845E-07,"muscle62":7.58909806E-08,"muscle63":2.7320749E-07,"muscle64":3.39258994E-15,"muscle65":0,"muscle66":-5.52179507E-19,"muscle67":-3.4150947E-08,"muscle68":-5.69182426E-08,"muscle69":-1.51781947E-07,"muscle70":-7.58909806E-08,"muscle71":-3.41509363E-08,"muscle72":4.26886722E-08,"muscle73":-7.58909735E-08,"muscle74":-7.58909735E-08,"muscle75":-3.00000024,"muscle76":0.172221482,"muscle77":-0.18222712,"muscle78":1.00000012,"muscle79":-0.777777314,"muscle80":-0.582472682,"muscle81":-1.96666598,"muscle82":0.879999936,"muscle83":-0.266666561,"muscle84":-0.436818063,"muscle85":-1.63333344,"muscle86":-0.119999856,"muscle87":-1,"muscle88":0.271548212,"muscle89":-1.99999988,"muscle90":0.999999344,"muscle91":-1,"muscle92":0.695616603,"muscle93":-2.00000095,"muscle94":1,"duration":0},"strings":{}},{"property":"Muscles","index":4,"time":2.21717191,"ints":{},"floats":{"muscle0":2.20384518E-12,"muscle1":-5.36441974E-07,"muscle2":1.42488831E-13,"muscle3":-2.13454836E-08,"muscle4":1.62844388E-13,"muscle5":-6.31021982E-13,"muscle6":0,"muscle7":0,"muscle8":0,"muscle9":2.13434337E-08,"muscle10":2.6822093E-07,"muscle11":2.6822093E-07,"muscle12":3.84198188E-07,"muscle13":8.94134018E-07,"muscle14":-4.62182129E-07,"muscle15":-0.324147046,"muscle16":-1.31784475E-06,"muscle17":-0.324148148,"muscle18":-2.77395998E-07,"muscle19":0,"muscle20":0,"muscle21":0.52199924,"muscle22":-0.0674835071,"muscle23":-0.30852887,"muscle24":0.93087095,"muscle25":0.238601118,"muscle26":0.038093321,"muscle27":-0.0324825943,"muscle28":1.12591374E-06,"muscle29":0.521997988,"muscle30":-0.0674864277,"muscle31":-0.308530033,"muscle32":0.930871665,"muscle33":0.238602936,"muscle34":0.038097918,