{"animTracks":[{"properties":["Right Hand Configuration","Left Hand Configuration","Muscles"],"loops":false,"keyFrames":[{"property":"Muscles","index":1,"time":1,"ints":{},"floats":{"muscle0":2.77478591E-07,"muscle1":-5.36441974E-07,"muscle2":-7.93866383E-13,"muscle3":-2.13454836E-08,"muscle4":1.62844388E-13,"muscle5":-6.31021982E-13,"muscle6":0,"muscle7":0,"muscle8":0,"muscle9":2.13434017E-08,"muscle10":5.90683237E-14,"muscle11":2.68220845E-07,"muscle12":2.34787919E-07,"muscle13":5.78708523E-07,"muscle14":-2.2680203E-07,"muscle15":-0.324147046,"muscle16":-1.31784475E-06,"muscle17":-0.324148148,"muscle18":-2.77395998E-07,"muscle19":0,"muscle20":0,"muscle21":0.527684152,"muscle22":-0.0759823099,"muscle23":-0.588656127,"muscle24":0.953825772,"muscle25":0.425628841,"muscle26":0.042562589,"muscle27":-0.0481424928,"muscle28":4.42761603E-07,"muscle29":0.527683556,"muscle30":-0.0759852156,"muscle31":-0.588660777,"muscle32":0.953825891,"muscle33":0.425632775,"muscle34":0.0425663367,"muscle35":-0.0480918102,"muscle36":3.96204285E-07,"muscle37":-0.499999821,"muscle38":0.00360197015,"muscle39":-0.446434557,"muscle40":0.160602778,"muscle41":-0.352105916,"muscle42":0.997500122,"muscle43":0.454784632,"muscle44":-0.015839668,"muscle45":0.0202495288,"muscle46":-0.499999195,"muscle47":0.0036051874,"muscle48":-0.260579288,"muscle49":0.0602960289,"muscle50":-0.191063479,"muscle51":-0.484398067,"muscle52":-0.475560665,"muscle53":0.653078973,"muscle54":-0.0915196389,"muscle55":-1.36603785E-06,"muscle56":1.36603731E-07,"muscle57":2.95390468E-08,"muscle58":4.26886757E-08,"muscle59":-2.54444197E-16,"muscle60":1.70754674E-07,"muscle61":-6.07127845E-07,"muscle62":7.58909806E-08,"muscle63":6.83018797E-08,"muscle64":-2.27672942E-07,"muscle65":0,"muscle66":-5.52179507E-19,"muscle67":-3.4150947E-08,"muscle68":-5.69182426E-08,"muscle69":-1.51781947E-07,"muscle70":-7.58909806E-08,"muscle71":-3.41509363E-08,"muscle72":4.26886722E-08,"muscle73":-7.58909735E-08,"muscle74":-7.58909735E-08,"muscle75":-1.46666634,"muscle76":-0.427779257,"muscle77":-0.199999943,"muscle78":0.862217605,"muscle79":-1.00000012,"muscle80":-1.01802814,"muscle81":0.77819556,"muscle82":0.77819556,"muscle83":-0.223749533,"muscle84":-0.436818004,"muscle85":0.804009378,"muscle86":0.804009557,"muscle87":0.263176292,"muscle88":0.271548241,"muscle89":0.810934246,"muscle90":0.810934305,"muscle91":0.867004812,"muscle92":0.695615411,"muscle93":0.733333051,"muscle94":0.733333349},"strings":{}},{"property":"Muscles","index":2,"time":1.30808067,"ints":{},"floats":{"muscle0":2.24928734E-12,"muscle1":-2.84977662E-13,"muscle2":3.4604432E-13,"muscle3":-2.13454836E-08,"muscle4":1.62844388E-13,"muscle5":-6.31021982E-13,"muscle6":0,"muscle7":0,"muscle8":0,"muscle9":2.13433218E-08,"muscle10":6.10666438E-14,"muscle11":-1.5266661E-14,"muscle12":9.60497317E-08,"muscle13":-1.25801265E-07,"muscle14":6.7831003E-08,"muscle15":-0.324147046,"muscle16":-1.31784475E-06,"muscle17":-0.324148148,"muscle18":-2.77395998E-07,"muscle19":0,"muscle20":0,"muscle21":0.524232686,"muscle22":-0.0713517517,"muscle23":-0.415074766,"muscle24":0.939663708,"muscle25":0.309865773,"muscle26":-0.0509064272,"muscle27":0.0511478856,"muscle28":2.3772256E-07,"muscle29":0.524231553,"muscle30":-0.0713548511,"muscle31":-0.415079087,"muscle32":0.93966341,"muscle33":0.309869617,"muscle34":-0.0508559011,"muscle35":0.0511511676,"muscle36":3.96204285E-07,"muscle37":-0.500000656,"muscle38":0.00360196223,"muscle39":-0.449943483,"muscle40":0.161652237,"muscle41":-0.233611405,"muscle42":0.988980174,"muscle43":0.336606503,"muscle44":-0.0183165576,"muscle45":0.0231751576,"muscle46":-0.499998987,"muscle47":0.0036056363,"muscle48":-0.260653406,"muscle49":0.0603225715,"muscle50":-0.191032812,"muscle51":-0.484407753,"muscle52":-0.475573123,"muscle53":0.653034031,"muscle54":-0.0916293561,"muscle55":-1.36603785E-06,"muscle56":1.36603731E-07,"muscle57":2.95390468E-08,"muscle58":4.26886757E-08,"muscle59":-2.54444197E-16,"muscle60":1.70754674E-07,"muscle61":-7.58909735E-08,"muscle62":7.58909806E-08,"muscle63":6.83018797E-08,"muscle64":-2.27672942E-07,"muscle65":0,"muscle66":-5.52179507E-19,"muscle67":-3.4150947E-08,"muscle68":-5.69182426E-08,"muscle69":-1.51781947E-07,"muscle70":-7.58909806E-08,"muscle71":-3.41509363E-08,"muscle72":4.26886722E-08,"muscle73":-7.58909735E-08,"muscle74":-7.58909735E-08,"muscle75":-1.83327913,"muscle76":-1.56094408,"muscle77":-0.244437829,"muscle78":0.995530903,"muscle79":-0.444526643,"muscle80":-1.01802802,"muscle81":0.77819556,"muscle82":0.77819556,"muscle83":-0.223749459,"muscle84":-0.436817974,"muscle85":0.804009378,"muscle86":0.804009557,"muscle87":0.263176292,"muscle88":0.271548241,"muscle89":0.810934246,"muscle90":0.810933769,"muscle91":0.867004812,"muscle92":0.695615411,"muscle93":0.733332872,"muscle94":0.733333051,"duration":0},"strings":{}},{"property":"Muscles","index":3,"time":1.62121201,"ints":{},"floats":{"muscle0":2.24928734E-12,"muscle1":-2.84977662E-13,"muscle2":3.4604432E-13,"muscle3":-2.13454836E-08,"muscle4":1.62844388E-13,"muscle5":-6.31021982E-13,"muscle6":0,"muscle7":0,"muscle8":0,"muscle9":2.13433218E-08,"muscle10":6.10666438E-14,"muscle11":-1.5266661E-14,"muscle12":9.60497317E-08,"muscle13":-1.25801265E-07,"muscle14":6.7831003E-08,"muscle15":-0.324147046,"muscle16":-1.31784475E-06,"muscle17":-0.324148148,"muscle18":-2.77395998E-07,"muscle19":0,"muscle20":0,"muscle21":0.524232686,"muscle22":-0.0713517517,"muscle23":-0.415074766,"muscle24":0.939663708,"muscle25":0.309865773,"muscle26":-0.0509064272,"muscle27":0.0511478856,"muscle28":2.3772256E-07,"muscle29":0.524231553,"muscle30":-0.0713548511,"muscle31":-0.415079087,"muscle32":0.93966341,"muscle33":0.309869617,"muscle34":-0.0508559011,"muscle35":0.0511511676,"muscle36":3.96204285E-07,"muscle37":-0.500000656,"muscle38":0.00360196223,"muscle39":-0.449943483,"muscle40":0.161652237,"muscle41":-0.233611405,"muscle42":0.988980174,"muscle43":0.336606503,"muscle44":-0.0183165576,"muscle45":0.0231751576,"muscle46":-0.499998987,"muscle47":0.0036056363,"muscle48":-0.260653526,"muscle49":0.0603225231,"muscle50":-0.191032857,"muscle51":-0.484407872,"muscle52":-0.475573123,"muscle53":0.653034031,"muscle54":-0.0916289762,"muscle55":-1.36603785E-06,"muscle56":1.36603731E-07,"muscle57":2.95390468E-08,"muscle58":4.26886757E-08,"muscle59":-2.54444197E-16,"muscle60":1.70754674E-07,"muscle61":-7.58909735E-08,"muscle62":7.58909806E-08,"muscle63":6.83018797E-08,"muscle64":-2.27672942E-07,"muscle65":0,"muscle66":-5.52179507E-19,"muscle67":-3.4150947E-08,"muscle68":-5.69182426E-08,"muscle69":-1.51781947E-07,"muscle70":-7.58909806E-08,"muscle71":-3.41509363E-08,"muscle72":4.26886722E-08,"muscle73":-7.58909735E-08,"muscle74":-7.58909735E-08,"muscle75":-1.46666634,"muscle76":-0.427779257,"muscle77":-0.199999943,"muscle78":0.862217605,"muscle79":-1.00000012,"muscle80":-1.01802814,"muscle81":0.77819556,"muscle82":0.77819556,"muscle83":-0.223749459,"muscle84":-0.436817974,"muscle85":0.80400914,"muscle86":0.804009557,"muscle87":0.263176292,"muscle88":0.271548241,"muscle89":0.810934246,"muscle90":0.810934007,"muscle91":0.867004752,"muscle92":0.695616543,"muscle93":0.733332872,"muscle94":0.733333349,"duration":0},"strings":{}},{"property":"Muscles","index":4,"time":1.91919208,"ints":{},"floats":{"muscle0":2.24928734E-12,"muscle1":-2.84977662E-13,"muscle2":3.4604432E-13,"muscle3":-2.13454836E-08,"muscle4":1.62844388E-13,"muscle5":-6.31021982E-13,"muscle6":0,"muscle7":0,"muscle8":0,"muscle9":2.13433218E-08,"muscle10":6.10666438E-14,"muscle11":-1.5266661E-14,"muscle12":9.60497317E-08,"muscle13":-1.25801265E-07,"muscle14":6.7831003E-08,"muscle15":-0.324147046,"muscle16":-1.31784475E-06,"muscle17":-0.324148148,"muscle18":-2.77395998E-07,"muscle19":0,"muscle20":0,"muscle21":0.522006989,"muscle22":-0.0674843937,"muscle23":-0.308528006,"muscle24":0.930871427,"muscle25":0.238622978,"muscle26":0.0494393706,"muscle27":-0.0438278094,"muscle28":4.42761603E-07,"muscle29":0.522005498,"muscle30":-0.0674859509,"muscle31":-0.308533311,