{"animTracks":[{"properties":["Right Hand Configuration","Left Hand Configuration","Muscles"],"loops":false,"keyFrames":[{"property":"Muscles","index":1,"time":1.01515138,"ints":{},"floats":{"muscle3":-2.13454836E-08,"muscle4":1.62844388E-13,"muscle5":-6.31021982E-13,"muscle12":1.57948114E-06,"muscle13":8.57302098E-07,"muscle14":-5.50245431E-07,"muscle39":-0.515921175,"muscle40":0.211087272,"muscle41":-0.0779902413,"muscle26":0.0380870849,"muscle27":-0.0324557982,"muscle42":0.985978901,"muscle43":0.176828429,"muscle44":-0.0182156544,"muscle45":0.021785602,"muscle59":-2.54444197E-16,"muscle61":-6.07127845E-07,"muscle62":7.58909806E-08,"muscle60":1.70754674E-07,"muscle67":-4.78113236E-07,"muscle69":-1.51781947E-07,"muscle70":-7.58909806E-08,"muscle68":1.48425888E-14,"muscle63":2.7320749E-07,"muscle65":0,"muscle66":-5.52179507E-19,"muscle64":3.39258994E-15,"muscle71":-3.41509363E-08,"muscle73":-7.58909735E-08,"muscle74":-7.58909735E-08,"muscle72":4.26886722E-08,"muscle55":-1.36603785E-06,"muscle57":2.95390468E-08,"muscle58":4.26886757E-08,"muscle56":1.36603731E-07,"muscle24":0.930866182,"muscle25":0.238558277,"muscle37":-0.499999821,"muscle38":0.00360197015,"muscle28":1.53612518E-06,"muscle21":0.52201575,"muscle22":-0.00749201048,"muscle23":-0.308723956,"muscle9":-5.33609466E-07,"muscle10":-3.14621647E-14,"muscle11":2.68220447E-07,"muscle48":-0.263823867,"muscle49":0.246705383,"muscle50":-0.126152605,"muscle34":0.0380883664,"muscle35":-0.0324252062,"muscle51":-0.507180452,"muscle52":-0.237798244,"muscle53":0.370888233,"muscle54":-0.814092219,"muscle79":0.77777797,"muscle81":0.299999535,"muscle82":0.299999803,"muscle80":-0.871110559,"muscle91":-0.355555892,"muscle93":-0.633333027,"muscle94":-0.633333087,"muscle92":-0.739940047,"muscle83":-0.422222108,"muscle85":-0.566666543,"muscle86":-0.566666543,"muscle84":-1.39999843,"muscle87":-0.42571336,"muscle89":-0.69999975,"muscle90":-0.240000218,"muscle88":-1.39999855,"muscle75":-1.94444394,"muscle77":-0.155555248,"muscle78":0.288888991,"muscle76":-2,"muscle32":0.930865765,"muscle33":0.238557711,"muscle46":-0.499996305,"muscle47":0.00360540044,"muscle36":-4.234183E-07,"muscle29":0.522016525,"muscle30":-0.00748367095,"muscle31":-0.308725893,"muscle0":2.20384518E-12,"muscle1":-5.36441974E-07,"muscle2":1.42488831E-13,"muscle6":0,"muscle7":0,"muscle8":0,"duration":0.0454545468},"strings":{}},{"property":"Muscles","index":2,"time":1.31313121,"ints":{},"floats":{"muscle3":-2.13454836E-08,"muscle4":1.62844388E-13,"muscle5":-6.31021982E-13,"muscle12":1.96367932E-06,"muscle13":1.1186122E-06,"muscle14":-6.18141712E-07,"muscle39":-0.516908467,"muscle40":0.211192623,"muscle41":-0.0540166236,"muscle26":0.0370244011,"muscle27":-0.0268162582,"muscle42":0.984187424,"muscle43":0.152994677,"muscle44":-0.0189279187,"muscle45":0.0221304391,"muscle59":-2.54444197E-16,"muscle61":-6.07127845E-07,"muscle62":7.58909806E-08,"muscle60":1.70754674E-07,"muscle67":-4.78113236E-07,"muscle69":-6.07127788E-07,"muscle70":-7.58909806E-08,"muscle68":1.48425888E-14,"muscle63":2.7320749E-07,"muscle65":0,"muscle66":-5.52179507E-19,"muscle64":3.39258994E-15,"muscle71":-3.41509363E-08,"muscle73":-7.58909735E-08,"muscle74":-7.58909735E-08,"muscle72":4.26886722E-08,"muscle55":-1.36603785E-06,"muscle57":2.95390468E-08,"muscle58":4.26886757E-08,"muscle56":1.36603731E-07,"muscle24":0.924831092,"muscle25":0.190063789,"muscle37":-0.500000656,"muscle38":0.00360196223,"muscle28":2.01463877E-06,"muscle21":0.520555019,"muscle22":-0.00438381312,"muscle23":-0.236321643,"muscle9":-5.33609466E-07,"muscle10":-3.14621647E-14,"muscle11":2.68220447E-07,"muscle48":-0.264444023,"muscle49":0.246851459,"muscle50":-0.125851572,"muscle34":0.0370258614,"muscle35":-0.0267958082,"muscle51":-0.5072577,"muscle52":-0.237874776,"muscle53":0.370405942,"muscle54":-0.814447939,"muscle79":0.822187066,"muscle81":0.233385757,"muscle82":0.233385712,"muscle80":-0.586890996,"muscle91":-0.0890999734,"muscle93":-0.400184035,"muscle94":-0.400184155,"muscle92":-0.584508061,"muscle83":-0.222380504,"muscle85":-0.566666663,"muscle86":-0.566666007,"muscle84":-0.640600026,"muscle87":0.0405839868,"muscle89":-0.766614139,"muscle90":-0.766249537,"muscle88":-1.39999831,"muscle75":-0.00153853465,"muscle77":0.199718535,"muscle78":-0.532681882,"muscle76":-1.99999881,"muscle32":0.924830794,"muscle33":0.190061927,"muscle46":-0.499996305,"muscle47":0.00360540044,"muscle36":-4.234183E-07,"muscle29":0.520555377,"muscle30":-0.00437043002,"muscle31":-0.236323848,"muscle0":2.20384518E-12,"muscle1":-5.36441974E-07,"muscle2":1.42488831E-13,"muscle6":0,"muscle7":0,"muscle8":0,"duration":0.0353535339},"strings":{}},{"property":"Muscles","index":3,"time":1.63131297,"ints":{},"floats":{"muscle0":2.20384518E-12,"muscle1":-5.36441974E-07,"muscle2":1.42488831E-13,"muscle3":-2.13454836E-08,"muscle4":1.62844388E-13,"muscle5":-6.31021982E-13,"muscle6":0,"muscle7":0,"muscle8":0,"muscle9":-5.33609466E-07,"muscle10":-3.14621647E-14,"muscle11":2.68220447E-07,"muscle12":2.12376176E-06,"muscle13":1.20955656E-06,"muscle14":-6.97561859E-07,"muscle15":-0.324147046,"muscle16":-1.31784475E-06,"muscle17":-0.324148268,"muscle18":-1.58908722E-06,"muscle19":0,"muscle20":0,"muscle21":0.520555019,"muscle22":-0.00438375631,"muscle23":-0.236323088,"muscle24":0.924831092,"muscle25":0.190064594,"muscle26":0.0370241441,"muscle27":-0.0268167071,"muscle28":2.01463877E-06,"muscle29":0.520556748,"muscle30":-0.00438503874,"muscle31":-0.236322597,"muscle32":0.924830675,"muscle33":0.190064713,"muscle34":0.0370257124,"muscle35":-0.0267687552,"muscle36":-4.234183E-07,"muscle37":-0.500001132,"muscle38":0.00360267702,"muscle39":-0.516914308,"muscle40":0.211185381,"muscle41":-0.0540158749,"muscle42":0.984187365,"muscle43":0.152996168,"muscle44":-0.0189229418,"muscle45":0.0221465901,"muscle46":-0.499996305,"muscle47":0.00360540044,"muscle48":-0.264433503,"muscle49":0.246859953,"muscle50":-0.125848189,"muscle51":-0.507257342,"muscle52":-0.237866208,"muscle53":0.370408267,"muscle54":-0.814475834,"muscle55":-1.36603785E-06,"muscle56":4.78113236E-07,"muscle57":2.95390468E-08,"muscle58":4.26886757E-08,"muscle59":-4.43962193E-07,"muscle60":-4.13471933E-15,"muscle61":-6.07127845E-07,"muscle62":7.58909806E-08,"muscle63":2.7320749E-07,"muscle64":3.39258994E-15,"muscle65":0,"muscle66":-5.52179507E-19,"muscle67":-4.78113236E-07,"muscle68":1.48425888E-14,"muscle69":-1.51781947E-07,"muscle70":-7.58909806E-08,"muscle71":-3.41509363E-08,"muscle72":4.26886722E-08,"muscle73":-7.58909735E-08,"muscle74":-7.58909735E-08,"muscle75":-1.94444394,"muscle76":-2,"muscle77":-0.155555248,"muscle78":0.288888991,"muscle79":0.77777797,"muscle80":-0.871110559,"muscle81":0.299999535,"muscle82":0.299999803,"muscle83":-0.42222172,"muscle84":-1.39999819,"muscle85":-0.566666543,"muscle86":-0.566666007,"muscle87":-0.42571336,"muscle88":-1.39999866,"muscle89":-0.69999975,"muscle90":-0.240000218,"muscle91":-0.355555892,"muscle92":-0.739940047,"muscle93":-0.633333027,"muscle94":-0.633333087,"duration":0.0404040404},"strings":{}},{"property":"Muscles","index":4,"time":1.93434334,"ints":{},"floats":{"muscle0":2.77478591E-07,"muscle1":-5.36441974E-07,"muscle2":-7.93866383E-13,"muscle3":-2.13454836E-08,"muscle4":1.62844388E-13,"muscle5":-6.31021982E-13,"muscle6":0,"muscle7":0,"muscle8":0,"muscle9":-5.33609466E-07,"muscle10":-3.14621647E-14,"muscle11":2.68220447E-07,"muscle12":2.36922165E-06,"muscle13":1.42251247E-06,"muscle14":-6.83155861E-07,"muscle15":-0.324147046,"muscle16":-1.31784475E-06,"muscle17":-0.324148268,"muscle18":-1.58908722E-06,"muscle19":0,"muscle20":0,"muscle21":0.519567132,"muscle22":-0.00191529433,"muscle23":-0.184284315,"muscle24":0.92046243,"muscle25":0.155173376,"muscle26":0.0363410786,"muscle27":-0.0223252829,"muscle28":2.01463877E-06,"muscle29":0.519567549,"muscle30":-0.00190251844,"muscle31":-0.184284836,"muscle32":0.920461774,"muscle33":0.155170232,"muscle34":0.0363425091,"muscle35":-0.0223038644,"muscle36":-4.234183E-07,"muscle37":-0.500001132,"muscle38":0.00360267702,