{"animTracks":[{"properties":["Right Hand Configuration","Left Hand Configuration","Muscles"],"loops":false,"keyFrames":[{"property":"Muscles","index":1,"time":0.999999881,"ints":{},"floats":{"muscle0":2.77478591E-07,"muscle1":-5.36441974E-07,"muscle2":-7.93866383E-13,"muscle3":-2.13454836E-08,"muscle4":1.62844388E-13,"muscle5":-6.31021982E-13,"muscle6":0,"muscle7":0,"muscle8":0,"muscle9":2.13434017E-08,"muscle10":5.90683237E-14,"muscle11":2.68220845E-07,"muscle12":2.34787919E-07,"muscle13":5.78708523E-07,"muscle14":-2.2680203E-07,"muscle15":-0.324147046,"muscle16":-1.31784475E-06,"muscle17":-0.324148148,"muscle18":-2.77395998E-07,"muscle19":0,"muscle20":0,"muscle21":0.527684152,"muscle22":-0.0759823099,"muscle23":-0.588656127,"muscle24":0.953825772,"muscle25":0.425628841,"muscle26":0.042562589,"muscle27":-0.0481424928,"muscle28":4.42761603E-07,"muscle29":0.527683556,"muscle30":-0.0759852156,"muscle31":-0.588660777,"muscle32":0.953825891,"muscle33":0.425632775,"muscle34":0.0425663367,"muscle35":-0.0480918102,"muscle36":3.96204285E-07,"muscle37":-0.499999821,"muscle38":0.00360197015,"muscle39":-0.446434557,"muscle40":0.160602778,"muscle41":-0.352105916,"muscle42":0.997500122,"muscle43":0.454784632,"muscle44":-0.015839668,"muscle45":0.0202495288,"muscle46":-0.499999195,"muscle47":0.0036051874,"muscle48":0.0818485245,"muscle49":0.0519416146,"muscle50":-0.383241147,"muscle51":-0.421013683,"muscle52":0.610797107,"muscle53":-0.256664276,"muscle54":0.0227711499,"muscle55":-1.36603785E-06,"muscle56":1.36603731E-07,"muscle57":2.95390468E-08,"muscle58":4.26886757E-08,"muscle59":-2.54444197E-16,"muscle60":1.70754674E-07,"muscle61":-6.07127845E-07,"muscle62":7.58909806E-08,"muscle63":6.83018797E-08,"muscle64":-2.27672942E-07,"muscle65":0,"muscle66":-5.52179507E-19,"muscle67":-3.4150947E-08,"muscle68":-5.69182426E-08,"muscle69":-1.51781947E-07,"muscle70":-7.58909806E-08,"muscle71":-3.41509363E-08,"muscle72":4.26886722E-08,"muscle73":-7.58909735E-08,"muscle74":-7.58909735E-08,"muscle75":8.8078977E-08,"muscle76":0.0722214356,"muscle77":-0.199999943,"muscle78":-0.999999344,"muscle79":0.642144799,"muscle80":-0.964444101,"muscle81":0.711528778,"muscle82":0.711528778,"muscle83":0.665139377,"muscle84":-1.09014976,"muscle85":0.699999511,"muscle86":0.699999452,"muscle87":0.640953302,"muscle88":-1.39999843,"muscle89":0.710934281,"muscle90":0.710934162,"muscle91":0.711449087,"muscle92":-0.579940736,"muscle93":0.711357653,"muscle94":0.711357474,"duration":0.0404040404},"strings":{}},{"property":"Muscles","index":2,"time":1.27777767,"ints":{},"floats":{"muscle0":2.77478591E-07,"muscle1":-5.36441974E-07,"muscle2":-7.93866383E-13,"muscle3":-2.13454836E-08,"muscle4":1.62844388E-13,"muscle5":-6.31021982E-13,"muscle6":0,"muscle7":0,"muscle8":0,"muscle9":-5.33609466E-07,"muscle10":-3.14621647E-14,"muscle11":2.68220447E-07,"muscle12":1.02452827E-06,"muscle13":8.20474838E-07,"muscle14":-6.38309587E-07,"muscle15":-0.324147046,"muscle16":-1.31784475E-06,"muscle17":-0.324147463,"muscle18":-4.29032269E-07,"muscle19":0,"muscle20":0,"muscle21":0.524233997,"muscle22":-0.0713483393,"muscle23":-0.415076911,"muscle24":0.939663708,"muscle25":0.30982545,"muscle26":0.0397859029,"muscle27":-0.0395691507,"muscle28":1.12591374E-06,"muscle29":0.524232984,"muscle30":-0.0713536069,"muscle31":-0.415078491,"muscle32":0.939663708,"muscle33":0.309828103,"muscle34":0.0397903249,"muscle35":-0.039513845,"muscle36":7.38113954E-07,"muscle37":-0.499999821,"muscle38":0.00360197015,"muscle39":-0.449945658,"muscle40":0.161653012,"muscle41":-0.233611375,"muscle42":0.988980234,"muscle43":0.336606443,"muscle44":-0.0183150936,"muscle45":0.0231730286,"muscle46":-0.499997497,"muscle47":0.00360539299,"muscle48":0.0815372244,"muscle49":0.0522537604,"muscle50":-0.382880777,"muscle51":-0.421096444,"muscle52":0.610567033,"muscle53":-0.256983578,"muscle54":0.0237113554,"muscle55":-1.36603785E-06,"muscle56":1.36603731E-07,"muscle57":2.95390468E-08,"muscle58":4.26886757E-08,"muscle59":-2.54444197E-16,"muscle60":1.70754674E-07,"muscle61":-6.07127845E-07,"muscle62":7.58909806E-08,"muscle63":6.83018797E-08,"muscle64":-2.27672942E-07,"muscle65":0,"muscle66":-5.52179507E-19,"muscle67":-4.78113236E-07,"muscle68":1.48425888E-14,"muscle69":-1.51781947E-07,"muscle70":-7.58909806E-08,"muscle71":-3.41509363E-08,"muscle72":4.26886722E-08,"muscle73":-7.58909735E-08,"muscle74":-7.58909735E-08,"muscle75":5.96370171E-07,"muscle76":0.0722210258,"muscle77":0.333333582,"muscle78":0.0666665584,"muscle79":0.642144799,"muscle80":-0.964444101,"muscle81":0.711528778,"muscle82":0.711528778,"muscle83":0.665139377,"muscle84":-1.09014976,"muscle85":0.699999511,"muscle86":0.699999452,"muscle87":0.640953302,"muscle88":-1.39999843,"muscle89":0.710934281,"muscle90":0.710934043,"muscle91":0.711449087,"muscle92":-0.579940736,"muscle93":0.711357474,"muscle94":0.711357474,"duration":0.0303030312},"strings":{}},{"property":"Muscles","index":3,"time":1.54040396,"ints":{},"floats":{"muscle0":2.77478591E-07,"muscle1":-5.36441974E-07,"muscle2":-7.93866383E-13,"muscle3":-2.13454836E-08,"muscle4":1.62844388E-13,"muscle5":-6.31021982E-13,"muscle6":0,"muscle7":0,"muscle8":0,"muscle9":2.13434017E-08,"muscle10":5.90683237E-14,"muscle11":2.68220845E-07,"muscle12":4.05542522E-07,"muscle13":6.92701917E-07,"muscle14":-6.46952628E-07,"muscle15":-0.324147046,"muscle16":-1.31784475E-06,"muscle17":-0.324148148,"muscle18":-2.77395998E-07,"muscle19":0,"muscle20":0,"muscle21":0.524234235,"muscle22":-0.0713527873,"muscle23":-0.415074557,"muscle24":0.939663827,"muscle25":0.309825122,"muscle26":0.0397863239,"muscle27":-0.0395605899,"muscle28":1.12591374E-06,"muscle29":0.524233222,"muscle30":-0.071356155,"muscle31":-0.415078521,"muscle32":0.93966341,"muscle33":0.309828669,"muscle34":0.03978974,"muscle35":-0.0395094492,"muscle36":3.96204285E-07,"muscle37":-0.499999434,"muscle38":0.0036008365,"muscle39":-0.449936569,"muscle40":0.161652043,"muscle41":-0.233611435,"muscle42":0.988980353,"muscle43":0.336606383,"muscle44":-0.0183219742,"muscle45":0.023176346,"muscle46":-0.499999195,"muscle47":0.0036051874,"muscle48":0.0815359727,"muscle49":0.0522577986,"muscle50":-0.382886648,"muscle51":-0.421096534,"muscle52":0.61055994,"muscle53":-0.256982893,"muscle54":0.0237014834,"muscle55":-1.36603785E-06,"muscle56":1.36603731E-07,"muscle57":2.95390468E-08,"muscle58":4.26886757E-08,"muscle59":-2.54444197E-16,"muscle60":1.70754674E-07,"muscle61":-6.07127845E-07,"muscle62":7.58909806E-08,"muscle63":2.7320749E-07,"muscle64":3.39258994E-15,"muscle65":0,"muscle66":-5.52179507E-19,"muscle67":-3.4150947E-08,"muscle68":-5.69182426E-08,"muscle69":-1.51781947E-07,"muscle70":-7.58909806E-08,"muscle71":-3.41509363E-08,"muscle72":4.26886722E-08,"muscle73":-7.58909735E-08,"muscle74":-7.58909735E-08,"muscle75":8.8078977E-08,"muscle76":0.0722214356,"muscle77":-0.199999943,"muscle78":-0.999999344,"muscle79":0.642144799,"muscle80":-0.964444101,"muscle81":0.711528778,"muscle82":0.711528778,"muscle83":0.665139377,"muscle84":-1.09014976,"muscle85":0.699999332,"muscle86":0.699999034,"muscle87":0.640953302,"muscle88":-1.39999831,"muscle89":0.710934281,"muscle90":0.710934043,"muscle91":0.711449087,"muscle92":-0.579940736,"muscle93":0.711357474,"muscle94":0.711357474,"duration":0.0353535339},"strings":{}},{"property":"Muscles","index":4,"time":1.82828307,"ints":{},"floats":{"muscle0":2.77478591E-07,"muscle1":-5.36441974E-07,"muscle2":-7.93866383E-13,"muscle3":-2.13454836E-08,"muscle4":1.62844388E-13,"muscle5":-6.31021982E-13,"muscle6":0,"muscle7":0,"muscle8":0,"muscle9":-5.33609466E-07,"muscle10":-3.14621647E-14,"muscle11":2.68220447E-07,"muscle12":1.09923349E-06,"muscle13":8.57303462E-07,"muscle14":-5.50245375E-07,"muscle15":-0.324147046,"muscle16":-1.31784475E-06,"muscle17":-0.324147463,"muscle18":-4.29032269E-07,"muscle19":0,"muscle20":0,"muscle21":0.522010982,"muscle22":-0.0674839392,"muscle23":-0.308530241,"muscle24":0.930871427,"muscle25":0.238600612,"muscle26":0.0380816311,"muscle27":-0.0324803479,