{"animTracks":[{"properties":["Right Hand Configuration","Left Hand Configuration","Muscles"],"loops":false,"keyFrames":[{"property":"Muscles","index":1,"time":0.999999881,"ints":{},"floats":{"muscle0":2.77478591E-07,"muscle1":-5.36441974E-07,"muscle2":-7.93866383E-13,"muscle3":-2.13454836E-08,"muscle4":1.62844388E-13,"muscle5":-6.31021982E-13,"muscle6":0,"muscle7":0,"muscle8":0,"muscle9":2.13434017E-08,"muscle10":5.90683237E-14,"muscle11":2.68220845E-07,"muscle12":2.34787919E-07,"muscle13":5.78708523E-07,"muscle14":-2.2680203E-07,"muscle15":-0.324147046,"muscle16":-1.31784475E-06,"muscle17":-0.324148148,"muscle18":-2.77395998E-07,"muscle19":0,"muscle20":0,"muscle21":0.527684152,"muscle22":-0.0759823099,"muscle23":-0.588656127,"muscle24":0.953825772,"muscle25":0.425628841,"muscle26":0.042562589,"muscle27":-0.0481424928,"muscle28":4.42761603E-07,"muscle29":0.527683556,"muscle30":-0.0759852156,"muscle31":-0.588660777,"muscle32":0.953825891,"muscle33":0.425632775,"muscle34":0.0425663367,"muscle35":-0.0480918102,"muscle36":3.96204285E-07,"muscle37":-0.499999821,"muscle38":0.00360197015,"muscle39":-0.446434557,"muscle40":0.160602778,"muscle41":-0.352105916,"muscle42":0.997500122,"muscle43":0.454784632,"muscle44":-0.015839668,"muscle45":0.0202495288,"muscle46":-0.499999195,"muscle47":0.0036051874,"muscle48":-0.36229679,"muscle49":0.118770152,"muscle50":-0.193240881,"muscle51":-0.414023072,"muscle52":-0.476331651,"muscle53":0.695879281,"muscle54":-0.616557539,"muscle55":-1.36603785E-06,"muscle56":1.36603731E-07,"muscle57":2.95390468E-08,"muscle58":4.26886757E-08,"muscle59":-2.54444197E-16,"muscle60":1.70754674E-07,"muscle61":-6.07127845E-07,"muscle62":7.58909806E-08,"muscle63":6.83018797E-08,"muscle64":-2.27672942E-07,"muscle65":0,"muscle66":-5.52179507E-19,"muscle67":-3.4150947E-08,"muscle68":-5.69182426E-08,"muscle69":-1.51781947E-07,"muscle70":-7.58909806E-08,"muscle71":-3.41509363E-08,"muscle72":4.26886722E-08,"muscle73":-7.58909735E-08,"muscle74":-7.58909735E-08,"muscle75":-0.166667148,"muscle76":-1.99999964,"muscle77":-0.337783337,"muscle78":-0.426671356,"muscle79":-0.511111021,"muscle80":-0.72247225,"muscle81":-0.500000179,"muscle82":-0.50000006,"muscle83":0.266666949,"muscle84":-1.39999878,"muscle85":-1.03333282,"muscle86":-1.0000006,"muscle87":0.266666472,"muscle88":-1.39999843,"muscle89":-0.69999975,"muscle90":-0.69999975,"muscle91":0.466666639,"muscle92":-0.748828828,"muscle93":-0.433333308,"muscle94":-0.433333337,"duration":0.055555556},"strings":{}},{"property":"Muscles","index":2,"time":1.21717155,"ints":{},"floats":{"muscle0":2.24928734E-12,"muscle1":-2.84977662E-13,"muscle2":3.4604432E-13,"muscle3":-2.13454836E-08,"muscle4":1.62844388E-13,"muscle5":-6.31021982E-13,"muscle6":0,"muscle7":0,"muscle8":0,"muscle9":2.13433218E-08,"muscle10":6.10666438E-14,"muscle11":-1.5266661E-14,"muscle12":2.45460143E-07,"muscle13":-1.14277142E-07,"muscle14":-1.02534244E-07,"muscle15":-0.324147046,"muscle16":-1.31784475E-06,"muscle17":-0.324148268,"muscle18":-1.58908722E-06,"muscle19":0,"muscle20":0,"muscle21":0.524232805,"muscle22":-0.0713521242,"muscle23":-0.415075868,"muscle24":0.939663708,"muscle25":0.309866697,"muscle26":-0.0509062931,"muscle27":0.0511482097,"muscle28":2.3772256E-07,"muscle29":0.524232268,"muscle30":-0.0713545233,"muscle31":-0.415079296,"muscle32":0.939663708,"muscle33":0.309869438,"muscle34":-0.0508563556,"muscle35":0.0511509143,"muscle36":3.96204285E-07,"muscle37":-0.499999821,"muscle38":0.00360197015,"muscle39":-0.449943364,"muscle40":0.161652207,"muscle41":-0.233611152,"muscle42":0.988980114,"muscle43":0.336606234,"muscle44":-0.0183166545,"muscle45":0.0231753979,"muscle46":-0.499999195,"muscle47":0.0036051874,"muscle48":-0.362590283,"muscle49":0.118863486,"muscle50":-0.19310011,"muscle51":-0.414060116,"muscle52":-0.476357907,"muscle53":0.695692301,"muscle54":-0.616972864,"muscle55":-1.36603785E-06,"muscle56":1.36603731E-07,"muscle57":2.95390468E-08,"muscle58":4.26886757E-08,"muscle59":-2.54444197E-16,"muscle60":1.70754674E-07,"muscle61":-7.58909735E-08,"muscle62":7.58909806E-08,"muscle63":6.83018797E-08,"muscle64":-2.27672942E-07,"muscle65":0,"muscle66":-5.52179507E-19,"muscle67":-4.78113236E-07,"muscle68":1.48425888E-14,"muscle69":-1.51781947E-07,"muscle70":-7.58909806E-08,"muscle71":-3.41509363E-08,"muscle72":4.26886722E-08,"muscle73":-5.31236765E-07,"muscle74":-7.58909735E-08,"muscle75":-2.46342133E-05,"muscle76":-1.99999976,"muscle77":0.439879835,"muscle78":-0.999915242,"muscle79":-0.13338913,"muscle80":-0.722472012,"muscle81":-0.4333435,"muscle82":-0.433343232,"muscle83":0.644388735,"muscle84":-1.39999843,"muscle85":-0.86669153,"muscle86":-0.866686344,"muscle87":0.644388676,"muscle88":-1.39999866,"muscle89":-0.69999975,"muscle90":-0.69999975,"muscle91":0.622199059,"muscle92":-0.748828948,"muscle93":-0.433333308,"muscle94":-0.433333337,"duration":0.0606060624},"strings":{}},{"property":"Muscles","index":3,"time":1.43939388,"ints":{},"floats":{"muscle0":2.24928734E-12,"muscle1":-2.84977662E-13,"muscle2":3.4604432E-13,"muscle3":-2.13454836E-08,"muscle4":1.62844388E-13,"muscle5":-6.31021982E-13,"muscle6":0,"muscle7":0,"muscle8":0,"muscle9":2.13433218E-08,"muscle10":6.10666438E-14,"muscle11":-1.5266661E-14,"muscle12":2.45460143E-07,"muscle13":-1.14277142E-07,"muscle14":-1.02534244E-07,"muscle15":-0.324147046,"muscle16":-1.31784475E-06,"muscle17":-0.324148268,"muscle18":-1.58908722E-06,"muscle19":0,"muscle20":0,"muscle21":0.524232805,"muscle22":-0.0713521242,"muscle23":-0.415075868,"muscle24":0.939663708,"muscle25":0.309866697,"muscle26":-0.0509062931,"muscle27":0.0511482097,"muscle28":2.3772256E-07,"muscle29":0.524232268,"muscle30":-0.0713545233,"muscle31":-0.415079296,"muscle32":0.939663708,"muscle33":0.309869438,"muscle34":-0.0508563556,"muscle35":0.0511509143,"muscle36":3.96204285E-07,"muscle37":-0.499999821,"muscle38":0.00360197015,"muscle39":-0.449943364,"muscle40":0.161652207,"muscle41":-0.233611152,"muscle42":0.988980114,"muscle43":0.336606234,"muscle44":-0.0183166545,"muscle45":0.0231753979,"muscle46":-0.499999195,"muscle47":0.0036051874,"muscle48":-0.362590283,"muscle49":0.118863486,"muscle50":-0.19310011,"muscle51":-0.414060116,"muscle52":-0.476357907,"muscle53":0.695692301,"muscle54":-0.616972864,"muscle55":-1.36603785E-06,"muscle56":1.36603731E-07,"muscle57":2.95390468E-08,"muscle58":4.26886757E-08,"muscle59":-2.54444197E-16,"muscle60":1.70754674E-07,"muscle61":-7.58909735E-08,"muscle62":7.58909806E-08,"muscle63":6.83018797E-08,"muscle64":-2.27672942E-07,"muscle65":0,"muscle66":-5.52179507E-19,"muscle67":-4.78113236E-07,"muscle68":1.48425888E-14,"muscle69":-1.51781947E-07,"muscle70":-7.58909806E-08,"muscle71":-3.41509363E-08,"muscle72":4.26886722E-08,"muscle73":-5.31236765E-07,"muscle74":-7.58909735E-08,"muscle75":-0.166667148,"muscle76":-1.99999964,"muscle77":-0.337783337,"muscle78":-0.426671356,"muscle79":-0.511111438,"muscle80":-0.72247231,"muscle81":-0.500000179,"muscle82":-0.50000006,"muscle83":0.266666949,"muscle84":-1.39999878,"muscle85":-1.03333282,"muscle86":-1.00000119,"muscle87":0.266666472,"muscle88":-1.39999831,"muscle89":-0.69999975,"muscle90":-0.69999975,"muscle91":0.466666639,"muscle92":-0.748828948,"muscle93":-0.433333308,"muscle94":-0.433333337,"duration":0.0606060624},"strings":{}},{"property":"Muscles","index":4,"time":1.65151536,"ints":{},"floats":{"muscle0":2.24928734E-12,"muscle1":-2.84977662E-13,"muscle2":3.4604432E-13,"muscle3":-2.13454836E-08,"muscle4":1.62844388E-13,"muscle5":-6.31021982E-13,"muscle6":0,"muscle7":0,"muscle8":0,"muscle9":2.13433218E-08,"muscle10":6.10666438E-14,"muscle11":-1.5266661E-14,"muscle12":2.45460143E-07,"muscle13":-1.14277142E-07,"muscle14":-1.02534244E-07,"muscle15":-0.324147046,"muscle16":-1.31784475E-06,"muscle17":-0.324148268,"muscle18":-1.58908722E-06,"muscle19":0,"muscle20":0,"muscle21":0.522006631,"muscle22":-0.067484647,"muscle23":-0.308529854,"muscle24":0.930871308,"muscle25":0.238624498,"muscle26":0.0494397879,"muscle27":-0.0438287519,"muscle28":4.42761603E-07,