{
  "animTracks": [
    {
      "properties": [
        "Right Hand Configuration",
        "Left Hand Configuration",
        "Muscles",
        "Facial Expression"
      ],
      "loops": false,
      "keyFrames": [
        {
          "property": "Muscles",
          "index": 1,
          "time": 1.01515138,
          "ints": {},
          "floats": {
            "muscle0": 2.77478591E-07,
            "muscle1": -5.36441974E-07,
            "muscle2": -7.93866383E-13,
            "muscle3": -2.13454836E-08,
            "muscle4": 1.62844388E-13,
            "muscle5": -6.31021982E-13,
            "muscle6": 0,
            "muscle7": 0,
            "muscle8": 0,
            "muscle9": 2.13434017E-08,
            "muscle10": 5.90683237E-14,
            "muscle11": 2.68220845E-07,
            "muscle12": 2.34787919E-07,
            "muscle13": 5.78708523E-07,
            "muscle14": -2.2680203E-07,
            "muscle15": 0,
            "muscle16": -1.31784475E-06,
            "muscle17": 0,
            "muscle18": -2.77395998E-07,
            "muscle19": 0,
            "muscle20": 0,
            "muscle21": 0.527684152,
            "muscle22": -0.0759823099,
            "muscle23": -0.588656127,
            "muscle24": 0.953825772,
            "muscle25": 0.425628841,
            "muscle26": 0.042562589,
            "muscle27": -0.0481424928,
            "muscle28": 4.42761603E-07,
            "muscle29": 0.527683556,
            "muscle30": -0.0759852156,
            "muscle31": -0.588660777,
            "muscle32": 0.953825891,
            "muscle33": 0.425632775,
            "muscle34": 0.0425663367,
            "muscle35": -0.0480918102,
            "muscle36": 3.96204285E-07,
            "muscle37": -0.499999821,
            "muscle38": 0.00360197015,
            "muscle39": -0.446434557,
            "muscle40": 0.160602778,
            "muscle41": -0.352105916,
            "muscle42": 0.997500122,
            "muscle43": 0.454784632,
            "muscle44": -0.015839668,
            "muscle45": 0.0591730364,
            "muscle46": -0.499999195,
            "muscle47": 0.0036051874,
            "muscle48": -0.454597145,
            "muscle49": 0.132869884,
            "muscle50": -0.226880774,
            "muscle51": -0.323769659,
            "muscle52": -0.163447082,
            "muscle53": 0.532914877,
            "muscle54": -1.000036,
            "muscle55": 0,
            "muscle56": 0,
            "muscle57": 0,
            "muscle58": 0,
            "muscle59": 0,
            "muscle60": 0,
            "muscle61": 0,
            "muscle62": 0,
            "muscle63": 0,
            "muscle64": 0,
            "muscle65": 0,
            "muscle66": 0,
            "muscle67": 0,
            "muscle68": 0,
            "muscle69": 0,
            "muscle70": 0,
            "muscle71": 0,
            "muscle72": 0,
            "muscle73": 0,
            "muscle74": 0,
            "muscle75": -1.64420104,
            "muscle76": -1.99970472,
            "muscle77": -0.155532166,
            "muscle78": 0.288846344,
            "muscle79": 0.822100461,
            "muscle80": -0.5865798,
            "muscle81": 0.23329854,
            "muscle82": 0.233298555,
            "muscle83": -0.39994061,
            "muscle84": -0.639905035,
            "muscle85": -0.566583276,
            "muscle86": -0.566582978,
            "muscle87": 0.0409472957,
            "muscle88": -1.39979231,
            "muscle89": -0.76655364,
            "muscle90": -0.766552925,
            "muscle91": -0.0888759345,
            "muscle92": -0.584297657,
            "muscle93": -0.399940342,
            "muscle94": -0.399940342,
            "muscle-1": 1,
            "duration": 0
          },
          "strings": {
            "interpolation": "default"
          },
          "inTangent": 0,
          "inWeight": 0,
          "outTangent": 0,
          "outWeight": 0,
          "weightedMode": 0
        },
        {
          "property": "Left Hand Configuration",
          "index": 1,
          "time": 1.01515138,
          "ints": {
            "hash": 431648768
          },
          "floats": {
            "duration": 0,
            "leftHandPositionX": -0.215003967,
            "leftHandPositionY": -0.0344510041,
            "leftHandPositionZ": -0.0753374249
          },
          "strings": {
            "name": "-"
          },
          "inTangent": 0,
          "inWeight": 0,
          "outTangent": 0,
          "outWeight": 0,
          "weightedMode": 0
        },
        {
          "property": "Right Hand Configuration",
          "index": 1,
          "time": 1.01515138,
          "ints": {
            "hash": -140430336
          },
          "floats": {
            "duration": 0,
            "rightHandPositionX": 0.0101833344,
            "rightHandPositionY": -0.15948537,
            "rightHandPositionZ": 0.174180508
          },
          "strings": {
            "name": "6"
          },
          "inTangent": 0,
          "inWeight": 0,
          "outTangent": 0,
          "outWeight": 0,
          "weightedMode": 0
        },
        {
          "property": "Facial Expression",
          "index": 1,
          "time": 1.01515138,
          "ints": {},
          "floats": {
            "duration": 0
          },
          "strings": {
            "faceName": "Neutra"
          },
          "inTangent": 0,
          "inWeight": 0,
          "outTangent": 0,
          "outWeight": 0,
          "weightedMode": 0
        }
      ]
    },
    {
      "properties": [
        "Face Animation Neutra"
      ],
      "loops": false,
      "keyFrames": [
        {
          "property": "Face Animation Neutra",
          "index": 0,
          "time": 0,
          "ints": {},
          "floats": {
            "girl_head_.blendShape.mClose": 100,
            "girl_head_.blendShape.A": 0,
            "girl_head_.blendShape.Cons": 0,
            "girl_head_.blendShape.Fv": 0,
            "girl_head_.blendShape.mLSide": 0,
            "girl_head_.blendShape.mLSideUp": 0,
            "girl_head_.blendShape.mRSide": 0,
            "girl_head_.blendShape.mRSideUp": 0,
            "girl_head_.blendShape.O": 0,
            "girl_head_.blendShape.smile": 0,
            "girl_head_.blendShape.U": 0,
            "girl_hair.blendShape.cheek1": 0,
            "girl_hair.blendShape.cheek2": 0,
            "girl_hair.blendShape.cheek3": 0,
            "girl_head_.blendShape.Bmp": 0,
            "girl_head_.blendShape.E": 0,
            "girl_head_.blendShape.F001": 0,
            "girl_head_.blendShape.F003": 0,
            "girl_head_.blendShape.F005": 0,
            "girl_head_.blendShape.F006": 0,
            "girl_head_.blendShape.F007": 0,
            "girl_head_.blendShape.F007left": 0,
            "girl_head_.blendShape.F008": 0,
            "girl_head_.blendShape.F017": 0,
            "girl_head_.blendShape.F019": 0,
            "girl_head_.blendShape.F024": 0,
            "girl_head_.blendShape.F031": 0,
            "girl_head_.blendShape.LEyeBMad": 0,
            "girl_head_.blendShape.LEyeClose": 0,
            "girl_head_.blendShape.LEyeLidUp": 0,
            "girl_head_.blendShape.LEyeMad": 0,
            "girl_head_.blendShape.LEyeSad": 0,
            "girl_head_.blendShape.LeyeBUp": 0,
            "girl_head_.blendShape.mSad": 0,
            "girl_head_.blendShape.REyeBMad": 0,
            "girl_head_.blendShape.REyeClose": 0,
            "girl_head_.blendShape.REyeLidUp": 0,
            "girl_head_.blendShape.REyeMad": 0,
            "girl_head_.blendShape.REyeSad": 0,
            "girl_head_.blendShape.ReyeBSad": 0,
            "girl_head_.blendShape.ReyeBUp": 0,