{"animTracks":[{"properties":["Right Hand Configuration","Left Hand Configuration","Muscles"],"keyFrames":[{"property":"Muscles","index":2,"time":3.69696951,"ints":{},"floats":{"muscle0":2.20384518E-12,"muscle1":-5.36441974E-07,"muscle2":1.42488831E-13,"muscle3":-2.13454836E-08,"muscle4":1.62844388E-13,"muscle5":-6.31021982E-13,"muscle6":0,"muscle7":0,"muscle8":0,"muscle9":-5.33609466E-07,"muscle10":-3.14621647E-14,"muscle11":2.68220447E-07,"muscle12":3.08425729E-06,"muscle13":8.45774821E-07,"muscle14":-3.7987985E-07,"muscle15":-0.324148268,"muscle16":-1.87594269E-05,"muscle17":-0.324148953,"muscle18":-1.62556553E-05,"muscle19":0,"muscle20":0,"muscle21":0.518398762,"muscle22":0.00164050434,"muscle23":-0.116002351,"muscle24":0.914688289,"muscle25":0.109323576,"muscle26":0.0355694368,"muscle27":-0.0159051362,"muscle28":2.01463877E-06,"muscle29":0.518398523,"muscle30":0.00166805903,"muscle31":-0.116005674,"muscle32":0.91468811,"muscle33":0.10931877,"muscle34":0.035570614,"muscle35":-0.0159119014,"muscle36":-4.234183E-07,"muscle37":-0.500003576,"muscle38":0.00360171217,"muscle39":-0.518619657,"muscle40":0.211315259,"muscle41":-0.0157133695,"muscle42":0.981309891,"muscle43":0.114942566,"muscle44":-0.0201207772,"muscle45":0.0226391219,"muscle46":-0.499997169,"muscle47":0.00360632851,"muscle48":-0.0558561347,"muscle49":0.0110780299,"muscle50":-0.365215153,"muscle51":-0.341141999,"muscle52":-1.00005102,"muscle53":0.439270526,"muscle54":-1.00030935,"muscle55":-1.36603785E-06,"muscle56":1.36603731E-07,"muscle57":2.95390468E-08,"muscle58":-5.17683588E-07,"muscle59":-2.54444197E-16,"muscle60":1.70754674E-07,"muscle61":-6.07127845E-07,"muscle62":7.58909806E-08,"muscle63":6.83018797E-08,"muscle64":-2.27672942E-07,"muscle65":0,"muscle66":-5.52179507E-19,"muscle67":-4.78113236E-07,"muscle68":1.48425888E-14,"muscle69":-6.07127788E-07,"muscle70":-7.58909806E-08,"muscle71":-3.41509363E-08,"muscle72":4.26886722E-08,"muscle73":-7.58909735E-08,"muscle74":-7.58909735E-08,"muscle75":-0.244444683,"muscle76":0.138889119,"muscle77":0.63999474,"muscle78":0.639995337,"muscle79":-1.00000012,"muscle80":0.288639545,"muscle81":-2.00000095,"muscle82":0.999999762,"muscle83":-1.00000012,"muscle84":-0.436818153,"muscle85":-2.00000095,"muscle86":0.99999994,"muscle87":-1,"muscle88":0.271548212,"muscle89":-1.99999988,"muscle90":0.999998808,"muscle91":-1,"muscle92":0.695616603,"muscle93":-2.00000095,"muscle94":1,"duration":0.0101010101},"strings":{}},{"property":"Muscles","index":1,"time":3.39898968,"ints":{},"floats":{"muscle0":2.20384518E-12,"muscle1":-5.36441974E-07,"muscle2":1.42488831E-13,"muscle3":-2.13454836E-08,"muscle4":1.62844388E-13,"muscle5":-6.31021982E-13,"muscle6":0,"muscle7":0,"muscle8":0,"muscle9":-5.33609466E-07,"muscle10":-3.14621647E-14,"muscle11":2.68220447E-07,"muscle12":2.79610867E-06,"muscle13":6.0751421E-07,"muscle14":-6.52714618E-07,"muscle15":-0.324148268,"muscle16":-1.87594269E-05,"muscle17":-0.324148953,"muscle18":-1.62556553E-05,"muscle19":0,"muscle20":0,"muscle21":0.518888354,"muscle22":5.87492978E-05,"muscle23":-0.145544827,"muscle24":0.91719234,"muscle25":0.129170984,"muscle26":0.035879191,"muscle27":-0.0187569838,"muscle28":2.2878462E-06,"muscle29":0.518887877,"muscle30":8.60071523E-05,"muscle31":-0.145548448,"muscle32":0.91719234,"muscle33":0.129166648,"muscle34":0.0358807407,"muscle35":-0.0187631007,"muscle36":-4.234183E-07,"muscle37":-0.500003576,"muscle38":0.00360171217,"muscle39":-0.518118739,"muscle40":0.211295456,"muscle41":-0.0264610443,"muscle42":0.982117891,"muscle43":0.125614375,"muscle44":-0.0197825413,"muscle45":0.0224858001,"muscle46":-0.499997169,"muscle47":0.00360632851,"muscle48":-0.258561283,"muscle49":0.0145021435,"muscle50":-0.147803634,"muscle51":-0.499371201,"muscle52":-1.0001297,"muscle53":0.439276427,"muscle54":-0.994350135,"muscle55":-1.36603785E-06,"muscle56":1.36603731E-07,"muscle57":2.95390468E-08,"muscle58":-5.17683588E-07,"muscle59":-2.54444197E-16,"muscle60":1.70754674E-07,"muscle61":-6.07127845E-07,"muscle62":7.58909806E-08,"muscle63":6.83018797E-08,"muscle64":-2.27672942E-07,"muscle65":0,"muscle66":-5.52179507E-19,"muscle67":-4.78113236E-07,"muscle68":1.48425888E-14,"muscle69":-6.07127788E-07,"muscle70":-7.58909806E-08,"muscle71":-3.41509363E-08,"muscle72":4.26886722E-08,"muscle73":-7.58909735E-08,"muscle74":-7.58909735E-08,"muscle75":-0.244444683,"muscle76":0.138889119,"muscle77":0.63999474,"muscle78":0.639995337,"muscle79":-1.00000012,"muscle80":0.288639545,"muscle81":-2.00000072,"muscle82":0.999999762,"muscle83":-1.00000012,"muscle84":-0.436818153,"muscle85":-2.00000095,"muscle86":0.99999994,"muscle87":-1,"muscle88":0.271548212,"muscle89":-1.99999988,"muscle90":0.999998808,"muscle91":-1,"muscle92":0.695616603,"muscle93":-2.00000095,"muscle94":1,"duration":0.00505050505},"strings":{}},{"property":"Muscles","index":3,"time":3.25252509,"ints":{},"floats":{"muscle0":2.20384518E-12,"muscle1":-5.36441974E-07,"muscle2":1.42488831E-13,"muscle3":-2.13454836E-08,"muscle4":1.62844388E-13,"muscle5":-6.31021982E-13,"muscle6":0,"muscle7":0,"muscle8":0,"muscle9":-5.33609466E-07,"muscle10":-3.14621647E-14,"muscle11":2.68220447E-07,"muscle12":2.42258261E-06,"muscle13":7.8940468E-07,"muscle14":-8.11555708E-07,"muscle15":-0.324147463,"muscle16":-1.84561559E-05,"muscle17":-0.324148268,"muscle18":-1.65786478E-05,"muscle19":0,"muscle20":0,"muscle21":0.519566536,"muscle22":-0.00190979929,"muscle23":-0.18428652,"muscle24":0.92046237,"muscle25":0.15517287,"muscle26":0.0363413095,"muscle27":-0.0223370176,"muscle28":2.01463877E-06,"muscle29":0.51956737,"muscle30":-0.00190259563,"muscle31":-0.184287399,"muscle32":0.920462251,"muscle33":0.155171931,"muscle34":0.0363431349,"muscle35":-0.0223042183,"muscle36":-4.234183E-07,"muscle37":-0.500002503,"muscle38":0.00360196247,"muscle39":-0.517607749,"muscle40":0.21125479,"muscle41":-0.0377086736,"muscle42":0.9829638,"muscle43":0.136788562,"muscle44":-0.0194340404,"muscle45":0.0223509185,"muscle46":-0.499997169,"muscle47":0.00360632851,"muscle48":-0.258718103,"muscle49":-0.0179242454,"muscle50":0.0759847015,"muscle51":-0.581805408,"muscle52":-0.99998796,"muscle53":0.439265311,"muscle54":-0.994529843,"muscle55":-1.36603785E-06,"muscle56":1.36603731E-07,"muscle57":2.95390468E-08,"muscle58":-5.17683588E-07,"muscle59":-2.54444197E-16,"muscle60":1.70754674E-07,"muscle61":-6.07127845E-07,"muscle62":7.58909806E-08,"muscle63":6.83018797E-08,"muscle64":-2.27672942E-07,"muscle65":0,"muscle66":-5.52179507E-19,"muscle67":-4.78113236E-07,"muscle68":1.48425888E-14,"muscle69":-6.07127788E-07,"muscle70":-7.58909806E-08,"muscle71":-3.41509363E-08,"muscle72":4.26886722E-08,"muscle73":-7.58909735E-08,"muscle74":-7.58909735E-08,"muscle75":-0.244444758,"muscle76":0.138888434,"muscle77":0.63999474,"muscle78":0.639995337,"muscle79":-1.00000012,"muscle80":0.288639545,"muscle81":-2,"muscle82":0.999999762,"muscle83":-1.00000012,"muscle84":-0.436818153,"muscle85":-2.00000095,"muscle86":0.99999994,"muscle87":-1,"muscle88":0.271548212,"muscle89":-1.99999988,"muscle90":0.999998808,"muscle91":-1,"muscle92":0.695616603,"muscle93":-2.00000095,"muscle94":1,"duration":0},"strings":{}},{"property":"Muscles","index":4,"time":3.99494934,"ints":{},"floats":{"muscle0":2.20384518E-12,"muscle1":-5.36441974E-07,"muscle2":1.42488831E-13,"muscle3":-2.13454836E-08,"muscle4":1.62844388E-13,"muscle5":-6.31021982E-13,"muscle6":0,"muscle7":0,"muscle8":0,"muscle9":-5.33609466E-07,"muscle10":-3.14621647E-14,"muscle11":2.68220447E-07,"muscle12":3.29770091E-06,"muscle13":6.8693339E-07,"muscle14":-5.61769582E-07,"muscle15":-0.324148268,"muscle16":-1.87594269E-05,"muscle17":-0.324148953,"muscle18":-1.62556553E-05,"muscle19":0,"muscle20":0,"muscle21":0.518024385,"muscle22":0.00291038025,"muscle23":-0.0930846334,"muscle24":0.912739873,"muscle25":0.0939136967,"muscle26":0.0353708714,"muscle27":-0.0136128543,"muscle28":2.01463877E-06,"muscle29":0.518023968,"muscle30":0.00293860282,"muscle31":-0.0930877104,"muscle32":0.912739813,"muscle33":0.0939084589,