{"animTracks":[{"properties":["Right Hand Configuration","Left Hand Configuration","Muscles"],"keyFrames":[{"property":"Muscles","index":1,"time":1,"ints":{},"floats":{"muscle3":-2.13454836E-08,"muscle4":1.62844388E-13,"muscle5":-6.31021982E-13,"muscle12":2.34787919E-07,"muscle13":5.78708523E-07,"muscle14":-2.2680203E-07,"muscle39":-0.518951952,"muscle40":0.211341828,"muscle41":-0.00785319041,"muscle26":0.0425631329,"muscle27":-0.0481315963,"muscle42":0.980717599,"muscle43":0.107132934,"muscle44":-0.0158397406,"muscle45":0.0202495325,"muscle59":-2.54444197E-16,"muscle61":-6.07127845E-07,"muscle62":7.58909806E-08,"muscle60":1.70754674E-07,"muscle67":-3.4150947E-08,"muscle69":-1.51781947E-07,"muscle70":-7.58909806E-08,"muscle68":-5.69182426E-08,"muscle63":6.83018797E-08,"muscle65":0,"muscle66":-5.52179507E-19,"muscle64":-2.27672942E-07,"muscle71":-3.41509363E-08,"muscle73":-7.58909735E-08,"muscle74":-7.58909735E-08,"muscle72":4.26886722E-08,"muscle55":-1.36603785E-06,"muscle57":2.95390468E-08,"muscle58":4.26886757E-08,"muscle56":1.36603731E-07,"muscle24":0.953825712,"muscle25":0.425629675,"muscle37":-0.499999821,"muscle38":0.00360197015,"muscle28":4.42761603E-07,"muscle21":0.527690291,"muscle22":-0.015988104,"muscle23":-0.588769078,"muscle9":2.13434017E-08,"muscle10":5.90683237E-14,"muscle11":2.68220845E-07,"muscle48":0.0713000447,"muscle49":0.0175756533,"muscle50":-0.236526445,"muscle34":0.0425668359,"muscle35":-0.0480956286,"muscle51":-0.468331009,"muscle52":0.671485126,"muscle53":-0.375428438,"muscle54":0.0342771597,"muscle79":0.553255975,"muscle81":0.978195608,"muscle82":0.978195786,"muscle80":-0.964444101,"muscle91":0.711449087,"muscle93":0.944690585,"muscle94":0.944690704,"muscle92":-0.579940736,"muscle83":0.665139377,"muscle85":0.904009521,"muscle86":0.904010057,"muscle84":-1.09014976,"muscle87":0.640953302,"muscle89":0.99999994,"muscle90":0.999999344,"muscle88":-1.39999843,"muscle75":-1.22354138,"muscle77":0.71111083,"muscle78":0.799999297,"muscle76":0.605554461,"muscle32":0.953825712,"muscle33":0.425632477,"muscle46":-0.499999195,"muscle47":0.0036051874,"muscle36":-4.234183E-07,"muscle29":0.527689159,"muscle30":-0.015983101,"muscle31":-0.588774383,"muscle0":2.77478591E-07,"muscle1":-5.36441974E-07,"muscle2":-7.93866383E-13,"muscle6":0,"muscle7":0,"muscle8":0},"strings":{}},{"property":"Right Hand Configuration","index":1,"time":1,"ints":{"hash":1196769280},"floats":{},"strings":{"name":"-"}},{"property":"Right Hand Configuration","index":2,"time":2,"ints":{"hash":-1144388608},"floats":{},"strings":{"name":"-"}},{"property":"Left Hand Configuration","index":1,"time":1,"ints":{"hash":624690176},"floats":{},"strings":{"name":"1"}},{"property":"Left Hand Configuration","index":2,"time":2,"ints":{"hash":-1716467712},"floats":{},"strings":{"name":"bico de pato"}}]}],"version":2,"globalSpeed":1,"globalRepetitions":1}
