{"animTracks":[{"properties":["Right Hand Configuration","Left Hand Configuration","Muscles"],"keyFrames":[{"property":"Muscles","index":1,"time":1,"ints":{},"floats":{"muscle3":-2.13454836E-08,"muscle4":1.62844388E-13,"muscle5":-6.31021982E-13,"muscle12":2.34787919E-07,"muscle13":5.78708523E-07,"muscle14":-2.2680203E-07,"muscle39":-0.512595832,"muscle40":0.135817543,"muscle41":-0.16981034,"muscle26":0.0425630584,"muscle27":-0.0481315888,"muscle42":0.992770672,"muscle43":0.268193841,"muscle44":-0.015839668,"muscle45":0.0202495288,"muscle59":-2.54444197E-16,"muscle61":-6.07127845E-07,"muscle62":7.58909806E-08,"muscle60":1.70754674E-07,"muscle67":-3.4150947E-08,"muscle69":-1.51781947E-07,"muscle70":-7.58909806E-08,"muscle68":-5.69182426E-08,"muscle63":6.83018797E-08,"muscle65":0,"muscle66":-5.52179507E-19,"muscle64":-2.27672942E-07,"muscle71":-3.41509363E-08,"muscle73":-7.58909735E-08,"muscle74":-7.58909735E-08,"muscle72":4.26886722E-08,"muscle55":-1.36603785E-06,"muscle57":2.95390468E-08,"muscle58":4.26886757E-08,"muscle56":1.36603731E-07,"muscle24":0.953825772,"muscle25":0.425629646,"muscle37":-0.499999821,"muscle38":0.00360197015,"muscle28":4.42761603E-07,"muscle21":0.527690291,"muscle22":-0.0159881171,"muscle23":-0.588769019,"muscle9":2.13434017E-08,"muscle10":5.90683237E-14,"muscle11":2.68220845E-07,"muscle48":-0.336538613,"muscle49":0.129885107,"muscle50":-0.111507997,"muscle34":0.0425670445,"muscle35":-0.0480957925,"muscle51":-0.473506749,"muscle52":-0.117869347,"muscle53":0.208365619,"muscle54":-1.00016427,"muscle79":0.821857929,"muscle81":0.233229369,"muscle82":0.233229667,"muscle80":-0.586406052,"muscle91":-0.0888497904,"muscle93":-0.399822652,"muscle94":-0.399822176,"muscle92":-0.584124982,"muscle83":-0.399822831,"muscle85":-0.5664168,"muscle86":-0.566415668,"muscle84":-0.639716089,"muscle87":0.0409349911,"muscle89":-0.766327858,"muscle90":-0.766326964,"muscle88":-1.39938045,"muscle75":-1.64371407,"muscle77":-0.155486032,"muscle78":0.288761437,"muscle76":-1.99911499,"muscle32":0.953825593,"muscle33":0.425632477,"muscle46":-0.499999195,"muscle47":0.0036051874,"muscle36":-4.234183E-07,"muscle29":0.52768892,"muscle30":-0.0159830768,"muscle31":-0.588774383,"muscle0":2.77478591E-07,"muscle1":-5.36441974E-07,"muscle2":-7.93866383E-13,"muscle6":0,"muscle7":0,"muscle8":0},"strings":{}},{"property":"Left Hand Configuration","index":1,"time":1,"ints":{"hash":1196769280},"floats":{},"strings":{"name":"1"}},{"property":"Right Hand Configuration","index":1,"time":1,"ints":{"hash":624690176},"floats":{},"strings":{"name":"6"}}]}],"version":2,"globalSpeed":1,"globalRepetitions":1}
