{"animTracks":[{"properties":["Right Hand Configuration","Left Hand Configuration","Muscles"],"keyFrames":[{"property":"Muscles","index":1,"time":1,"ints":{},"floats":{"muscle3":-2.13454836E-08,"muscle4":1.62844388E-13,"muscle5":-6.31021982E-13,"muscle12":2.34787919E-07,"muscle13":5.78708523E-07,"muscle14":-2.2680203E-07,"muscle39":-0.512595832,"muscle40":0.210587695,"muscle41":-0.16981034,"muscle26":0.0425630584,"muscle27":-0.0481315888,"muscle42":0.992770672,"muscle43":0.268193841,"muscle44":-0.015839668,"muscle45":0.0202495288,"muscle59":-2.54444197E-16,"muscle61":-6.07127845E-07,"muscle62":7.58909806E-08,"muscle60":1.70754674E-07,"muscle67":-3.4150947E-08,"muscle69":-1.51781947E-07,"muscle70":-7.58909806E-08,"muscle68":-5.69182426E-08,"muscle63":6.83018797E-08,"muscle65":0,"muscle66":-5.52179507E-19,"muscle64":-2.27672942E-07,"muscle71":-3.41509363E-08,"muscle73":-7.58909735E-08,"muscle74":-7.58909735E-08,"muscle72":4.26886722E-08,"muscle55":-1.36603785E-06,"muscle57":2.95390468E-08,"muscle58":4.26886757E-08,"muscle56":1.36603731E-07,"muscle24":0.953825772,"muscle25":0.425629646,"muscle37":-0.499999821,"muscle38":0.00360197015,"muscle28":4.42761603E-07,"muscle21":0.527690291,"muscle22":-0.0159881171,"muscle23":-0.588769019,"muscle9":2.13434017E-08,"muscle10":5.90683237E-14,"muscle11":2.68220845E-07,"muscle48":-0.331593037,"muscle49":-0.116509244,"muscle50":-0.0449626707,"muscle34":0.0425670445,"muscle35":-0.0480957925,"muscle51":-0.428845704,"muscle52":-0.618847609,"muscle53":0.64128685,"muscle54":0.32183516,"muscle79":-0.99999851,"muscle81":-2,"muscle82":0.99999994,"muscle80":-0.706916451,"muscle91":0.688888192,"muscle93":0.666666746,"muscle94":0.666666806,"muscle92":0.913392365,"muscle83":-0.999999583,"muscle85":-2.00000095,"muscle86":0.999999702,"muscle84":-1.3999989,"muscle87":-1,"muscle89":-1.99999988,"muscle90":0.999998569,"muscle88":0.271548212,"muscle75":-0.244444415,"muscle77":0.63999474,"muscle78":0.639995337,"muscle76":0.138887882,"muscle32":0.953825593,"muscle33":0.425632477,"muscle46":-0.499999195,"muscle47":0.0036051874,"muscle36":-4.234183E-07,"muscle29":0.52768892,"muscle30":-0.0159830768,"muscle31":-0.588774383,"muscle0":2.77478591E-07,"muscle1":-5.36441974E-07,"muscle2":-7.93866383E-13,"muscle6":0,"muscle7":0,"muscle8":0},"strings":{}},{"property":"Muscles","index":2,"time":1.55555546,"ints":{},"floats":{"muscle3":-2.13454836E-08,"muscle4":1.62844388E-13,"muscle5":-6.31021982E-13,"muscle12":1.4941038E-06,"muscle13":7.77881894E-07,"muscle14":-6.41190127E-07,"muscle39":-0.515920758,"muscle40":0.211087421,"muscle41":-0.0779921338,"muscle26":0.0380872004,"muscle27":-0.0324565358,"muscle42":0.985978842,"muscle43":0.176830024,"muscle44":-0.0182158574,"muscle45":0.0217854828,"muscle59":-2.54444197E-16,"muscle61":-6.07127845E-07,"muscle62":7.58909806E-08,"muscle60":1.70754674E-07,"muscle67":-4.78113236E-07,"muscle69":-1.51781947E-07,"muscle70":-7.58909806E-08,"muscle68":1.48425888E-14,"muscle63":2.7320749E-07,"muscle65":0,"muscle66":-5.31236822E-07,"muscle64":3.39258994E-15,"muscle71":-3.41509363E-08,"muscle73":-7.58909735E-08,"muscle74":-7.58909735E-08,"muscle72":4.26886722E-08,"muscle55":-1.36603785E-06,"muscle57":2.95390468E-08,"muscle58":4.26886757E-08,"muscle56":1.36603731E-07,"muscle24":0.930865824,"muscle25":0.23855722,"muscle37":-0.499999821,"muscle38":0.00360197015,"muscle28":1.26265093E-06,"muscle21":0.522015452,"muscle22":-0.00749157555,"muscle23":-0.308722407,"muscle9":-5.33609466E-07,"muscle10":-3.14621647E-14,"muscle11":2.68220447E-07,"muscle48":-0.332082599,"muscle49":-0.0884034261,"muscle50":-0.255803853,"muscle34":0.0380882435,"muscle35":-0.0324247442,"muscle51":0.149618283,"muscle52":-0.652784288,"muscle53":0.999809444,"muscle54":0.167923436,"muscle79":-0.999997616,"muscle81":-2,"muscle82":0.99999994,"muscle80":-0.706916511,"muscle91":0.688888192,"muscle93":0.666666746,"muscle94":0.666666806,"muscle92":0.913392365,"muscle83":-0.999999583,"muscle85":-2.00000095,"muscle86":0.999999702,"muscle84":-1.3999989,"muscle87":-1,"muscle89":-1.99999988,"muscle90":0.999998569,"muscle88":0.271548212,"muscle75":-0.244444758,"muscle77":0.63999474,"muscle78":0.639995337,"muscle76":0.138888434,"muscle32":0.930865824,"muscle33":0.238558069,"muscle46":-0.499996513,"muscle47":0.00360428216,"muscle36":-4.234183E-07,"muscle29":0.522016466,"muscle30":-0.00748405792,"muscle31":-0.308726311,"muscle0":2.20384518E-12,"muscle1":-5.36441974E-07,"muscle2":1.42488831E-13,"muscle6":0,"muscle7":0,"muscle8":0,"duration":0},"strings":{}},{"property":"Left Hand Configuration","index":1,"time":1,"ints":{"hash":-1330570240},"floats":{},"strings":{"name":"-"}},{"property":"Left Hand Configuration","index":2,"time":1.55555546,"ints":{"hash":883481600},"floats":{"duration":0},"strings":{"name":"-"}},{"property":"Right Hand Configuration","index":1,"time":1,"ints":{"hash":-1902649344},"floats":{},"strings":{"name":"Y"}},{"property":"Right Hand Configuration","index":2,"time":1.55555546,"ints":{"hash":-1968165888},"floats":{"duration":0},"strings":{"name":"Y"}}]}],"version":2,"globalSpeed":0.657142937,"globalRepetitions":1}
