{"animTracks":[{"properties":["Right Hand Configuration","Left Hand Configuration","Muscles"],"keyFrames":[{"property":"Muscles","index":1,"time":1,"ints":{},"floats":{"muscle3":-2.13454836E-08,"muscle4":1.62844388E-13,"muscle5":-6.31021982E-13,"muscle12":2.34787919E-07,"muscle13":5.78708523E-07,"muscle14":-2.2680203E-07,"muscle39":-0.512595832,"muscle40":0.210587695,"muscle41":-0.16981034,"muscle26":0.0425630584,"muscle27":-0.0481315888,"muscle42":0.992770672,"muscle43":0.268193841,"muscle44":-0.015839668,"muscle45":0.0202495288,"muscle59":-2.54444197E-16,"muscle61":-6.07127845E-07,"muscle62":7.58909806E-08,"muscle60":1.70754674E-07,"muscle67":-3.4150947E-08,"muscle69":-1.51781947E-07,"muscle70":-7.58909806E-08,"muscle68":-5.69182426E-08,"muscle63":6.83018797E-08,"muscle65":0,"muscle66":-5.52179507E-19,"muscle64":-2.27672942E-07,"muscle71":-3.41509363E-08,"muscle73":-7.58909735E-08,"muscle74":-7.58909735E-08,"muscle72":4.26886722E-08,"muscle55":-1.36603785E-06,"muscle57":2.95390468E-08,"muscle58":4.26886757E-08,"muscle56":1.36603731E-07,"muscle24":0.953825772,"muscle25":0.425629646,"muscle37":-0.499999821,"muscle38":0.00360197015,"muscle28":4.42761603E-07,"muscle21":0.527690291,"muscle22":-0.0159881171,"muscle23":-0.588769019,"muscle9":2.13434017E-08,"muscle10":5.90683237E-14,"muscle11":2.68220845E-07,"muscle48":-0.337679595,"muscle49":0.0297266208,"muscle50":-0.133991361,"muscle34":0.0425670445,"muscle35":-0.0480957925,"muscle51":-0.377102405,"muscle52":0.99985534,"muscle53":0.833047688,"muscle54":1.00026524,"muscle79":-0.399999738,"muscle81":-0.500000179,"muscle82":-0.50000006,"muscle80":-0.72247225,"muscle91":0.422221452,"muscle93":0.933332503,"muscle94":0.933333099,"muscle92":-0.655495465,"muscle83":0.600000143,"muscle85":0.699999332,"muscle86":0.699999154,"muscle84":-1.27110958,"muscle87":0.555555224,"muscle89":0.766666114,"muscle90":0.766665697,"muscle88":-1.30000019,"muscle75":-0.20000051,"muscle77":-0.337783337,"muscle78":-0.426671356,"muscle76":-1.39999962,"muscle32":0.953825593,"muscle33":0.425632477,"muscle46":-0.499999195,"muscle47":0.0036051874,"muscle36":-4.234183E-07,"muscle29":0.52768892,"muscle30":-0.0159830768,"muscle31":-0.588774383,"muscle0":2.77478591E-07,"muscle1":-5.36441974E-07,"muscle2":-7.93866383E-13,"muscle6":0,"muscle7":0,"muscle8":0},"strings":{}},{"property":"Right Hand Configuration","index":1,"time":1,"ints":{"hash":-421707776},"floats":{},"strings":{"name":"P"}},{"property":"Left Hand Configuration","index":1,"time":1,"ints":{"hash":-993786880},"floats":{},"strings":{"name":"-"}}]}],"version":2,"globalSpeed":1,"globalRepetitions":1}
