{"animTracks":[{"properties":["Right Hand Configuration","Left Hand Configuration","Muscles"],"keyFrames":[{"property":"Muscles","index":1,"time":1,"ints":{},"floats":{"muscle0":2.77478591E-07,"muscle1":-5.36441974E-07,"muscle2":-7.93866383E-13,"muscle3":-2.13454836E-08,"muscle4":1.62844388E-13,"muscle5":-6.31021982E-13,"muscle6":0,"muscle7":0,"muscle8":0,"muscle9":2.13434017E-08,"muscle10":5.90683237E-14,"muscle11":2.68220845E-07,"muscle12":2.34787919E-07,"muscle13":5.78708523E-07,"muscle14":-2.2680203E-07,"muscle15":-0.324147463,"muscle16":-1.84561559E-05,"muscle17":-0.324148268,"muscle18":-1.65786478E-05,"muscle19":0,"muscle20":0,"muscle21":0.527684152,"muscle22":-0.0759823099,"muscle23":-0.588656127,"muscle24":0.953825772,"muscle25":0.425628841,"muscle26":0.042562589,"muscle27":-0.0481424928,"muscle28":4.42761603E-07,"muscle29":0.527683556,"muscle30":-0.0759852156,"muscle31":-0.588660777,"muscle32":0.953825891,"muscle33":0.425632775,"muscle34":0.0425663367,"muscle35":-0.0480918102,"muscle36":3.96204285E-07,"muscle37":-0.499999821,"muscle38":0.00360197015,"muscle39":-0.512595832,"muscle40":0.210587695,"muscle41":-0.16981034,"muscle42":0.992770672,"muscle43":0.268193841,"muscle44":0.0393230245,"muscle45":0.0202495288,"muscle46":-0.499999195,"muscle47":0.0036051874,"muscle48":-0.429443836,"muscle49":0.0363443866,"muscle50":0.338472933,"muscle51":-0.134148702,"muscle52":-1.00126004,"muscle53":-0.999999642,"muscle54":-0.213853762,"muscle55":-1.36603785E-06,"muscle56":1.36603731E-07,"muscle57":2.95390468E-08,"muscle58":4.26886757E-08,"muscle59":-2.54444197E-16,"muscle60":1.70754674E-07,"muscle61":-6.07127845E-07,"muscle62":7.58909806E-08,"muscle63":6.83018797E-08,"muscle64":-2.27672942E-07,"muscle65":0,"muscle66":-5.52179507E-19,"muscle67":-3.4150947E-08,"muscle68":-5.69182426E-08,"muscle69":-1.51781947E-07,"muscle70":-7.58909806E-08,"muscle71":-3.41509363E-08,"muscle72":4.26886722E-08,"muscle73":-7.58909735E-08,"muscle74":-7.58909735E-08,"muscle75":-2.29999971,"muscle76":-1.99999976,"muscle77":-0.999999464,"muscle78":0.222222447,"muscle79":0.688888669,"muscle80":0.257526994,"muscle81":0.966666043,"muscle82":0.999999762,"muscle83":0.600000143,"muscle84":-0.716817737,"muscle85":0.866666138,"muscle86":0.99999994,"muscle87":-0.999999881,"muscle88":-0.786229193,"muscle89":-1.99999988,"muscle90":0.99999994,"muscle91":-0.844443321,"muscle92":-0.642161608,"muscle93":-1.76666605,"muscle94":0.120000005},"strings":{}},{"property":"Left Hand Configuration","index":1,"time":1,"ints":{"hash":-1834491904},"floats":{},"strings":{"name":"-"}},{"property":"Right Hand Configuration","index":1,"time":1,"ints":{"hash":1888396288},"floats":{},"strings":{"name":"N"}}]}],"version":2,"globalSpeed":1,"globalRepetitions":1}
