{"animTracks":[{"properties":["Right Hand Configuration","Left Hand Configuration","Muscles"],"keyFrames":[{"property":"Muscles","index":1,"time":1,"ints":{},"floats":{"muscle3":-2.13454836E-08,"muscle4":1.62844388E-13,"muscle5":-6.31021982E-13,"muscle12":2.34787919E-07,"muscle13":5.78708523E-07,"muscle14":-2.2680203E-07,"muscle39":-0.512595832,"muscle40":0.210587695,"muscle41":-0.16981034,"muscle26":0.0425630584,"muscle27":-0.0481315888,"muscle42":0.992770672,"muscle43":0.268193841,"muscle44":-0.015839668,"muscle45":0.0202495288,"muscle59":-2.54444197E-16,"muscle61":-6.07127845E-07,"muscle62":7.58909806E-08,"muscle60":1.70754674E-07,"muscle67":-3.4150947E-08,"muscle69":-1.51781947E-07,"muscle70":-7.58909806E-08,"muscle68":-5.69182426E-08,"muscle63":6.83018797E-08,"muscle65":0,"muscle66":-5.52179507E-19,"muscle64":-2.27672942E-07,"muscle71":-3.41509363E-08,"muscle73":-7.58909735E-08,"muscle74":-7.58909735E-08,"muscle72":4.26886722E-08,"muscle55":-1.36603785E-06,"muscle57":2.95390468E-08,"muscle58":4.26886757E-08,"muscle56":1.36603731E-07,"muscle24":0.953825772,"muscle25":0.425629646,"muscle37":-0.499999821,"muscle38":0.00360197015,"muscle28":4.42761603E-07,"muscle21":0.527690291,"muscle22":-0.0159881171,"muscle23":-0.588769019,"muscle9":2.13434017E-08,"muscle10":5.90683237E-14,"muscle11":2.68220845E-07,"muscle48":-0.185636178,"muscle49":-0.117754795,"muscle50":-0.212824062,"muscle34":0.0425670445,"muscle35":-0.0480957925,"muscle51":-0.375509173,"muscle52":-0.200862065,"muscle53":0.334883809,"muscle54":-0.855905533,"muscle79":0.99999994,"muscle81":-1.03333426,"muscle82":-0.0399998873,"muscle80":-0.831361234,"muscle91":-0.999999523,"muscle93":-1.59999955,"muscle94":-0.519999981,"muscle92":0.228948504,"muscle83":-1,"muscle85":-1.46666563,"muscle86":-0.71999979,"muscle84":-1.2768172,"muscle87":-1,"muscle89":-1.46666646,"muscle90":-0.799998999,"muscle88":0.271548212,"muscle75":-1.30000007,"muscle77":-0.466666162,"muscle78":-0.355555236,"muscle76":-1.26666689,"muscle32":0.953825593,"muscle33":0.425632477,"muscle46":-0.499999195,"muscle47":0.0036051874,"muscle36":-4.234183E-07,"muscle29":0.52768892,"muscle30":-0.0159830768,"muscle31":-0.588774383,"muscle0":2.77478591E-07,"muscle1":-5.36441974E-07,"muscle2":-7.93866383E-13,"muscle6":0,"muscle7":0,"muscle8":0},"strings":{}},{"property":"Muscles","index":2,"time":1.33838367,"ints":{},"floats":{"muscle0":2.77478591E-07,"muscle1":-5.36441974E-07,"muscle2":-7.93866383E-13,"muscle3":-2.13454836E-08,"muscle4":1.62844388E-13,"muscle5":-6.31021982E-13,"muscle6":0,"muscle7":0,"muscle8":0,"muscle9":2.13434337E-08,"muscle10":2.6822093E-07,"muscle11":2.6822093E-07,"muscle12":3.94870369E-07,"muscle13":9.85078941E-07,"muscle14":-5.41602049E-07,"muscle15":-0.324147463,"muscle16":-1.84561559E-05,"muscle17":-0.324148268,"muscle18":-1.65786478E-05,"muscle19":0,"muscle20":0,"muscle21":0.520560086,"muscle22":-0.00437526964,"muscle23":-0.236320332,"muscle24":0.924830258,"muscle25":0.190059558,"muscle26":0.0370182991,"muscle27":-0.0268322863,"muscle28":2.01463877E-06,"muscle29":0.520559251,"muscle30":-0.0043863249,"muscle31":-0.236322179,"muscle32":0.924830675,"muscle33":0.190064654,"muscle34":0.037023481,"muscle35":-0.0267661195,"muscle36":-4.234183E-07,"muscle37":-0.499998927,"muscle38":0.00360286771,"muscle39":-0.516902924,"muscle40":0.211182103,"muscle41":-0.0540158525,"muscle42":0.98418659,"muscle43":0.152995527,"muscle44":-0.0189310499,"muscle45":0.0221566334,"muscle46":-0.499999672,"muscle47":0.00360631314,"muscle48":-0.0338350385,"muscle49":0.0949918777,"muscle50":0.098123692,"muscle51":-0.380498409,"muscle52":-0.114904918,"muscle53":0.347462267,"muscle54":-0.791122139,"muscle55":-1.36603785E-06,"muscle56":4.78113236E-07,"muscle57":2.95390468E-08,"muscle58":4.26886757E-08,"muscle59":-2.54444197E-16,"muscle60":1.70754674E-07,"muscle61":-6.07127845E-07,"muscle62":7.58909806E-08,"muscle63":6.83018797E-08,"muscle64":-2.27672942E-07,"muscle65":0,"muscle66":-5.52179507E-19,"muscle67":-4.78113236E-07,"muscle68":1.48425888E-14,"muscle69":-6.07127788E-07,"muscle70":-7.58909806E-08,"muscle71":-3.41509363E-08,"muscle72":4.26886722E-08,"muscle73":-7.58909735E-08,"muscle74":-5.31236765E-07,"muscle75":-1.30000007,"muscle76":-1.26666689,"muscle77":-0.466666162,"muscle78":-0.355555236,"muscle79":0.99999994,"muscle80":-0.831361234,"muscle81":-1.03333426,"muscle82":-0.0399998873,"muscle83":-1,"muscle84":-1.2768172,"muscle85":-1.46666563,"muscle86":-0.71999979,"muscle87":-1,"muscle88":0.271548212,"muscle89":-1.46666646,"muscle90":-0.799998343,"muscle91":-0.999999523,"muscle92":0.228948504,"muscle93":-1.59999955,"muscle94":-0.519999981,"duration":0},"strings":{}},{"property":"Muscles","index":3,"time":1.68181801,"ints":{},"floats":{"muscle0":2.77478591E-07,"muscle1":-5.36441974E-07,"muscle2":-7.93866383E-13,"muscle3":-2.13454836E-08,"muscle4":1.62844388E-13,"muscle5":-6.31021982E-13,"muscle6":0,"muscle7":0,"muscle8":0,"muscle9":-5.33609466E-07,"muscle10":-3.14621647E-14,"muscle11":2.68220447E-07,"muscle12":1.09923349E-06,"muscle13":8.2047444E-07,"muscle14":-6.38308961E-07,"muscle15":-0.324148268,"muscle16":-1.87594269E-05,"muscle17":-0.324148268,"muscle18":-1.65786478E-05,"muscle19":0,"muscle20":0,"muscle21":0.524234056,"muscle22":-0.0113565996,"muscle23":-0.415247113,"muscle24":0.939661324,"muscle25":0.309806526,"muscle26":0.0397956371,"muscle27":-0.0395514257,"muscle28":1.26265093E-06,"muscle29":0.524232566,"muscle30":-0.0113518229,"muscle31":-0.415253043,"muscle32":0.939661443,"muscle33":0.309810013,"muscle34":0.0398000926,"muscle35":-0.039515283,"muscle36":-4.234183E-07,"muscle37":-0.499999821,"muscle38":0.00360197015,"muscle39":-0.514530122,"muscle40":0.210909456,"muscle41":-0.113972463,"muscle42":0.988652647,"muscle43":0.212617129,"muscle44":-0.0172195788,"muscle45":0.0212122481,"muscle46":-0.499999672,"muscle47":0.00360631314,"muscle48":-0.205632344,"muscle49":0.0568076819,"muscle50":-0.608714581,"muscle51":-0.116588823,"muscle52":-0.200893119,"muscle53":0.567294836,"muscle54":-1.00023639,"muscle55":-1.36603785E-06,"muscle56":1.36603731E-07,"muscle57":2.95390468E-08,"muscle58":4.26886757E-08,"muscle59":-2.54444197E-16,"muscle60":1.70754674E-07,"muscle61":-6.07127845E-07,"muscle62":7.58909806E-08,"muscle63":6.83018797E-08,"muscle64":-2.27672942E-07,"muscle65":0,"muscle66":-5.52179507E-19,"muscle67":-4.78113236E-07,"muscle68":1.48425888E-14,"muscle69":-1.51781947E-07,"muscle70":-7.58909806E-08,"muscle71":-3.41509363E-08,"muscle72":4.26886722E-08,"muscle73":-5.31236765E-07,"muscle74":-7.58909735E-08,"muscle75":-1.30000007,"muscle76":-1.26666689,"muscle77":-0.466666162,"muscle78":-0.355555236,"muscle79":0.99999994,"muscle80":-0.831361234,"muscle81":-1.03333426,"muscle82":-0.0399994329,"muscle83":-1,"muscle84":-1.2768172,"muscle85":-1.46666563,"muscle86":-0.71999979,"muscle87":-1,"muscle88":0.271548212,"muscle89":-1.46666646,"muscle90":-0.799998999,"muscle91":-0.999999523,"muscle92":0.228948504,"muscle93":-1.59999955,"muscle94":-0.519999981,"duration":0},"strings":{}},{"property":"Muscles","index":4,"time":2.02525234,"ints":{},"floats":{"muscle0":2.20384518E-12,"muscle1":-5.36441974E-07,"muscle2":1.42488831E-13,"muscle3":-2.13454836E-08,"muscle4":1.62844388E-13,"muscle5":-6.31021982E-13,"muscle6":0,"muscle7":0,"muscle8":0,"muscle9":-5.33609466E-07,"muscle10":-3.14621647E-14,"muscle11":2.68220447E-07,"muscle12":2.02771253E-06,"muscle13":6.98460838E-07,"muscle14":-7.32134822E-07,"muscle15":-0.324147463,"muscle16":-1.84561559E-05,"muscle17":-0.324148268,"muscle18":-1.65786478E-05,"muscle19":0,"muscle20":0,"muscle21":0.520543277,"muscle22":-0.00438657822,"muscle23":-0.236320511,"muscle24":0.924831092,"muscle25":0.190064982,"muscle26":0.0370364822,"muscle27":-0.0268132705,"muscle28":2.2878462E-06,"muscle29":0.520542502,"muscle30":-0.00438191323,"muscle31":-0.236323476,"muscle32":0.924830198,"muscle33":0.190066472,"muscle34":0.0370399691,"muscle35":-0.0267767161,"muscle36":-4.234183E-07,"muscle37":-0.500000656,"muscle38":0.00360196223,