{"animTracks":[{"properties":["Right Hand Configuration","Left Hand Configuration","Muscles","Facial Expression"],"loops":false,"keyFrames":[{"property":"Muscles","index":1,"time":1,"ints":{},"floats":{"muscle0":2.77478591E-07,"muscle1":-5.36441974E-07,"muscle2":-7.93866383E-13,"muscle3":-2.13454836E-08,"muscle4":1.62844388E-13,"muscle5":-6.31021982E-13,"muscle6":0,"muscle7":0,"muscle8":0,"muscle9":2.13434017E-08,"muscle10":5.90683237E-14,"muscle11":2.68220845E-07,"muscle12":2.34787919E-07,"muscle13":5.78708523E-07,"muscle14":-2.2680203E-07,"muscle15":-0.324149996,"muscle16":-1.31784475E-06,"muscle17":-0.324149996,"muscle18":-2.77395998E-07,"muscle19":0,"muscle20":0,"muscle21":0.527684152,"muscle22":-0.0759823099,"muscle23":-0.588656127,"muscle24":0.953825772,"muscle25":0.425628841,"muscle26":0.042562589,"muscle27":-0.0481424928,"muscle28":4.42761603E-07,"muscle29":0.527683556,"muscle30":-0.0759852156,"muscle31":-0.588660777,"muscle32":0.953825891,"muscle33":0.425632775,"muscle34":0.0425663367,"muscle35":-0.0480918102,"muscle36":3.96204285E-07,"muscle37":-0.499999821,"muscle38":0.00360197015,"muscle39":-0.512595832,"muscle40":0.210587695,"muscle41":-0.16981034,"muscle42":0.992770672,"muscle43":0.268193841,"muscle44":-0.015839668,"muscle45":0.0202495288,"muscle46":-0.499999195,"muscle47":0.0036051874,"muscle48":-0.375661403,"muscle49":0.00547111779,"muscle50":-0.147231296,"muscle51":-0.25027594,"muscle52":-0.29291299,"muscle53":0.595377266,"muscle54":-1.00100708,"muscle55":-1.36603785E-06,"muscle56":1.36603731E-07,"muscle57":2.95390468E-08,"muscle58":4.26886757E-08,"muscle59":-2.54444197E-16,"muscle60":1.70754674E-07,"muscle61":-6.07127845E-07,"muscle62":7.58909806E-08,"muscle63":6.83018797E-08,"muscle64":-2.27672942E-07,"muscle65":0,"muscle66":-5.52179507E-19,"muscle67":-3.4150947E-08,"muscle68":-5.69182426E-08,"muscle69":-1.51781947E-07,"muscle70":-7.58909806E-08,"muscle71":-3.41509363E-08,"muscle72":4.26886722E-08,"muscle73":-7.58909735E-08,"muscle74":-7.58909735E-08,"muscle75":-1.09020901,"muscle76":-0.527778804,"muscle77":0.155555308,"muscle78":-0.999999344,"muscle79":-0.73333329,"muscle80":-0.298028797,"muscle81":-1.86666667,"muscle82":0.360000134,"muscle83":-0.999999583,"muscle84":0.026667757,"muscle85":-1.79599011,"muscle86":0.679999888,"muscle87":-1,"muscle88":-0.426667392,"muscle89":-1.73333323,"muscle90":0.399999917,"muscle91":0.489227235,"muscle92":-0.131051764,"muscle93":0.800000012,"muscle94":0.799999833,"muscle-1":1},"strings":{},"inTangent":0,"inWeight":0,"outTangent":0,"outWeight":0,"weightedMode":0},{"property":"Left Hand Configuration","index":1,"time":1,"ints":{"hash":-1692472320},"floats":{},"strings":{"name":"-"},"inTangent":0,"inWeight":0,"outTangent":0,"outWeight":0,"weightedMode":0},{"property":"Right Hand Configuration","index":1,"time":1,"ints":{"hash":2030415872},"floats":{},"strings":{"name":"I"},"inTangent":0,"inWeight":0,"outTangent":0,"outWeight":0,"weightedMode":0},{"property":"Facial Expression","index":1,"time":1,"ints":{},"floats":{},"strings":{"faceName":"Neutra"},"inTangent":0,"inWeight":0,"outTangent":0,"outWeight":0,"weightedMode":0}]},{"properties":["Face Animation Neutra"],"loops":false,"keyFrames":[{"property":"Face Animation Neutra","index":0,"time":0,"ints":{},"floats":{"girl_head_.blendShape.mClose":100,"girl_head_.blendShape.A":0,"girl_head_.blendShape.Cons":0,"girl_head_.blendShape.Fv":0,"girl_head_.blendShape.mLSide":0,"girl_head_.blendShape.mLSideUp":0,"girl_head_.blendShape.mRSide":0,"girl_head_.blendShape.mRSideUp":0,"girl_head_.blendShape.O":0,"girl_head_.blendShape.smile":0,"girl_head_.blendShape.U":0,"girl_hair.blendShape.cheek1":0,"girl_hair.blendShape.cheek2":0,"girl_hair.blendShape.cheek3":0,"girl_head_.blendShape.Bmp":0,"girl_head_.blendShape.E":0,"girl_head_.blendShape.F001":0,"girl_head_.blendShape.F003":0,"girl_head_.blendShape.F005":0,"girl_head_.blendShape.F006":0,"girl_head_.blendShape.F007":0,"girl_head_.blendShape.F007left":0,"girl_head_.blendShape.F008":0,"girl_head_.blendShape.F017":0,"girl_head_.blendShape.F019":0,"girl_head_.blendShape.F024":0,"girl_head_.blendShape.F031":0,"girl_head_.blendShape.LEyeBMad":0,"girl_head_.blendShape.LEyeClose":0,"girl_head_.blendShape.LEyeLidUp":0,"girl_head_.blendShape.LEyeMad":0,"girl_head_.blendShape.LEyeSad":0,"girl_head_.blendShape.LeyeBUp":0,"girl_head_.blendShape.mSad":0,"girl_head_.blendShape.REyeBMad":0,"girl_head_.blendShape.REyeClose":0,"girl_head_.blendShape.REyeLidUp":0,"girl_head_.blendShape.REyeMad":0,"girl_head_.blendShape.REyeSad":0,"girl_head_.blendShape.ReyeBSad":0,"girl_head_.blendShape.ReyeBUp":0,"girl_head_.blendShape.ReyeLSad":0,"tgrl1_dmyHeadObjsRoot/tgrl1_logGumTeethAngle/tgrl1_logGumTeethMove/tgrl1_tongue.blendShape.tongue_A":0,"tgrl1_dmyHeadObjsRoot/tgrl1_logGumTeethAngle/tgrl1_logGumTeethMove/tgrl1_tongue.blendShape.tongue_down":0,"tgrl1_dmyHeadObjsRoot/tgrl1_logGumTeethAngle/tgrl1_logGumTeethMove/tgrl1_tongue.blendShape.tongue_F007":0,"tgrl1_dmyHeadObjsRoot/tgrl1_logGumTeethAngle/tgrl1_logGumTeethMove/tgrl1_tongue.blendShape.tongue_F007left":0,"tgrl1_dmyHeadObjsRoot/tgrl1_logGumTeethAngle/tgrl1_logGumTeethMove/tgrl1_tongue.blendShape.tongue_left":0,"tgrl1_dmyHeadObjsRoot/tgrl1_logGumTeethAngle/tgrl1_logGumTeethMove/tgrl1_tongue.blendShape.tongue_O":0,"tgrl1_dmyHeadObjsRoot/tgrl1_logGumTeethAngle/tgrl1_logGumTeethMove/tgrl1_tongue.blendShape.tongue_out":0,"tgrl1_dmyHeadObjsRoot/tgrl1_logGumTeethAngle/tgrl1_logGumTeethMove/tgrl1_tongue.blendShape.tongue_right":0,"tgrl1_dmyHeadObjsRoot/tgrl1_logGumTeethAngle/tgrl1_logGumTeethMove/tgrl1_tongue.blendShape.tongue_up":0,"rig_CharRoot/bip/bip Pelvis/bip Spine/bip Spine1/bip Neck/bip Head/rig_boneTongue.m_LocalPosition.x":-0.0188717656,"rig_CharRoot/bip/bip Pelvis/bip Spine/bip Spine1/bip Neck/bip Head/rig_boneTongue.m_LocalPosition.y":0.0733392909,"rig_CharRoot/bip/bip Pelvis/bip Spine/bip Spine1/bip Neck/bip Head/rig_boneTongue.m_LocalPosition.z":1.52587887E-07,"rig_CharRoot/bip/bip Pelvis/bip Spine/bip Spine1/bip Neck/bip Head/rig_boneTongue.localEulerAnglesRaw.x":178.884003,"rig_CharRoot/bip/bip Pelvis/bip Spine/bip Spine1/bip Neck/bip Head/rig_boneTongue.localEulerAnglesRaw.y":89.9999924,"rig_CharRoot/bip/bip Pelvis/bip Spine/bip Spine1/bip Neck/bip Head/rig_boneTongue.localEulerAnglesRaw.z":0,"rig_CharRoot/bip/bip Pelvis/bip Spine/bip Spine1/bip Neck/bip Head/rig_boneTongue.m_LocalScale.x":1,"rig_CharRoot/bip/bip Pelvis/bip Spine/bip Spine1/bip Neck/bip Head/rig_boneTongue.m_LocalScale.y":1,"rig_CharRoot/bip/bip Pelvis/bip Spine/bip Spine1/bip Neck/bip Head/rig_boneTongue.m_LocalScale.z":1,"muscle15":-0.324149996,"muscle17":-0.324149996},"strings":{},"inTangent":0,"inWeight":0.333333343,"outTangent":0,"outWeight":0.333333343,"weightedMode":0}]}],"linguisticTags":{},"version":11,"globalSpeed":1,"globalRepetitions":1}
