{"animTracks":[{"properties":["Right Hand Configuration","Left Hand Configuration","Muscles"],"loops":false,"keyFrames":[{"property":"Muscles","index":1,"time":1,"ints":{},"floats":{"muscle0":2.77478591E-07,"muscle1":-5.36441974E-07,"muscle2":-7.93866383E-13,"muscle3":-2.13454836E-08,"muscle4":1.62844388E-13,"muscle5":-6.31021982E-13,"muscle6":0,"muscle7":0,"muscle8":0,"muscle9":2.13434017E-08,"muscle10":5.90683237E-14,"muscle11":2.68220845E-07,"muscle12":2.34787919E-07,"muscle13":5.78708523E-07,"muscle14":-2.2680203E-07,"muscle15":-0.324147046,"muscle16":-1.31784475E-06,"muscle17":-0.324148148,"muscle18":-2.77395998E-07,"muscle19":0,"muscle20":0,"muscle21":0.527684152,"muscle22":-0.0759823099,"muscle23":-0.588656127,"muscle24":0.953825772,"muscle25":0.425628841,"muscle26":0.042562589,"muscle27":-0.0481424928,"muscle28":4.42761603E-07,"muscle29":0.527683556,"muscle30":-0.0759852156,"muscle31":-0.588660777,"muscle32":0.953825891,"muscle33":0.425632775,"muscle34":0.0425663367,"muscle35":-0.0480918102,"muscle36":3.96204285E-07,"muscle37":-0.499999821,"muscle38":0.00360197015,"muscle39":-0.512595832,"muscle40":0.210587695,"muscle41":-0.16981034,"muscle42":0.992770672,"muscle43":0.268193841,"muscle44":-0.015839668,"muscle45":0.0202495288,"muscle46":-0.499999195,"muscle47":0.0036051874,"muscle48":-0.359052926,"muscle49":-0.0924964696,"muscle50":-0.111607261,"muscle51":-0.319556862,"muscle52":-0.188287571,"muscle53":0.187035114,"muscle54":-0.182016611,"muscle55":-1.36603785E-06,"muscle56":1.36603731E-07,"muscle57":2.95390468E-08,"muscle58":4.26886757E-08,"muscle59":-2.54444197E-16,"muscle60":1.70754674E-07,"muscle61":-6.07127845E-07,"muscle62":7.58909806E-08,"muscle63":6.83018797E-08,"muscle64":-2.27672942E-07,"muscle65":0,"muscle66":-5.52179507E-19,"muscle67":-3.4150947E-08,"muscle68":-5.69182426E-08,"muscle69":-1.51781947E-07,"muscle70":-7.58909806E-08,"muscle71":-3.41509363E-08,"muscle72":4.26886722E-08,"muscle73":-7.58909735E-08,"muscle74":-7.58909735E-08,"muscle75":-2.36666584,"muscle76":-1.99999976,"muscle77":-0.622221529,"muscle78":0.0177733116,"muscle79":0.888888776,"muscle80":-0.986916661,"muscle81":-1.00000012,"muscle82":-0.639999628,"muscle83":-1,"muscle84":-1.11999893,"muscle85":-2.00000095,"muscle86":0.99999994,"muscle87":-1,"muscle88":0.271548212,"muscle89":-2.00000095,"muscle90":0.999999344,"muscle91":-1.00000012,"muscle92":-0.144384354,"muscle93":-2.00000095,"muscle94":1},"strings":{}},{"property":"Muscles","index":2,"time":1.51010084,"ints":{},"floats":{"muscle0":2.24928734E-12,"muscle1":-2.84977662E-13,"muscle2":3.4604432E-13,"muscle3":-2.13454836E-08,"muscle4":1.62844388E-13,"muscle5":-6.31021982E-13,"muscle6":0,"muscle7":0,"muscle8":0,"muscle9":2.13433218E-08,"muscle10":6.10666438E-14,"muscle11":-1.5266661E-14,"muscle12":1.60082763E-07,"muscle13":-4.63810572E-08,"muscle14":1.58776047E-07,"muscle15":-0.324147046,"muscle16":-1.31784475E-06,"muscle17":-0.324148148,"muscle18":-2.77395998E-07,"muscle19":0,"muscle20":0,"muscle21":0.524232805,"muscle22":-0.0713513792,"muscle23":-0.415073693,"muscle24":0.939663887,"muscle25":0.309864998,"muscle26":-0.0509065017,"muscle27":0.0511473306,"muscle28":2.3772256E-07,"muscle29":0.524231195,"muscle30":-0.0713541955,"muscle31":-0.415076882,"muscle32":0.939663291,"muscle33":0.309868097,"muscle34":-0.0508553199,"muscle35":0.0511506684,"muscle36":3.96204285E-07,"muscle37":-0.500002503,"muscle38":0.00360196247,"muscle39":-0.51453054,"muscle40":0.210908383,"muscle41":-0.113971941,"muscle42":0.988652825,"muscle43":0.212616876,"muscle44":-0.0172187295,"muscle45":0.021214949,"muscle46":-0.499999195,"muscle47":0.00360428216,"muscle48":-0.200234756,"muscle49":0.0135840988,"muscle50":0.0124008534,"muscle51":-0.420238972,"muscle52":-0.184289694,"muscle53":0.186980635,"muscle54":-0.182003111,"muscle55":-1.36603785E-06,"muscle56":1.36603731E-07,"muscle57":2.95390468E-08,"muscle58":4.26886757E-08,"muscle59":-2.54444197E-16,"muscle60":1.70754674E-07,"muscle61":-6.07127845E-07,"muscle62":7.58909806E-08,"muscle63":6.83018797E-08,"muscle64":-2.27672942E-07,"muscle65":0,"muscle66":-5.52179507E-19,"muscle67":-3.4150947E-08,"muscle68":-5.69182426E-08,"muscle69":-1.51781947E-07,"muscle70":-7.58909806E-08,"muscle71":-3.41509363E-08,"muscle72":4.26886722E-08,"muscle73":-7.58909735E-08,"muscle74":-7.58909735E-08,"muscle75":-2.36631632,"muscle76":-1.99970484,"muscle77":-0.622129142,"muscle78":0.0177704822,"muscle79":0.888757169,"muscle80":-0.986770749,"muscle81":-0.999852598,"muscle82":-0.63990438,"muscle83":-0.999852419,"muscle84":-1.11983287,"muscle85":-1.99970627,"muscle86":0.999852717,"muscle87":-0.99985224,"muscle88":0.271508127,"muscle89":-1.99970627,"muscle90":0.999851942,"muscle91":-0.999852538,"muscle92":-0.144362882,"muscle93":-1.99970615,"muscle94":0.999852717,"duration":0},"strings":{}},{"property":"Muscles","index":3,"time":2.01010084,"ints":{},"floats":{"muscle0":2.24928734E-12,"muscle1":-2.84977662E-13,"muscle2":3.4604432E-13,"muscle3":-2.13454836E-08,"muscle4":1.62844388E-13,"muscle5":-6.31021982E-13,"muscle6":0,"muscle7":0,"muscle8":0,"muscle9":2.13434017E-08,"muscle10":5.90683237E-14,"muscle11":2.68220845E-07,"muscle12":1.81427126E-07,"muscle13":-1.93697389E-07,"muscle14":-1.9347894E-07,"muscle15":-0.324147046,"muscle16":-1.31784475E-06,"muscle17":-0.324148148,"muscle18":-2.77395998E-07,"muscle19":0,"muscle20":0,"muscle21":0.522006392,"muscle22":-0.0674842075,"muscle23":-0.308526814,"muscle24":0.930871248,"muscle25":0.238622248,"muscle26":0.0494394898,"muscle27":-0.0438273288,"muscle28":4.42761603E-07,"muscle29":0.522004962,"muscle30":-0.0674854368,"muscle31":-0.308531523,"muscle32":0.930870533,"muscle33":0.238626182,"muscle34":0.0494418852,"muscle35":-0.0437803641,"muscle36":1.91298639E-07,"muscle37":-0.500003755,"muscle38":0.00360241882,"muscle39":-0.515922368,"muscle40":0.211086735,"muscle41":-0.0779859945,"muscle42":0.985978901,"muscle43":0.176824301,"muscle44":-0.0182143133,"muscle45":0.0217873082,"muscle46":-0.499999881,"muscle47":0.00360358274,"muscle48":-0.397295654,"muscle49":-0.0636056438,"muscle50":-0.119188465,"muscle51":-0.192903921,"muscle52":-0.187455922,"muscle53":0.187301487,"muscle54":-0.181808442,"muscle55":-1.36603785E-06,"muscle56":1.36603731E-07,"muscle57":2.95390468E-08,"muscle58":3.35363382E-07,"muscle59":-2.54444197E-16,"muscle60":1.70754674E-07,"muscle61":-7.58909735E-08,"muscle62":7.58909806E-08,"muscle63":6.83018797E-08,"muscle64":-2.27672942E-07,"muscle65":0,"muscle66":-5.52179507E-19,"muscle67":-3.4150947E-08,"muscle68":-5.69182426E-08,"muscle69":-1.51781947E-07,"muscle70":-7.58909806E-08,"muscle71":-3.41509363E-08,"muscle72":4.26886722E-08,"muscle73":-5.31236765E-07,"muscle74":-7.58909735E-08,"muscle75":-2.36631513,"muscle76":-1.99970496,"muscle77":-0.622129202,"muscle78":0.0177704822,"muscle79":0.888756871,"muscle80":-0.986770689,"muscle81":-0.999852598,"muscle82":-0.63990438,"muscle83":-0.999852419,"muscle84":-1.11983287,"muscle85":-1.99970627,"muscle86":0.999852717,"muscle87":-0.99985224,"muscle88":0.271508127,"muscle89":-1.99970627,"muscle90":0.999851942,"muscle91":-0.999852538,"muscle92":-0.144362882,"muscle93":-1.99970615,"muscle94":0.999852717,"duration":0},"strings":{}},{"property":"Muscles","index":4,"time":2.51515174,"ints":{},"floats":{"muscle0":2.24928734E-12,"muscle1":-2.84977662E-13,"muscle2":3.4604432E-13,"muscle3":-2.13454836E-08,"muscle4":1.62844388E-13,"muscle5":-6.31021982E-13,"muscle6":0,"muscle7":0,"muscle8":0,"muscle9":2.13433218E-08,"muscle10":6.10666438E-14,"muscle11":-1.5266661E-14,"muscle12":2.34787947E-07,"muscle13":5.60881936E-08,"muscle14":-9.10100439E-08,"muscle15":-0.324147046,"muscle16":-1.31784475E-06,"muscle17":-0.324148268,"muscle18":-1.58908722E-06,"muscle19":0,"muscle20":0,"muscle21":0.520545602,"muscle22":-0.0643803403,"muscle23":-0.236124739,"muscle24":0.924839556,"muscle25":0.190201834,"muscle26":-0.044877708,"muscle27":0.055084113,"muscle28":4.42761603E-07,"muscle29":0.520543814,"muscle30":-0.0643811747,"muscle31":-0.236128941,