{"animTracks":[{"properties":["Right Hand Configuration","Left Hand Configuration","Muscles"],"loops":false,"keyFrames":[{"property":"Muscles","index":1,"time":1.00505042,"ints":{},"floats":{"muscle0":1.70762482E-12,"muscle1":-1.22132962E-13,"muscle2":-5.36441632E-07,"muscle3":-2.13454836E-08,"muscle4":1.62844388E-13,"muscle5":-6.31021982E-13,"muscle6":0,"muscle7":0,"muscle8":0,"muscle9":2.13433218E-08,"muscle10":6.10666438E-14,"muscle11":-1.5266661E-14,"muscle12":2.34787876E-07,"muscle13":-3.5604495E-07,"muscle14":3.08973341E-07,"muscle15":-0.324147463,"muscle16":-1.97231259E-07,"muscle17":-0.324148268,"muscle18":-1.58908722E-06,"muscle19":0,"muscle20":0,"muscle21":0.520541906,"muscle22":-0.064385131,"muscle23":-0.236125469,"muscle24":0.924839139,"muscle25":0.190260455,"muscle26":-0.0536464341,"muscle27":0.0638875589,"muscle28":1.12591374E-06,"muscle29":0.520540655,"muscle30":-0.0643790141,"muscle31":-0.236130506,"muscle32":0.92483896,"muscle33":0.190263256,"muscle34":-0.0535971262,"muscle35":0.0638742,"muscle36":1.14805857E-06,"muscle37":-0.500000656,"muscle38":0.00360196223,"muscle39":-0.630147696,"muscle40":0.195578665,"muscle41":0.00918947347,"muscle42":-0.21685034,"muscle43":0.0888580084,"muscle44":0.304073393,"muscle45":0.969883204,"muscle46":-0.500001311,"muscle47":0.00360631361,"muscle48":-0.566780806,"muscle49":0.224757284,"muscle50":0.0387356244,"muscle51":-0.249614507,"muscle52":0.110167146,"muscle53":0.299689472,"muscle54":0.999912739,"muscle55":-0.356825441,"muscle56":-1.99970388,"muscle57":0.639900923,"muscle58":0.639900804,"muscle59":-0.602210402,"muscle60":-0.489066392,"muscle61":0.544781625,"muscle62":0.544781744,"muscle63":-0.423686922,"muscle64":-1.39979267,"muscle65":-1.06249893,"muscle66":-0.999852061,"muscle67":0.022218328,"muscle68":-0.828706622,"muscle69":-1.99970484,"muscle70":-0.999851942,"muscle71":-0.114585288,"muscle72":-1.39979219,"muscle73":-1.49977636,"muscle74":-0.999852836,"muscle75":-0.356821507,"muscle76":-1.99970508,"muscle77":0.639900088,"muscle78":0.639900744,"muscle79":-0.602210343,"muscle80":-0.489067584,"muscle81":0.544781744,"muscle82":0.544781923,"muscle83":-0.423687011,"muscle84":-1.39979243,"muscle85":-1.06249893,"muscle86":-0.999852538,"muscle87":-0.114585184,"muscle88":-1.39979267,"muscle89":-1.49977624,"muscle90":-0.999852538,"muscle91":0.0222191904,"muscle92":-0.828707397,"muscle93":-1.99970615,"muscle94":-0.999852538,"duration":0},"strings":{}},{"property":"Muscles","index":3,"time":1.54040396,"ints":{},"floats":{"muscle0":2.24928734E-12,"muscle1":-2.84977662E-13,"muscle2":3.4604432E-13,"muscle3":-2.13454836E-08,"muscle4":1.62844388E-13,"muscle5":-6.31021982E-13,"muscle6":0,"muscle7":0,"muscle8":0,"muscle9":2.13433218E-08,"muscle10":6.10666438E-14,"muscle11":-1.5266661E-14,"muscle12":-5.22935807E-07,"muscle13":-7.86468036E-07,"muscle14":-9.18157355E-07,"muscle15":-0.324147046,"muscle16":-1.31784475E-06,"muscle17":-0.324148953,"muscle18":-1.76044443E-06,"muscle19":0,"muscle20":0,"muscle21":0.518863261,"muscle22":-0.0599328019,"muscle23":-0.145372123,"muscle24":0.917205751,"muscle25":0.129308268,"muscle26":0.0627189353,"muscle27":-0.0456556901,"muscle28":2.01463877E-06,"muscle29":0.518861651,"muscle30":-0.0599288903,"muscle31":-0.145379588,"muscle32":0.917205811,"muscle33":0.129313588,"muscle34":0.0627062619,"muscle35":-0.0456020609,"muscle36":9.43019529E-07,"muscle37":-0.500000656,"muscle38":0.00360196223,"muscle39":-0.532734394,"muscle40":0.215911999,"muscle41":0.0943377614,"muscle42":-0.228606775,"muscle43":0.0903757885,"muscle44":0.304264665,"muscle45":0.969841897,"muscle46":-0.500002027,"muscle47":0.00360537064,"muscle48":-0.507178903,"muscle49":0.246610805,"muscle50":0.104225419,"muscle51":-0.270882189,"muscle52":0.11288853,"muscle53":0.300182223,"muscle54":0.999732256,"muscle55":1.20801474E-07,"muscle56":-1.99999988,"muscle57":-0.3377828,"muscle58":-0.399999976,"muscle59":-0.957855463,"muscle60":-0.489139318,"muscle61":0.21152927,"muscle62":0.21152921,"muscle63":-0.912638605,"muscle64":-1.39999855,"muscle65":-1.46265662,"muscle66":-0.99999994,"muscle67":-0.959046304,"muscle68":0.271548241,"muscle69":-1.18906486,"muscle70":-0.999999702,"muscle71":-1,"muscle72":0.322281957,"muscle73":-1.35530889,"muscle74":-0.999999702,"muscle75":-1.88406986E-07,"muscle76":-1.99999964,"muscle77":-0.3377828,"muscle78":-0.400000215,"muscle79":-0.957855225,"muscle80":-0.489139259,"muscle81":0.211529166,"muscle82":0.21152924,"muscle83":-0.912638962,"muscle84":-1.39999878,"muscle85":-1.46265578,"muscle86":-1.00000012,"muscle87":-0.959046245,"muscle88":0.271548182,"muscle89":-1.18906641,"muscle90":-0.99999994,"muscle91":-1,"muscle92":0.322281867,"muscle93":-1.35530877,"muscle94":-0.999999821,"duration":0},"strings":{}},{"property":"Left Hand Configuration","index":1,"time":1.00505042,"ints":{"hash":1754810368},"floats":{"duration":0},"strings":{"name":"PIN\u00C7A1"}},{"property":"Left Hand Configuration","index":3,"time":1.54040396,"ints":{"hash":-1431177216},"floats":{"duration":0},"strings":{"name":"PIN\u00C7A2"}},{"property":"Right Hand Configuration","index":1,"time":1.00505042,"ints":{"hash":1182731264},"floats":{"duration":0},"strings":{"name":"PIN\u00C7A1"}},{"property":"Right Hand Configuration","index":3,"time":1.54040396,"ints":{"hash":-2003256320},"floats":{"duration":0},"strings":{"name":"PIN\u00C7A2"}}]}],"version":3,"globalSpeed":0.785714388,"globalRepetitions":1}
