{
  "animTracks": [
    {
      "properties": [
        "Right Hand Configuration",
        "Left Hand Configuration",
        "Muscles",
        "Facial Expression"
      ],
      "loops": false,
      "keyFrames": [
        {
          "property": "Muscles",
          "index": 1,
          "time": 1,
          "ints": {},
          "floats": {
            "muscle0": 2.1398753E-12,
            "muscle1": -4.07110923E-13,
            "muscle2": -9.56710622E-13,
            "muscle3": -1.48849899E-12,
            "muscle4": -1.69222731E-25,
            "muscle5": -3.25688776E-13,
            "muscle6": 0,
            "muscle7": 0,
            "muscle8": 0,
            "muscle9": -3.96933029E-13,
            "muscle10": -4.0711097E-14,
            "muscle11": -3.25688776E-13,
            "muscle12": 1.38737931E-07,
            "muscle13": 1.30605528E-07,
            "muscle14": 1.02331555E-07,
            "muscle15": 0,
            "muscle16": -3.13225756E-09,
            "muscle17": 0,
            "muscle18": -2.60550999E-12,
            "muscle19": 0,
            "muscle20": 0,
            "muscle21": 0.527684987,
            "muscle22": -0.075982213,
            "muscle23": -0.588656247,
            "muscle24": 0.953825712,
            "muscle25": 0.4257029,
            "muscle26": -0.0594078712,
            "muscle27": 0.0538544767,
            "muscle28": 3.74593156E-07,
            "muscle29": 0.527683496,
            "muscle30": -0.0759853348,
            "muscle31": -0.588659286,
            "muscle32": 0.953825295,
            "muscle33": 0.425705791,
            "muscle34": -0.0593609177,
            "muscle35": 0.053863246,
            "muscle36": 1.94633657E-07,
            "muscle37": -0.499999434,
            "muscle38": 0.00360223628,
            "muscle39": 0.0620274283,
            "muscle40": -0.0299998522,
            "muscle41": -0.1894577,
            "muscle42": -0.43329671,
            "muscle43": -0.798705399,
            "muscle44": 0.666171253,
            "muscle45": 0.0179429017,
            "muscle46": -0.499998987,
            "muscle47": 0.00360562769,
            "muscle48": -0.202581987,
            "muscle49": 0.00380663644,
            "muscle50": -0.000465916208,
            "muscle51": -0.416055173,
            "muscle52": 0.947010994,
            "muscle53": -0.0158368628,
            "muscle54": 0.999893308,
            "muscle55": -2.31111097,
            "muscle56": -1.66111183,
            "muscle57": -0.311111122,
            "muscle58": -0.999999821,
            "muscle59": -0.999999523,
            "muscle60": -0.706916511,
            "muscle61": -2,
            "muscle62": 0.999999702,
            "muscle63": -0.999999464,
            "muscle64": -1.39999843,
            "muscle65": -1.99999964,
            "muscle66": 0.99999994,
            "muscle67": -0.99999994,
            "muscle68": 0.271548241,
            "muscle69": -2.00000072,
            "muscle70": 0.999998868,
            "muscle71": -0.99999994,
            "muscle72": -0.113273963,
            "muscle73": -2.00000095,
            "muscle74": 0.99999994,
            "muscle75": -0.599999487,
            "muscle76": 0.138887227,
            "muscle77": 4.87870651E-08,
            "muscle78": 1.00000012,
            "muscle79": 0.553255916,
            "muscle80": 0.288638234,
            "muscle81": -0.321804136,
            "muscle82": 0.080000028,
            "muscle83": 0.665139318,
            "muscle84": -0.436818361,
            "muscle85": -0.19599013,
            "muscle86": 0.160000041,
            "muscle87": 0.640953422,
            "muscle88": 0.271548092,
            "muscle89": -0.266666323,
            "muscle90": 0.600000024,
            "muscle91": 0.578116179,
            "muscle92": 0.695615232,
            "muscle93": -0.321975172,
            "muscle94": 0.120000355,
            "muscle-1": 1
          },
          "strings": {
            "interpolation": "default"
          },
          "inTangent": 0,
          "inWeight": 0,
          "outTangent": 0,
          "outWeight": 0,
          "weightedMode": 0
        },
        {
          "property": "Muscles",
          "index": 2,
          "time": 1.75252509,
          "ints": {},
          "floats": {
            "muscle0": 2.1398753E-12,
            "muscle1": -4.07110923E-13,
            "muscle2": -9.56710622E-13,
            "muscle3": -1.48849899E-12,
            "muscle4": -1.69222731E-25,
            "muscle5": -3.25688776E-13,
            "muscle6": 0,
            "muscle7": 0,
            "muscle8": 0,
            "muscle9": -3.96933029E-13,
            "muscle10": -4.0711097E-14,
            "muscle11": -3.25688776E-13,
            "muscle12": 2.13443116E-07,
            "muscle13": 2.21550224E-07,
            "muscle14": 2.29106956E-08,
            "muscle15": 0,
            "muscle16": -3.13225756E-09,
            "muscle17": 0,
            "muscle18": -2.60550999E-12,
            "muscle19": 0,
            "muscle20": 0,
            "muscle21": 0.524233937,
            "muscle22": -0.0713514984,
            "muscle23": -0.415074646,
            "muscle24": 0.939664185,
            "muscle25": 0.309936762,
            "muscle26": -0.0621741563,
            "muscle27": 0.0624385364,
            "muscle28": 3.74593156E-07,
            "muscle29": 0.524232328,
            "muscle30": -0.0713556856,
            "muscle31": -0.415076673,
            "muscle32": 0.93966347,
            "muscle33": 0.309938997,
            "muscle34": -0.0621274523,
            "muscle35": 0.0624496415,
            "muscle36": 3.996727E-07,
            "muscle37": -0.499998987,
            "muscle38": 0.00360269262,
            "muscle39": 0.0618074313,
            "muscle40": -0.0298836045,
            "muscle41": -0.189281344,
            "muscle42": -0.433343709,
            "muscle43": -0.945868075,
            "muscle44": 0.238043368,
            "muscle45": 0.220365644,
            "muscle46": -0.499999613,
            "muscle47": 0.00360401603,
            "muscle48": -0.202737868,
            "muscle49": 0.00382365892,
            "muscle50": -0.000399902754,
            "muscle51": -0.416072756,
            "muscle52": -0.192124352,
            "muscle53": 0.776893318,
            "muscle54": 0.999907851,
            "muscle55": -2.31111145,
            "muscle56": -1.66111112,
            "muscle57": -0.311111569,
            "muscle58": -0.999999464,
            "muscle59": -0.999999523,
            "muscle60": -0.706916511,
            "muscle61": -2,
            "muscle62": 0.999999404,
            "muscle63": -0.999999464,
            "muscle64": -1.39999843,
            "muscle65": -1.99999964,
            "muscle66": 0.999999642,
            "muscle67": -0.99999994,
            "muscle68": 0.271548241,
            "muscle69": -2.00000095,
            "muscle70": 0.999998689,
            "muscle71": -0.99999994,
            "muscle72": -0.113273963,
            "muscle73": -2.00000095,
            "muscle74": 0.999999702,
            "muscle75": -0.599999487,
            "muscle76": 0.138887227,
            "muscle77": 4.87870651E-08,
            "muscle78": 1.00000012,
            "muscle79": 0.553255916,
            "muscle80": 0.288638234,
            "muscle81": -0.321804136,
            "muscle82": 0.080000028,
            "muscle83": 0.665139318,
            "muscle84": -0.436818361,
            "muscle85": -0.19599013,
            "muscle86": 0.160000041,
            "muscle87": 0.640953422,
            "muscle88": 0.271548092,
            "muscle89": -0.266666323,
            "muscle90": 0.600000024,
            "muscle91": 0.578116179,
            "muscle92": 0.695615232,
            "muscle93": -0.321975172,
            "muscle94": 0.12000066,
            "duration": 0,
            "muscle-1": 1
          },
          "strings": {
            "interpolation": "default"
          },
          "inTangent": 0,
          "inWeight": 0,