{"animTracks":[{"properties":["Right Hand Configuration","Left Hand Configuration","Muscles"],"loops":false,"keyFrames":[{"property":"Muscles","index":1,"time":1.25757563,"ints":{},"floats":{"muscle0":2.56134228E-07,"muscle1":-1.42488763E-13,"muscle2":-5.49599645E-13,"muscle3":2.13431885E-08,"muscle4":-4.07110868E-14,"muscle5":0,"muscle6":0,"muscle7":0,"muscle8":0,"muscle9":-2.13452704E-08,"muscle10":2.23540313E-14,"muscle11":2.682211E-07,"muscle12":-0.259000421,"muscle13":-0.00799936801,"muscle14":0.309999406,"muscle15":-0.324147224,"muscle16":7.54565477E-08,"muscle17":-0.32414791,"muscle18":-1.25760167E-07,"muscle19":0,"muscle20":0,"muscle21":0.527684629,"muscle22":-0.0759822652,"muscle23":-0.588656783,"muscle24":0.953825772,"muscle25":0.425629228,"muscle26":0.042562034,"muscle27":-0.0481425785,"muscle28":5.79231937E-07,"muscle29":0.527684867,"muscle30":-0.0759847462,"muscle31":-0.588661671,"muscle32":0.953825772,"muscle33":0.425633192,"muscle34":0.0425647497,"muscle35":-0.0480923951,"muscle36":-8.17754753E-08,"muscle37":-0.499999434,"muscle38":0.00360218296,"muscle39":-0.512599766,"muscle40":0.210586742,"muscle41":-0.169809639,"muscle42":0.99277091,"muscle43":0.268193185,"muscle44":-0.0158367883,"muscle45":0.0202510636,"muscle46":-0.499999315,"muscle47":0.00360563514,"muscle48":0.00091811805,"muscle49":0.318451941,"muscle50":0.8359797,"muscle51":-0.474099666,"muscle52":1.01337707,"muscle53":0.0911591947,"muscle54":-0.873099506,"muscle55":-1.36603751E-06,"muscle56":8.19622528E-07,"muscle57":-1.67169532E-08,"muscle58":-9.05049902E-08,"muscle59":-3.41509327E-08,"muscle60":1.70754674E-07,"muscle61":7.58909735E-08,"muscle62":7.58909593E-08,"muscle63":3.41509363E-08,"muscle64":-2.27672913E-07,"muscle65":0,"muscle66":-2.20871741E-18,"muscle67":0,"muscle68":0,"muscle69":-7.58909735E-08,"muscle70":-8.28269027E-19,"muscle71":-6.36110494E-17,"muscle72":4.26886686E-08,"muscle73":4.41743481E-18,"muscle74":-3.31307611E-18,"muscle75":-2.43297148,"muscle76":-1.99970484,"muscle77":-0.577691972,"muscle78":-0.999852359,"muscle79":-0.999851346,"muscle80":-0.706811488,"muscle81":-1.99970627,"muscle82":0.999851942,"muscle83":-0.999851882,"muscle84":-1.39979267,"muscle85":-1.99970627,"muscle86":0.999853015,"muscle87":-0.999852121,"muscle88":-0.226195425,"muscle89":-1.99970686,"muscle90":0.999851942,"muscle91":-0.999852419,"muscle92":-0.299896687,"muscle93":-1.99970543,"muscle94":0.999853015,"duration":0},"strings":{}},{"property":"Muscles","index":3,"time":1.49999988,"ints":{},"floats":{"muscle0":2.27200875E-12,"muscle1":2.68220958E-07,"muscle2":5.90310786E-13,"muscle3":2.13431885E-08,"muscle4":-4.07110868E-14,"muscle5":0,"muscle6":0,"muscle7":0,"muscle8":0,"muscle9":-2.13452704E-08,"muscle10":2.23540313E-14,"muscle11":2.682211E-07,"muscle12":0.105000541,"muscle13":4.30895852E-07,"muscle14":0.0479996242,"muscle15":-0.324147493,"muscle16":4.63046945E-07,"muscle17":-0.324146986,"muscle18":-2.0637151E-06,"muscle19":0,"muscle20":0,"muscle21":0.522005558,"muscle22":-0.0674840361,"muscle23":-0.308529407,"muscle24":0.930871129,"muscle25":0.238682032,"muscle26":-0.0525978915,"muscle27":0.0582346134,"muscle28":1.12591374E-06,"muscle29":0.522006512,"muscle30":-0.0674872026,"muscle31":-0.308535486,"muscle32":0.930870771,"muscle33":0.238687009,"muscle34":-0.0525494888,"muscle35":0.0582373068,"muscle36":-4.9172013E-07,"muscle37":-0.499999195,"muscle38":0.00360330893,"muscle39":-0.515925646,"muscle40":0.211084485,"muscle41":-0.0779863,"muscle42":0.985979497,"muscle43":0.176824331,"muscle44":-0.0182121322,"muscle45":0.0217911582,"muscle46":-0.499999315,"muscle47":0.00360563514,"muscle48":-0.112222977,"muscle49":0.242057219,"muscle50":0.547111332,"muscle51":-0.791284442,"muscle52":1.04094255,"muscle53":0.0911189616,"muscle54":-0.874024868,"muscle55":-1.36603751E-06,"muscle56":8.19622528E-07,"muscle57":-1.67169532E-08,"muscle58":-9.05049902E-08,"muscle59":-3.41509327E-08,"muscle60":1.70754674E-07,"muscle61":7.58909735E-08,"muscle62":7.58909593E-08,"muscle63":3.41509363E-08,"muscle64":-2.27672913E-07,"muscle65":0,"muscle66":-2.20871741E-18,"muscle67":0,"muscle68":0,"muscle69":-5.31236765E-07,"muscle70":-8.28269027E-19,"muscle71":-4.09811264E-07,"muscle72":-4.26886722E-08,"muscle73":4.41743481E-18,"muscle74":-3.31307611E-18,"muscle75":-2.43261313,"muscle76":-1.99941146,"muscle77":-0.577606618,"muscle78":-0.999704838,"muscle79":-0.999703705,"muscle80":-0.706707239,"muscle81":-1.99941194,"muscle82":0.999704123,"muscle83":-0.999703884,"muscle84":-1.39958656,"muscle85":-1.9994123,"muscle86":0.999705493,"muscle87":-0.999704301,"muscle88":-0.226161063,"muscle89":-1.99941218,"muscle90":0.999704003,"muscle91":-0.999706089,"muscle92":-0.299851596,"muscle93":-1.99940944,"muscle94":0.999704957,"duration":0.479797989},"strings":{}},{"property":"Left Hand Configuration","index":1,"time":1.25757563,"ints":{"hash":1135751168},"floats":{"duration":0},"strings":{"name":"-"}},{"property":"Left Hand Configuration","index":3,"time":1.49999988,"ints":{"hash":-1851417600},"floats":{"duration":0.479797989},"strings":{"name":"-"}},{"property":"Right Hand Configuration","index":1,"time":1.25757563,"ints":{"hash":-1152565248},"floats":{"duration":0},"strings":{"name":"G"}},{"property":"Right Hand Configuration","index":3,"time":1.49999988,"ints":{"hash":1871470592},"floats":{"duration":0.479797989},"strings":{"name":"G"}}]}],"version":3,"globalSpeed":1,"globalRepetitions":1}
