{
  "animTracks": [
    {
      "properties": [
        "Right Hand Configuration",
        "Left Hand Configuration",
        "Muscles",
        "Facial Expression"
      ],
      "loops": false,
      "keyFrames": [
        {
          "property": "Muscles",
          "index": 1,
          "time": 1,
          "ints": {},
          "floats": {
            "muscle0": 2.1398753E-12,
            "muscle1": -4.07110923E-13,
            "muscle2": -9.56710622E-13,
            "muscle3": -1.48849899E-12,
            "muscle4": -1.69222731E-25,
            "muscle5": -3.25688776E-13,
            "muscle6": 0,
            "muscle7": 0,
            "muscle8": 0,
            "muscle9": -3.96933029E-13,
            "muscle10": -4.0711097E-14,
            "muscle11": -3.25688776E-13,
            "muscle12": 1.38737931E-07,
            "muscle13": 1.30605528E-07,
            "muscle14": 1.02331555E-07,
            "muscle15": 0,
            "muscle16": -3.13225756E-09,
            "muscle17": 0,
            "muscle18": -2.60550999E-12,
            "muscle19": 0,
            "muscle20": 0,
            "muscle21": 0.527684987,
            "muscle22": -0.075982213,
            "muscle23": -0.588656247,
            "muscle24": 0.953825712,
            "muscle25": 0.4257029,
            "muscle26": -0.0594078712,
            "muscle27": 0.0538544767,
            "muscle28": 3.74593156E-07,
            "muscle29": 0.527683496,
            "muscle30": -0.0759853348,
            "muscle31": -0.588659286,
            "muscle32": 0.953825295,
            "muscle33": 0.425705791,
            "muscle34": -0.0593609177,
            "muscle35": 0.053863246,
            "muscle36": 1.94633657E-07,
            "muscle37": -0.499999434,
            "muscle38": 0.00360223628,
            "muscle39": -0.278838605,
            "muscle40": -0.0700036362,
            "muscle41": 0.123432338,
            "muscle42": -0.242567211,
            "muscle43": -0.100779854,
            "muscle44": 0.219560489,
            "muscle45": -0.9998945,
            "muscle46": -0.499998987,
            "muscle47": 0.00360562769,
            "muscle48": -0.103286102,
            "muscle49": -0.0550054982,
            "muscle50": 0.0841836631,
            "muscle51": -0.350917339,
            "muscle52": -0.139043689,
            "muscle53": 0.125197873,
            "muscle54": -0.90375495,
            "muscle55": -1.89999938,
            "muscle56": -1.70000064,
            "muscle57": 0.622221947,
            "muscle58": 0.688889027,
            "muscle59": 0.533333361,
            "muscle60": -0.893583417,
            "muscle61": 0.799999952,
            "muscle62": 0.799999952,
            "muscle63": -1.00000012,
            "muscle64": -0.436818033,
            "muscle65": -1.99999964,
            "muscle66": 0.999999642,
            "muscle67": -0.99999994,
            "muscle68": 0.271548241,
            "muscle69": -2.00000072,
            "muscle70": 0.999998868,
            "muscle71": -1,
            "muscle72": 0.695615888,
            "muscle73": -2.00000095,
            "muscle74": 0.99999994,
            "muscle75": -1.8999989,
            "muscle76": -1.69999993,
            "muscle77": 0.622221589,
            "muscle78": 0.688888967,
            "muscle79": 0.533333361,
            "muscle80": -0.893583357,
            "muscle81": 0.799998581,
            "muscle82": 0.799998641,
            "muscle83": -0.999999523,
            "muscle84": -0.436818093,
            "muscle85": -2.00000095,
            "muscle86": 0.999999702,
            "muscle87": -0.99999994,
            "muscle88": 0.271548301,
            "muscle89": -2.00000072,
            "muscle90": 0.999998808,
            "muscle91": -1,
            "muscle92": 0.695616066,
            "muscle93": -2.00000072,
            "muscle94": 0.99999994,
            "muscle-1": 1
          },
          "strings": {
            "interpolation": "default"
          },
          "inTangent": 0,
          "inWeight": 0,
          "outTangent": 0,
          "outWeight": 0,
          "weightedMode": 0
        },
        {
          "property": "Muscles",
          "index": 2,
          "time": 1.67676759,
          "ints": {},
          "floats": {
            "muscle0": 2.1398753E-12,
            "muscle1": -4.07110923E-13,
            "muscle2": -9.56710622E-13,
            "muscle3": -1.48849899E-12,
            "muscle4": -1.69222731E-25,
            "muscle5": -3.25688776E-13,
            "muscle6": 0,
            "muscle7": 0,
            "muscle8": 0,
            "muscle9": -3.96933029E-13,
            "muscle10": -4.0711097E-14,
            "muscle11": -3.25688776E-13,
            "muscle12": 3.09492663E-07,
            "muscle13": 1.73196469E-07,
            "muscle14": 1.05212322E-07,
            "muscle15": 0,
            "muscle16": -3.13225756E-09,
            "muscle17": 0,
            "muscle18": -2.60550999E-12,
            "muscle19": 0,
            "muscle20": 0,
            "muscle21": 0.524233222,
            "muscle22": -0.0713517442,
            "muscle23": -0.415074527,
            "muscle24": 0.939663827,
            "muscle25": 0.309936702,
            "muscle26": -0.0621740371,
            "muscle27": 0.0624384917,
            "muscle28": 3.74593156E-07,
            "muscle29": 0.52423209,
            "muscle30": -0.0713536367,
            "muscle31": -0.415078431,
            "muscle32": 0.93966347,
            "muscle33": 0.309939772,
            "muscle34": -0.0621278062,
            "muscle35": 0.0624452941,
            "muscle36": 3.996727E-07,
            "muscle37": -0.499998987,
            "muscle38": 0.00360289821,
            "muscle39": -0.278381437,
            "muscle40": -0.0699933544,
            "muscle41": 0.123197407,
            "muscle42": -0.242520019,
            "muscle43": -0.10064885,
            "muscle44": 0.21994254,
            "muscle45": -0.999786735,
            "muscle46": -0.499998987,
            "muscle47": 0.00360562769,
            "muscle48": -0.00521703158,
            "muscle49": 0.0670669004,
            "muscle50": 0.186225802,
            "muscle51": -0.30378741,
            "muscle52": 0.177776635,
            "muscle53": 0.62327075,
            "muscle54": -0.797021031,
            "muscle55": -1.89999938,
            "muscle56": -1.70000064,
            "muscle57": 0.622221947,
            "muscle58": 0.688889027,
            "muscle59": 0.533333361,
            "muscle60": -0.893583417,
            "muscle61": 0.799999952,
            "muscle62": 0.799999952,
            "muscle63": -1.00000012,
            "muscle64": -0.436818033,
            "muscle65": -1.99999964,
            "muscle66": 0.999999464,
            "muscle67": -0.99999994,
            "muscle68": 0.271548241,
            "muscle69": -2.00000095,
            "muscle70": 0.999998689,
            "muscle71": -1,
            "muscle72": 0.695615888,
            "muscle73": -2.00000095,
            "muscle74": 0.999999702,
            "muscle75": -1.83333278,
            "muscle76": -1.99999988,
            "muscle77": -0.0666668341,
            "muscle78": 1.00000012,
            "muscle79": -0.999999702,
            "muscle80": -0.831361592,
            "muscle81": 0.266666651,
            "muscle82": 1.00000012,
            "muscle83": -0.999999821,
            "muscle84": -1.27681732,
            "muscle85": -1.4666642,
            "muscle86": -0.719999373,
            "muscle87": -0.99999994,
            "muscle88": 0.271548301,
            "muscle89": -1.46666729,
            "muscle90": -0.800000131,
            "muscle91": -1,
            "muscle92": 0.228948593,
            "muscle93": -1.59999967,
            "muscle94": -0.520000458,
            "duration": 0,
            "muscle-1": 1
          },
          "strings": {
            "interpolation": "smooth"
          },
          "inTangent": 0,
          "inWeight": 0,
          "outTangent": 0,
          "outWeight": 0,