{"animTracks":[{"properties":["Right Hand Configuration","Left Hand Configuration","Muscles","Facial Expression"],"loops":false,"keyFrames":[{"property":"Muscles","index":1,"time":1,"ints":{},"floats":{"muscle0":2.13987573E-12,"muscle1":-2.03555461E-13,"muscle2":-4.68177526E-13,"muscle3":-1.25695407E-12,"muscle4":4.07110902E-14,"muscle5":3.35866507E-13,"muscle6":0,"muscle7":0,"muscle8":0,"muscle9":-4.8344396E-13,"muscle10":2.03555434E-14,"muscle11":3.25688695E-13,"muscle12":-5.336112E-08,"muscle13":9.37768405E-08,"muscle14":1.42673455E-08,"muscle15":0,"muscle16":1.88198235E-09,"muscle17":0,"muscle18":-2.60550977E-12,"muscle19":0,"muscle20":0,"muscle21":0.527684987,"muscle22":-0.0759823248,"muscle23":-0.588656723,"muscle24":0.953825772,"muscle25":0.425703287,"muscle26":-0.0594080128,"muscle27":0.0538538806,"muscle28":4.42761575E-07,"muscle29":0.527683914,"muscle30":-0.0759851784,"muscle31":-0.588661015,"muscle32":0.953825414,"muscle33":0.425707132,"muscle34":-0.0593613945,"muscle35":0.0538628362,"muscle36":-4.88385012E-07,"muscle37":-0.499999762,"muscle38":0.00360199227,"muscle39":-0.33223033,"muscle40":0.00553269777,"muscle41":0.0994077623,"muscle42":-0.628849447,"muscle43":1.20717037,"muscle44":0.407505363,"muscle45":1.00042224,"muscle46":-0.499999315,"muscle47":0.00360633456,"muscle48":-0.373835474,"muscle49":0.121827148,"muscle50":-0.0259830803,"muscle51":-0.525730908,"muscle52":1.20660162,"muscle53":0.179641023,"muscle54":1.00222456,"muscle55":-1.03333294,"muscle56":-1.66666687,"muscle57":0.377777636,"muscle58":-0.715559602,"muscle59":0.419921935,"muscle60":-0.115806118,"muscle61":-1.26666582,"muscle62":-1,"muscle63":-0.00152731803,"muscle64":-0.281261563,"muscle65":-1.06265736,"muscle66":-1.00000012,"muscle67":0.0631756857,"muscle68":0.271548241,"muscle69":-0.80000025,"muscle70":-0.800000072,"muscle71":-0.0218837503,"muscle72":0.851170063,"muscle73":-0.821976125,"muscle74":-0.821975887,"muscle75":2.67267353E-07,"muscle76":-1.32777858,"muscle77":0.35110563,"muscle78":0.595550597,"muscle79":0.553255916,"muscle80":0.288638264,"muscle81":-0.321804047,"muscle82":0.0799996406,"muscle83":0.665139318,"muscle84":-0.436818212,"muscle85":-0.195990041,"muscle86":0.160000041,"muscle87":0.640953302,"muscle88":0.271548212,"muscle89":-0.266666472,"muscle90":0.600000024,"muscle91":0.578116179,"muscle92":0.695615232,"muscle93":-0.321975231,"muscle94":0.120000176,"muscle-1":1},"strings":{"interpolation":"default"},"inTangent":0,"inWeight":0,"outTangent":0,"outWeight":0,"weightedMode":0},{"property":"Muscles","index":2,"time":1.32828271,"ints":{},"floats":{"muscle0":-5.33606283E-07,"muscle1":-1.83199918E-13,"muscle2":-4.07110902E-14,"muscle3":-1.25695407E-12,"muscle4":4.07110902E-14,"muscle5":3.35866507E-13,"muscle6":0,"muscle7":0,"muscle8":0,"muscle9":-4.8344396E-13,"muscle10":2.03555434E-14,"muscle11":3.25688695E-13,"muscle12":5.54952464E-07,"muscle13":3.06732261E-07,"muscle14":2.8672579E-08,"muscle15":0,"muscle16":1.88198235E-09,"muscle17":0,"muscle18":1.87937133E-09,"muscle19":0,"muscle20":0,"muscle21":-3.79454796E-08,"muscle22":-3.47734726E-07,"muscle23":2.84591071E-08,"muscle24":6.66176732E-08,"muscle25":5.92898231E-10,"muscle26":8.25759017E-08,"muscle27":2.77587446E-07,"muscle28":2.37855957E-07,"muscle29":-2.27674107E-07,"muscle30":1.793813E-06,"muscle31":-1.9387769E-06,"muscle32":-1.75757293E-07,"muscle33":-1.4229558E-08,"muscle34":-2.29982916E-07,"muscle35":-4.64961886E-06,"muscle36":-1.00051558E-08,"muscle37":-0.499999762,"muscle38":0.00360199227,"muscle39":-0.331930727,"muscle40":0.00551838428,"muscle41":0.0993161052,"muscle42":-0.628808856,"muscle43":1.20728791,"muscle44":0.40742439,"muscle45":0.999976933,"muscle46":-0.500000954,"muscle47":0.00360539206,"muscle48":-0.36276269,"muscle49":0.15885818,"muscle50":-0.030482512,"muscle51":-0.503571272,"muscle52":1.20782864,"muscle53":0.179676414,"muscle54":1.00243986,"muscle55":-1.03333294,"muscle56":-1.66666687,"muscle57":0.377777308,"muscle58":-0.715559781,"muscle59":0.419921935,"muscle60":-0.115806118,"muscle61":-1.26666582,"muscle62":-1,"muscle63":-0.00152731803,"muscle64":-0.281261563,"muscle65":-1.06265736,"muscle66":-1.0000006,"muscle67":0.0631756857,"muscle68":0.271548241,"muscle69":-0.80000025,"muscle70":-0.800000072,"muscle71":-0.0218837503,"muscle72":0.851170063,"muscle73":-0.821976125,"muscle74":-0.821975887,"muscle75":7.39266852E-07,"muscle76":-1.32777834,"muscle77":0.35110563,"muscle78":0.595550597,"muscle79":0.553255916,"muscle80":0.288638264,"muscle81":-0.321804047,"muscle82":0.0799999461,"muscle83":0.665139318,"muscle84":-0.436818212,"muscle85":-0.195990041,"muscle86":0.160000041,"muscle87":0.640953302,"muscle88":0.271548212,"muscle89":-0.266666472,"muscle90":0.600000024,"muscle91":0.578116179,"muscle92":0.695615232,"muscle93":-0.321975231,"muscle94":0.120000176,"duration":0,"muscle-1":1},"strings":{"interpolation":"smooth"},"inTangent":0,"inWeight":0,"outTangent":0,"outWeight":0,"weightedMode":0},{"property":"Left Hand Configuration","index":1,"time":1,"ints":{"hash":-1920739328},"floats":{},"strings":{"name":"garra fechada"},"inTangent":0,"inWeight":0,"outTangent":0,"outWeight":0,"weightedMode":0},{"property":"Left Hand Configuration","index":2,"time":1.32828271,"ints":{"hash":77163520},"floats":{"duration":0},"strings":{"name":"garra fechada"},"inTangent":0,"inWeight":0,"outTangent":0,"outWeight":0,"weightedMode":0},{"property":"Right Hand Configuration","index":1,"time":1,"ints":{"hash":1802148864},"floats":{},"strings":{"name":"garra aberta"},"inTangent":0,"inWeight":0,"outTangent":0,"outWeight":0,"weightedMode":0},{"property":"Right Hand Configuration","index":2,"time":1.32828271,"ints":{"hash":-494915584},"floats":{"duration":0},"strings":{"name":"garra aberta"},"inTangent":0,"inWeight":0,"outTangent":0,"outWeight":0,"weightedMode":0},{"property":"Facial Expression","index":1,"time":1,"ints":{},"floats":{},"strings":{"faceName":"Soprar"},"inTangent":0,"inWeight":0,"outTangent":0,"outWeight":0,"weightedMode":0},{"property":"Facial Expression","index":2,"time":1.32828271,"ints":{},"floats":{"duration":0},"strings":{"faceName":"Soprar"},"inTangent":0,"inWeight":0,"outTangent":0,"outWeight":0,"weightedMode":0}]},{"properties":["Face Animation Soprar"],"loops":false,"keyFrames":[{"property":"Face Animation Soprar","index":0,"time":0,"ints":{},"floats":{"girl_head_.blendShape.mClose":0,"girl_head_.blendShape.Cons":0,"girl_head_.blendShape.Bmp":0,"girl_head_.blendShape.Fv":0,"girl_head_.blendShape.U":0,"girl_head_.blendShape.smile":0,"girl_head_.blendShape.mRSide":0,"girl_head_.blendShape.mLSide":0,"girl_head_.blendShape.F006":73.4000015,"muscle15":0,"muscle17":0,"girl_hair.blendShape.cheek1":0,"girl_hair.blendShape.cheek2":0,"girl_hair.blendShape.cheek3":0,"girl_head_.blendShape.A":0,"girl_head_.blendShape.E":0,"girl_head_.blendShape.F001":0,"girl_head_.blendShape.F003":0,"girl_head_.blendShape.F005":0,"girl_head_.blendShape.F007":0,"girl_head_.blendShape.F007left":0,"girl_head_.blendShape.F008":0,"girl_head_.blendShape.F017":0,"girl_head_.blendShape.F019":0,"girl_head_.blendShape.F024":0,"girl_head_.blendShape.F031":0,"girl_head_.blendShape.LEyeBMad":0,"girl_head_.blendShape.LEyeClose":0,"girl_head_.blendShape.LEyeLidUp":0,"girl_head_.blendShape.LEyeMad":0,"girl_head_.blendShape.LEyeSad":0,"girl_head_.blendShape.LeyeBUp":0,"girl_head_.blendShape.O":0,"girl_head_.blendShape.REyeBMad":0,"girl_head_.blendShape.REyeClose":0,"girl_head_.blendShape.REyeLidUp":0,"girl_head_.blendShape.REyeMad":0,"girl_head_.blendShape.REyeSad":0,"girl_head_.blendShape.ReyeBSad":0,"girl_head_.blendShape.ReyeBUp":0,"girl_head_.blendShape.ReyeLSad":0,"girl_head_.blendShape.mLSideUp":0,"girl_head_.blendShape.mRSideUp":0,