{"animTracks":[{"properties":["Right Hand Configuration","Left Hand Configuration","Muscles"],"keyFrames":[{"property":"Muscles","index":1,"time":1.00505042,"ints":{},"floats":{"muscle0":1.76263301E-12,"muscle1":-5.36441974E-07,"muscle2":-5.36442144E-07,"muscle3":-2.13454836E-08,"muscle4":1.62844388E-13,"muscle5":-6.31021982E-13,"muscle6":0,"muscle7":0,"muscle8":0,"muscle9":-5.33609466E-07,"muscle10":2.68220901E-07,"muscle11":2.68220901E-07,"muscle12":2.61468153E-06,"muscle13":1.4478162E-06,"muscle14":-4.24727148E-07,"muscle15":-0.324148953,"muscle16":-1.81331634E-05,"muscle17":-0.324148268,"muscle18":-1.77189795E-05,"muscle19":0,"muscle20":0,"muscle21":0.51728487,"muscle22":-0.053992983,"muscle23":-0.0401328467,"muscle24":0.908248425,"muscle25":0.0584480986,"muscle26":0.0349455886,"muscle27":-0.00816759281,"muscle28":2.69779093E-06,"muscle29":0.517283678,"muscle30":-0.0539857298,"muscle31":-0.0401402749,"muscle32":0.908249497,"muscle33":0.0584512539,"muscle34":0.0349482968,"muscle35":-0.00813529454,"muscle36":1.14805857E-06,"muscle37":-0.500003576,"muscle38":0.00360171217,"muscle39":-0.283334762,"muscle40":0.115329556,"muscle41":-0.0109014455,"muscle42":-0.0888095275,"muscle43":0.900210023,"muscle44":-0.999996483,"muscle45":-0.999926567,"muscle46":-0.499996632,"muscle47":0.00360291312,"muscle48":-0.191172048,"muscle49":0.149084464,"muscle50":-0.135367587,"muscle51":-0.176693663,"muscle52":0.958835125,"muscle53":-0.89700222,"muscle54":-0.999734581,"muscle55":-1.09020877,"muscle56":-0.527778625,"muscle57":0.155554548,"muscle58":-0.999999404,"muscle59":-0.733332694,"muscle60":-0.298029065,"muscle61":-1.86666465,"muscle62":0.360000134,"muscle63":-1,"muscle64":0.0266689993,"muscle65":-1.7959888,"muscle66":0.679999888,"muscle67":-1,"muscle68":-0.426667154,"muscle69":-1.73333335,"muscle70":0.399999857,"muscle71":0.489227027,"muscle72":-0.131051704,"muscle73":0.800000012,"muscle74":0.800000072,"muscle75":-1.09020865,"muscle76":-0.527778864,"muscle77":0.155554667,"muscle78":-0.999999344,"muscle79":-0.733333588,"muscle80":-0.298029065,"muscle81":-1.86666596,"muscle82":0.359999746,"muscle83":-0.999999583,"muscle84":0.0266689491,"muscle85":-1.79599011,"muscle86":0.679999888,"muscle87":-1,"muscle88":-0.426667273,"muscle89":-1.73333156,"muscle90":0.399999917,"muscle91":0.489227027,"muscle92":-0.131052747,"muscle93":0.800000012,"muscle94":0.799998105,"duration":0},"strings":{}},{"property":"Muscles","index":5,"time":1.27777767,"ints":{},"floats":{"muscle0":1.76263301E-12,"muscle1":-5.36441974E-07,"muscle2":-5.36442144E-07,"muscle3":-2.13454836E-08,"muscle4":1.62844388E-13,"muscle5":-6.31021982E-13,"muscle6":0,"muscle7":0,"muscle8":0,"muscle9":-5.33609466E-07,"muscle10":-3.14621647E-14,"muscle11":2.68220447E-07,"muscle12":2.3905659E-06,"muscle13":9.59770432E-07,"muscle14":-8.00030762E-07,"muscle15":-0.324147463,"muscle16":-1.84561559E-05,"muscle17":-0.324148268,"muscle18":-1.65786478E-05,"muscle19":0,"muscle20":0,"muscle21":0.518377841,"muscle22":-0.0583462156,"muscle23":-0.115847848,"muscle24":0.91470468,"muscle25":0.10945455,"muscle26":0.0355824977,"muscle27":-0.0159718972,"muscle28":2.01463877E-06,"muscle29":0.5183779,"muscle30":-0.0583587065,"muscle31":-0.115848899,"muscle32":0.914704502,"muscle33":0.109458409,"muscle34":0.0355854481,"muscle35":-0.0159017611,"muscle36":1.14805857E-06,"muscle37":-0.500003457,"muscle38":0.00360356737,"muscle39":-0.601316869,"muscle40":0.115331642,"muscle41":-0.010923272,"muscle42":-0.0888071284,"muscle43":0.961243331,"muscle44":-0.913633466,"muscle45":-0.999981701,"muscle46":-0.499997169,"muscle47":0.00360632851,"muscle48":-0.531035662,"muscle49":0.149059519,"muscle50":-0.135447696,"muscle51":-0.176680371,"muscle52":0.958862841,"muscle53":-0.746003807,"muscle54":-0.912859857,"muscle55":-1.09020877,"muscle56":-0.527778625,"muscle57":0.155555174,"muscle58":-0.999999821,"muscle59":-0.73333317,"muscle60":-0.298028946,"muscle61":-1.86666667,"muscle62":0.360000134,"muscle63":-1,"muscle64":0.0266677588,"muscle65":-1.79598951,"muscle66":0.67999959,"muscle67":-1,"muscle68":-0.426667094,"muscle69":-1.73333335,"muscle70":0.399999857,"muscle71":0.489227146,"muscle72":-0.131051689,"muscle73":0.800000012,"muscle74":0.800000072,"muscle75":-1.09020877,"muscle76":-0.527778864,"muscle77":0.155554667,"muscle78":-0.999999344,"muscle79":-0.73333329,"muscle80":-0.298028797,"muscle81":-1.86666667,"muscle82":0.359999746,"muscle83":-0.999999583,"muscle84":0.0266689491,"muscle85":-1.79599011,"muscle86":0.679999888,"muscle87":-1,"muscle88":-0.426667392,"muscle89":-1.73333156,"muscle90":0.399999917,"muscle91":0.489227027,"muscle92":-0.131052747,"muscle93":0.800000012,"muscle94":0.799998283,"duration":0},"strings":{}},{"property":"Left Hand Configuration","index":1,"time":1.00505042,"ints":{"hash":-1463027712},"floats":{"duration":0},"strings":{"name":"I"}},{"property":"Left Hand Configuration","index":5,"time":1.27777767,"ints":{"hash":-899696640},"floats":{"duration":0},"strings":{"name":"I"}},{"property":"Right Hand Configuration","index":1,"time":1.00505042,"ints":{"hash":-2035106816},"floats":{"duration":0},"strings":{"name":"I"}},{"property":"Right Hand Configuration","index":5,"time":1.27777767,"ints":{"hash":-1471775744},"floats":{"duration":0},"strings":{"name":"I"}}]}],"version":2,"globalSpeed":1.42857146,"globalRepetitions":2}
