{"animTracks":[{"properties":["Right Hand Configuration","Left Hand Configuration","Muscles","Facial Expression"],"loops":false,"keyFrames":[{"property":"Muscles","index":1,"time":1,"ints":{},"floats":{"muscle0":2.56134228E-07,"muscle1":-1.42488763E-13,"muscle2":-5.49599645E-13,"muscle3":2.13431885E-08,"muscle4":-4.07110868E-14,"muscle5":0,"muscle6":0,"muscle7":0,"muscle8":0,"muscle9":-2.13452704E-08,"muscle10":2.23540313E-14,"muscle11":2.682211E-07,"muscle12":-2.02771005E-07,"muscle13":1.95387557E-07,"muscle14":-2.5273215E-07,"muscle15":0,"muscle16":7.54565477E-08,"muscle17":0,"muscle18":-1.25760167E-07,"muscle19":0,"muscle20":0,"muscle21":0.527684629,"muscle22":-0.0759822652,"muscle23":-0.588656783,"muscle24":0.953825772,"muscle25":0.425629228,"muscle26":0.042562034,"muscle27":-0.0481425785,"muscle28":5.79231937E-07,"muscle29":0.527684867,"muscle30":-0.0759847462,"muscle31":-0.588661671,"muscle32":0.953825772,"muscle33":0.425633192,"muscle34":0.0425647497,"muscle35":-0.0480923951,"muscle36":-8.17754753E-08,"muscle37":-0.499999434,"muscle38":0.00360218296,"muscle39":-0.512599766,"muscle40":0.210586742,"muscle41":-0.169809639,"muscle42":0.99277091,"muscle43":0.268193185,"muscle44":-0.0158367883,"muscle45":0.0202510636,"muscle46":-0.499999315,"muscle47":0.00360563514,"muscle48":0.139711648,"muscle49":-0.561956227,"muscle50":0.207727581,"muscle51":-0.185871691,"muscle52":0.0847347677,"muscle53":0.330464035,"muscle54":0.020255588,"muscle55":-1.36603751E-06,"muscle56":8.19622528E-07,"muscle57":-1.67169532E-08,"muscle58":-9.05049902E-08,"muscle59":-3.41509327E-08,"muscle60":1.70754674E-07,"muscle61":7.58909735E-08,"muscle62":7.58909593E-08,"muscle63":3.41509363E-08,"muscle64":-2.27672913E-07,"muscle65":0,"muscle66":-2.20871741E-18,"muscle67":0,"muscle68":0,"muscle69":-7.58909735E-08,"muscle70":-8.28269027E-19,"muscle71":-6.36110494E-17,"muscle72":4.26886686E-08,"muscle73":4.41743481E-18,"muscle74":-3.31307611E-18,"muscle75":-2.43333173,"muscle76":-2,"muscle77":-0.577777684,"muscle78":-0.99999994,"muscle79":-0.999997973,"muscle80":-0.706916511,"muscle81":-2,"muscle82":0.999999702,"muscle83":-0.999999464,"muscle84":-1.39999878,"muscle85":-2.00000095,"muscle86":0.999999702,"muscle87":-1,"muscle88":-0.226229846,"muscle89":-2.00000095,"muscle90":0.999998987,"muscle91":-1.00000012,"muscle92":-0.299940705,"muscle93":-2.00000095,"muscle94":1,"muscle-1":1},"strings":{"interpolation":"smooth"},"inTangent":0,"inWeight":0,"outTangent":0,"outWeight":0,"weightedMode":0},{"property":"Left Hand Configuration","index":1,"time":1,"ints":{"hash":2031644672},"floats":{},"strings":{"name":"-"},"inTangent":0,"inWeight":0,"outTangent":0,"outWeight":0,"weightedMode":0},{"property":"Right Hand Configuration","index":1,"time":1,"ints":{"hash":1459565568},"floats":{},"strings":{"name":"G"},"inTangent":0,"inWeight":0,"outTangent":0,"outWeight":0,"weightedMode":0},{"property":"Facial Expression","index":1,"time":1,"ints":{},"floats":{},"strings":{"faceName":"Neutra"},"inTangent":0,"inWeight":0,"outTangent":0,"outWeight":0,"weightedMode":0}]},{"properties":["Face Animation Neutra"],"loops":false,"keyFrames":[{"property":"Face Animation Neutra","index":0,"time":0,"ints":{},"floats":{"girl_head_.blendShape.mClose":100,"girl_head_.blendShape.A":0,"girl_head_.blendShape.Cons":0,"girl_head_.blendShape.Fv":0,"girl_head_.blendShape.mLSide":0,"girl_head_.blendShape.mLSideUp":0,"girl_head_.blendShape.mRSide":0,"girl_head_.blendShape.mRSideUp":0,"girl_head_.blendShape.O":0,"girl_head_.blendShape.smile":0,"girl_head_.blendShape.U":0,"girl_hair.blendShape.cheek1":0,"girl_hair.blendShape.cheek2":0,"girl_hair.blendShape.cheek3":0,"girl_head_.blendShape.Bmp":0,"girl_head_.blendShape.E":0,"girl_head_.blendShape.F001":0,"girl_head_.blendShape.F003":0,"girl_head_.blendShape.F005":0,"girl_head_.blendShape.F006":0,"girl_head_.blendShape.F007":0,"girl_head_.blendShape.F007left":0,"girl_head_.blendShape.F008":0,"girl_head_.blendShape.F017":0,"girl_head_.blendShape.F019":0,"girl_head_.blendShape.F024":0,"girl_head_.blendShape.F031":0,"girl_head_.blendShape.LEyeBMad":0,"girl_head_.blendShape.LEyeClose":0,"girl_head_.blendShape.LEyeLidUp":0,"girl_head_.blendShape.LEyeMad":0,"girl_head_.blendShape.LEyeSad":0,"girl_head_.blendShape.LeyeBUp":0,"girl_head_.blendShape.mSad":0,"girl_head_.blendShape.REyeBMad":0,"girl_head_.blendShape.REyeClose":0,"girl_head_.blendShape.REyeLidUp":0,"girl_head_.blendShape.REyeMad":0,"girl_head_.blendShape.REyeSad":0,"girl_head_.blendShape.ReyeBSad":0,"girl_head_.blendShape.ReyeBUp":0,"girl_head_.blendShape.ReyeLSad":0,"tgrl1_dmyHeadObjsRoot/tgrl1_logGumTeethAngle/tgrl1_logGumTeethMove/tgrl1_tongue.blendShape.tongue_A":0,"tgrl1_dmyHeadObjsRoot/tgrl1_logGumTeethAngle/tgrl1_logGumTeethMove/tgrl1_tongue.blendShape.tongue_down":0,"tgrl1_dmyHeadObjsRoot/tgrl1_logGumTeethAngle/tgrl1_logGumTeethMove/tgrl1_tongue.blendShape.tongue_F007":0,"tgrl1_dmyHeadObjsRoot/tgrl1_logGumTeethAngle/tgrl1_logGumTeethMove/tgrl1_tongue.blendShape.tongue_F007left":0,"tgrl1_dmyHeadObjsRoot/tgrl1_logGumTeethAngle/tgrl1_logGumTeethMove/tgrl1_tongue.blendShape.tongue_left":0,"tgrl1_dmyHeadObjsRoot/tgrl1_logGumTeethAngle/tgrl1_logGumTeethMove/tgrl1_tongue.blendShape.tongue_O":0,"tgrl1_dmyHeadObjsRoot/tgrl1_logGumTeethAngle/tgrl1_logGumTeethMove/tgrl1_tongue.blendShape.tongue_out":0,"tgrl1_dmyHeadObjsRoot/tgrl1_logGumTeethAngle/tgrl1_logGumTeethMove/tgrl1_tongue.blendShape.tongue_right":0,"tgrl1_dmyHeadObjsRoot/tgrl1_logGumTeethAngle/tgrl1_logGumTeethMove/tgrl1_tongue.blendShape.tongue_up":0,"rig_CharRoot/bip/bip Pelvis/bip Spine/bip Spine1/bip Neck/bip Head/rig_boneTongue.m_LocalPosition.x":-0.0188717656,"rig_CharRoot/bip/bip Pelvis/bip Spine/bip Spine1/bip Neck/bip Head/rig_boneTongue.m_LocalPosition.y":0.0733392909,"rig_CharRoot/bip/bip Pelvis/bip Spine/bip Spine1/bip Neck/bip Head/rig_boneTongue.m_LocalPosition.z":1.52587887E-07,"rig_CharRoot/bip/bip Pelvis/bip Spine/bip Spine1/bip Neck/bip Head/rig_boneTongue.localEulerAnglesRaw.x":178.884003,"rig_CharRoot/bip/bip Pelvis/bip Spine/bip Spine1/bip Neck/bip Head/rig_boneTongue.localEulerAnglesRaw.y":89.9999924,"rig_CharRoot/bip/bip Pelvis/bip Spine/bip Spine1/bip Neck/bip Head/rig_boneTongue.localEulerAnglesRaw.z":0,"rig_CharRoot/bip/bip Pelvis/bip Spine/bip Spine1/bip Neck/bip Head/rig_boneTongue.m_LocalScale.x":1,"rig_CharRoot/bip/bip Pelvis/bip Spine/bip Spine1/bip Neck/bip Head/rig_boneTongue.m_LocalScale.y":1,"rig_CharRoot/bip/bip Pelvis/bip Spine/bip Spine1/bip Neck/bip Head/rig_boneTongue.m_LocalScale.z":1,"muscle15":0,"muscle17":0},"strings":{},"inTangent":0,"inWeight":0.333333343,"outTangent":0,"outWeight":0.333333343,"weightedMode":0}]}],"linguisticTags":{"expression":""},"version":12,"globalSpeed":1,"globalRepetitions":1}
