{
  "animTracks": [
    {
      "properties": [
        "Right Hand Configuration",
        "Left Hand Configuration",
        "Muscles",
        "Facial Expression"
      ],
      "loops": false,
      "keyFrames": [
        {
          "property": "Muscles",
          "index": 1,
          "time": 1,
          "ints": {},
          "floats": {
            "muscle0": 2.1398753E-12,
            "muscle1": -4.07110923E-13,
            "muscle2": -9.56710622E-13,
            "muscle3": -1.48849899E-12,
            "muscle4": -1.69222731E-25,
            "muscle5": -3.25688776E-13,
            "muscle6": 0,
            "muscle7": 0,
            "muscle8": 0,
            "muscle9": -3.96933029E-13,
            "muscle10": -4.0711097E-14,
            "muscle11": -3.25688776E-13,
            "muscle12": 1.38737931E-07,
            "muscle13": 1.30605528E-07,
            "muscle14": 1.02331555E-07,
            "muscle15": 0,
            "muscle16": -3.13225756E-09,
            "muscle17": 0,
            "muscle18": -2.60550999E-12,
            "muscle19": 0,
            "muscle20": 0,
            "muscle21": 0.527684987,
            "muscle22": -0.075982213,
            "muscle23": -0.588656247,
            "muscle24": 0.953825712,
            "muscle25": 0.4257029,
            "muscle26": -0.0594078712,
            "muscle27": 0.0538544767,
            "muscle28": 3.74593156E-07,
            "muscle29": 0.527683496,
            "muscle30": -0.0759853348,
            "muscle31": -0.588659286,
            "muscle32": 0.953825295,
            "muscle33": 0.425705791,
            "muscle34": -0.0593609177,
            "muscle35": 0.053863246,
            "muscle36": 1.94633657E-07,
            "muscle37": -0.499999434,
            "muscle38": 0.00360223628,
            "muscle39": -0.507659554,
            "muscle40": 0.061952915,
            "muscle41": -0.0135959936,
            "muscle42": -0.407866389,
            "muscle43": 0.0896018073,
            "muscle44": 0.200356439,
            "muscle45": -0.54380548,
            "muscle46": -0.499998987,
            "muscle47": 0.00360562769,
            "muscle48": -0.104328781,
            "muscle49": -0.220496327,
            "muscle50": 0.188593149,
            "muscle51": -0.320080578,
            "muscle52": 0.0872079283,
            "muscle53": -0.199636474,
            "muscle54": 0.0202562679,
            "muscle55": -0.999999344,
            "muscle56": -1.99999976,
            "muscle57": -0.999999642,
            "muscle58": -0.537782311,
            "muscle59": 0.422222346,
            "muscle60": -0.706916273,
            "muscle61": 0.866666377,
            "muscle62": 0.866666615,
            "muscle63": -0.999999464,
            "muscle64": -1.39999843,
            "muscle65": -1.99999964,
            "muscle66": 0.99999994,
            "muscle67": -0.99999994,
            "muscle68": 0.271548241,
            "muscle69": -2.00000072,
            "muscle70": 0.999998868,
            "muscle71": -0.99999994,
            "muscle72": -0.113273963,
            "muscle73": -2.00000095,
            "muscle74": 0.99999994,
            "muscle75": -0.033334326,
            "muscle76": -2,
            "muscle77": -0.0888888538,
            "muscle78": 0.999999821,
            "muscle79": -1.00000024,
            "muscle80": -0.831361413,
            "muscle81": 0.566665888,
            "muscle82": 1.00000012,
            "muscle83": -0.999999583,
            "muscle84": -1.27681732,
            "muscle85": -1.46666503,
            "muscle86": -0.71999979,
            "muscle87": -0.99999994,
            "muscle88": 0.271548301,
            "muscle89": -1.46666646,
            "muscle90": -0.800000072,
            "muscle91": -1,
            "muscle92": 0.228948593,
            "muscle93": -1.59999967,
            "muscle94": -0.520000458,
            "muscle-1": 1
          },
          "strings": {
            "interpolation": "default"
          },
          "inTangent": 0,
          "inWeight": 0,
          "outTangent": 0,
          "outWeight": 0,
          "weightedMode": 0
        },
        {
          "property": "Muscles",
          "index": 2,
          "time": 2,
          "ints": {},
          "floats": {
            "muscle0": 2.15925563E-12,
            "muscle1": 2.68220703E-07,
            "muscle2": -2.03555451E-14,
            "muscle3": -1.48849899E-12,
            "muscle4": -1.69222731E-25,
            "muscle5": -3.25688776E-13,
            "muscle6": 0,
            "muscle7": 0,
            "muscle8": 0,
            "muscle9": -3.96933029E-13,
            "muscle10": -4.0711097E-14,
            "muscle11": -3.25688776E-13,
            "muscle12": 3.62853484E-07,
            "muscle13": 2.83103785E-09,
            "muscle14": 9.36874827E-08,
            "muscle15": 0,
            "muscle16": -3.13225756E-09,
            "muscle17": 0,
            "muscle18": -2.60550999E-12,
            "muscle19": 0,
            "muscle20": 0,
            "muscle21": 0.524233282,
            "muscle22": -0.0713521019,
            "muscle23": -0.415075183,
            "muscle24": 0.939663529,
            "muscle25": 0.309937119,
            "muscle26": -0.0621742085,
            "muscle27": 0.0624389537,
            "muscle28": 3.74593156E-07,
            "muscle29": 0.524232566,
            "muscle30": -0.0713549033,
            "muscle31": -0.415079087,
            "muscle32": 0.93966347,
            "muscle33": 0.309940398,
            "muscle34": -0.0621278472,
            "muscle35": 0.0624477416,
            "muscle36": 3.996727E-07,
            "muscle37": -0.499998987,
            "muscle38": 0.00360289821,
            "muscle39": -0.507961869,
            "muscle40": 0.0619928613,
            "muscle41": -0.0134605346,
            "muscle42": -0.40790084,
            "muscle43": 0.0895071626,
            "muscle44": 0.200088546,
            "muscle45": -0.543728471,
            "muscle46": -0.499997675,
            "muscle47": 0.00360540743,
            "muscle48": 0.0137609532,
            "muscle49": -0.265497893,
            "muscle50": 0.292048991,
            "muscle51": -0.298930824,
            "muscle52": 0.0874227285,
            "muscle53": 0.760530412,
            "muscle54": 0.0202438999,
            "muscle55": -0.999999046,
            "muscle56": -1.99999893,
            "muscle57": -0.999999642,
            "muscle58": -0.537781775,
            "muscle59": 0.422222346,
            "muscle60": -0.706916273,
            "muscle61": 0.866665602,
            "muscle62": 0.866666615,
            "muscle63": -0.999999464,
            "muscle64": -1.39999855,
            "muscle65": -1.99999964,
            "muscle66": 0.999999464,
            "muscle67": -0.99999994,
            "muscle68": 0.271548241,
            "muscle69": -2.00000072,
            "muscle70": 0.999998689,
            "muscle71": -0.99999994,
            "muscle72": -0.113273963,
            "muscle73": -2.00000095,
            "muscle74": 0.999999702,
            "muscle75": -2.17777753,
            "muscle76": -1.49999917,
            "muscle77": 0.862217426,
            "muscle78": -0.999998868,
            "muscle79": -0.200000197,
            "muscle80": -1.14247203,
            "muscle81": -1.16666734,
            "muscle82": 1.00000012,
            "muscle83": -0.99999994,
            "muscle84": -1.39999843,
            "muscle85": -1.63333344,
            "muscle86": -0.999999344,
            "muscle87": -1.00000012,
            "muscle88": -0.070672892,
            "muscle89": -1.66666603,
            "muscle90": -1,
            "muscle91": -0.933333278,
            "muscle92": 0.0422823615,
            "muscle93": -1.93333352,
            "muscle94": -1.00000012,
            "duration": 0,
            "muscle-1": 1
          },
          "strings": {
            "interpolation": "default"
          },
          "inTangent": 0,
          "inWeight": 0,
          "outTangent": 0,