{"animTracks":[{"properties":["Right Hand Configuration","Left Hand Configuration","Muscles","Facial Expression"],"loops":false,"keyFrames":[{"property":"Muscles","index":1,"time":1,"ints":{},"floats":{"muscle0":2.13987573E-12,"muscle1":-2.03555461E-13,"muscle2":-4.68177526E-13,"muscle3":-1.25695407E-12,"muscle4":4.07110902E-14,"muscle5":3.35866507E-13,"muscle6":0,"muscle7":0,"muscle8":0,"muscle9":-4.8344396E-13,"muscle10":2.03555434E-14,"muscle11":3.25688695E-13,"muscle12":-5.336112E-08,"muscle13":9.37768405E-08,"muscle14":1.42673455E-08,"muscle15":0,"muscle16":1.88198235E-09,"muscle17":0,"muscle18":-2.60550977E-12,"muscle19":0,"muscle20":0,"muscle21":0.527684987,"muscle22":-0.0759823248,"muscle23":-0.588656723,"muscle24":0.953825772,"muscle25":0.425703287,"muscle26":-0.0594080128,"muscle27":0.0538538806,"muscle28":4.42761575E-07,"muscle29":0.527683914,"muscle30":-0.0759851784,"muscle31":-0.588661015,"muscle32":0.953825414,"muscle33":0.425707132,"muscle34":-0.0593613945,"muscle35":0.0538628362,"muscle36":-4.88385012E-07,"muscle37":-0.499999762,"muscle38":0.00360199227,"muscle39":-0.49508068,"muscle40":0.125810847,"muscle41":-0.0173409097,"muscle42":-0.334398776,"muscle43":0.204841822,"muscle44":-0.276863784,"muscle45":0.350270629,"muscle46":-0.499999315,"muscle47":0.00360633456,"muscle48":-0.212930769,"muscle49":-0.186860487,"muscle50":0.0308165904,"muscle51":-0.527726471,"muscle52":0.496025234,"muscle53":0.23575376,"muscle54":1.00073934,"muscle55":-2.4333334,"muscle56":-1.99999988,"muscle57":-0.577777803,"muscle58":-0.999999762,"muscle59":-0.999999821,"muscle60":-0.70691663,"muscle61":-2,"muscle62":1,"muscle63":-0.99999994,"muscle64":-1.39999855,"muscle65":-1.99999964,"muscle66":0.99999994,"muscle67":-1,"muscle68":-0.226229697,"muscle69":-2.00000072,"muscle70":0.999999404,"muscle71":-1,"muscle72":-0.299940646,"muscle73":-2.00000024,"muscle74":0.999999702,"muscle75":-2.4333334,"muscle76":-1.99999988,"muscle77":-0.577777803,"muscle78":-0.999999464,"muscle79":-1,"muscle80":-0.706916332,"muscle81":-2.00000095,"muscle82":0.99999994,"muscle83":-0.999999881,"muscle84":-1.39999855,"muscle85":-2.00000095,"muscle86":0.99999994,"muscle87":-1,"muscle88":-0.226229772,"muscle89":-2.00000095,"muscle90":0.999998868,"muscle91":-0.999999881,"muscle92":-0.299940735,"muscle93":-2.00000095,"muscle94":0.999999702,"muscle-1":1},"strings":{"interpolation":"default"},"inTangent":0,"inWeight":0,"outTangent":0,"outWeight":0,"weightedMode":0},{"property":"Muscles","index":2,"time":1.53535342,"ints":{},"floats":{"muscle0":-5.33606283E-07,"muscle1":-1.83199918E-13,"muscle2":-4.07110902E-14,"muscle3":-1.25695407E-12,"muscle4":4.07110902E-14,"muscle5":3.35866507E-13,"muscle6":0,"muscle7":0,"muscle8":0,"muscle9":-4.8344396E-13,"muscle10":2.03555434E-14,"muscle11":3.25688695E-13,"muscle12":5.44280283E-07,"muscle13":3.06732204E-07,"muscle14":2.86725772E-08,"muscle15":0,"muscle16":-1.1253004E-06,"muscle17":0,"muscle18":-2.60550977E-12,"muscle19":0,"muscle20":0,"muscle21":-2.70346807E-15,"muscle22":-3.62853569E-07,"muscle23":2.13443272E-08,"muscle24":6.66176732E-08,"muscle25":5.92898231E-10,"muscle26":-8.0041211E-08,"muscle27":2.47905547E-07,"muscle28":2.37855957E-07,"muscle29":1.50264066E-06,"muscle30":2.11664528E-07,"muscle31":8.89346978E-08,"muscle32":-1.75757293E-07,"muscle33":-1.4229558E-08,"muscle34":-1.59495562E-06,"muscle35":4.98589714E-07,"muscle36":-1.00051558E-08,"muscle37":-0.499999821,"muscle38":0.00360311777,"muscle39":-0.495298952,"muscle40":0.0910280496,"muscle41":0.00404264405,"muscle42":-0.39311564,"muscle43":0.207049474,"muscle44":-0.27701962,"muscle45":0.350376546,"muscle46":-0.499999553,"muscle47":0.00360655552,"muscle48":-0.225331128,"muscle49":-0.0628861934,"muscle50":-0.0254842751,"muscle51":-0.524720788,"muscle52":0.498136789,"muscle53":0.235877275,"muscle54":1.00051856,"muscle55":-2.4333334,"muscle56":-1.99999988,"muscle57":-0.577777803,"muscle58":-0.999999762,"muscle59":-0.999999821,"muscle60":-0.70691663,"muscle61":-2,"muscle62":1,"muscle63":-0.99999994,"muscle64":-1.39999866,"muscle65":-1.99999964,"muscle66":0.999999702,"muscle67":-1,"muscle68":-0.226229697,"muscle69":-2.00000072,"muscle70":0.999998808,"muscle71":-1,"muscle72":-0.299940675,"muscle73":-2.00000095,"muscle74":0.999999404,"muscle75":-2.4333334,"muscle76":-1.99999988,"muscle77":-0.577777863,"muscle78":-0.999999464,"muscle79":-1,"muscle80":-0.706916332,"muscle81":-2.00000095,"muscle82":0.999999702,"muscle83":-0.999999523,"muscle84":-1.39999843,"muscle85":-2.00000095,"muscle86":0.999999702,"muscle87":-1,"muscle88":-0.226229772,"muscle89":-2.00000095,"muscle90":0.999998808,"muscle91":-0.999999583,"muscle92":-0.299940675,"muscle93":-2.00000095,"muscle94":0.999999464,"duration":0,"muscle-1":1},"strings":{"interpolation":"smooth"},"inTangent":0,"inWeight":0,"outTangent":0,"outWeight":0,"weightedMode":0},{"property":"Left Hand Configuration","index":1,"time":1,"ints":{"hash":-516929536},"floats":{},"strings":{"name":"G"},"inTangent":0,"inWeight":0,"outTangent":0,"outWeight":0,"weightedMode":0},{"property":"Left Hand Configuration","index":2,"time":1.53535342,"ints":{"hash":1780134912},"floats":{"duration":0},"strings":{"name":"G"},"inTangent":0,"inWeight":0,"outTangent":0,"outWeight":0,"weightedMode":0},{"property":"Right Hand Configuration","index":1,"time":1,"ints":{"hash":-1089008640},"floats":{},"strings":{"name":"G"},"inTangent":0,"inWeight":0,"outTangent":0,"outWeight":0,"weightedMode":0},{"property":"Right Hand Configuration","index":2,"time":1.53535342,"ints":{"hash":635976704},"floats":{"duration":0},"strings":{"name":"G"},"inTangent":0,"inWeight":0,"outTangent":0,"outWeight":0,"weightedMode":0},{"property":"Facial Expression","index":1,"time":1,"ints":{},"floats":{},"strings":{"faceName":"Neutra"},"inTangent":0,"inWeight":0,"outTangent":0,"outWeight":0,"weightedMode":0},{"property":"Facial Expression","index":2,"time":1.53535342,"ints":{},"floats":{"duration":0},"strings":{"faceName":"Neutra"},"inTangent":0,"inWeight":0,"outTangent":0,"outWeight":0,"weightedMode":0}]},{"properties":["Face Animation Neutra"],"loops":false,"keyFrames":[{"property":"Face Animation Neutra","index":0,"time":0,"ints":{},"floats":{"girl_head_.blendShape.mClose":100,"girl_head_.blendShape.A":0,"girl_head_.blendShape.Cons":0,"girl_head_.blendShape.Fv":0,"girl_head_.blendShape.mLSide":0,"girl_head_.blendShape.mLSideUp":0,"girl_head_.blendShape.mRSide":0,"girl_head_.blendShape.mRSideUp":0,"girl_head_.blendShape.O":0,"girl_head_.blendShape.smile":0,"girl_head_.blendShape.U":0,"girl_hair.blendShape.cheek1":0,"girl_hair.blendShape.cheek2":0,"girl_hair.blendShape.cheek3":0,"girl_head_.blendShape.Bmp":0,"girl_head_.blendShape.E":0,"girl_head_.blendShape.F001":0,"girl_head_.blendShape.F003":0,"girl_head_.blendShape.F005":0,"girl_head_.blendShape.F006":0,"girl_head_.blendShape.F007":0,"girl_head_.blendShape.F007left":0,"girl_head_.blendShape.F008":0,"girl_head_.blendShape.F017":0,"girl_head_.blendShape.F019":0,"girl_head_.blendShape.F024":0,"girl_head_.blendShape.F031":0,"girl_head_.blendShape.LEyeBMad":0,"girl_head_.blendShape.LEyeClose":0,"girl_head_.blendShape.LEyeLidUp":0,"girl_head_.blendShape.LEyeMad":0,"girl_head_.blendShape.LEyeSad":0,"girl_head_.blendShape.LeyeBUp":0,"girl_head_.blendShape.mSad":0,"girl_head_.blendShape.REyeBMad":0,"girl_head_.blendShape.REyeClose":0,"girl_head_.blendShape.REyeLidUp":0,"girl_head_.blendShape.REyeMad":0,"girl_head_.blendShape.REyeSad":0,"girl_head_.blendShape.ReyeBSad":0,"girl_head_.blendShape.ReyeBUp":0,