{
  "animTracks": [
    {
      "properties": [
        "Right Hand Configuration",
        "Left Hand Configuration",
        "Muscles",
        "Facial Expression"
      ],
      "loops": false,
      "keyFrames": [
        {
          "property": "Muscles",
          "index": 1,
          "time": 0.999999881,
          "ints": {},
          "floats": {
            "muscle0": 2.1398753E-12,
            "muscle1": -4.07110923E-13,
            "muscle2": -9.56710622E-13,
            "muscle3": -1.48849899E-12,
            "muscle4": -1.69222731E-25,
            "muscle5": -3.25688776E-13,
            "muscle6": 0,
            "muscle7": 0,
            "muscle8": 0,
            "muscle9": -3.96933029E-13,
            "muscle10": -4.0711097E-14,
            "muscle11": -3.25688776E-13,
            "muscle12": -0.223999664,
            "muscle13": 0.197000384,
            "muscle14": -0.120000027,
            "muscle15": 0,
            "muscle16": -3.13225756E-09,
            "muscle17": 0,
            "muscle18": -2.60550999E-12,
            "muscle19": 0,
            "muscle20": 0,
            "muscle21": 0.527684987,
            "muscle22": -0.075982213,
            "muscle23": -0.588656247,
            "muscle24": 0.953825712,
            "muscle25": 0.4257029,
            "muscle26": -0.0594078712,
            "muscle27": 0.0538544767,
            "muscle28": 3.74593156E-07,
            "muscle29": 0.527683496,
            "muscle30": -0.0759853348,
            "muscle31": -0.588659286,
            "muscle32": 0.953825295,
            "muscle33": 0.425705791,
            "muscle34": -0.0593609177,
            "muscle35": 0.053863246,
            "muscle36": 1.94633657E-07,
            "muscle37": -0.499999434,
            "muscle38": 0.00360223628,
            "muscle39": -0.099749729,
            "muscle40": -0.441666305,
            "muscle41": -0.275560796,
            "muscle42": -0.46604991,
            "muscle43": 0.466481298,
            "muscle44": -0.28002286,
            "muscle45": 0.340358168,
            "muscle46": -0.499998987,
            "muscle47": 0.00360562769,
            "muscle48": -0.323877603,
            "muscle49": -0.386699706,
            "muscle50": -0.262324989,
            "muscle51": -0.555356205,
            "muscle52": 0.380370677,
            "muscle53": -0.279846042,
            "muscle54": 0.415673465,
            "muscle55": -2.31111145,
            "muscle56": -1.66111195,
            "muscle57": -0.311111093,
            "muscle58": -1,
            "muscle59": -0.999999881,
            "muscle60": -0.706916988,
            "muscle61": -2,
            "muscle62": 0.99999994,
            "muscle63": -1,
            "muscle64": -1.39999998,
            "muscle65": -2,
            "muscle66": 0.99999994,
            "muscle67": -1,
            "muscle68": 0.271548361,
            "muscle69": -2,
            "muscle70": 0.999999642,
            "muscle71": -1,
            "muscle72": -0.113273621,
            "muscle73": -2,
            "muscle74": 1,
            "muscle75": -2.31111121,
            "muscle76": -1.66111183,
            "muscle77": -0.311111718,
            "muscle78": -0.999998868,
            "muscle79": -1,
            "muscle80": -0.706916273,
            "muscle81": -2.00000095,
            "muscle82": 1.00000012,
            "muscle83": -0.999999583,
            "muscle84": -1.39999855,
            "muscle85": -2.00000095,
            "muscle86": 0.999999702,
            "muscle87": -0.99999994,
            "muscle88": 0.271548301,
            "muscle89": -2.00000072,
            "muscle90": 0.999998808,
            "muscle91": -0.999998629,
            "muscle92": -0.113273963,
            "muscle93": -2.00000072,
            "muscle94": 0.99999994,
            "muscle-1": 1,
            "duration": 0.464646459
          },
          "strings": {
            "interpolation": "smooth"
          },
          "inTangent": 0,
          "inWeight": 0,
          "outTangent": 0,
          "outWeight": 0,
          "weightedMode": 0
        },
        {
          "property": "Left Hand Configuration",
          "index": 1,
          "time": 0.999999881,
          "ints": {
            "hash": -1275570176
          },
          "floats": {
            "duration": 0.464646459
          },
          "strings": {
            "name": "0Ec"
          },
          "inTangent": 0,
          "inWeight": 0,
          "outTangent": 0,
          "outWeight": 0,
          "weightedMode": 0
        },
        {
          "property": "Right Hand Configuration",
          "index": 1,
          "time": 0.999999881,
          "ints": {
            "hash": 1875238912
          },
          "floats": {
            "duration": 0.464646459
          },
          "strings": {
            "name": "0Ec"
          },
          "inTangent": 0,
          "inWeight": 0,
          "outTangent": 0,
          "outWeight": 0,
          "weightedMode": 0
        },
        {
          "property": "Facial Expression",
          "index": 1,
          "time": 0.999999881,
          "ints": {},
          "floats": {
            "duration": 0.464646459
          },
          "strings": {
            "faceName": "Alegre"
          },
          "inTangent": 0,
          "inWeight": 0,
          "outTangent": 0,
          "outWeight": 0,
          "weightedMode": 0
        }
      ]
    },
    {
      "properties": [
        "Face Animation Alegre"
      ],
      "loops": false,
      "keyFrames": [
        {
          "property": "Face Animation Alegre",
          "index": 0,
          "time": 0,
          "ints": {},
          "floats": {
            "girl_head_.blendShape.mSad": 0,
            "girl_head_.blendShape.smile": 56.9000015,
            "girl_head_.blendShape.REyeClose": 0,
            "muscle15": 0,
            "muscle17": 0,
            "girl_hair.blendShape.cheek1": 0,
            "girl_hair.blendShape.cheek2": 0,
            "girl_hair.blendShape.cheek3": 0,
            "girl_head_.blendShape.A": 0,
            "girl_head_.blendShape.Bmp": 0,
            "girl_head_.blendShape.Cons": 0,
            "girl_head_.blendShape.E": 0,
            "girl_head_.blendShape.F001": 0,
            "girl_head_.blendShape.F003": 0,
            "girl_head_.blendShape.F005": 0,
            "girl_head_.blendShape.F006": 0,
            "girl_head_.blendShape.F007": 0,
            "girl_head_.blendShape.F007left": 0,
            "girl_head_.blendShape.F008": 0,
            "girl_head_.blendShape.F017": 0,
            "girl_head_.blendShape.F019": 0,
            "girl_head_.blendShape.F024": 0,
            "girl_head_.blendShape.F031": 0,
            "girl_head_.blendShape.Fv": 0,
            "girl_head_.blendShape.LEyeBMad": 0,
            "girl_head_.blendShape.LEyeClose": 0,
            "girl_head_.blendShape.LEyeLidUp": 0,
            "girl_head_.blendShape.LEyeMad": 0,
            "girl_head_.blendShape.LEyeSad": 0,
            "girl_head_.blendShape.LeyeBUp": 0,
            "girl_head_.blendShape.O": 0,
            "girl_head_.blendShape.REyeBMad": 0,
            "girl_head_.blendShape.REyeLidUp": 0,
            "girl_head_.blendShape.REyeMad": 0,
            "girl_head_.blendShape.REyeSad": 0,
            "girl_head_.blendShape.ReyeBSad": 0,
            "girl_head_.blendShape.ReyeBUp": 0,
            "girl_head_.blendShape.ReyeLSad": 0,
            "girl_head_.blendShape.U": 0,
            "girl_head_.blendShape.mClose": 100,
            "girl_head_.blendShape.mLSide": 0,
            "girl_head_.blendShape.mLSideUp": 0,
            "girl_head_.blendShape.mRSide": 0,