{"animTracks":[{"properties":["Right Hand Configuration","Left Hand Configuration","Muscles","Facial Expression"],"loops":false,"keyFrames":[{"property":"Muscles","index":3,"time":1.01010084,"ints":{},"floats":{"muscle0":2.24928734E-12,"muscle1":-2.84977662E-13,"muscle2":3.4604432E-13,"muscle3":-2.13454836E-08,"muscle4":1.62844388E-13,"muscle5":-6.31021982E-13,"muscle6":0,"muscle7":0,"muscle8":0,"muscle9":-5.33609466E-07,"muscle10":-3.14621647E-14,"muscle11":2.68220447E-07,"muscle12":1.00318425E-06,"muscle13":-1.99461653E-07,"muscle14":-1.08296504E-07,"muscle15":-0.324147463,"muscle16":-1.97231259E-07,"muscle17":-0.324148148,"muscle18":-2.77395998E-07,"muscle19":0,"muscle20":0,"muscle21":0.520547271,"muscle22":-0.0643806979,"muscle23":-0.236127034,"muscle24":0.924840093,"muscle25":0.190178528,"muscle26":0.0571615361,"muscle27":-0.0469696894,"muscle28":4.42761603E-07,"muscle29":0.520544648,"muscle30":-0.0643845201,"muscle31":-0.236130133,"muscle32":0.924838662,"muscle33":0.190181807,"muscle34":0.0571650378,"muscle35":-0.0469185598,"muscle36":3.96204285E-07,"muscle37":-0.499999702,"muscle38":0.00360017479,"muscle39":-0.1533923,"muscle40":-0.238832697,"muscle41":0.591180921,"muscle42":-0.939093769,"muscle43":1.27251875,"muscle44":-0.311022013,"muscle45":0.019482458,"muscle46":-0.500002027,"muscle47":0.00360537064,"muscle48":-0.251813471,"muscle49":-0.567823172,"muscle50":-0.335269451,"muscle51":-0.200599805,"muscle52":0.188173056,"muscle53":0.222564086,"muscle54":-0.105420716,"muscle55":-2.43333316,"muscle56":-2,"muscle57":-0.577777684,"muscle58":-1,"muscle59":-0.999999881,"muscle60":-0.706916988,"muscle61":-2,"muscle62":0.99999994,"muscle63":-1,"muscle64":-1.39999998,"muscle65":-2,"muscle66":0.99999994,"muscle67":-1,"muscle68":-0.226229638,"muscle69":-2,"muscle70":0.999999642,"muscle71":-1,"muscle72":-0.299940258,"muscle73":-2,"muscle74":1,"muscle75":-0.244408309,"muscle76":0.138868704,"muscle77":0.639900088,"muscle78":0.639900744,"muscle79":-0.999849737,"muscle80":-0.706811309,"muscle81":-1.99970484,"muscle82":0.999852598,"muscle83":-0.999852359,"muscle84":-1.39979267,"muscle85":-1.99970627,"muscle86":0.999851942,"muscle87":-0.999851763,"muscle88":0.271506578,"muscle89":-1.99970627,"muscle90":0.999851942,"muscle91":-0.999852359,"muscle92":-0.113257922,"muscle93":-1.99970615,"muscle94":0.999852717,"duration":0},"strings":{},"inTangent":0,"inWeight":0,"outTangent":0,"outWeight":0,"weightedMode":0},{"property":"Muscles","index":1,"time":2.01010084,"ints":{},"floats":{"muscle0":1.70762482E-12,"muscle1":-1.22132962E-13,"muscle2":-5.36441632E-07,"muscle3":-2.13454836E-08,"muscle4":1.62844388E-13,"muscle5":-6.31021982E-13,"muscle6":0,"muscle7":0,"muscle8":0,"muscle9":-5.33609466E-07,"muscle10":-3.14621647E-14,"muscle11":2.68220447E-07,"muscle12":1.36603774E-06,"muscle13":-7.62418949E-07,"muscle14":6.23774099E-07,"muscle15":0,"muscle16":-1.31784475E-06,"muscle17":0,"muscle18":-2.77395998E-07,"muscle19":0,"muscle20":0,"muscle21":0.519560814,"muscle22":-0.0619057752,"muscle23":-0.184100434,"muscle24":0.920474112,"muscle25":0.155274212,"muscle26":0.0564645119,"muscle27":-0.0425092503,"muscle28":1.12591374E-06,"muscle29":0.519557714,"muscle30":-0.0619096942,"muscle31":-0.18410404,"muscle32":0.920473039,"muscle33":0.155277863,"muscle34":0.0564687438,"muscle35":-0.042458605,"muscle36":7.38113954E-07,"muscle37":-0.499999434,"muscle38":0.00359901134,"muscle39":-0.023441311,"muscle40":-0.314859867,"muscle41":0.657697022,"muscle42":-0.966485143,"muscle43":1.30819798,"muscle44":-0.311123818,"muscle45":0.018993957,"muscle46":-0.500002146,"muscle47":0.00360630569,"muscle48":-0.219003096,"muscle49":-0.376535326,"muscle50":-0.518887281,"muscle51":0.0923526138,"muscle52":-0.0408382602,"muscle53":0.22216548,"muscle54":-0.105164424,"muscle55":-2.43333316,"muscle56":-2,"muscle57":-0.577777684,"muscle58":-1,"muscle59":-0.999999881,"muscle60":-0.706916988,"muscle61":-2,"muscle62":0.99999994,"muscle63":-1,"muscle64":-1.39999998,"muscle65":-2,"muscle66":0.99999994,"muscle67":-1,"muscle68":-0.226229638,"muscle69":-2,"muscle70":0.999999642,"muscle71":-1,"muscle72":-0.299940258,"muscle73":-2,"muscle74":1,"muscle75":-0.244408309,"muscle76":0.138868704,"muscle77":0.63989979,"muscle78":0.639900744,"muscle79":-0.999849737,"muscle80":-0.706811309,"muscle81":-1.99970484,"muscle82":0.999852896,"muscle83":-0.999852359,"muscle84":-1.39979267,"muscle85":-1.99970627,"muscle86":0.999851942,"muscle87":-0.999851525,"muscle88":0.271506757,"muscle89":-1.99970627,"muscle90":0.999851942,"muscle91":-0.999852359,"muscle92":-0.113257922,"muscle93":-1.99970615,"muscle94":0.999852896,"duration":0,"muscle-1":1},"strings":{"interpolation":"default"},"inTangent":0,"inWeight":0,"outTangent":0,"outWeight":0,"weightedMode":0},{"property":"Left Hand Configuration","index":3,"time":1.01010084,"ints":{"hash":1349547008},"floats":{"duration":0},"strings":{"name":"G"},"inTangent":0,"inWeight":0,"outTangent":0,"outWeight":0,"weightedMode":0},{"property":"Left Hand Configuration","index":1,"time":2.01010084,"ints":{"hash":-715686912},"floats":{"duration":0},"strings":{"name":"G"},"inTangent":0,"inWeight":0,"outTangent":0,"outWeight":0,"weightedMode":0},{"property":"Right Hand Configuration","index":3,"time":1.01010084,"ints":{"hash":777467904},"floats":{"duration":0},"strings":{"name":"B"},"inTangent":0,"inWeight":0,"outTangent":0,"outWeight":0,"weightedMode":0},{"property":"Right Hand Configuration","index":1,"time":2.01010084,"ints":{"hash":-1287766016},"floats":{"duration":0},"strings":{"name":"B"},"inTangent":0,"inWeight":0,"outTangent":0,"outWeight":0,"weightedMode":0},{"property":"Facial Expression","index":3,"time":1.01010084,"ints":{},"floats":{},"strings":{"faceName":"Neutra"},"inTangent":0,"inWeight":0,"outTangent":0,"outWeight":0,"weightedMode":0},{"property":"Facial Expression","index":1,"time":2.01010084,"ints":{},"floats":{},"strings":{"faceName":"Neutra"},"inTangent":0,"inWeight":0,"outTangent":0,"outWeight":0,"weightedMode":0}]},{"properties":["Face Animation Neutra"],"loops":false,"keyFrames":[{"property":"Face Animation Neutra","index":0,"time":0,"ints":{},"floats":{"girl_head_.blendShape.mClose":100,"girl_head_.blendShape.A":0,"girl_head_.blendShape.Cons":0,"girl_head_.blendShape.Fv":0,"girl_head_.blendShape.mLSide":0,"girl_head_.blendShape.mLSideUp":0,"girl_head_.blendShape.mRSide":0,"girl_head_.blendShape.mRSideUp":0,"girl_head_.blendShape.O":0,"girl_head_.blendShape.smile":0,"girl_head_.blendShape.U":0,"girl_hair.blendShape.cheek1":0,"girl_hair.blendShape.cheek2":0,"girl_hair.blendShape.cheek3":0,"girl_head_.blendShape.Bmp":0,"girl_head_.blendShape.E":0,"girl_head_.blendShape.F001":0,"girl_head_.blendShape.F003":0,"girl_head_.blendShape.F005":0,"girl_head_.blendShape.F006":0,"girl_head_.blendShape.F007":0,"girl_head_.blendShape.F007left":0,"girl_head_.blendShape.F008":0,"girl_head_.blendShape.F017":0,"girl_head_.blendShape.F019":0,"girl_head_.blendShape.F024":0,"girl_head_.blendShape.F031":0,"girl_head_.blendShape.LEyeBMad":0,"girl_head_.blendShape.LEyeClose":0,"girl_head_.blendShape.LEyeLidUp":0,"girl_head_.blendShape.LEyeMad":0,"girl_head_.blendShape.LEyeSad":0,"girl_head_.blendShape.LeyeBUp":0,"girl_head_.blendShape.mSad":0,"girl_head_.blendShape.REyeBMad":0,"girl_head_.blendShape.REyeClose":0,"girl_head_.blendShape.REyeLidUp":0,"girl_head_.blendShape.REyeMad":0,"girl_head_.blendShape.REyeSad":0,"girl_head_.blendShape.ReyeBSad":0,"girl_head_.blendShape.ReyeBUp":0,