{
  "animTracks": [
    {
      "properties": [
        "Right Hand Configuration",
        "Left Hand Configuration",
        "Muscles"
      ],
      "loops": false,
      "keyFrames": [
        {
          "property": "Muscles",
          "index": 1,
          "time": 1,
          "ints": {},
          "floats": {
            "muscle0": 2.1398753E-12,
            "muscle1": -4.07110923E-13,
            "muscle2": -9.56710622E-13,
            "muscle3": -1.48849899E-12,
            "muscle4": -1.69222731E-25,
            "muscle5": -3.25688776E-13,
            "muscle6": 0,
            "muscle7": 0,
            "muscle8": 0,
            "muscle9": -3.96933029E-13,
            "muscle10": -4.0711097E-14,
            "muscle11": -3.25688776E-13,
            "muscle12": 1.38737931E-07,
            "muscle13": 1.30605528E-07,
            "muscle14": 1.02331555E-07,
            "muscle15": 0,
            "muscle16": -3.13225756E-09,
            "muscle17": 0,
            "muscle18": -2.60550999E-12,
            "muscle19": 0,
            "muscle20": 0,
            "muscle21": 0.527684987,
            "muscle22": -0.075982213,
            "muscle23": -0.588656247,
            "muscle24": 0.953825712,
            "muscle25": 0.4257029,
            "muscle26": -0.0594078712,
            "muscle27": 0.0538544767,
            "muscle28": 3.74593156E-07,
            "muscle29": 0.527683496,
            "muscle30": -0.0759853348,
            "muscle31": -0.588659286,
            "muscle32": 0.953825295,
            "muscle33": 0.425705791,
            "muscle34": -0.0593609177,
            "muscle35": 0.053863246,
            "muscle36": 1.94633657E-07,
            "muscle37": -0.499999434,
            "muscle38": 0.00360223628,
            "muscle39": -0.512600362,
            "muscle40": 0.210586652,
            "muscle41": -0.169805929,
            "muscle42": 0.992770255,
            "muscle43": 0.268189847,
            "muscle44": -0.0158368628,
            "muscle45": 0.0202516299,
            "muscle46": -0.499998987,
            "muscle47": 0.00360562769,
            "muscle48": 0.531621635,
            "muscle49": 0.0618204214,
            "muscle50": 0.701132417,
            "muscle51": -0.0697704852,
            "muscle52": 0.836024702,
            "muscle53": -0.613831282,
            "muscle54": 0.0202562679,
            "muscle55": -1.017777E-14,
            "muscle56": 1.36603745E-07,
            "muscle57": 3.64950097E-08,
            "muscle58": 9.11422333E-08,
            "muscle59": -6.83018726E-08,
            "muscle60": 8.53773443E-08,
            "muscle61": -7.58909735E-08,
            "muscle62": -2.20871803E-18,
            "muscle63": 6.83018939E-08,
            "muscle64": -2.2767297E-07,
            "muscle65": -7.58909806E-08,
            "muscle66": 4.96961642E-17,
            "muscle67": 3.41509399E-08,
            "muscle68": -1.13836471E-07,
            "muscle69": -6.07127788E-07,
            "muscle70": -2.76089676E-19,
            "muscle71": -3.41509399E-08,
            "muscle72": 4.26886793E-08,
            "muscle73": 1.51781947E-07,
            "muscle74": 0,
            "muscle75": -0.999999642,
            "muscle76": -2,
            "muscle77": -0.999999464,
            "muscle78": -0.537782431,
            "muscle79": 0.422222316,
            "muscle80": -0.706916392,
            "muscle81": 0.866666496,
            "muscle82": 0.866666317,
            "muscle83": -0.99999994,
            "muscle84": -1.39999843,
            "muscle85": -2.00000072,
            "muscle86": 0.99999994,
            "muscle87": -0.99999994,
            "muscle88": 0.271548301,
            "muscle89": -2,
            "muscle90": 0.999998987,
            "muscle91": -0.999999702,
            "muscle92": -0.113274008,
            "muscle93": -2.00000072,
            "muscle94": 0.99999994,
            "muscle-1": 1
          },
          "strings": {
            "interpolation": "default"
          },
          "inTangent": 0,
          "inWeight": 0,
          "outTangent": 0,
          "outWeight": 0,
          "weightedMode": 0
        },
        {
          "property": "Muscles",
          "index": 2,
          "time": 1.62626255,
          "ints": {},
          "floats": {
            "muscle0": -5.33606283E-07,
            "muscle1": -1.83199918E-13,
            "muscle2": -4.07110902E-14,
            "muscle3": -1.25695407E-12,
            "muscle4": 4.07110902E-14,
            "muscle5": 3.35866507E-13,
            "muscle6": 0,
            "muscle7": 0,
            "muscle8": 0,
            "muscle9": -4.8344396E-13,
            "muscle10": 2.03555434E-14,
            "muscle11": 3.25688695E-13,
            "muscle12": 5.54952464E-07,
            "muscle13": 3.06732261E-07,
            "muscle14": 2.8672579E-08,
            "muscle15": 0,
            "muscle16": 4.83886538E-07,
            "muscle17": 0,
            "muscle18": -2.60550999E-12,
            "muscle19": 0,
            "muscle20": 0,
            "muscle21": 0.520545959,
            "muscle22": -0.0643811449,
            "muscle23": -0.236129299,
            "muscle24": 0.924838781,
            "muscle25": 0.190328762,
            "muscle26": -0.0649218336,
            "muscle27": 0.0751690194,
            "muscle28": 7.84804456E-07,
            "muscle29": 0.520545304,
            "muscle30": -0.0643841326,
            "muscle31": -0.236130729,
            "muscle32": 0.92483896,
            "muscle33": 0.190331265,
            "muscle34": -0.0648755208,
            "muscle35": 0.0751777142,
            "muscle36": -4.88385012E-07,
            "muscle37": -0.499999762,
            "muscle38": 0.00360199227,
            "muscle39": -0.516916394,
            "muscle40": 0.211186424,
            "muscle41": -0.0540141128,
            "muscle42": 0.984187424,
            "muscle43": 0.152993485,
            "muscle44": -0.0189217571,
            "muscle45": 0.0221436154,
            "muscle46": -0.499999255,
            "muscle47": 0.00360562,
            "muscle48": 0.607798517,
            "muscle49": 0.0318175629,
            "muscle50": 0.704651535,
            "muscle51": -0.0742166266,
            "muscle52": 0.836071849,
            "muscle53": -0.613818765,
            "muscle54": 0.020119274,
            "muscle55": -1.70754689E-07,
            "muscle56": 1.36603745E-07,
            "muscle57": -1.0672168E-08,
            "muscle58": -5.17975366E-07,
            "muscle59": -6.83018655E-08,
            "muscle60": 8.53773372E-08,
            "muscle61": -7.58909735E-08,
            "muscle62": 4.96961311E-17,
            "muscle63": 6.83018726E-08,
            "muscle64": -1.13836457E-07,
            "muscle65": -7.58909806E-08,
            "muscle66": 6.84702524E-17,
            "muscle67": 3.41509363E-08,
            "muscle68": -5.69182284E-08,
            "muscle69": 0,
            "muscle70": 7.58909735E-08,
            "muscle71": -3.18055313E-17,
            "muscle72": 4.26886722E-08,
            "muscle73": 7.58909735E-08,
            "muscle74": -7.58909735E-08,
            "muscle75": -1.66666639,
            "muscle76": -1.22777867,
            "muscle77": -0.13333258,
            "muscle78": -0.999998868,
            "muscle79": 0.688888192,
            "muscle80": -1.39999914,
            "muscle81": -1.53333235,
            "muscle82": -0.999999821,
            "muscle83": -0.999999404,
            "muscle84": -0.436818063,
            "muscle85": -2.00000095,
            "muscle86": 0.99999994,
            "muscle87": -0.999999404,
            "muscle88": 0.271548092,
            "muscle89": -2.00000095,
            "muscle90": 0.999999404,
            "muscle91": -0.999999523,
            "muscle92": 0.695616007,
            "muscle93": -2.00000095,
            "muscle94": 0.999999702,
            "duration": 0.333333343,
            "muscle-1": 1
          },
          "strings": {
            "interpolation": "default"
          },