{"animTracks":[{"properties":["Right Hand Configuration","Left Hand Configuration","Muscles","Facial Expression"],"loops":false,"keyFrames":[{"property":"Muscles","index":1,"time":1.02020192,"ints":{},"floats":{"muscle0":2.24928734E-12,"muscle1":4.07110902E-14,"muscle2":5.08888667E-13,"muscle3":2.13431885E-08,"muscle4":-4.07110868E-14,"muscle5":0,"muscle6":0,"muscle7":0,"muscle8":0,"muscle9":-2.13452704E-08,"muscle10":2.23540313E-14,"muscle11":2.682211E-07,"muscle12":5.33610773E-08,"muscle13":5.47929702E-09,"muscle14":-6.07868174E-07,"muscle15":0,"muscle16":-1.97229184E-07,"muscle17":0,"muscle18":1.55238649E-08,"muscle19":0,"muscle20":0,"muscle21":0.522007048,"muscle22":-0.0674840063,"muscle23":-0.30853039,"muscle24":0.930871546,"muscle25":0.238682657,"muscle26":-0.0525989458,"muscle27":0.0582351461,"muscle28":5.79231937E-07,"muscle29":0.522008479,"muscle30":-0.0674863905,"muscle31":-0.308531523,"muscle32":0.930871546,"muscle33":0.238684118,"muscle34":-0.0525496043,"muscle35":0.0582387112,"muscle36":-4.9172013E-07,"muscle37":-0.499999434,"muscle38":0.00360218296,"muscle39":-0.515926182,"muscle40":0.211084381,"muscle41":-0.0779879764,"muscle42":0.985979557,"muscle43":0.176826417,"muscle44":-0.0182119124,"muscle45":0.0217914302,"muscle46":-0.5,"muscle47":0.00360631221,"muscle48":0.75849241,"muscle49":0.404090494,"muscle50":1.15040112,"muscle51":-0.0899663046,"muscle52":0.0838182569,"muscle53":0.448193401,"muscle54":0.483277231,"muscle55":-1.36603751E-06,"muscle56":8.19622528E-07,"muscle57":-1.67169532E-08,"muscle58":-5.17475087E-07,"muscle59":-3.41509327E-08,"muscle60":1.70754674E-07,"muscle61":7.58909735E-08,"muscle62":7.58909593E-08,"muscle63":3.41509363E-08,"muscle64":-2.27672913E-07,"muscle65":0,"muscle66":-2.20871741E-18,"muscle67":-4.09811264E-07,"muscle68":1.78110954E-14,"muscle69":-7.58909735E-08,"muscle70":-8.28269027E-19,"muscle71":-6.36110494E-17,"muscle72":4.26886686E-08,"muscle73":4.41743481E-18,"muscle74":-3.31307611E-18,"muscle75":-2.43333173,"muscle76":-2,"muscle77":-0.577777684,"muscle78":-0.99999994,"muscle79":-0.999997497,"muscle80":-0.706916571,"muscle81":-2.00000095,"muscle82":0.999999464,"muscle83":-0.999999464,"muscle84":-1.39999878,"muscle85":-2.00000095,"muscle86":0.999999523,"muscle87":-1,"muscle88":-0.226229846,"muscle89":-2.00000095,"muscle90":0.999999464,"muscle91":-1.00000012,"muscle92":-0.299940705,"muscle93":-2.00000095,"muscle94":1,"duration":0,"muscle-1":1},"strings":{"interpolation":"default"},"inTangent":0,"inWeight":0,"outTangent":0,"outWeight":0,"weightedMode":0},{"property":"Muscles","index":2,"time":2.0151515,"ints":{},"floats":{"muscle0":2.24928734E-12,"muscle1":4.07110902E-14,"muscle2":5.08888667E-13,"muscle3":2.13431885E-08,"muscle4":-4.07110868E-14,"muscle5":0,"muscle6":0,"muscle7":0,"muscle8":0,"muscle9":-2.13452704E-08,"muscle10":2.23540313E-14,"muscle11":2.682211E-07,"muscle12":6.40332374E-08,"muscle13":-1.18073906E-08,"muscle14":-3.52319972E-07,"muscle15":0,"muscle16":-1.97229184E-07,"muscle17":0,"muscle18":1.55238649E-08,"muscle19":0,"muscle20":0,"muscle21":0.52423352,"muscle22":-0.0713516101,"muscle23":-0.415076315,"muscle24":0.939664245,"muscle25":0.309866577,"muscle26":-0.0509065613,"muscle27":0.051147189,"muscle28":2.37589148E-07,"muscle29":0.524234116,"muscle30":-0.0713540986,"muscle31":-0.415079236,"muscle32":0.939663708,"muscle33":0.309869498,"muscle34":-0.0508571789,"muscle35":0.0511497073,"muscle36":-8.17754753E-08,"muscle37":-0.499999434,"muscle38":0.00360218296,"muscle39":-0.514535069,"muscle40":0.210906535,"muscle41":-0.11397019,"muscle42":0.98865366,"muscle43":0.212615192,"muscle44":-0.0172156524,"muscle45":0.0212173704,"muscle46":-0.5,"muscle47":0.00360631221,"muscle48":0.471039891,"muscle49":-0.02818943,"muscle50":0.536983728,"muscle51":-0.174933225,"muscle52":0.0842587948,"muscle53":0.448168516,"muscle54":0.483276665,"muscle55":-1.36603751E-06,"muscle56":8.19622528E-07,"muscle57":-1.67169532E-08,"muscle58":-5.17475087E-07,"muscle59":-3.41509327E-08,"muscle60":1.70754674E-07,"muscle61":7.58909735E-08,"muscle62":7.58909593E-08,"muscle63":3.41509363E-08,"muscle64":-2.27672913E-07,"muscle65":0,"muscle66":-2.20871741E-18,"muscle67":-4.09811264E-07,"muscle68":1.78110954E-14,"muscle69":-7.58909735E-08,"muscle70":-8.28269027E-19,"muscle71":-6.36110494E-17,"muscle72":4.26886686E-08,"muscle73":4.41743481E-18,"muscle74":-3.31307611E-18,"muscle75":-0.156876743,"muscle76":0.505554318,"muscle77":0.639995039,"muscle78":0.639995337,"muscle79":0.553256035,"muscle80":0.288639098,"muscle81":0.77819562,"muscle82":0.77819562,"muscle83":0.665139258,"muscle84":-0.436818063,"muscle85":0.804009378,"muscle86":0.804010093,"muscle87":0.640952826,"muscle88":0.271548212,"muscle89":0.810933769,"muscle90":0.810934246,"muscle91":0.578116,"muscle92":0.695616066,"muscle93":0.811357975,"muscle94":0.811358154,"duration":0,"muscle-1":1},"strings":{"interpolation":"smooth"},"inTangent":0,"inWeight":0,"outTangent":0,"outWeight":0,"weightedMode":0},{"property":"Left Hand Configuration","index":1,"time":1.02020192,"ints":{"hash":-1856011264},"floats":{"duration":0},"strings":{"name":"-"},"inTangent":0,"inWeight":0,"outTangent":0,"outWeight":0,"weightedMode":0},{"property":"Left Hand Configuration","index":2,"time":2.0151515,"ints":{"hash":-1574345728},"floats":{"duration":0},"strings":{"name":"-"},"inTangent":0,"inWeight":0,"outTangent":0,"outWeight":0,"weightedMode":0},{"property":"Right Hand Configuration","index":1,"time":1.02020192,"ints":{"hash":1866876928},"floats":{"duration":0},"strings":{"name":"G"},"inTangent":0,"inWeight":0,"outTangent":0,"outWeight":0,"weightedMode":0},{"property":"Right Hand Configuration","index":2,"time":2.0151515,"ints":{"hash":-2146424832},"floats":{"duration":0},"strings":{"name":"m\u00C6o aberta"},"inTangent":0,"inWeight":0,"outTangent":0,"outWeight":0,"weightedMode":0},{"property":"Facial Expression","index":1,"time":1.02020192,"ints":{},"floats":{"duration":0},"strings":{"faceName":"Neutra"},"inTangent":0,"inWeight":0,"outTangent":0,"outWeight":0,"weightedMode":0},{"property":"Facial Expression","index":2,"time":2.0151515,"ints":{},"floats":{"duration":0},"strings":{"faceName":"Soprar"},"inTangent":0,"inWeight":0,"outTangent":0,"outWeight":0,"weightedMode":0}]},{"properties":["Face Animation Neutra"],"loops":false,"keyFrames":[{"property":"Face Animation Neutra","index":0,"time":0,"ints":{},"floats":{"girl_head_.blendShape.mClose":100,"girl_head_.blendShape.A":0,"girl_head_.blendShape.Cons":0,"girl_head_.blendShape.Fv":0,"girl_head_.blendShape.mLSide":0,"girl_head_.blendShape.mLSideUp":0,"girl_head_.blendShape.mRSide":0,"girl_head_.blendShape.mRSideUp":0,"girl_head_.blendShape.O":0,"girl_head_.blendShape.smile":0,"girl_head_.blendShape.U":0,"girl_hair.blendShape.cheek1":0,"girl_hair.blendShape.cheek2":0,"girl_hair.blendShape.cheek3":0,"girl_head_.blendShape.Bmp":0,"girl_head_.blendShape.E":0,"girl_head_.blendShape.F001":0,"girl_head_.blendShape.F003":0,"girl_head_.blendShape.F005":0,"girl_head_.blendShape.F006":0,"girl_head_.blendShape.F007":0,"girl_head_.blendShape.F007left":0,"girl_head_.blendShape.F008":0,"girl_head_.blendShape.F017":0,"girl_head_.blendShape.F019":0,"girl_head_.blendShape.F024":0,"girl_head_.blendShape.F031":0,"girl_head_.blendShape.LEyeBMad":0,"girl_head_.blendShape.LEyeClose":0,"girl_head_.blendShape.LEyeLidUp":0,"girl_head_.blendShape.LEyeMad":0,"girl_head_.blendShape.LEyeSad":0,"girl_head_.blendShape.LeyeBUp":0,"girl_head_.blendShape.mSad":0,"girl_head_.blendShape.REyeBMad":0,"girl_head_.blendShape.REyeClose":0,"girl_head_.blendShape.REyeLidUp":0,"girl_head_.blendShape.REyeMad":0,"girl_head_.blendShape.REyeSad":0,"girl_head_.blendShape.ReyeBSad":0,"girl_head_.blendShape.ReyeBUp":0,