{"animTracks":[{"properties":["Right Hand Configuration","Left Hand Configuration","Muscles","Facial Expression"],"loops":false,"keyFrames":[{"property":"Muscles","index":1,"time":1.52525246,"ints":{},"floats":{"muscle0":1.70762482E-12,"muscle1":-1.22132962E-13,"muscle2":-5.36441632E-07,"muscle3":-2.13454836E-08,"muscle4":1.62844388E-13,"muscle5":-6.31021982E-13,"muscle6":0,"muscle7":0,"muscle8":0,"muscle9":-5.33609466E-07,"muscle10":-3.14621647E-14,"muscle11":2.68220447E-07,"muscle12":1.36603774E-06,"muscle13":-7.62418949E-07,"muscle14":6.23774099E-07,"muscle15":0,"muscle16":-1.31784475E-06,"muscle17":0,"muscle18":-2.77395998E-07,"muscle19":0,"muscle20":0,"muscle21":0.519560814,"muscle22":-0.0619057752,"muscle23":-0.184100434,"muscle24":0.920474112,"muscle25":0.155274212,"muscle26":0.0564645119,"muscle27":-0.0425092503,"muscle28":1.12591374E-06,"muscle29":0.519557714,"muscle30":-0.0619096942,"muscle31":-0.18410404,"muscle32":0.920473039,"muscle33":0.155277863,"muscle34":0.0564687438,"muscle35":-0.042458605,"muscle36":7.38113954E-07,"muscle37":-0.499999434,"muscle38":0.00359901134,"muscle39":-0.190775484,"muscle40":-0.289387912,"muscle41":0.697762191,"muscle42":-0.733082712,"muscle43":1.28957295,"muscle44":-0.311123818,"muscle45":0.018993957,"muscle46":-0.500002146,"muscle47":0.00360630569,"muscle48":-0.308986813,"muscle49":-0.231985182,"muscle50":-0.692521274,"muscle51":0.00608064607,"muscle52":-0.0419250093,"muscle53":0.999541461,"muscle54":0.038754493,"muscle55":-2.79999995,"muscle56":0.172221303,"muscle57":0.506661296,"muscle58":1,"muscle59":0.0888890028,"muscle60":-0.582472682,"muscle61":-1.33333325,"muscle62":-0.360000014,"muscle63":-1,"muscle64":-0.436818272,"muscle65":-2,"muscle66":0.99999994,"muscle67":-1,"muscle68":0.271548361,"muscle69":-2,"muscle70":0.999999642,"muscle71":-1,"muscle72":0.69561553,"muscle73":-2,"muscle74":1,"muscle75":-2.79999948,"muscle76":0.172222018,"muscle77":0.506661594,"muscle78":0.999999821,"muscle79":0.0888887793,"muscle80":-0.582472742,"muscle81":-1.33333337,"muscle82":-0.360000134,"muscle83":-1,"muscle84":-0.436818153,"muscle85":-2.00000095,"muscle86":1.00000012,"muscle87":-1,"muscle88":0.271548212,"muscle89":-2,"muscle90":0.999999464,"muscle91":-1.00000012,"muscle92":0.695616603,"muscle93":-2.00000095,"muscle94":1,"duration":0.459595948,"muscle-1":1},"strings":{"interpolation":"default"},"inTangent":0,"inWeight":0,"outTangent":0,"outWeight":0,"weightedMode":0},{"property":"Muscles","index":2,"time":1.01010072,"ints":{},"floats":{"muscle0":2.24928734E-12,"muscle1":4.07110902E-14,"muscle2":5.08888667E-13,"muscle3":2.13431885E-08,"muscle4":-4.07110868E-14,"muscle5":0,"muscle6":0,"muscle7":0,"muscle8":0,"muscle9":-5.33609295E-07,"muscle10":-3.14621071E-14,"muscle11":2.68220703E-07,"muscle12":1.70754697E-06,"muscle13":-7.1689243E-08,"muscle14":-9.96531E-08,"muscle15":-0.324147224,"muscle16":7.54565477E-08,"muscle17":-0.32414791,"muscle18":-1.25760167E-07,"muscle19":0,"muscle20":0,"muscle21":0.519559205,"muscle22":-0.0619079433,"muscle23":-0.184099317,"muscle24":0.920474112,"muscle25":0.155364916,"muscle26":-0.0476404354,"muscle27":0.061642319,"muscle28":1.12591374E-06,"muscle29":0.519555867,"muscle30":-0.0619111247,"muscle31":-0.184103087,"muscle32":0.92047286,"muscle33":0.155368581,"muscle34":-0.0475889258,"muscle35":0.0616441853,"muscle36":-4.9172013E-07,"muscle37":-0.499999702,"muscle38":0.00359945954,"muscle39":-0.297425985,"muscle40":-0.0922836214,"muscle41":0.138792321,"muscle42":-0.543890178,"muscle43":0.73104775,"muscle44":0.135969728,"muscle45":-0.750349998,"muscle46":-0.500002146,"muscle47":0.00360559789,"muscle48":0.0207014754,"muscle49":-0.451186299,"muscle50":-0.211166754,"muscle51":0.00176611904,"muscle52":-0.0941683501,"muscle53":0.806405783,"muscle54":-0.999947846,"muscle55":-2.79999995,"muscle56":0.172221303,"muscle57":0.506661296,"muscle58":1,"muscle59":0.0888890028,"muscle60":-0.582472682,"muscle61":-1.33333325,"muscle62":-0.360000014,"muscle63":-1,"muscle64":-0.436818272,"muscle65":-2,"muscle66":0.99999994,"muscle67":-1,"muscle68":0.271548361,"muscle69":-2,"muscle70":0.999999642,"muscle71":-1,"muscle72":0.69561553,"muscle73":-2,"muscle74":1,"muscle75":-2.79876924,"muscle76":0.172146067,"muscle77":0.50643903,"muscle78":0.999559045,"muscle79":0.0888493434,"muscle80":-0.582215309,"muscle81":-1.33274698,"muscle82":-0.359841526,"muscle83":-0.999559164,"muscle84":-0.436620355,"muscle85":-1.99912083,"muscle86":0.999559402,"muscle87":-0.9995597,"muscle88":0.271428138,"muscle89":-1.99912071,"muscle90":0.999559283,"muscle91":-0.99956131,"muscle92":0.695310831,"muscle93":-1.99912059,"muscle94":0.999559224,"duration":0},"strings":{},"inTangent":0,"inWeight":0,"outTangent":0,"outWeight":0,"weightedMode":0},{"property":"Left Hand Configuration","index":1,"time":1.52525246,"ints":{"hash":-851102720},"floats":{"duration":0.459595948},"strings":{"name":"E"},"inTangent":0,"inWeight":0,"outTangent":0,"outWeight":0,"weightedMode":0},{"property":"Left Hand Configuration","index":2,"time":1.01010072,"ints":{"hash":-1290082304},"floats":{"duration":0},"strings":{"name":"E"},"inTangent":0,"inWeight":0,"outTangent":0,"outWeight":0,"weightedMode":0},{"property":"Right Hand Configuration","index":1,"time":1.52525246,"ints":{"hash":-1423181824},"floats":{"duration":0.459595948},"strings":{"name":"E"},"inTangent":0,"inWeight":0,"outTangent":0,"outWeight":0,"weightedMode":0},{"property":"Right Hand Configuration","index":2,"time":1.01010072,"ints":{"hash":-1862161408},"floats":{"duration":0},"strings":{"name":"E"},"inTangent":0,"inWeight":0,"outTangent":0,"outWeight":0,"weightedMode":0},{"property":"Facial Expression","index":1,"time":1.52525246,"ints":{},"floats":{},"strings":{"faceName":"Neutra"},"inTangent":0,"inWeight":0,"outTangent":0,"outWeight":0,"weightedMode":0},{"property":"Facial Expression","index":2,"time":1.01010072,"ints":{},"floats":{},"strings":{"faceName":"Neutra"},"inTangent":0,"inWeight":0,"outTangent":0,"outWeight":0,"weightedMode":0}]},{"properties":["Face Animation Neutra"],"loops":false,"keyFrames":[{"property":"Face Animation Neutra","index":0,"time":0,"ints":{},"floats":{"girl_head_.blendShape.mClose":100,"girl_head_.blendShape.A":0,"girl_head_.blendShape.Cons":0,"girl_head_.blendShape.Fv":0,"girl_head_.blendShape.mLSide":0,"girl_head_.blendShape.mLSideUp":0,"girl_head_.blendShape.mRSide":0,"girl_head_.blendShape.mRSideUp":0,"girl_head_.blendShape.O":0,"girl_head_.blendShape.smile":0,"girl_head_.blendShape.U":0,"girl_hair.blendShape.cheek1":0,"girl_hair.blendShape.cheek2":0,"girl_hair.blendShape.cheek3":0,"girl_head_.blendShape.Bmp":0,"girl_head_.blendShape.E":0,"girl_head_.blendShape.F001":0,"girl_head_.blendShape.F003":0,"girl_head_.blendShape.F005":0,"girl_head_.blendShape.F006":0,"girl_head_.blendShape.F007":0,"girl_head_.blendShape.F007left":0,"girl_head_.blendShape.F008":0,"girl_head_.blendShape.F017":0,"girl_head_.blendShape.F019":0,"girl_head_.blendShape.F024":0,"girl_head_.blendShape.F031":0,"girl_head_.blendShape.LEyeBMad":0,"girl_head_.blendShape.LEyeClose":0,"girl_head_.blendShape.LEyeLidUp":0,"girl_head_.blendShape.LEyeMad":0,"girl_head_.blendShape.LEyeSad":0,"girl_head_.blendShape.LeyeBUp":0,"girl_head_.blendShape.mSad":0,"girl_head_.blendShape.REyeBMad":0,"girl_head_.blendShape.REyeClose":0,"girl_head_.blendShape.REyeLidUp":0,"girl_head_.blendShape.REyeMad":0,"girl_head_.blendShape.REyeSad":0,"girl_head_.blendShape.ReyeBSad":0,"girl_head_.blendShape.ReyeBUp":0,