{
  "animTracks": [
    {
      "properties": [
        "Right Hand Configuration",
        "Left Hand Configuration",
        "Muscles",
        "Facial Expression"
      ],
      "loops": false,
      "keyFrames": [
        {
          "property": "Muscles",
          "index": 1,
          "time": 1,
          "ints": {},
          "floats": {
            "muscle0": 2.1398753E-12,
            "muscle1": -4.07110923E-13,
            "muscle2": -9.56710622E-13,
            "muscle3": -1.48849899E-12,
            "muscle4": -1.69222731E-25,
            "muscle5": -3.25688776E-13,
            "muscle6": 0,
            "muscle7": 0,
            "muscle8": 0,
            "muscle9": -3.96933029E-13,
            "muscle10": -4.0711097E-14,
            "muscle11": -3.25688776E-13,
            "muscle12": 1.38737931E-07,
            "muscle13": 1.30605528E-07,
            "muscle14": 1.02331555E-07,
            "muscle15": 0,
            "muscle16": -3.13225756E-09,
            "muscle17": 0,
            "muscle18": -2.60550999E-12,
            "muscle19": 0,
            "muscle20": 0,
            "muscle21": 0.527684987,
            "muscle22": -0.075982213,
            "muscle23": -0.588656247,
            "muscle24": 0.953825712,
            "muscle25": 0.4257029,
            "muscle26": -0.0594078712,
            "muscle27": 0.0538544767,
            "muscle28": 3.74593156E-07,
            "muscle29": 0.527683496,
            "muscle30": -0.0759853348,
            "muscle31": -0.588659286,
            "muscle32": 0.953825295,
            "muscle33": 0.425705791,
            "muscle34": -0.0593609177,
            "muscle35": 0.053863246,
            "muscle36": 1.94633657E-07,
            "muscle37": -0.499999434,
            "muscle38": 0.00360223628,
            "muscle39": -0.512600362,
            "muscle40": 0.210586652,
            "muscle41": -0.169805929,
            "muscle42": 0.992770255,
            "muscle43": 0.268189847,
            "muscle44": -0.0158368628,
            "muscle45": 0.0202516299,
            "muscle46": -0.499998987,
            "muscle47": 0.00360562769,
            "muscle48": -0.04747862,
            "muscle49": -0.255295396,
            "muscle50": -0.0247854199,
            "muscle51": -0.296364874,
            "muscle52": 0.960224926,
            "muscle53": -0.0158368628,
            "muscle54": -0.681436062,
            "muscle55": -1.017777E-14,
            "muscle56": 1.36603745E-07,
            "muscle57": 3.64950097E-08,
            "muscle58": 9.11422333E-08,
            "muscle59": -6.83018726E-08,
            "muscle60": 8.53773443E-08,
            "muscle61": -7.58909735E-08,
            "muscle62": -2.20871803E-18,
            "muscle63": 6.83018939E-08,
            "muscle64": -2.2767297E-07,
            "muscle65": -7.58909806E-08,
            "muscle66": 4.96961642E-17,
            "muscle67": 3.41509399E-08,
            "muscle68": -1.13836471E-07,
            "muscle69": -6.07127788E-07,
            "muscle70": -2.76089676E-19,
            "muscle71": -3.41509399E-08,
            "muscle72": 4.26886793E-08,
            "muscle73": 1.51781947E-07,
            "muscle74": 0,
            "muscle75": -0.244445115,
            "muscle76": 0.138887912,
            "muscle77": 0.151106089,
            "muscle78": 0.999999821,
            "muscle79": -1,
            "muscle80": -0.706916273,
            "muscle81": -2.00000072,
            "muscle82": 1.00000012,
            "muscle83": -0.99999994,
            "muscle84": -1.39999843,
            "muscle85": -2.00000072,
            "muscle86": 0.99999994,
            "muscle87": -0.99999994,
            "muscle88": 0.271548301,
            "muscle89": -2,
            "muscle90": 0.999998987,
            "muscle91": -0.999999702,
            "muscle92": -0.113274008,
            "muscle93": -2.00000072,
            "muscle94": 0.99999994,
            "muscle-1": 1
          },
          "strings": {
            "interpolation": "default"
          },
          "inTangent": 0,
          "inWeight": 0,
          "outTangent": 0,
          "outWeight": 0,
          "weightedMode": 0
        },
        {
          "property": "Muscles",
          "index": 2,
          "time": 2,
          "ints": {},
          "floats": {
            "muscle0": 2.15925563E-12,
            "muscle1": 2.68220703E-07,
            "muscle2": -2.03555451E-14,
            "muscle3": -1.48849899E-12,
            "muscle4": -1.69222731E-25,
            "muscle5": -3.25688776E-13,
            "muscle6": 0,
            "muscle7": 0,
            "muscle8": 0,
            "muscle9": -4.02742049E-13,
            "muscle10": -5.36441689E-07,
            "muscle11": 1.57755495E-13,
            "muscle12": 5.54952464E-07,
            "muscle13": 4.09201448E-07,
            "muscle14": -2.21112842E-07,
            "muscle15": 0,
            "muscle16": -3.13225756E-09,
            "muscle17": 0,
            "muscle18": -2.60550999E-12,
            "muscle19": 0,
            "muscle20": 0,
            "muscle21": 0.524233043,
            "muscle22": -0.0713508204,
            "muscle23": -0.415075451,
            "muscle24": 0.939663708,
            "muscle25": 0.30993706,
            "muscle26": -0.0621742047,
            "muscle27": 0.062436115,
            "muscle28": 8.52839719E-07,
            "muscle29": 0.524231434,
            "muscle30": -0.0713535622,
            "muscle31": -0.415078282,
            "muscle32": 0.939663529,
            "muscle33": 0.309939951,
            "muscle34": -0.0621272698,
            "muscle35": 0.0624446385,
            "muscle36": 8.09750759E-07,
            "muscle37": -0.499998987,
            "muscle38": 0.00360269262,
            "muscle39": -0.514536858,
            "muscle40": 0.210906237,
            "muscle41": -0.113969661,
            "muscle42": 0.988652825,
            "muscle43": 0.212614939,
            "muscle44": -0.0172152277,
            "muscle45": 0.0212181769,
            "muscle46": -0.499997675,
            "muscle47": 0.00360540743,
            "muscle48": -0.0494069792,
            "muscle49": -0.25515309,
            "muscle50": -0.023466222,
            "muscle51": 0.112487182,
            "muscle52": -0.503328741,
            "muscle53": 0.269417375,
            "muscle54": 0.358398527,
            "muscle55": -1.017777E-14,
            "muscle56": 1.36603745E-07,
            "muscle57": 3.64950097E-08,
            "muscle58": 9.11422333E-08,
            "muscle59": -6.83018726E-08,
            "muscle60": 8.53773443E-08,
            "muscle61": -7.58909735E-08,
            "muscle62": -2.20871803E-18,
            "muscle63": 6.83018939E-08,
            "muscle64": -2.2767297E-07,
            "muscle65": -7.58909806E-08,
            "muscle66": 4.96961642E-17,
            "muscle67": 2.3905659E-07,
            "muscle68": -2.96851675E-15,
            "muscle69": -6.07127788E-07,
            "muscle70": -2.76089676E-19,
            "muscle71": -3.41509399E-08,
            "muscle72": 4.26886793E-08,
            "muscle73": 1.51781947E-07,
            "muscle74": 0,
            "muscle75": -0.244445115,
            "muscle76": 0.138887912,
            "muscle77": 0.151106089,
            "muscle78": 0.999999821,
            "muscle79": -1,
            "muscle80": -0.706916273,
            "muscle81": -2.00000095,
            "muscle82": 1.00000012,
            "muscle83": -0.99999994,
            "muscle84": -1.39999855,
            "muscle85": -2.00000095,
            "muscle86": 0.99999994,
            "muscle87": -0.99999994,
            "muscle88": 0.271546811,
            "muscle89": -2,
            "muscle90": 0.999998808,
            "muscle91": -0.999998629,
            "muscle92": -0.113273963,
            "muscle93": -2.00000072,
            "muscle94": 0.99999994,
            "duration": 0,
            "muscle-1": 1
          },
          "strings": {
            "interpolation": "default"
          },