{"animTracks":[{"properties":["Right Hand Configuration","Left Hand Configuration","Muscles","Facial Expression"],"loops":false,"keyFrames":[{"property":"Muscles","index":2,"time":1.01010084,"ints":{},"floats":{"muscle0":2.24928734E-12,"muscle1":-2.84977662E-13,"muscle2":3.4604432E-13,"muscle3":2.77475266E-07,"muscle4":8.14222618E-14,"muscle5":-6.92088639E-13,"muscle6":0,"muscle7":0,"muscle8":0,"muscle9":2.13433218E-08,"muscle10":6.10666438E-14,"muscle11":-1.5266661E-14,"muscle12":-2.13443201E-07,"muscle13":-2.90935418E-08,"muscle14":-9.67723039E-08,"muscle15":-0.324147046,"muscle16":-1.31784475E-06,"muscle17":-0.324148148,"muscle18":-2.77395998E-07,"muscle19":0,"muscle20":0,"muscle21":0.524232626,"muscle22":-0.0713517889,"muscle23":-0.415076196,"muscle24":0.939663708,"muscle25":0.309866786,"muscle26":-0.0509064868,"muscle27":0.0511473827,"muscle28":2.3772256E-07,"muscle29":0.524231613,"muscle30":-0.0713546053,"muscle31":-0.415077001,"muscle32":0.939663231,"muscle33":0.309868157,"muscle34":-0.0508560948,"muscle35":0.0511513427,"muscle36":3.96204285E-07,"muscle37":-0.499999821,"muscle38":0.00360197015,"muscle39":-0.514530659,"muscle40":0.210908368,"muscle41":-0.113972895,"muscle42":0.988652647,"muscle43":0.212617844,"muscle44":-0.0172190387,"muscle45":0.0212151278,"muscle46":-0.499999195,"muscle47":0.0036051874,"muscle48":0.430387437,"muscle49":-0.454554558,"muscle50":0.230131641,"muscle51":0.200454921,"muscle52":0.0885328501,"muscle53":0.271656901,"muscle54":0.475485891,"muscle55":0,"muscle56":0,"muscle57":0,"muscle58":0,"muscle59":0,"muscle60":0,"muscle61":0,"muscle62":0,"muscle63":0,"muscle64":0,"muscle65":0,"muscle66":0,"muscle67":0,"muscle68":0,"muscle69":0,"muscle70":0,"muscle71":0,"muscle72":0,"muscle73":0,"muscle74":0,"muscle75":-2.79958534,"muscle76":0.172195882,"muscle77":0.50658685,"muscle78":0.999852479,"muscle79":0.0888755471,"muscle80":-0.58238709,"muscle81":-1.33313632,"muscle82":-0.359947383,"muscle83":-0.999852479,"muscle84":-0.43675226,"muscle85":-1.99970686,"muscle86":0.999852717,"muscle87":-0.99985224,"muscle88":0.271508127,"muscle89":-1.9997046,"muscle90":0.999851227,"muscle91":-0.999852657,"muscle92":0.695514202,"muscle93":-1.99970615,"muscle94":0.999852717,"duration":0},"strings":{},"inTangent":0,"inWeight":0,"outTangent":0,"outWeight":0,"weightedMode":0},{"property":"Muscles","index":3,"time":1.51010084,"ints":{},"floats":{"muscle0":2.24928734E-12,"muscle1":-2.84977662E-13,"muscle2":3.4604432E-13,"muscle3":2.77475266E-07,"muscle4":8.14222618E-14,"muscle5":-6.92088639E-13,"muscle6":0,"muscle7":0,"muscle8":0,"muscle9":2.13433218E-08,"muscle10":6.10666438E-14,"muscle11":-1.5266661E-14,"muscle12":-4.26886601E-07,"muscle13":1.60814835E-07,"muscle14":2.58363798E-07,"muscle15":0,"muscle16":-1.31784475E-06,"muscle17":0,"muscle18":-2.77395998E-07,"muscle19":0,"muscle20":0,"muscle21":0.52200681,"muscle22":-0.0674871355,"muscle23":-0.308530807,"muscle24":0.930871248,"muscle25":0.238683671,"muscle26":-0.0525991172,"muscle27":0.0582404621,"muscle28":8.5270625E-07,"muscle29":0.522005737,"muscle30":-0.06748458,"muscle31":-0.308533043,"muscle32":0.930870533,"muscle33":0.238684669,"muscle34":-0.0525496565,"muscle35":0.058234375,"muscle36":7.38113954E-07,"muscle37":-0.499999821,"muscle38":0.00360197015,"muscle39":-0.515922308,"muscle40":0.211088791,"muscle41":-0.0779926106,"muscle42":0.985978544,"muscle43":0.176830515,"muscle44":-0.0182146113,"muscle45":0.0217831656,"muscle46":-0.499999195,"muscle47":0.0036051874,"muscle48":0.430481315,"muscle49":-0.454531282,"muscle50":0.230040386,"muscle51":0.200469702,"muscle52":0.0886772573,"muscle53":0.271754414,"muscle54":-1.00003171,"muscle55":0,"muscle56":0,"muscle57":0,"muscle58":0,"muscle59":0,"muscle60":0,"muscle61":0,"muscle62":0,"muscle63":0,"muscle64":0,"muscle65":0,"muscle66":0,"muscle67":0,"muscle68":0,"muscle69":0,"muscle70":0,"muscle71":0,"muscle72":0,"muscle73":0,"muscle74":0,"muscle75":-2.79958534,"muscle76":0.172195882,"muscle77":0.506586492,"muscle78":0.999852479,"muscle79":0.0888755471,"muscle80":-0.58238709,"muscle81":-1.33313632,"muscle82":-0.359947383,"muscle83":-0.999852479,"muscle84":-0.43675226,"muscle85":-1.9997071,"muscle86":0.999852717,"muscle87":-0.99985224,"muscle88":0.271508127,"muscle89":-1.9997046,"muscle90":0.999851227,"muscle91":-0.999852657,"muscle92":0.695514202,"muscle93":-1.99970615,"muscle94":0.999852717,"duration":0.0606060624,"muscle-1":1},"strings":{"interpolation":"default"},"inTangent":0,"inWeight":0,"outTangent":0,"outWeight":0,"weightedMode":0},{"property":"Left Hand Configuration","index":2,"time":1.01010084,"ints":{"hash":1724493824},"floats":{"duration":0},"strings":{"name":"-"},"inTangent":0,"inWeight":0,"outTangent":0,"outWeight":0,"weightedMode":0},{"property":"Left Hand Configuration","index":3,"time":1.51010084,"ints":{"hash":1162567680},"floats":{"duration":0.0606060624},"strings":{"name":"-"},"inTangent":0,"inWeight":0,"outTangent":0,"outWeight":0,"weightedMode":0},{"property":"Right Hand Configuration","index":2,"time":1.01010084,"ints":{"hash":1152414720},"floats":{"duration":0},"strings":{"name":"E"},"inTangent":0,"inWeight":0,"outTangent":0,"outWeight":0,"weightedMode":0},{"property":"Right Hand Configuration","index":3,"time":1.51010084,"ints":{"hash":18409472},"floats":{"duration":0.0606060624},"strings":{"name":"E"},"inTangent":0,"inWeight":0,"outTangent":0,"outWeight":0,"weightedMode":0},{"property":"Facial Expression","index":2,"time":1.01010084,"ints":{},"floats":{},"strings":{"faceName":"Neutra"},"inTangent":0,"inWeight":0,"outTangent":0,"outWeight":0,"weightedMode":0},{"property":"Facial Expression","index":3,"time":1.51010084,"ints":{},"floats":{},"strings":{"faceName":"Neutra"},"inTangent":0,"inWeight":0,"outTangent":0,"outWeight":0,"weightedMode":0}]},{"properties":["Face Animation Neutra"],"loops":false,"keyFrames":[{"property":"Face Animation Neutra","index":0,"time":0,"ints":{},"floats":{"girl_head_.blendShape.mClose":100,"girl_head_.blendShape.A":0,"girl_head_.blendShape.Cons":0,"girl_head_.blendShape.Fv":0,"girl_head_.blendShape.mLSide":0,"girl_head_.blendShape.mLSideUp":0,"girl_head_.blendShape.mRSide":0,"girl_head_.blendShape.mRSideUp":0,"girl_head_.blendShape.O":0,"girl_head_.blendShape.smile":0,"girl_head_.blendShape.U":0,"girl_hair.blendShape.cheek1":0,"girl_hair.blendShape.cheek2":0,"girl_hair.blendShape.cheek3":0,"girl_head_.blendShape.Bmp":0,"girl_head_.blendShape.E":0,"girl_head_.blendShape.F001":0,"girl_head_.blendShape.F003":0,"girl_head_.blendShape.F005":0,"girl_head_.blendShape.F006":0,"girl_head_.blendShape.F007":0,"girl_head_.blendShape.F007left":0,"girl_head_.blendShape.F008":0,"girl_head_.blendShape.F017":0,"girl_head_.blendShape.F019":0,"girl_head_.blendShape.F024":0,"girl_head_.blendShape.F031":0,"girl_head_.blendShape.LEyeBMad":0,"girl_head_.blendShape.LEyeClose":0,"girl_head_.blendShape.LEyeLidUp":0,"girl_head_.blendShape.LEyeMad":0,"girl_head_.blendShape.LEyeSad":0,"girl_head_.blendShape.LeyeBUp":0,"girl_head_.blendShape.mSad":0,"girl_head_.blendShape.REyeBMad":0,"girl_head_.blendShape.REyeClose":0,"girl_head_.blendShape.REyeLidUp":0,"girl_head_.blendShape.REyeMad":0,"girl_head_.blendShape.REyeSad":0,"girl_head_.blendShape.ReyeBSad":0,"girl_head_.blendShape.ReyeBUp":0,