{
  "animTracks": [
    {
      "properties": [
        "Right Hand Configuration",
        "Left Hand Configuration",
        "Muscles",
        "Facial Expression"
      ],
      "loops": false,
      "keyFrames": [
        {
          "property": "Muscles",
          "index": 1,
          "time": 1,
          "ints": {},
          "floats": {
            "muscle0": 2.1398753E-12,
            "muscle1": -4.07110923E-13,
            "muscle2": -9.56710622E-13,
            "muscle3": -1.48849899E-12,
            "muscle4": -1.69222731E-25,
            "muscle5": -3.25688776E-13,
            "muscle6": 0,
            "muscle7": 0,
            "muscle8": 0,
            "muscle9": -3.96933029E-13,
            "muscle10": -4.0711097E-14,
            "muscle11": -3.25688776E-13,
            "muscle12": 1.38737931E-07,
            "muscle13": 1.30605528E-07,
            "muscle14": 1.02331555E-07,
            "muscle15": 0,
            "muscle16": -3.13225756E-09,
            "muscle17": 0,
            "muscle18": -2.60550999E-12,
            "muscle19": 0,
            "muscle20": 0,
            "muscle21": 0.527684987,
            "muscle22": -0.075982213,
            "muscle23": -0.588656247,
            "muscle24": 0.953825712,
            "muscle25": 0.4257029,
            "muscle26": -0.0594078712,
            "muscle27": 0.0538544767,
            "muscle28": 3.74593156E-07,
            "muscle29": 0.527683496,
            "muscle30": -0.0759853348,
            "muscle31": -0.588659286,
            "muscle32": 0.953825295,
            "muscle33": 0.425705791,
            "muscle34": -0.0593609177,
            "muscle35": 0.053863246,
            "muscle36": 1.94633657E-07,
            "muscle37": -0.499999434,
            "muscle38": 0.00360223628,
            "muscle39": -0.141158134,
            "muscle40": -0.122150704,
            "muscle41": 0.596284688,
            "muscle42": -0.558118284,
            "muscle43": -0.183227926,
            "muscle44": -0.0158368628,
            "muscle45": 0.0202516299,
            "muscle46": -0.499998987,
            "muscle47": 0.00360562769,
            "muscle48": -0.19706583,
            "muscle49": -0.111689873,
            "muscle50": 0.673586607,
            "muscle51": -0.627583563,
            "muscle52": -0.265848398,
            "muscle53": -0.0158368628,
            "muscle54": 0.0202562679,
            "muscle55": -0.666666627,
            "muscle56": -2,
            "muscle57": 0.333333373,
            "muscle58": 0.551106453,
            "muscle59": -0.0666666627,
            "muscle60": 0.288638562,
            "muscle61": 0.678195715,
            "muscle62": 1,
            "muscle63": -0.311111093,
            "muscle64": -0.436817974,
            "muscle65": 0.366666615,
            "muscle66": 1,
            "muscle67": 0.263175726,
            "muscle68": 0.271548122,
            "muscle69": 0.644267559,
            "muscle70": 1,
            "muscle71": -0.0441060662,
            "muscle72": 0.695615292,
            "muscle73": 1,
            "muscle74": 1,
            "muscle75": -0.666666448,
            "muscle76": -1.99999988,
            "muscle77": 0.333333611,
            "muscle78": 0.55110693,
            "muscle79": -0.0666668713,
            "muscle80": 0.288638443,
            "muscle81": 0.67819488,
            "muscle82": 1.00000012,
            "muscle83": -0.311110944,
            "muscle84": -0.436817974,
            "muscle85": 0.366666973,
            "muscle86": 0.999999702,
            "muscle87": 0.263175577,
            "muscle88": 0.271548241,
            "muscle89": 0.644267976,
            "muscle90": 0.999999404,
            "muscle91": -0.0441062488,
            "muscle92": 0.695615172,
            "muscle93": 1,
            "muscle94": 0.999999702,
            "muscle-1": 1
          },
          "strings": {
            "interpolation": "smooth"
          },
          "inTangent": 0,
          "inWeight": 0,
          "outTangent": 0,
          "outWeight": 0,
          "weightedMode": 0
        },
        {
          "property": "Muscles",
          "index": 2,
          "time": 1.4292928,
          "ints": {},
          "floats": {
            "muscle0": 2.1398753E-12,
            "muscle1": -4.07110923E-13,
            "muscle2": -9.56710622E-13,
            "muscle3": -1.48849899E-12,
            "muscle4": -1.69222731E-25,
            "muscle5": -3.25688776E-13,
            "muscle6": 0,
            "muscle7": 0,
            "muscle8": 0,
            "muscle9": -3.96933029E-13,
            "muscle10": -4.0711097E-14,
            "muscle11": -3.25688776E-13,
            "muscle12": 4.26885087E-08,
            "muscle13": 1.0618528E-06,
            "muscle14": 2.50898552E-07,
            "muscle15": 0,
            "muscle16": 4.83886538E-07,
            "muscle17": 0,
            "muscle18": -1.29098817E-06,
            "muscle19": 0,
            "muscle20": 0,
            "muscle21": 0.520545304,
            "muscle22": -0.0643768087,
            "muscle23": -0.236127526,
            "muscle24": 0.92483896,
            "muscle25": 0.19032754,
            "muscle26": -0.0649215505,
            "muscle27": 0.0751598477,
            "muscle28": 1.19461595E-06,
            "muscle29": 0.520543754,
            "muscle30": -0.0643843263,
            "muscle31": -0.236130416,
            "muscle32": 0.924838781,
            "muscle33": 0.190331191,
            "muscle34": -0.0648744404,
            "muscle35": 0.075177595,
            "muscle36": 3.996727E-07,
            "muscle37": -0.499998987,
            "muscle38": 0.00360289821,
            "muscle39": -0.128383189,
            "muscle40": -0.114696622,
            "muscle41": 0.618815243,
            "muscle42": -0.545393229,
            "muscle43": -0.183721453,
            "muscle44": -0.0150745157,
            "muscle45": 0.0207114182,
            "muscle46": -0.500001073,
            "muscle47": 0.00360242673,
            "muscle48": -0.166172981,
            "muscle49": -0.0980885029,
            "muscle50": 0.723987877,
            "muscle51": -0.593079805,
            "muscle52": -0.26405701,
            "muscle53": -0.0149362674,
            "muscle54": 0.0210502762,
            "muscle55": -1.63333309,
            "muscle56": -1.53333306,
            "muscle57": -0.0444441773,
            "muscle58": 0.284439802,
            "muscle59": -0.066666916,
            "muscle60": 0.288638592,
            "muscle61": 0.678195477,
            "muscle62": 0.99999994,
            "muscle63": -0.933333099,
            "muscle64": -1.39999831,
            "muscle65": -0.833332777,
            "muscle66": 0.28000024,
            "muscle67": 0.263175547,
            "muscle68": 0.271548182,
            "muscle69": 0.644267738,
            "muscle70": 0.999999523,
            "muscle71": -0.044106219,
            "muscle72": 0.695615232,
            "muscle73": 0.999999821,
            "muscle74": 0.999999702,
            "muscle75": -1.63333225,
            "muscle76": -1.53333306,
            "muscle77": -0.0444442034,
            "muscle78": 0.284439772,
            "muscle79": -0.0666668713,
            "muscle80": 0.288638443,
            "muscle81": 0.67819488,
            "muscle82": 1.00000012,
            "muscle83": -0.933333039,
            "muscle84": -1.39999819,
            "muscle85": -0.833332777,
            "muscle86": 0.280000508,
            "muscle87": 0.263175577,
            "muscle88": 0.271548241,
            "muscle89": 0.644267619,
            "muscle90": 0.999999642,
            "muscle91": -0.0441062488,
            "muscle92": 0.695615172,
            "muscle93": 1,
            "muscle94": 0.99999994,
            "duration": 0,
            "muscle-1": 1
          },
          "strings": {
            "interpolation": "smooth"
          },
          "inTangent": 0,
          "inWeight": 0,
          "outTangent": 0,
          "outWeight": 0,