{"animTracks":[{"properties":["Right Hand Configuration","Left Hand Configuration","Muscles","Facial Expression"],"loops":false,"keyFrames":[{"property":"Muscles","index":3,"time":1.02525246,"ints":{},"floats":{"muscle0":2.13987573E-12,"muscle1":-2.03555461E-13,"muscle2":-4.68177526E-13,"muscle3":-1.25695407E-12,"muscle4":4.07110902E-14,"muscle5":3.35866507E-13,"muscle6":0,"muscle7":0,"muscle8":0,"muscle9":-4.8344396E-13,"muscle10":2.03555434E-14,"muscle11":3.25688695E-13,"muscle12":9.60492343E-08,"muscle13":-1.13417961E-07,"muscle14":-8.53210835E-08,"muscle15":0,"muscle16":-1.62546897E-07,"muscle17":0,"muscle18":-2.60550977E-12,"muscle19":0,"muscle20":0,"muscle21":0.524234354,"muscle22":-0.0713528022,"muscle23":-0.415074199,"muscle24":0.939664245,"muscle25":0.309936911,"muscle26":-0.0621745065,"muscle27":0.0624396466,"muscle28":8.52973017E-07,"muscle29":0.524233818,"muscle30":-0.0713556856,"muscle31":-0.415078431,"muscle32":0.939663887,"muscle33":0.309940726,"muscle34":-0.0621284135,"muscle35":0.0624498911,"muscle36":-4.88385012E-07,"muscle37":-0.499999762,"muscle38":0.00360199227,"muscle39":0.289727867,"muscle40":-0.121801376,"muscle41":0.691881418,"muscle42":-0.422241062,"muscle43":0.38251099,"muscle44":-0.0845168456,"muscle45":0.453753501,"muscle46":-0.499999553,"muscle47":0.00360655552,"muscle48":0.117775738,"muscle49":-0.105464652,"muscle50":0.885798395,"muscle51":-0.654137909,"muscle52":0.798943818,"muscle53":-0.122748531,"muscle54":0.999712765,"muscle55":-2.29999995,"muscle56":-1.99999976,"muscle57":-0.999999404,"muscle58":0.222222403,"muscle59":0.688888192,"muscle60":0.257527411,"muscle61":0.966665924,"muscle62":1,"muscle63":0.600000083,"muscle64":-0.716817856,"muscle65":0.866666496,"muscle66":0.99999994,"muscle67":-0.999999404,"muscle68":-0.786229312,"muscle69":-2.00000072,"muscle70":0.999999404,"muscle71":-0.844443858,"muscle72":-0.642161548,"muscle73":-1.76666605,"muscle74":0.120000191,"muscle75":-2.29999876,"muscle76":-1.99999964,"muscle77":-0.999999464,"muscle78":0.222222477,"muscle79":0.688888192,"muscle80":0.257527292,"muscle81":0.966666102,"muscle82":0.99999994,"muscle83":0.600000143,"muscle84":-0.716817677,"muscle85":0.866666138,"muscle86":0.99999994,"muscle87":-1,"muscle88":-0.786229193,"muscle89":-2.00000095,"muscle90":0.99999994,"muscle91":-0.844443917,"muscle92":-0.642161667,"muscle93":-1.76666522,"muscle94":0.120000176,"duration":0,"muscle-1":1},"strings":{"interpolation":"default"},"inTangent":0,"inWeight":0,"outTangent":0,"outWeight":0,"weightedMode":0},{"property":"Muscles","index":4,"time":1.51010084,"ints":{},"floats":{"muscle0":2.13987573E-12,"muscle1":-2.03555461E-13,"muscle2":-4.68177526E-13,"muscle3":-1.25695407E-12,"muscle4":4.07110902E-14,"muscle5":3.35866507E-13,"muscle6":0,"muscle7":0,"muscle8":0,"muscle9":-4.8344396E-13,"muscle10":2.03555434E-14,"muscle11":3.25688695E-13,"muscle12":4.26883773E-08,"muscle13":-6.50641994E-08,"muscle14":-1.67622389E-07,"muscle15":0,"muscle16":-1.62546897E-07,"muscle17":0,"muscle18":1.87937133E-09,"muscle19":0,"muscle20":0,"muscle21":0.522010744,"muscle22":-0.067487672,"muscle23":-0.3085289,"muscle24":0.930871546,"muscle25":0.23875089,"muscle26":-0.0638714507,"muscle27":0.0695311129,"muscle28":8.52973017E-07,"muscle29":0.522010505,"muscle30":-0.0674905851,"muscle31":-0.308531016,"muscle32":0.930871248,"muscle33":0.238753125,"muscle34":-0.0638260022,"muscle35":0.0695413649,"muscle36":-4.88385012E-07,"muscle37":-0.499999762,"muscle38":0.00360199227,"muscle39":0.314632356,"muscle40":-0.0537281558,"muscle41":0.820334613,"muscle42":-0.365781903,"muscle43":0.382371128,"muscle44":-0.0844544768,"muscle45":-0.656323731,"muscle46":-0.499999553,"muscle47":0.00360655552,"muscle48":0.297614604,"muscle49":-0.0666854978,"muscle50":1.05902982,"muscle51":-0.572062492,"muscle52":0.798085868,"muscle53":-0.12268237,"muscle54":-0.219590604,"muscle55":-2.29999995,"muscle56":-1.99999881,"muscle57":-0.999999404,"muscle58":0.222222403,"muscle59":0.688888192,"muscle60":0.257527411,"muscle61":0.966665626,"muscle62":1,"muscle63":0.600000083,"muscle64":-0.716817856,"muscle65":0.866666317,"muscle66":0.99999994,"muscle67":-0.999999404,"muscle68":-0.786229312,"muscle69":-2.00000072,"muscle70":0.999998927,"muscle71":-0.844443858,"muscle72":-0.642161548,"muscle73":-1.76666605,"muscle74":0.120000191,"muscle75":-2.29999828,"muscle76":-1.99999964,"muscle77":-0.999999464,"muscle78":0.222222477,"muscle79":0.688888192,"muscle80":0.257527292,"muscle81":0.966665864,"muscle82":0.99999994,"muscle83":0.600000143,"muscle84":-0.716817737,"muscle85":0.866665661,"muscle86":0.99999994,"muscle87":-0.999999702,"muscle88":-0.786229253,"muscle89":-2.00000095,"muscle90":0.99999994,"muscle91":-0.844443917,"muscle92":-0.642161667,"muscle93":-1.76666522,"muscle94":0.120000176,"duration":0,"muscle-1":1},"strings":{"interpolation":"default"},"inTangent":0,"inWeight":0,"outTangent":0,"outWeight":0,"weightedMode":0},{"property":"Left Hand Configuration","index":3,"time":1.02525246,"ints":{"hash":-2095454208},"floats":{"duration":0},"strings":{"name":"N"},"inTangent":0,"inWeight":0,"outTangent":0,"outWeight":0,"weightedMode":0},{"property":"Left Hand Configuration","index":4,"time":1.51010084,"ints":{"hash":-2118487040},"floats":{"duration":0},"strings":{"name":"N"},"inTangent":0,"inWeight":0,"outTangent":0,"outWeight":0,"weightedMode":0},{"property":"Right Hand Configuration","index":3,"time":1.02525246,"ints":{"hash":483275776},"floats":{"duration":0},"strings":{"name":"N"},"inTangent":0,"inWeight":0,"outTangent":0,"outWeight":0,"weightedMode":0},{"property":"Right Hand Configuration","index":4,"time":1.51010084,"ints":{"hash":1604401152},"floats":{"duration":0},"strings":{"name":"N"},"inTangent":0,"inWeight":0,"outTangent":0,"outWeight":0,"weightedMode":0},{"property":"Facial Expression","index":3,"time":1.02525246,"ints":{},"floats":{"duration":0},"strings":{"faceName":"Neutra"},"inTangent":0,"inWeight":0,"outTangent":0,"outWeight":0,"weightedMode":0},{"property":"Facial Expression","index":4,"time":1.51010084,"ints":{},"floats":{"duration":0},"strings":{"faceName":"Neutra"},"inTangent":0,"inWeight":0,"outTangent":0,"outWeight":0,"weightedMode":0}]},{"properties":["Face Animation Neutra"],"loops":false,"keyFrames":[{"property":"Face Animation Neutra","index":0,"time":0,"ints":{},"floats":{"girl_head_.blendShape.mClose":100,"girl_head_.blendShape.A":0,"girl_head_.blendShape.Cons":0,"girl_head_.blendShape.Fv":0,"girl_head_.blendShape.mLSide":0,"girl_head_.blendShape.mLSideUp":0,"girl_head_.blendShape.mRSide":0,"girl_head_.blendShape.mRSideUp":0,"girl_head_.blendShape.O":0,"girl_head_.blendShape.smile":0,"girl_head_.blendShape.U":0,"girl_hair.blendShape.cheek1":0,"girl_hair.blendShape.cheek2":0,"girl_hair.blendShape.cheek3":0,"girl_head_.blendShape.Bmp":0,"girl_head_.blendShape.E":0,"girl_head_.blendShape.F001":0,"girl_head_.blendShape.F003":0,"girl_head_.blendShape.F005":0,"girl_head_.blendShape.F006":0,"girl_head_.blendShape.F007":0,"girl_head_.blendShape.F007left":0,"girl_head_.blendShape.F008":0,"girl_head_.blendShape.F017":0,"girl_head_.blendShape.F019":0,"girl_head_.blendShape.F024":0,"girl_head_.blendShape.F031":0,"girl_head_.blendShape.LEyeBMad":0,"girl_head_.blendShape.LEyeClose":0,"girl_head_.blendShape.LEyeLidUp":0,"girl_head_.blendShape.LEyeMad":0,"girl_head_.blendShape.LEyeSad":0,"girl_head_.blendShape.LeyeBUp":0,"girl_head_.blendShape.mSad":0,"girl_head_.blendShape.REyeBMad":0,"girl_head_.blendShape.REyeClose":0,"girl_head_.blendShape.REyeLidUp":0,"girl_head_.blendShape.REyeMad":0,"girl_head_.blendShape.REyeSad":0,"girl_head_.blendShape.ReyeBSad":0,"girl_head_.blendShape.ReyeBUp":0,