{"animTracks":[{"properties":["Right Hand Configuration","Left Hand Configuration","Muscles","Facial Expression"],"loops":false,"keyFrames":[{"property":"Muscles","index":1,"time":1,"ints":{},"floats":{"muscle0":2.56134228E-07,"muscle1":-1.42488763E-13,"muscle2":-5.49599645E-13,"muscle3":2.13431885E-08,"muscle4":-4.07110868E-14,"muscle5":0,"muscle6":0,"muscle7":0,"muscle8":0,"muscle9":-2.13452704E-08,"muscle10":2.23540313E-14,"muscle11":2.682211E-07,"muscle12":-2.02771005E-07,"muscle13":1.95387557E-07,"muscle14":-2.5273215E-07,"muscle15":-0.324149996,"muscle16":7.54565477E-08,"muscle17":-0.324149996,"muscle18":-1.25760167E-07,"muscle19":0,"muscle20":0,"muscle21":0.527684629,"muscle22":-0.0759822652,"muscle23":-0.588656783,"muscle24":0.953825772,"muscle25":0.425629228,"muscle26":0.042562034,"muscle27":-0.0481425785,"muscle28":5.79231937E-07,"muscle29":0.527684867,"muscle30":-0.0759847462,"muscle31":-0.588661671,"muscle32":0.953825772,"muscle33":0.425633192,"muscle34":0.0425647497,"muscle35":-0.0480923951,"muscle36":-8.17754753E-08,"muscle37":-0.499999434,"muscle38":0.00360218296,"muscle39":-0.444063634,"muscle40":-0.0453779735,"muscle41":0.13150014,"muscle42":-0.374003738,"muscle43":-0.772306323,"muscle44":-0.88594377,"muscle45":0.594194651,"muscle46":-0.499999315,"muscle47":0.00360563514,"muscle48":-0.417519093,"muscle49":-0.0204939954,"muscle50":0.174604908,"muscle51":-0.399644077,"muscle52":-0.598195374,"muscle53":-0.999872863,"muscle54":0.863283336,"muscle55":-2.36666322,"muscle56":-1.99999905,"muscle57":-0.0222220551,"muscle58":0.999999702,"muscle59":-0.99999845,"muscle60":-0.831361532,"muscle61":0.266666651,"muscle62":0.999999702,"muscle63":-1,"muscle64":-1.27681732,"muscle65":0.200000033,"muscle66":0.999999642,"muscle67":-0.999999702,"muscle68":-0.393273324,"muscle69":0.533332944,"muscle70":0.999999404,"muscle71":-0.999998748,"muscle72":-0.506229401,"muscle73":0.400000185,"muscle74":0.999999404,"muscle75":-2.36666226,"muscle76":-1.99999988,"muscle77":-0.0222221091,"muscle78":0.999999821,"muscle79":-1,"muscle80":-0.831361234,"muscle81":0.266666651,"muscle82":0.999999464,"muscle83":-0.999998689,"muscle84":-1.27681708,"muscle85":0.199999675,"muscle86":1.00000012,"muscle87":-0.99999994,"muscle88":-0.506229341,"muscle89":0.399999559,"muscle90":0.999999464,"muscle91":-0.99999994,"muscle92":-0.393272966,"muscle93":0.533332765,"muscle94":1,"muscle-1":1},"strings":{},"inTangent":0,"inWeight":0,"outTangent":0,"outWeight":0,"weightedMode":0},{"property":"Muscles","index":2,"time":2.47979784,"ints":{},"floats":{"muscle0":2.56134228E-07,"muscle1":-1.42488763E-13,"muscle2":-5.49599645E-13,"muscle3":2.13431885E-08,"muscle4":-4.07110868E-14,"muscle5":0,"muscle6":0,"muscle7":0,"muscle8":0,"muscle9":-2.13452704E-08,"muscle10":2.23540313E-14,"muscle11":2.682211E-07,"muscle12":-5.33606546E-08,"muscle13":2.55265206E-07,"muscle14":-5.05398361E-07,"muscle15":-0.324149996,"muscle16":-1.97229184E-07,"muscle17":-0.324149996,"muscle18":-4.4875452E-07,"muscle19":0,"muscle20":0,"muscle21":0.524233341,"muscle22":-0.0713529885,"muscle23":-0.415076464,"muscle24":0.939664304,"muscle25":0.309826195,"muscle26":0.0397875421,"muscle27":-0.0395601429,"muscle28":8.52572839E-07,"muscle29":0.524233162,"muscle30":-0.0713530555,"muscle31":-0.41508007,"muscle32":0.939663708,"muscle33":0.309829026,"muscle34":0.0397899784,"muscle35":-0.0395148732,"muscle36":-8.17754753E-08,"muscle37":-0.499999434,"muscle38":0.00360218296,"muscle39":-0.338341266,"muscle40":-0.159399793,"muscle41":0.282782763,"muscle42":-0.702583551,"muscle43":-0.744226754,"muscle44":-0.111697182,"muscle45":0.503913522,"muscle46":-0.500000954,"muscle47":0.00360560464,"muscle48":-0.307898849,"muscle49":-0.176236406,"muscle50":0.33107549,"muscle51":-0.627499163,"muscle52":-0.578578949,"muscle53":-0.17674613,"muscle54":0.602666795,"muscle55":-2.36666226,"muscle56":-1.99999881,"muscle57":-0.0222220551,"muscle58":1,"muscle59":-0.999997735,"muscle60":-0.831361353,"muscle61":0.266666651,"muscle62":0.999999464,"muscle63":-1,"muscle64":-1.27681732,"muscle65":0.200000033,"muscle66":0.999999464,"muscle67":-0.999999404,"muscle68":-0.393273234,"muscle69":0.533332944,"muscle70":0.999999404,"muscle71":-0.999998748,"muscle72":-0.506229401,"muscle73":0.400000185,"muscle74":0.999999404,"muscle75":-2.36666226,"muscle76":-1.99999988,"muscle77":-0.0222221091,"muscle78":0.999999821,"muscle79":-1,"muscle80":-0.831361413,"muscle81":0.266666651,"muscle82":0.999999464,"muscle83":-0.999998629,"muscle84":-1.27681434,"muscle85":0.199999675,"muscle86":1.00000012,"muscle87":-0.99999994,"muscle88":-0.506229341,"muscle89":0.399999559,"muscle90":0.999999464,"muscle91":-0.99999994,"muscle92":-0.393272966,"muscle93":0.533332765,"muscle94":1,"duration":0,"muscle-1":1},"strings":{},"inTangent":0,"inWeight":0,"outTangent":0,"outWeight":0,"weightedMode":0},{"property":"Muscles","index":3,"time":4.0454545,"ints":{},"floats":{"muscle0":2.24928734E-12,"muscle1":4.07110902E-14,"muscle2":5.08888667E-13,"muscle3":2.13431885E-08,"muscle4":-4.07110868E-14,"muscle5":0,"muscle6":0,"muscle7":0,"muscle8":0,"muscle9":-5.33609295E-07,"muscle10":-3.14621071E-14,"muscle11":2.68220703E-07,"muscle12":5.86969463E-07,"muscle13":-5.43998979E-08,"muscle14":-3.55201053E-07,"muscle15":0,"muscle16":-1.97229184E-07,"muscle17":0,"muscle18":-4.4875452E-07,"muscle19":0,"muscle20":0,"muscle21":0.522008061,"muscle22":-0.0674850121,"muscle23":-0.308529437,"muscle24":0.930871725,"muscle25":0.238642856,"muscle26":-0.0412516408,"muscle27":0.0468763709,"muscle28":5.79231937E-07,"muscle29":0.522007465,"muscle30":-0.0674857572,"muscle31":-0.308532953,"muscle32":0.930871487,"muscle33":0.238645747,"muscle34":-0.0412052758,"muscle35":0.0468795858,"muscle36":-8.17754753E-08,"muscle37":-0.499999434,"muscle38":0.00360218296,"muscle39":-0.461601347,"muscle40":-0.117317155,"muscle41":0.161205605,"muscle42":-0.282282263,"muscle43":-0.760909617,"muscle44":-0.885773182,"muscle45":0.595334589,"muscle46":-0.500000954,"muscle47":0.00360560464,"muscle48":-0.405931592,"muscle49":-0.142621443,"muscle50":0.225393847,"muscle51":-0.237606198,"muscle52":-0.591646135,"muscle53":-0.999596238,"muscle54":0.863956273,"muscle55":-2.36666226,"muscle56":-1.99999881,"muscle57":-0.0222220551,"muscle58":0.999999702,"muscle59":-0.999997735,"muscle60":-0.831361353,"muscle61":0.266666651,"muscle62":0.999999464,"muscle63":-1,"muscle64":-1.27681732,"muscle65":0.200000033,"muscle66":0.999999464,"muscle67":-0.999998927,"muscle68":-0.506229341,"muscle69":0.400000125,"muscle70":0.999999404,"muscle71":-0.999999583,"muscle72":-0.393272966,"muscle73":0.533332646,"muscle74":0.999998927,"muscle75":-2.36666226,"muscle76":-1.99999988,"muscle77":-0.0222221091,"muscle78":0.999999821,"muscle79":-1,"muscle80":-0.831361413,"muscle81":0.266666651,"muscle82":0.999999464,"muscle83":-0.999998152,"muscle84":-1.27681434,"muscle85":0.199999675,"muscle86":1.00000012,"muscle87":-0.99999994,"muscle88":-0.506229341,"muscle89":0.399999559,"muscle90":0.999999464,"muscle91":-0.99999994,"muscle92":-0.393272966,"muscle93":0.533332765,"muscle94":1,"duration":0,"muscle-1":1},"strings":{"interpolation":"smooth"},"inTangent":0,"inWeight":0,"outTangent":0,"outWeight":0,"weightedMode":0},{"property":"Left Hand Configuration","index":1,"time":1,"ints":{"hash":1309282304},"floats":{},"strings":{"name":"bico de pato"},"inTangent":0,"inWeight":0,"outTangent":0,"outWeight":0,"weightedMode":0},{"property":"Left Hand Configuration","index":2,"time":2.47979784,"ints":{"hash":-700614656},"floats":{"duration":0},"strings":{"name":"bico de pato"},"inTangent":0,"inWeight":0,"outTangent":0,"outWeight":0,"weightedMode":0},{"property":"Left Hand Configuration","index":3,"time":4.0454545,"ints":{"hash":-1856011264},"floats":{"duration":0},"strings":{"name":"bico de pato"},"inTangent":0,"inWeight":0,"outTangent":0,"outWeight":0,"weightedMode":0},{"property":"Right Hand Configuration","index":1,"time":1,"ints":{"hash":737203200},"floats":{},"strings":{"name":"bico de pato"},"inTangent":0,