{
  "animTracks": [
    {
      "properties": [
        "Right Hand Configuration",
        "Left Hand Configuration",
        "Muscles",
        "Facial Expression"
      ],
      "loops": false,
      "keyFrames": [
        {
          "property": "Muscles",
          "index": 1,
          "time": 1,
          "ints": {},
          "floats": {
            "muscle0": 2.1398753E-12,
            "muscle1": -4.07110923E-13,
            "muscle2": -9.56710622E-13,
            "muscle3": -1.48849899E-12,
            "muscle4": -1.69222731E-25,
            "muscle5": -3.25688776E-13,
            "muscle6": 0,
            "muscle7": 0,
            "muscle8": 0,
            "muscle9": -3.96933029E-13,
            "muscle10": -4.0711097E-14,
            "muscle11": -3.25688776E-13,
            "muscle12": 1.38737931E-07,
            "muscle13": 1.30605528E-07,
            "muscle14": 1.02331555E-07,
            "muscle15": 0,
            "muscle16": -3.13225756E-09,
            "muscle17": 0,
            "muscle18": -2.60550999E-12,
            "muscle19": 0,
            "muscle20": 0,
            "muscle21": 0.527684987,
            "muscle22": -0.075982213,
            "muscle23": -0.588656247,
            "muscle24": 0.953825712,
            "muscle25": 0.4257029,
            "muscle26": -0.0594078712,
            "muscle27": 0.0538544767,
            "muscle28": 3.74593156E-07,
            "muscle29": 0.527683496,
            "muscle30": -0.0759853348,
            "muscle31": -0.588659286,
            "muscle32": 0.953825295,
            "muscle33": 0.425705791,
            "muscle34": -0.0593609177,
            "muscle35": 0.053863246,
            "muscle36": 1.94633657E-07,
            "muscle37": -0.499999434,
            "muscle38": 0.00360223628,
            "muscle39": -0.512600362,
            "muscle40": 0.210586652,
            "muscle41": -0.169805929,
            "muscle42": 0.992770255,
            "muscle43": 0.268189847,
            "muscle44": -0.0158368628,
            "muscle45": 0.0202516299,
            "muscle46": -0.499998987,
            "muscle47": 0.00360562769,
            "muscle48": 0.103373051,
            "muscle49": -0.694832325,
            "muscle50": 0.218181938,
            "muscle51": 0.0738494992,
            "muscle52": 1.20089471,
            "muscle53": -0.584911466,
            "muscle54": -0.212976575,
            "muscle55": -1.017777E-14,
            "muscle56": 1.36603745E-07,
            "muscle57": 3.64950097E-08,
            "muscle58": 9.11422333E-08,
            "muscle59": -6.83018726E-08,
            "muscle60": 8.53773443E-08,
            "muscle61": -7.58909735E-08,
            "muscle62": -2.20871803E-18,
            "muscle63": 6.83018939E-08,
            "muscle64": -2.2767297E-07,
            "muscle65": -7.58909806E-08,
            "muscle66": 4.96961642E-17,
            "muscle67": 3.41509399E-08,
            "muscle68": -1.13836471E-07,
            "muscle69": -6.07127788E-07,
            "muscle70": -2.76089676E-19,
            "muscle71": -3.41509399E-08,
            "muscle72": 4.26886793E-08,
            "muscle73": 1.51781947E-07,
            "muscle74": 0,
            "muscle75": -2.36666656,
            "muscle76": -1.09999979,
            "muscle77": -0.382227093,
            "muscle78": -0.999999046,
            "muscle79": 0.464366734,
            "muscle80": -0.986916602,
            "muscle81": 0.77819556,
            "muscle82": 0.77819562,
            "muscle83": 0.420694798,
            "muscle84": -1.39999855,
            "muscle85": 0.83734268,
            "muscle86": 0.837342858,
            "muscle87": -0.999999881,
            "muscle88": 1.39154828,
            "muscle89": -2.00000072,
            "muscle90": -1,
            "muscle91": -1,
            "muscle92": 0.197837561,
            "muscle93": -2.00000072,
            "muscle94": -1.00000012,
            "muscle-1": 1
          },
          "strings": {
            "interpolation": "default"
          },
          "inTangent": 0,
          "inWeight": 0,
          "outTangent": 0,
          "outWeight": 0,
          "weightedMode": 0
        },
        {
          "property": "Muscles",
          "index": 2,
          "time": 2,
          "ints": {},
          "floats": {
            "muscle0": 2.1398753E-12,
            "muscle1": -4.07110923E-13,
            "muscle2": -9.56710622E-13,
            "muscle3": -1.48849899E-12,
            "muscle4": -1.69222731E-25,
            "muscle5": -3.25688776E-13,
            "muscle6": 0,
            "muscle7": 0,
            "muscle8": 0,
            "muscle9": -3.96933029E-13,
            "muscle10": -4.0711097E-14,
            "muscle11": -3.25688776E-13,
            "muscle12": 2.98820453E-07,
            "muscle13": 2.69903552E-07,
            "muscle14": -5.93909668E-08,
            "muscle15": 0,
            "muscle16": -3.13225756E-09,
            "muscle17": 0,
            "muscle18": -2.60550999E-12,
            "muscle19": 0,
            "muscle20": 0,
            "muscle21": 0.52423346,
            "muscle22": -0.0713517517,
            "muscle23": -0.415073454,
            "muscle24": 0.939663827,
            "muscle25": 0.309935927,
            "muscle26": -0.0621738322,
            "muscle27": 0.0624387264,
            "muscle28": 3.74593156E-07,
            "muscle29": 0.52423209,
            "muscle30": -0.0713537261,
            "muscle31": -0.415079117,
            "muscle32": 0.93966347,
            "muscle33": 0.309940219,
            "muscle34": -0.062127836,
            "muscle35": 0.0624450967,
            "muscle36": 3.996727E-07,
            "muscle37": -0.499999434,
            "muscle38": 0.00360223628,
            "muscle39": -0.514535487,
            "muscle40": 0.210907057,
            "muscle41": -0.1139699,
            "muscle42": 0.988652945,
            "muscle43": 0.2126147,
            "muscle44": -0.0172159839,
            "muscle45": 0.021216752,
            "muscle46": -0.499997675,
            "muscle47": 0.00360540743,
            "muscle48": -0.0451037958,
            "muscle49": -0.452256411,
            "muscle50": 0.11378146,
            "muscle51": -0.173139393,
            "muscle52": 1.19995809,
            "muscle53": -0.584960938,
            "muscle54": -0.213333979,
            "muscle55": -1.017777E-14,
            "muscle56": 1.36603745E-07,
            "muscle57": 3.64950097E-08,
            "muscle58": 9.11422333E-08,
            "muscle59": -6.83018726E-08,
            "muscle60": 8.53773443E-08,
            "muscle61": -7.58909735E-08,
            "muscle62": -2.20871803E-18,
            "muscle63": 6.83018939E-08,
            "muscle64": -2.2767297E-07,
            "muscle65": -7.58909806E-08,
            "muscle66": 4.96961642E-17,
            "muscle67": 3.41509399E-08,
            "muscle68": -1.13836471E-07,
            "muscle69": -6.07127788E-07,
            "muscle70": -2.76089676E-19,
            "muscle71": -4.78113179E-07,
            "muscle72": 0,
            "muscle73": 1.51781947E-07,
            "muscle74": 0,
            "muscle75": -2.36666584,
            "muscle76": -1.09999979,
            "muscle77": -0.382227093,
            "muscle78": -0.999998868,
            "muscle79": 0.464366734,
            "muscle80": -0.986916602,
            "muscle81": 0.77819556,
            "muscle82": 0.77819562,
            "muscle83": 0.420694798,
            "muscle84": -1.39999855,
            "muscle85": 0.83734268,
            "muscle86": 0.837343097,
            "muscle87": -0.999999583,
            "muscle88": 1.39154828,
            "muscle89": -2.00000095,
            "muscle90": -1,
            "muscle91": -1,
            "muscle92": 0.197837561,
            "muscle93": -2.00000072,
            "muscle94": -1.00000012,
            "duration": 0,
            "muscle-1": 1
          },
          "strings": {
            "interpolation": "smooth"
          },
          "inTangent": 0,