{
  "animTracks": [
    {
      "properties": [
        "Right Hand Configuration",
        "Left Hand Configuration",
        "Muscles",
        "Facial Expression"
      ],
      "loops": false,
      "keyFrames": [
        {
          "property": "Muscles",
          "index": 1,
          "time": 1,
          "ints": {},
          "floats": {
            "muscle0": 2.1398753E-12,
            "muscle1": -4.07110923E-13,
            "muscle2": -9.56710622E-13,
            "muscle3": -1.48849899E-12,
            "muscle4": -1.69222731E-25,
            "muscle5": -3.25688776E-13,
            "muscle6": 0,
            "muscle7": 0,
            "muscle8": 0,
            "muscle9": -3.96933029E-13,
            "muscle10": -4.0711097E-14,
            "muscle11": -3.25688776E-13,
            "muscle12": 1.38737931E-07,
            "muscle13": 1.30605528E-07,
            "muscle14": 1.02331555E-07,
            "muscle15": 0,
            "muscle16": -3.13225756E-09,
            "muscle17": 0,
            "muscle18": -2.60550999E-12,
            "muscle19": 0,
            "muscle20": 0,
            "muscle21": 0.527684987,
            "muscle22": -0.075982213,
            "muscle23": -0.588656247,
            "muscle24": 0.953825712,
            "muscle25": 0.4257029,
            "muscle26": -0.0594078712,
            "muscle27": 0.0538544767,
            "muscle28": 3.74593156E-07,
            "muscle29": 0.527683496,
            "muscle30": -0.0759853348,
            "muscle31": -0.588659286,
            "muscle32": 0.953825295,
            "muscle33": 0.425705791,
            "muscle34": -0.0593609177,
            "muscle35": 0.053863246,
            "muscle36": 1.94633657E-07,
            "muscle37": -0.499999434,
            "muscle38": 0.00360223628,
            "muscle39": -0.104422547,
            "muscle40": -0.062311098,
            "muscle41": 0.0282207448,
            "muscle42": -0.314301729,
            "muscle43": 0.606338143,
            "muscle44": -0.0158368628,
            "muscle45": 0.562906086,
            "muscle46": -0.499998987,
            "muscle47": 0.00360562769,
            "muscle48": -0.401592195,
            "muscle49": 0.126782775,
            "muscle50": -0.172860324,
            "muscle51": -0.315381736,
            "muscle52": 0.885041535,
            "muscle53": 0.610960841,
            "muscle54": 0.0202562679,
            "muscle55": -0.333333105,
            "muscle56": -1.99999976,
            "muscle57": 0.151105076,
            "muscle58": 1,
            "muscle59": 0.377777517,
            "muscle60": -1.0646944,
            "muscle61": -0.233333036,
            "muscle62": -0.233333066,
            "muscle63": 0.311110735,
            "muscle64": -1.39999843,
            "muscle65": -0.233333081,
            "muscle66": -0.233333185,
            "muscle67": 0.688888431,
            "muscle68": -1.23777854,
            "muscle69": -0.199999824,
            "muscle70": -0.19999975,
            "muscle71": 0.911111593,
            "muscle72": -0.748828948,
            "muscle73": -0.099999927,
            "muscle74": -0.100000083,
            "muscle75": -1.26666617,
            "muscle76": -2,
            "muscle77": -0.02222207,
            "muscle78": -0.200000003,
            "muscle79": -0.888888717,
            "muscle80": -0.831361532,
            "muscle81": -0.0333333835,
            "muscle82": 1.00000012,
            "muscle83": -0.999999583,
            "muscle84": -1.27681732,
            "muscle85": 0.200000033,
            "muscle86": 0.99999994,
            "muscle87": -1,
            "muscle88": -0.506229281,
            "muscle89": 0.399999797,
            "muscle90": 0.99999994,
            "muscle91": -0.99999994,
            "muscle92": -0.393272877,
            "muscle93": 0.533333302,
            "muscle94": 0.99999994,
            "muscle-1": 1
          },
          "strings": {
            "interpolation": "default"
          },
          "inTangent": 0,
          "inWeight": 0,
          "outTangent": 0,
          "outWeight": 0,
          "weightedMode": 0
        },
        {
          "property": "Muscles",
          "index": 2,
          "time": 2,
          "ints": {},
          "floats": {
            "muscle0": 2.1398753E-12,
            "muscle1": -4.07110923E-13,
            "muscle2": -9.56710622E-13,
            "muscle3": -1.48849899E-12,
            "muscle4": -1.69222731E-25,
            "muscle5": -3.25688776E-13,
            "muscle6": 0,
            "muscle7": 0,
            "muscle8": 0,
            "muscle9": -3.96933029E-13,
            "muscle10": -4.0711097E-14,
            "muscle11": -3.25688776E-13,
            "muscle12": 3.84197875E-07,
            "muscle13": 2.04263188E-07,
            "muscle14": 2.78458344E-07,
            "muscle15": 0,
            "muscle16": -3.13225756E-09,
            "muscle17": 0,
            "muscle18": -2.60550999E-12,
            "muscle19": 0,
            "muscle20": 0,
            "muscle21": 0.524233162,
            "muscle22": -0.0713505074,
            "muscle23": -0.415075153,
            "muscle24": 0.939663827,
            "muscle25": 0.309936792,
            "muscle26": -0.0621739849,
            "muscle27": 0.062435966,
            "muscle28": 8.52839719E-07,
            "muscle29": 0.524231613,
            "muscle30": -0.0713562518,
            "muscle31": -0.415077984,
            "muscle32": 0.939663291,
            "muscle33": 0.309940368,
            "muscle34": -0.0621271431,
            "muscle35": 0.0624494851,
            "muscle36": 8.09750759E-07,
            "muscle37": -0.499997795,
            "muscle38": 0.00360059389,
            "muscle39": -0.135661155,
            "muscle40": 0.0280730706,
            "muscle41": -0.0289855488,
            "muscle42": -0.0790364966,
            "muscle43": 0.604829371,
            "muscle44": -0.0157100819,
            "muscle45": 0.562906086,
            "muscle46": -0.499999076,
            "muscle47": 0.00360561302,
            "muscle48": -0.116448574,
            "muscle49": -0.247883856,
            "muscle50": 0.0411468074,
            "muscle51": -0.445571333,
            "muscle52": 0.890468359,
            "muscle53": 0.61095196,
            "muscle54": -0.529963613,
            "muscle55": -0.333333105,
            "muscle56": -1.99999976,
            "muscle57": 0.151105076,
            "muscle58": 1,
            "muscle59": 0.377777517,
            "muscle60": -1.0646944,
            "muscle61": -0.233333036,
            "muscle62": -0.233333066,
            "muscle63": 0.311110735,
            "muscle64": -1.39999831,
            "muscle65": -0.233333081,
            "muscle66": -0.233333185,
            "muscle67": 0.688888371,
            "muscle68": -1.23777843,
            "muscle69": -0.199999824,
            "muscle70": -0.19999975,
            "muscle71": 0.911111593,
            "muscle72": -0.748828948,
            "muscle73": -0.099999927,
            "muscle74": -0.100000083,
            "muscle75": -1.89020693,
            "muscle76": -1.43333268,
            "muscle77": 0.75555557,
            "muscle78": 1.00000012,
            "muscle79": 0.553256154,
            "muscle80": 0.288638264,
            "muscle81": 0.77819556,
            "muscle82": 0.77819562,
            "muscle83": 0.665139198,
            "muscle84": -0.436818302,
            "muscle85": 0.804009497,
            "muscle86": 0.804009497,
            "muscle87": 0.640953422,
            "muscle88": 0.271548092,
            "muscle89": 0.810934067,
            "muscle90": 0.810933828,
            "muscle91": 0.57811594,
            "muscle92": 0.695615232,
            "muscle93": 0.811358094,
            "muscle94": 0.811358154,
            "duration": 0,
            "muscle-1": 1
          },
          "strings": {
            "interpolation": "default"
          },
          "inTangent": 0,
          "inWeight": 0,
          "outTangent": 0,
          "outWeight": 0,