{"animTracks":[{"properties":["Right Hand Configuration","Left Hand Configuration","Muscles","Facial Expression"],"loops":false,"keyFrames":[{"property":"Muscles","index":1,"time":1,"ints":{},"floats":{"muscle0":2.56134228E-07,"muscle1":-1.42488763E-13,"muscle2":-5.49599645E-13,"muscle3":2.13431885E-08,"muscle4":-4.07110868E-14,"muscle5":0,"muscle6":0,"muscle7":0,"muscle8":0,"muscle9":-2.13452704E-08,"muscle10":2.23540313E-14,"muscle11":2.682211E-07,"muscle12":-0.201999351,"muscle13":1.95387557E-07,"muscle14":-2.5273215E-07,"muscle15":-0.324149996,"muscle16":7.54565477E-08,"muscle17":-0.324149996,"muscle18":-1.25760167E-07,"muscle19":0,"muscle20":0,"muscle21":0.527684629,"muscle22":-0.0759822652,"muscle23":-0.588656783,"muscle24":0.953825772,"muscle25":0.425629228,"muscle26":0.042562034,"muscle27":-0.0481425785,"muscle28":5.79231937E-07,"muscle29":0.527684867,"muscle30":-0.0759847462,"muscle31":-0.588661671,"muscle32":0.953825772,"muscle33":0.425633192,"muscle34":0.0425647497,"muscle35":-0.0480923951,"muscle36":-8.17754753E-08,"muscle37":-0.499999434,"muscle38":0.00360218296,"muscle39":-0.512599766,"muscle40":0.210586742,"muscle41":-0.169809639,"muscle42":0.99277091,"muscle43":0.268193185,"muscle44":-0.0158367883,"muscle45":0.0202510636,"muscle46":-0.499999315,"muscle47":0.00360563514,"muscle48":0.117823631,"muscle49":-0.59715116,"muscle50":0.26361227,"muscle51":-0.198238969,"muscle52":-0.573084235,"muscle53":-0.999713063,"muscle54":0.493827224,"muscle55":-1.36603751E-06,"muscle56":8.19622528E-07,"muscle57":-1.67169532E-08,"muscle58":-9.05049902E-08,"muscle59":-3.41509327E-08,"muscle60":1.70754674E-07,"muscle61":7.58909735E-08,"muscle62":7.58909593E-08,"muscle63":3.41509363E-08,"muscle64":-2.27672913E-07,"muscle65":0,"muscle66":-2.20871741E-18,"muscle67":0,"muscle68":0,"muscle69":-7.58909735E-08,"muscle70":-8.28269027E-19,"muscle71":-6.36110494E-17,"muscle72":4.26886686E-08,"muscle73":4.41743481E-18,"muscle74":-3.31307611E-18,"muscle75":-2.79999948,"muscle76":0.172221586,"muscle77":0.506661594,"muscle78":0.999999821,"muscle79":0.0888887793,"muscle80":-0.582472742,"muscle81":-1.33333337,"muscle82":-0.360000134,"muscle83":-1,"muscle84":-0.436818153,"muscle85":-2.00000095,"muscle86":1.00000012,"muscle87":-1,"muscle88":0.271548212,"muscle89":-2,"muscle90":0.999999464,"muscle91":-1.00000012,"muscle92":0.695616186,"muscle93":-2.00000095,"muscle94":1,"muscle-1":1},"strings":{},"inTangent":0,"inWeight":0,"outTangent":0,"outWeight":0,"weightedMode":0},{"property":"Muscles","index":2,"time":2,"ints":{},"floats":{"muscle0":2.56134228E-07,"muscle1":-1.42488763E-13,"muscle2":-5.49599645E-13,"muscle3":2.13431885E-08,"muscle4":-4.07110868E-14,"muscle5":0,"muscle6":0,"muscle7":0,"muscle8":0,"muscle9":-2.13452367E-08,"muscle10":2.68220958E-07,"muscle11":2.68221157E-07,"muscle12":-0.201999798,"muscle13":4.42750007E-07,"muscle14":-2.1440961E-07,"muscle15":0,"muscle16":-1.97229184E-07,"muscle17":0,"muscle18":1.55238649E-08,"muscle19":0,"muscle20":0,"muscle21":0.524233162,"muscle22":-0.071352914,"muscle23":-0.415076554,"muscle24":0.939664185,"muscle25":0.309826434,"muscle26":0.0397879593,"muscle27":-0.0395601541,"muscle28":1.12591374E-06,"muscle29":0.524234772,"muscle30":-0.0713533238,"muscle31":-0.415081024,"muscle32":0.939663887,"muscle33":0.309829831,"muscle34":0.0397891253,"muscle35":-0.0395148098,"muscle36":-8.17754753E-08,"muscle37":-0.499999434,"muscle38":0.00360218296,"muscle39":-0.458635926,"muscle40":0.18247439,"muscle41":-0.112472013,"muscle42":-0.233401358,"muscle43":-0.653973877,"muscle44":-0.566147268,"muscle45":0.529453754,"muscle46":-0.499999315,"muscle47":0.00360563514,"muscle48":-0.262776256,"muscle49":0.0959817991,"muscle50":-0.148199558,"muscle51":-0.150782198,"muscle52":-0.573746622,"muscle53":-0.712584376,"muscle54":-0.249393225,"muscle55":-0.999996841,"muscle56":-1.99999881,"muscle57":-0.999999404,"muscle58":-0.537782907,"muscle59":-0.600000203,"muscle60":-1.39999962,"muscle61":1,"muscle62":0.999999702,"muscle63":-0.999999404,"muscle64":-1.39999843,"muscle65":-2.00000095,"muscle66":0.999999642,"muscle67":-0.99999994,"muscle68":-0.113273524,"muscle69":-2.00000095,"muscle70":0.999999404,"muscle71":-1,"muscle72":0.271547884,"muscle73":-2.00000072,"muscle74":0.999999404,"muscle75":-0.999999404,"muscle76":-1.99999905,"muscle77":-0.999999821,"muscle78":-0.537781179,"muscle79":-0.600000143,"muscle80":-1.39999926,"muscle81":0.999998987,"muscle82":0.999999702,"muscle83":-0.999999464,"muscle84":-1.39999878,"muscle85":-2.00000095,"muscle86":1.00000012,"muscle87":-1,"muscle88":0.271548212,"muscle89":-2.00000072,"muscle90":0.999999464,"muscle91":-1.00000012,"muscle92":-0.113272846,"muscle93":-2.00000095,"muscle94":1,"duration":0,"muscle-1":1},"strings":{"interpolation":"default"},"inTangent":0,"inWeight":0,"outTangent":0,"outWeight":0,"weightedMode":0},{"property":"Muscles","index":4,"time":2.53535342,"ints":{},"floats":{"muscle0":2.56134228E-07,"muscle1":-1.42488763E-13,"muscle2":-5.49599645E-13,"muscle3":2.13431885E-08,"muscle4":-4.07110868E-14,"muscle5":0,"muscle6":0,"muscle7":0,"muscle8":0,"muscle9":-2.13453486E-08,"muscle10":2.03555434E-14,"muscle11":3.20599775E-13,"muscle12":-0.202000052,"muscle13":1.00048695E-07,"muscle14":-6.67261517E-08,"muscle15":0,"muscle16":-1.97229184E-07,"muscle17":0,"muscle18":-4.4875452E-07,"muscle19":0,"muscle20":0,"muscle21":0.522007465,"muscle22":-0.0674852729,"muscle23":-0.308529437,"muscle24":0.930871725,"muscle25":0.238643333,"muscle26":-0.041251231,"muscle27":0.0468772091,"muscle28":1.26251746E-06,"muscle29":0.522009373,"muscle30":-0.0674861223,"muscle31":-0.308533311,"muscle32":0.930871129,"muscle33":0.23864606,"muscle34":-0.0412063859,"muscle35":0.0468786247,"muscle36":2.59867249E-07,"muscle37":-0.499999434,"muscle38":0.00360218296,"muscle39":-0.460388035,"muscle40":0.182852745,"muscle41":-0.111361913,"muscle42":-0.233590603,"muscle43":-0.655523539,"muscle44":-0.566294014,"muscle45":0.528904676,"muscle46":-0.499999315,"muscle47":0.00360563514,"muscle48":-0.136279806,"muscle49":-0.0273979567,"muscle50":0.0710916221,"muscle51":-0.492873251,"muscle52":-0.565465033,"muscle53":-0.999844432,"muscle54":0.970016062,"muscle55":-2.79999971,"muscle56":0.172221944,"muscle57":0.506661534,"muscle58":0.999999702,"muscle59":0.088888824,"muscle60":-0.582472801,"muscle61":-1.33333313,"muscle62":-0.36000067,"muscle63":-0.999999404,"muscle64":-0.436818242,"muscle65":-2.00000095,"muscle66":0.999999464,"muscle67":-1,"muscle68":0.695617676,"muscle69":-2.00000095,"muscle70":0.999999702,"muscle71":-1,"muscle72":0.271547884,"muscle73":-2.00000072,"muscle74":0.999999404,"muscle75":-2.79999876,"muscle76":0.172221422,"muscle77":0.506661594,"muscle78":0.999999881,"muscle79":0.0888883546,"muscle80":-0.582472801,"muscle81":-1.33333337,"muscle82":-0.359999567,"muscle83":-1,"muscle84":-0.436818153,"muscle85":-2.00000095,"muscle86":1.00000012,"muscle87":-1,"muscle88":0.271548212,"muscle89":-2,"muscle90":0.999999464,"muscle91":-1.00000012,"muscle92":0.695616603,"muscle93":-2.00000095,"muscle94":1,"duration":0,"muscle-1":1},"strings":{"interpolation":"smooth"},"inTangent":0,"inWeight":0,"outTangent":0,"outWeight":0,"weightedMode":0},{"property":"Left Hand Configuration","index":1,"time":1,"ints":{"hash":-991629312},"floats":{},"strings":{"name":"-"},"inTangent":0,"inWeight":0,"outTangent":0,"outWeight":0,"weightedMode":0},{"property":"Left Hand Configuration","index":2,"time":2,"ints":{"hash":-1401113600},"floats":{"duration":0},"strings":{"name":"indicativa/esparguete1"},"inTangent":0,"inWeight":0,"outTangent":0,"outWeight":0,"weightedMode":0},{"property":"Left Hand Configuration","index":4,"time":2.53535342,"ints":{"hash":24710144},"floats":{"duration":0},"strings":{"name":"E"},"inTangent":0,"inWeight":0,"outTangent":0,"outWeight":0,"weightedMode":0},{"property":"Right Hand Configuration","index":1,"time":1,"ints":{"hash":-2135787520},"floats":{},"strings":{"name":"E"},"inTangent":0,"inWeight":0,"outTangent":0,"outWeight":0,