{"animTracks":[{"properties":["Right Hand Configuration","Left Hand Configuration","Muscles","Facial Expression"],"loops":false,"keyFrames":[{"property":"Muscles","index":3,"time":1.9595958,"ints":{},"floats":{"muscle0":2.24928734E-12,"muscle1":4.07110902E-14,"muscle2":5.08888667E-13,"muscle3":2.13431885E-08,"muscle4":-4.07110868E-14,"muscle5":0,"muscle6":0,"muscle7":0,"muscle8":0,"muscle9":-2.13453486E-08,"muscle10":2.03555434E-14,"muscle11":3.20599775E-13,"muscle12":0.359999299,"muscle13":0.15500018,"muscle14":0.449000865,"muscle15":0,"muscle16":-1.97229184E-07,"muscle17":0,"muscle18":1.55238649E-08,"muscle19":0,"muscle20":0,"muscle21":0.522006989,"muscle22":-0.0674842894,"muscle23":-0.30853048,"muscle24":0.930871308,"muscle25":0.238624468,"muscle26":0.0494386964,"muscle27":-0.0438284986,"muscle28":5.79231937E-07,"muscle29":0.522006631,"muscle30":-0.0674865469,"muscle31":-0.308533013,"muscle32":0.930870771,"muscle33":0.238627359,"muscle34":0.0494413413,"muscle35":-0.0437789038,"muscle36":-8.17754753E-08,"muscle37":-0.499999434,"muscle38":0.00360218296,"muscle39":-0.515925169,"muscle40":0.211084515,"muscle41":-0.0779873505,"muscle42":0.985979259,"muscle43":0.176825434,"muscle44":-0.0182125662,"muscle45":0.0217922479,"muscle46":-0.500000954,"muscle47":0.00360560464,"muscle48":0.436367035,"muscle49":-0.59349227,"muscle50":0.613961399,"muscle51":0.212005064,"muscle52":0.675246239,"muscle53":-0.560355842,"muscle54":0.350350738,"muscle55":-1.36603751E-06,"muscle56":8.19622528E-07,"muscle57":-5.71669773E-07,"muscle58":-9.05049902E-08,"muscle59":-3.41509327E-08,"muscle60":1.70754674E-07,"muscle61":7.58909735E-08,"muscle62":7.58909593E-08,"muscle63":3.41509363E-08,"muscle64":-2.27672913E-07,"muscle65":0,"muscle66":-2.20871741E-18,"muscle67":-4.09811264E-07,"muscle68":1.78110954E-14,"muscle69":-7.58909735E-08,"muscle70":-8.28269027E-19,"muscle71":-6.36110494E-17,"muscle72":4.26886686E-08,"muscle73":4.41743481E-18,"muscle74":-3.31307611E-18,"muscle75":-0.166667596,"muscle76":-2,"muscle77":-0.337783337,"muscle78":-0.426671296,"muscle79":-0.511111736,"muscle80":-0.72247231,"muscle81":-0.50000006,"muscle82":-0.50000006,"muscle83":-0.600000441,"muscle84":-0.462221175,"muscle85":-0.533334017,"muscle86":-0.533333838,"muscle87":-0.377777755,"muscle88":-1.30000305,"muscle89":-0.233333126,"muscle90":-0.233333111,"muscle91":-0.111111246,"muscle92":-0.748829007,"muscle93":-0.100000069,"muscle94":-0.10000091,"duration":0,"muscle-1":1},"strings":{"interpolation":"smooth"},"inTangent":0,"inWeight":0,"outTangent":0,"outWeight":0,"weightedMode":0},{"property":"Muscles","index":4,"time":1.02525246,"ints":{},"floats":{"muscle0":2.24928734E-12,"muscle1":4.07110902E-14,"muscle2":5.08888667E-13,"muscle3":2.13431885E-08,"muscle4":-4.07110868E-14,"muscle5":0,"muscle6":0,"muscle7":0,"muscle8":0,"muscle9":-2.13452704E-08,"muscle10":2.23540313E-14,"muscle11":2.682211E-07,"muscle12":0.25199917,"muscle13":0.155000106,"muscle14":0.449000776,"muscle15":-0.324149996,"muscle16":-1.97229184E-07,"muscle17":-0.324149996,"muscle18":1.55238649E-08,"muscle19":0,"muscle20":0,"muscle21":0.520545781,"muscle22":-0.064381212,"muscle23":-0.236128286,"muscle24":0.924839139,"muscle25":0.19020398,"muscle26":-0.0448791012,"muscle27":0.0550845116,"muscle28":5.79231937E-07,"muscle29":0.52054584,"muscle30":-0.0643843114,"muscle31":-0.236128822,"muscle32":0.924838722,"muscle33":0.190205604,"muscle34":-0.0448298566,"muscle35":0.0550900213,"muscle36":-8.17754753E-08,"muscle37":-0.499999434,"muscle38":0.00360218296,"muscle39":-0.51691556,"muscle40":0.211186811,"muscle41":-0.0540134609,"muscle42":0.984187424,"muscle43":0.152992636,"muscle44":-0.0189221501,"muscle45":0.0221441165,"muscle46":-0.499999315,"muscle47":0.00360563514,"muscle48":0.299738228,"muscle49":-0.585402668,"muscle50":0.525688887,"muscle51":0.0359785482,"muscle52":0.670689583,"muscle53":-0.560302794,"muscle54":0.350143999,"muscle55":-1.19528283E-06,"muscle56":3.41509349E-07,"muscle57":-1.67169532E-08,"muscle58":-9.05049902E-08,"muscle59":-3.41509327E-08,"muscle60":1.70754674E-07,"muscle61":7.58909735E-08,"muscle62":7.58909593E-08,"muscle63":3.41509363E-08,"muscle64":-2.27672913E-07,"muscle65":0,"muscle66":-2.20871741E-18,"muscle67":-4.09811264E-07,"muscle68":1.78110954E-14,"muscle69":-5.31236765E-07,"muscle70":-8.28269027E-19,"muscle71":-6.36110494E-17,"muscle72":4.26886686E-08,"muscle73":4.41743481E-18,"muscle74":-3.31307611E-18,"muscle75":-0.166667596,"muscle76":-2,"muscle77":-0.337783337,"muscle78":-0.426671296,"muscle79":-0.511111736,"muscle80":-0.72247231,"muscle81":-0.50000006,"muscle82":-0.50000006,"muscle83":-0.600000441,"muscle84":-0.462221175,"muscle85":-0.533334553,"muscle86":-0.533333838,"muscle87":-0.377777755,"muscle88":-1.30000305,"muscle89":-0.233333126,"muscle90":-0.233333111,"muscle91":-0.111111239,"muscle92":-0.748829007,"muscle93":-0.100000069,"muscle94":-0.10000091,"duration":0,"muscle-1":1},"strings":{},"inTangent":0,"inWeight":0,"outTangent":0,"outWeight":0,"weightedMode":0},{"property":"Left Hand Configuration","index":3,"time":1.9595958,"ints":{"hash":-1401113600},"floats":{"duration":0},"strings":{"name":"-"},"inTangent":0,"inWeight":0,"outTangent":0,"outWeight":0,"weightedMode":0},{"property":"Left Hand Configuration","index":4,"time":1.02525246,"ints":{"hash":-1766919168},"floats":{"duration":0},"strings":{"name":"-"},"inTangent":0,"inWeight":0,"outTangent":0,"outWeight":0,"weightedMode":0},{"property":"Right Hand Configuration","index":3,"time":1.9595958,"ints":{"hash":-1973192704},"floats":{"duration":0},"strings":{"name":"O"},"inTangent":0,"inWeight":0,"outTangent":0,"outWeight":0,"weightedMode":0},{"property":"Right Hand Configuration","index":4,"time":1.02525246,"ints":{"hash":1955969024},"floats":{"duration":0},"strings":{"name":"O"},"inTangent":0,"inWeight":0,"outTangent":0,"outWeight":0,"weightedMode":0},{"property":"Facial Expression","index":3,"time":1.9595958,"ints":{},"floats":{"duration":0},"strings":{"faceName":"Neutra"},"inTangent":0,"inWeight":0,"outTangent":0,"outWeight":0,"weightedMode":0},{"property":"Facial Expression","index":4,"time":1.02525246,"ints":{},"floats":{"duration":0},"strings":{"faceName":"Neutra"},"inTangent":0,"inWeight":0,"outTangent":0,"outWeight":0,"weightedMode":0}]},{"properties":["Face Animation Neutra"],"loops":false,"keyFrames":[{"property":"Face Animation Neutra","index":0,"time":0,"ints":{},"floats":{"girl_head_.blendShape.mClose":100,"girl_head_.blendShape.A":0,"girl_head_.blendShape.Cons":0,"girl_head_.blendShape.Fv":0,"girl_head_.blendShape.mLSide":0,"girl_head_.blendShape.mLSideUp":0,"girl_head_.blendShape.mRSide":0,"girl_head_.blendShape.mRSideUp":0,"girl_head_.blendShape.O":0,"girl_head_.blendShape.smile":0,"girl_head_.blendShape.U":0,"girl_hair.blendShape.cheek1":0,"girl_hair.blendShape.cheek2":0,"girl_hair.blendShape.cheek3":0,"girl_head_.blendShape.Bmp":0,"girl_head_.blendShape.E":0,"girl_head_.blendShape.F001":0,"girl_head_.blendShape.F003":0,"girl_head_.blendShape.F005":0,"girl_head_.blendShape.F006":0,"girl_head_.blendShape.F007":0,"girl_head_.blendShape.F007left":0,"girl_head_.blendShape.F008":0,"girl_head_.blendShape.F017":0,"girl_head_.blendShape.F019":0,"girl_head_.blendShape.F024":0,"girl_head_.blendShape.F031":0,"girl_head_.blendShape.LEyeBMad":0,"girl_head_.blendShape.LEyeClose":0,"girl_head_.blendShape.LEyeLidUp":0,"girl_head_.blendShape.LEyeMad":0,"girl_head_.blendShape.LEyeSad":0,"girl_head_.blendShape.LeyeBUp":0,"girl_head_.blendShape.mSad":0,"girl_head_.blendShape.REyeBMad":0,"girl_head_.blendShape.REyeClose":0,"girl_head_.blendShape.REyeLidUp":0,"girl_head_.blendShape.REyeMad":0,"girl_head_.blendShape.REyeSad":0,"girl_head_.blendShape.ReyeBSad":0,"girl_head_.blendShape.ReyeBUp":0,