{"animTracks":[{"properties":["Right Hand Configuration","Left Hand Configuration","Muscles","Facial Expression"],"loops":false,"keyFrames":[{"property":"Muscles","index":2,"time":1.01010084,"ints":{},"floats":{"muscle0":2.24928734E-12,"muscle1":4.07110902E-14,"muscle2":5.08888667E-13,"muscle3":2.13431885E-08,"muscle4":-4.07110868E-14,"muscle5":0,"muscle6":0,"muscle7":0,"muscle8":0,"muscle9":-2.13453486E-08,"muscle10":2.03555434E-14,"muscle11":3.20599775E-13,"muscle12":8.53775717E-08,"muscle13":2.51758536E-07,"muscle14":1.78943935E-07,"muscle15":-0.324149996,"muscle16":-1.97229184E-07,"muscle17":-0.324149996,"muscle18":1.55238649E-08,"muscle19":0,"muscle20":0,"muscle21":0.524232864,"muscle22":-0.0713516325,"muscle23":-0.415075481,"muscle24":0.939663708,"muscle25":0.309866071,"muscle26":-0.0509066433,"muscle27":0.0511467159,"muscle28":5.79231937E-07,"muscle29":0.524233222,"muscle30":-0.0713542625,"muscle31":-0.415078163,"muscle32":0.939663827,"muscle33":0.309868872,"muscle34":-0.0508565754,"muscle35":0.0511496961,"muscle36":-8.17754753E-08,"muscle37":-0.499999434,"muscle38":0.00360218296,"muscle39":-0.514534473,"muscle40":0.210906729,"muscle41":-0.113970801,"muscle42":0.988653243,"muscle43":0.212615341,"muscle44":-0.0172160398,"muscle45":0.0212177057,"muscle46":-0.499999315,"muscle47":0.00360563514,"muscle48":-0.049629353,"muscle49":-0.341409624,"muscle50":0.393533111,"muscle51":-0.36899367,"muscle52":0.608722329,"muscle53":-0.627010465,"muscle54":0.999304235,"muscle55":-1.36603751E-06,"muscle56":8.19622528E-07,"muscle57":-1.67169532E-08,"muscle58":-5.17475087E-07,"muscle59":-3.41509327E-08,"muscle60":1.70754674E-07,"muscle61":7.58909735E-08,"muscle62":7.58909593E-08,"muscle63":3.41509363E-08,"muscle64":-2.27672913E-07,"muscle65":2.2767297E-07,"muscle66":-2.20871741E-18,"muscle67":0,"muscle68":0,"muscle69":-5.31236765E-07,"muscle70":-8.28269027E-19,"muscle71":-6.36110494E-17,"muscle72":4.26886686E-08,"muscle73":4.41743481E-18,"muscle74":-3.31307611E-18,"muscle75":-3.00000024,"muscle76":-2,"muscle77":-0.604449809,"muscle78":-0.0266713314,"muscle79":0.39770031,"muscle80":-1.01802802,"muscle81":0.77819562,"muscle82":0.77819562,"muscle83":0.354027748,"muscle84":-1.30792797,"muscle85":0.737342477,"muscle86":0.737342894,"muscle87":-1.00000012,"muscle88":1.3915484,"muscle89":-2.00000095,"muscle90":-1,"muscle91":-1,"muscle92":0.19783701,"muscle93":-2.00000095,"muscle94":-0.99999994,"duration":0,"muscle-1":1},"strings":{},"inTangent":0,"inWeight":0,"outTangent":0,"outWeight":0,"weightedMode":0},{"property":"Muscles","index":3,"time":2.0151515,"ints":{},"floats":{"muscle0":2.24928734E-12,"muscle1":4.07110902E-14,"muscle2":5.08888667E-13,"muscle3":2.13431885E-08,"muscle4":-4.07110868E-14,"muscle5":0,"muscle6":0,"muscle7":0,"muscle8":0,"muscle9":-2.13452704E-08,"muscle10":2.23540313E-14,"muscle11":2.682211E-07,"muscle12":1.60082749E-07,"muscle13":-1.18075612E-08,"muscle14":-3.52319944E-07,"muscle15":0,"muscle16":-1.97229184E-07,"muscle17":0,"muscle18":-4.4875452E-07,"muscle19":0,"muscle20":0,"muscle21":0.522007048,"muscle22":-0.0674839988,"muscle23":-0.308529735,"muscle24":0.930871129,"muscle25":0.238623977,"muscle26":0.0494376682,"muscle27":-0.0438291878,"muscle28":5.79231937E-07,"muscle29":0.522007108,"muscle30":-0.0674868599,"muscle31":-0.30853197,"muscle32":0.930871129,"muscle33":0.238626733,"muscle34":0.0494411103,"muscle35":-0.0437787287,"muscle36":-4.9172013E-07,"muscle37":-0.499999434,"muscle38":0.00360218296,"muscle39":-0.515925407,"muscle40":0.211084649,"muscle41":-0.0779889971,"muscle42":0.985979557,"muscle43":0.176826894,"muscle44":-0.0182121228,"muscle45":0.0217908807,"muscle46":-0.499999315,"muscle47":0.00360563514,"muscle48":-0.0382873192,"muscle49":-0.256253034,"muscle50":0.332354695,"muscle51":-0.641500175,"muscle52":1.21414983,"muscle53":0.475753427,"muscle54":0.999691427,"muscle55":-1.36603751E-06,"muscle56":8.19622528E-07,"muscle57":-1.67169532E-08,"muscle58":-9.05049902E-08,"muscle59":-3.41509327E-08,"muscle60":1.70754674E-07,"muscle61":7.58909735E-08,"muscle62":7.58909593E-08,"muscle63":3.41509363E-08,"muscle64":-2.27672913E-07,"muscle65":0,"muscle66":-2.20871741E-18,"muscle67":0,"muscle68":0,"muscle69":-7.58909735E-08,"muscle70":-8.28269027E-19,"muscle71":-6.36110494E-17,"muscle72":4.26886686E-08,"muscle73":-4.55345827E-07,"muscle74":-3.31307611E-18,"muscle75":-3.00000024,"muscle76":-2,"muscle77":-0.604449809,"muscle78":-0.0266713314,"muscle79":0.39770031,"muscle80":-1.01802802,"muscle81":0.77819562,"muscle82":0.77819562,"muscle83":0.354027748,"muscle84":-1.30792797,"muscle85":0.737342477,"muscle86":0.737342894,"muscle87":-1.00000012,"muscle88":1.3915484,"muscle89":-2.00000095,"muscle90":-1,"muscle91":-1,"muscle92":0.19783701,"muscle93":-2.00000095,"muscle94":-0.99999994,"duration":0,"muscle-1":1},"strings":{"interpolation":"smooth"},"inTangent":0,"inWeight":0,"outTangent":0,"outWeight":0,"weightedMode":0},{"property":"Left Hand Configuration","index":2,"time":1.01010084,"ints":{"hash":-180935680},"floats":{"duration":0},"strings":{"name":"-"},"inTangent":0,"inWeight":0,"outTangent":0,"outWeight":0,"weightedMode":0},{"property":"Left Hand Configuration","index":3,"time":2.0151515,"ints":{"hash":432029696},"floats":{"duration":0},"strings":{"name":"-"},"inTangent":0,"inWeight":0,"outTangent":0,"outWeight":0,"weightedMode":0},{"property":"Right Hand Configuration","index":2,"time":1.01010084,"ints":{"hash":-753014784},"floats":{"duration":0},"strings":{"name":"U_1"},"inTangent":0,"inWeight":0,"outTangent":0,"outWeight":0,"weightedMode":0},{"property":"Right Hand Configuration","index":3,"time":2.0151515,"ints":{"hash":-140049408},"floats":{"duration":0},"strings":{"name":"U_1"},"inTangent":0,"inWeight":0,"outTangent":0,"outWeight":0,"weightedMode":0},{"property":"Facial Expression","index":2,"time":1.01010084,"ints":{},"floats":{"duration":0},"strings":{"faceName":"L\u00A1ngua Queixo"},"inTangent":0,"inWeight":0,"outTangent":0,"outWeight":0,"weightedMode":0},{"property":"Facial Expression","index":3,"time":2.0151515,"ints":{},"floats":{"duration":0},"strings":{"faceName":"L\u00A1ngua Queixo"},"inTangent":0,"inWeight":0,"outTangent":0,"outWeight":0,"weightedMode":0}]},{"properties":["Face Animation L\u00A1ngua Queixo"],"loops":false,"keyFrames":[{"property":"Face Animation L\u00A1ngua Queixo","index":0,"time":0,"ints":{},"floats":{"girl_head_.blendShape.A":0,"girl_head_.blendShape.Cons":0,"girl_head_.blendShape.Bmp":-35,"girl_head_.blendShape.E":0,"girl_head_.blendShape.F001":0,"girl_head_.blendShape.F003":0,"girl_head_.blendShape.F005":0,"girl_head_.blendShape.F006":0,"girl_head_.blendShape.F007":0,"girl_head_.blendShape.F007left":0,"girl_head_.blendShape.F008":0,"girl_head_.blendShape.F017":0,"girl_head_.blendShape.F019":0,"girl_head_.blendShape.F024":136.559998,"girl_head_.blendShape.F031":0,"girl_head_.blendShape.Fv":0,"girl_head_.blendShape.LEyeBMad":0,"girl_head_.blendShape.LEyeClose":0,"girl_head_.blendShape.LEyeLidUp":0,"girl_head_.blendShape.LEyeMad":0,"girl_head_.blendShape.LEyeSad":0,"girl_head_.blendShape.LeyeBUp":0,"girl_head_.blendShape.mClose":0,"girl_head_.blendShape.mLSide":0,"girl_head_.blendShape.mLSideUp":0,"girl_head_.blendShape.mRSide":0,"girl_head_.blendShape.mRSideUp":0,"girl_head_.blendShape.mSad":0,"girl_head_.blendShape.O":0,"girl_head_.blendShape.REyeBMad":0,"girl_head_.blendShape.REyeClose":0,"girl_head_.blendShape.REyeLidUp":0,"girl_head_.blendShape.REyeMad":0,"girl_head_.blendShape.REyeSad":0,"girl_head_.blendShape.ReyeBSad":0,"girl_head_.blendShape.ReyeBUp":0,"girl_head_.blendShape.ReyeLSad":0,"girl_head_.blendShape.smile":0,