{
  "animTracks": [
    {
      "properties": [
        "Right Hand Configuration",
        "Left Hand Configuration",
        "Muscles",
        "Facial Expression"
      ],
      "loops": false,
      "keyFrames": [
        {
          "property": "Muscles",
          "index": 1,
          "time": 1,
          "ints": {},
          "floats": {
            "muscle0": 2.1398753E-12,
            "muscle1": -4.07110923E-13,
            "muscle2": -9.56710622E-13,
            "muscle3": -1.48849899E-12,
            "muscle4": -1.69222731E-25,
            "muscle5": -3.25688776E-13,
            "muscle6": 0,
            "muscle7": 0,
            "muscle8": 0,
            "muscle9": -3.96933029E-13,
            "muscle10": -4.0711097E-14,
            "muscle11": -3.25688776E-13,
            "muscle12": 1.38737931E-07,
            "muscle13": 1.30605528E-07,
            "muscle14": 1.02331555E-07,
            "muscle15": 0,
            "muscle16": -3.13225756E-09,
            "muscle17": 0,
            "muscle18": -2.60550999E-12,
            "muscle19": 0,
            "muscle20": 0,
            "muscle21": 0.527684987,
            "muscle22": -0.075982213,
            "muscle23": -0.588656247,
            "muscle24": 0.953825712,
            "muscle25": 0.4257029,
            "muscle26": -0.0594078712,
            "muscle27": 0.0538544767,
            "muscle28": 3.74593156E-07,
            "muscle29": 0.527683496,
            "muscle30": -0.0759853348,
            "muscle31": -0.588659286,
            "muscle32": 0.953825295,
            "muscle33": 0.425705791,
            "muscle34": -0.0593609177,
            "muscle35": 0.053863246,
            "muscle36": 1.94633657E-07,
            "muscle37": -0.499999434,
            "muscle38": 0.00360223628,
            "muscle39": -0.00818403065,
            "muscle40": 0.465519935,
            "muscle41": -0.351527274,
            "muscle42": -0.595907271,
            "muscle43": 0.22999385,
            "muscle44": -0.414085954,
            "muscle45": 1.00017583,
            "muscle46": -0.499998987,
            "muscle47": 0.00360562769,
            "muscle48": -0.0435164385,
            "muscle49": 0.315084577,
            "muscle50": -0.32906279,
            "muscle51": -0.526837528,
            "muscle52": 0.250523776,
            "muscle53": -0.463318497,
            "muscle54": 1.00021219,
            "muscle55": -0.156874791,
            "muscle56": 0.505554914,
            "muscle57": 0.63999474,
            "muscle58": 0.639995277,
            "muscle59": 0.553256035,
            "muscle60": 0.288638294,
            "muscle61": 0.778195739,
            "muscle62": 0.77819562,
            "muscle63": 0.665139079,
            "muscle64": -0.436817974,
            "muscle65": 0.804009795,
            "muscle66": 0.804009497,
            "muscle67": 0.640953362,
            "muscle68": 0.271548152,
            "muscle69": 0.810933828,
            "muscle70": 0.810934246,
            "muscle71": 0.578116238,
            "muscle72": 0.695615947,
            "muscle73": 0.811358094,
            "muscle74": 0.811358094,
            "muscle75": -0.156874686,
            "muscle76": 0.505554259,
            "muscle77": 0.6399948,
            "muscle78": 0.639995337,
            "muscle79": 0.553255916,
            "muscle80": 0.288638234,
            "muscle81": 0.77819556,
            "muscle82": 0.77819562,
            "muscle83": 0.665139318,
            "muscle84": -0.436818361,
            "muscle85": 0.804009497,
            "muscle86": 0.804009497,
            "muscle87": 0.640953422,
            "muscle88": 0.271548092,
            "muscle89": 0.810934067,
            "muscle90": 0.810933828,
            "muscle91": 0.578116179,
            "muscle92": 0.695615828,
            "muscle93": 0.811358094,
            "muscle94": 0.811358154,
            "muscle-1": 1
          },
          "strings": {
            "interpolation": "smooth"
          },
          "inTangent": 0,
          "inWeight": 0,
          "outTangent": 0,
          "outWeight": 0,
          "weightedMode": 0
        },
        {
          "property": "Muscles",
          "index": 2,
          "time": 1.79292917,
          "ints": {},
          "floats": {
            "muscle0": 2.1398753E-12,
            "muscle1": -4.07110923E-13,
            "muscle2": -9.56710622E-13,
            "muscle3": -1.48849899E-12,
            "muscle4": -1.69222731E-25,
            "muscle5": -3.25688776E-13,
            "muscle6": 0,
            "muscle7": 0,
            "muscle8": 0,
            "muscle9": -3.96933029E-13,
            "muscle10": -4.0711097E-14,
            "muscle11": -3.25688776E-13,
            "muscle12": 2.98820453E-07,
            "muscle13": 2.64141335E-07,
            "muscle14": 2.57918114E-08,
            "muscle15": 0,
            "muscle16": -3.13225756E-09,
            "muscle17": 0,
            "muscle18": -2.60550999E-12,
            "muscle19": 0,
            "muscle20": 0,
            "muscle21": 0.524232864,
            "muscle22": -0.0713516772,
            "muscle23": -0.415075123,
            "muscle24": 0.939663529,
            "muscle25": 0.309937179,
            "muscle26": -0.0621735528,
            "muscle27": 0.0624383576,
            "muscle28": 3.74593156E-07,
            "muscle29": 0.524232447,
            "muscle30": -0.0713549256,
            "muscle31": -0.415078789,
            "muscle32": 0.93966347,
            "muscle33": 0.309940219,
            "muscle34": -0.0621277206,
            "muscle35": 0.0624477006,
            "muscle36": 3.996727E-07,
            "muscle37": -0.499998987,
            "muscle38": 0.00360289821,
            "muscle39": 0.0745999888,
            "muscle40": 0.0796167627,
            "muscle41": -0.0863462463,
            "muscle42": -0.221036226,
            "muscle43": 0.468910486,
            "muscle44": -0.414200902,
            "muscle45": 1.00026023,
            "muscle46": -0.499999434,
            "muscle47": 0.00360608404,
            "muscle48": 0.0441234112,
            "muscle49": -0.0419167131,
            "muscle50": -0.108021423,
            "muscle51": -0.129015684,
            "muscle52": 0.429844141,
            "muscle53": -0.463537812,
            "muscle54": 1.00039518,
            "muscle55": -0.156874791,
            "muscle56": 0.505554914,
            "muscle57": 0.63999474,
            "muscle58": 0.639995277,
            "muscle59": 0.553256035,
            "muscle60": 0.288638294,
            "muscle61": 0.778195739,
            "muscle62": 0.77819562,
            "muscle63": 0.665139079,
            "muscle64": -0.436817974,
            "muscle65": 0.804009795,
            "muscle66": 0.804009497,
            "muscle67": 0.640953362,
            "muscle68": 0.271548152,
            "muscle69": 0.810933828,
            "muscle70": 0.810934007,
            "muscle71": 0.578116238,
            "muscle72": 0.695615947,
            "muscle73": 0.811358094,
            "muscle74": 0.811358094,
            "muscle75": -0.156874686,
            "muscle76": 0.505554259,
            "muscle77": 0.639995039,
            "muscle78": 0.639995337,
            "muscle79": 0.553255916,
            "muscle80": 0.288638234,
            "muscle81": 0.77819556,
            "muscle82": 0.77819562,
            "muscle83": 0.665139318,
            "muscle84": -0.436818361,
            "muscle85": 0.804009497,
            "muscle86": 0.804009497,
            "muscle87": 0.640953422,
            "muscle88": 0.271548092,
            "muscle89": 0.810934067,
            "muscle90": 0.810933828,
            "muscle91": 0.578116179,
            "muscle92": 0.695615828,
            "muscle93": 0.811358094,
            "muscle94": 0.811358154,
            "duration": 0.303030312,
            "muscle-1": 1
          },
          "strings": {
            "interpolation": "smooth"
          },
          "inTangent": 0,
          "inWeight": 0,
          "outTangent": 0,