{"animTracks":[{"properties":["Right Hand Configuration","Left Hand Configuration","Muscles","Facial Expression"],"loops":false,"keyFrames":[{"property":"Muscles","index":1,"time":1,"ints":{},"floats":{"muscle0":2.56134228E-07,"muscle1":-1.42488763E-13,"muscle2":-5.49599645E-13,"muscle3":2.13431885E-08,"muscle4":-4.07110868E-14,"muscle5":0,"muscle6":0,"muscle7":0,"muscle8":0,"muscle9":-2.13452704E-08,"muscle10":2.23540313E-14,"muscle11":2.682211E-07,"muscle12":-2.02771005E-07,"muscle13":1.95387557E-07,"muscle14":-2.5273215E-07,"muscle15":-0.324149996,"muscle16":7.54565477E-08,"muscle17":-0.324149996,"muscle18":-1.25760167E-07,"muscle19":0,"muscle20":0,"muscle21":0.527684629,"muscle22":-0.0759822652,"muscle23":-0.588656783,"muscle24":0.953825772,"muscle25":0.425629228,"muscle26":0.042562034,"muscle27":-0.0481425785,"muscle28":5.79231937E-07,"muscle29":0.527684867,"muscle30":-0.0759847462,"muscle31":-0.588661671,"muscle32":0.953825772,"muscle33":0.425633192,"muscle34":0.0425647497,"muscle35":-0.0480923951,"muscle36":-8.17754753E-08,"muscle37":-0.499999434,"muscle38":0.00360218296,"muscle39":-0.562982976,"muscle40":-0.049143903,"muscle41":-0.00616213726,"muscle42":-0.250891566,"muscle43":1.19739258,"muscle44":0.999871433,"muscle45":-0.300387472,"muscle46":-0.499999315,"muscle47":0.00360563514,"muscle48":-0.445493191,"muscle49":-0.0742606148,"muscle50":-0.0827866048,"muscle51":-0.300744891,"muscle52":-1.07694805,"muscle53":-0.0469210111,"muscle54":0.998794734,"muscle55":-0.756875575,"muscle56":-1.62777901,"muscle57":-0.648894072,"muscle58":-0.693338156,"muscle59":0.131033793,"muscle60":-0.924694657,"muscle61":-0.221804246,"muscle62":-0.221804142,"muscle63":-0.999999702,"muscle64":-1.39999843,"muscle65":-1.49599016,"muscle66":-0.320000231,"muscle67":-0.999999881,"muscle68":1.04932606,"muscle69":-1.45573258,"muscle70":-0.479999959,"muscle71":0.333333343,"muscle72":-0.113272861,"muscle73":-0.455308735,"muscle74":-0.455308884,"muscle75":-0.756875455,"muscle76":-1.62777889,"muscle77":-0.648893893,"muscle78":-0.693337917,"muscle79":0.131033584,"muscle80":-0.924694657,"muscle81":-0.221804127,"muscle82":-0.22180362,"muscle83":-0.999999464,"muscle84":-1.39999878,"muscle85":-1.49598789,"muscle86":-0.320000172,"muscle87":-0.999999881,"muscle88":1.04932582,"muscle89":-1.45573354,"muscle90":-0.47999993,"muscle91":0.333332866,"muscle92":-0.113272898,"muscle93":-0.455308318,"muscle94":-0.455308855,"muscle-1":1},"strings":{},"inTangent":0,"inWeight":0,"outTangent":0,"outWeight":0,"weightedMode":0},{"property":"Muscles","index":3,"time":1.53535342,"ints":{},"floats":{"muscle0":2.56134228E-07,"muscle1":-1.42488763E-13,"muscle2":-5.49599645E-13,"muscle3":2.13431885E-08,"muscle4":-4.07110868E-14,"muscle5":0,"muscle6":0,"muscle7":0,"muscle8":0,"muscle9":-2.13453486E-08,"muscle10":2.03555434E-14,"muscle11":3.20599775E-13,"muscle12":-7.47049782E-08,"muscle13":1.83863023E-07,"muscle14":-8.23666255E-08,"muscle15":0,"muscle16":-1.97229184E-07,"muscle17":0,"muscle18":-4.4875452E-07,"muscle19":0,"muscle20":0,"muscle21":0.524233222,"muscle22":-0.0713516325,"muscle23":-0.415076971,"muscle24":0.939664185,"muscle25":0.309866875,"muscle26":-0.0509064011,"muscle27":0.0511469468,"muscle28":8.52572839E-07,"muscle29":0.524233937,"muscle30":-0.0713537112,"muscle31":-0.415079266,"muscle32":0.93966347,"muscle33":0.309869289,"muscle34":-0.0508576185,"muscle35":0.0511486195,"muscle36":-8.17754753E-08,"muscle37":-0.499999434,"muscle38":0.00360218296,"muscle39":-0.537492573,"muscle40":0.0227709413,"muscle41":-0.00636744546,"muscle42":-0.313440561,"muscle43":1.19918525,"muscle44":0.522879541,"muscle45":-0.300346941,"muscle46":-0.499999315,"muscle47":0.00360563514,"muscle48":-0.446186632,"muscle49":-0.0741266832,"muscle50":-0.0824800655,"muscle51":-0.300821483,"muscle52":-1.07730305,"muscle53":-0.307704389,"muscle54":0.998880684,"muscle55":-0.756875575,"muscle56":-1.62777901,"muscle57":-0.648894072,"muscle58":-0.693338096,"muscle59":0.131033793,"muscle60":-0.924694657,"muscle61":-0.221804246,"muscle62":-0.221804142,"muscle63":-0.999999404,"muscle64":-1.39999843,"muscle65":-1.49599016,"muscle66":-0.320000231,"muscle67":0.333333075,"muscle68":-0.113273531,"muscle69":-0.455308855,"muscle70":-0.455308467,"muscle71":-0.999999225,"muscle72":1.0493263,"muscle73":-1.45573294,"muscle74":-0.47999984,"muscle75":-0.756875455,"muscle76":-1.62777889,"muscle77":-0.648893893,"muscle78":-0.693337917,"muscle79":0.131033584,"muscle80":-0.924694657,"muscle81":-0.221804127,"muscle82":-0.22180362,"muscle83":-0.999999464,"muscle84":-1.39999878,"muscle85":-1.49598634,"muscle86":-0.320000172,"muscle87":-0.999999702,"muscle88":1.0493263,"muscle89":-1.45573401,"muscle90":-0.47999993,"muscle91":0.333332866,"muscle92":-0.113272898,"muscle93":-0.455308437,"muscle94":-0.455308855,"duration":0,"muscle-1":1},"strings":{"interpolation":"smooth"},"inTangent":0,"inWeight":0,"outTangent":0,"outWeight":0,"weightedMode":0},{"property":"Left Hand Configuration","index":1,"time":1,"ints":{"hash":555838464},"floats":{},"strings":{"name":"TETA2"},"inTangent":0,"inWeight":0,"outTangent":0,"outWeight":0,"weightedMode":0},{"property":"Left Hand Configuration","index":3,"time":1.53535342,"ints":{"hash":-1401113600},"floats":{"duration":0},"strings":{"name":"TETA2"},"inTangent":0,"inWeight":0,"outTangent":0,"outWeight":0,"weightedMode":0},{"property":"Right Hand Configuration","index":1,"time":1,"ints":{"hash":-16240640},"floats":{},"strings":{"name":"TETA2"},"inTangent":0,"inWeight":0,"outTangent":0,"outWeight":0,"weightedMode":0},{"property":"Right Hand Configuration","index":3,"time":1.53535342,"ints":{"hash":-1973192704},"floats":{"duration":0},"strings":{"name":"TETA2"},"inTangent":0,"inWeight":0,"outTangent":0,"outWeight":0,"weightedMode":0},{"property":"Facial Expression","index":1,"time":1,"ints":{},"floats":{},"strings":{"faceName":"Neutra"},"inTangent":0,"inWeight":0,"outTangent":0,"outWeight":0,"weightedMode":0},{"property":"Facial Expression","index":3,"time":1.53535342,"ints":{},"floats":{"duration":0},"strings":{"faceName":"Bochechas"},"inTangent":0,"inWeight":0,"outTangent":0,"outWeight":0,"weightedMode":0}]},{"properties":["Face Animation Neutra"],"loops":false,"keyFrames":[{"property":"Face Animation Neutra","index":0,"time":0,"ints":{},"floats":{"girl_head_.blendShape.mClose":100,"girl_head_.blendShape.A":0,"girl_head_.blendShape.Cons":0,"girl_head_.blendShape.Fv":0,"girl_head_.blendShape.mLSide":0,"girl_head_.blendShape.mLSideUp":0,"girl_head_.blendShape.mRSide":0,"girl_head_.blendShape.mRSideUp":0,"girl_head_.blendShape.O":0,"girl_head_.blendShape.smile":0,"girl_head_.blendShape.U":0,"girl_hair.blendShape.cheek1":0,"girl_hair.blendShape.cheek2":0,"girl_hair.blendShape.cheek3":0,"girl_head_.blendShape.Bmp":0,"girl_head_.blendShape.E":0,"girl_head_.blendShape.F001":0,"girl_head_.blendShape.F003":0,"girl_head_.blendShape.F005":0,"girl_head_.blendShape.F006":0,"girl_head_.blendShape.F007":0,"girl_head_.blendShape.F007left":0,"girl_head_.blendShape.F008":0,"girl_head_.blendShape.F017":0,"girl_head_.blendShape.F019":0,"girl_head_.blendShape.F024":0,"girl_head_.blendShape.F031":0,"girl_head_.blendShape.LEyeBMad":0,"girl_head_.blendShape.LEyeClose":0,"girl_head_.blendShape.LEyeLidUp":0,"girl_head_.blendShape.LEyeMad":0,"girl_head_.blendShape.LEyeSad":0,"girl_head_.blendShape.LeyeBUp":0,"girl_head_.blendShape.mSad":0,"girl_head_.blendShape.REyeBMad":0,"girl_head_.blendShape.REyeClose":0,"girl_head_.blendShape.REyeLidUp":0,"girl_head_.blendShape.REyeMad":0,"girl_head_.blendShape.REyeSad":0,"girl_head_.blendShape.ReyeBSad":0,"girl_head_.blendShape.ReyeBUp":0,