{
  "animTracks": [
    {
      "properties": [
        "Right Hand Configuration",
        "Left Hand Configuration",
        "Muscles",
        "Facial Expression"
      ],
      "loops": false,
      "keyFrames": [
        {
          "property": "Muscles",
          "index": 1,
          "time": 1,
          "ints": {},
          "floats": {
            "muscle0": 2.1398753E-12,
            "muscle1": -4.07110923E-13,
            "muscle2": -9.56710622E-13,
            "muscle3": -1.48849899E-12,
            "muscle4": -1.69222731E-25,
            "muscle5": -3.25688776E-13,
            "muscle6": 0,
            "muscle7": 0,
            "muscle8": 0,
            "muscle9": -3.96933029E-13,
            "muscle10": -4.0711097E-14,
            "muscle11": -3.25688776E-13,
            "muscle12": 1.38737931E-07,
            "muscle13": 0.09000016,
            "muscle14": -0.0149998479,
            "muscle15": 0,
            "muscle16": -3.13225756E-09,
            "muscle17": 0,
            "muscle18": -2.60550999E-12,
            "muscle19": 0,
            "muscle20": 0,
            "muscle21": 0.527684987,
            "muscle22": -0.075982213,
            "muscle23": -0.588656247,
            "muscle24": 0.953825712,
            "muscle25": 0.4257029,
            "muscle26": -0.0594078712,
            "muscle27": 0.0538544767,
            "muscle28": 3.74593156E-07,
            "muscle29": 0.527683496,
            "muscle30": -0.0759853348,
            "muscle31": -0.588659286,
            "muscle32": 0.953825295,
            "muscle33": 0.425705791,
            "muscle34": -0.0593609177,
            "muscle35": 0.053863246,
            "muscle36": 1.94633657E-07,
            "muscle37": -0.499999434,
            "muscle38": 0.00360223628,
            "muscle39": -0.367881328,
            "muscle40": -0.0409964398,
            "muscle41": 0.274762124,
            "muscle42": -0.323110402,
            "muscle43": -0.699501812,
            "muscle44": -0.352808833,
            "muscle45": 0.764362812,
            "muscle46": -0.499998987,
            "muscle47": 0.00360562769,
            "muscle48": -0.401189417,
            "muscle49": -0.0154118212,
            "muscle50": 0.23964484,
            "muscle51": -0.338057458,
            "muscle52": -0.780795991,
            "muscle53": -0.350815624,
            "muscle54": 0.722563624,
            "muscle55": -0.99999994,
            "muscle56": -2,
            "muscle57": -1,
            "muscle58": -0.537782431,
            "muscle59": 0.422222257,
            "muscle60": -0.706916988,
            "muscle61": 0.866666675,
            "muscle62": 0.866666675,
            "muscle63": -1,
            "muscle64": -1.39999998,
            "muscle65": -2,
            "muscle66": 0.99999994,
            "muscle67": -1,
            "muscle68": 0.271548361,
            "muscle69": -2,
            "muscle70": 0.999999642,
            "muscle71": -1,
            "muscle72": -0.113273621,
            "muscle73": -2,
            "muscle74": 1,
            "muscle75": -0.999999404,
            "muscle76": -2,
            "muscle77": -0.999999464,
            "muscle78": -0.537782431,
            "muscle79": 0.422222316,
            "muscle80": -0.706916392,
            "muscle81": 0.866666496,
            "muscle82": 0.866666317,
            "muscle83": -0.999999583,
            "muscle84": -1.39999855,
            "muscle85": -2.00000095,
            "muscle86": 0.999999702,
            "muscle87": -0.99999994,
            "muscle88": 0.271548301,
            "muscle89": -2.00000072,
            "muscle90": 0.999998808,
            "muscle91": -0.999998629,
            "muscle92": -0.113273963,
            "muscle93": -2.00000072,
            "muscle94": 0.99999994,
            "muscle-1": 1
          },
          "strings": {
            "interpolation": "default"
          },
          "inTangent": 0,
          "inWeight": 0,
          "outTangent": 0,
          "outWeight": 0,
          "weightedMode": 0
        },
        {
          "property": "Muscles",
          "index": 2,
          "time": 2,
          "ints": {},
          "floats": {
            "muscle0": 2.1398753E-12,
            "muscle1": -4.07110923E-13,
            "muscle2": -9.56710622E-13,
            "muscle3": -1.48849899E-12,
            "muscle4": -1.69222731E-25,
            "muscle5": -3.25688776E-13,
            "muscle6": 0,
            "muscle7": 0,
            "muscle8": 0,
            "muscle9": -3.96933029E-13,
            "muscle10": -4.0711097E-14,
            "muscle11": -3.25688776E-13,
            "muscle12": 3.09492634E-07,
            "muscle13": 1.42129636E-07,
            "muscle14": -6.80340193E-08,
            "muscle15": 0,
            "muscle16": 4.83886538E-07,
            "muscle17": 0,
            "muscle18": -2.60550999E-12,
            "muscle19": 0,
            "muscle20": 0,
            "muscle21": 0.524233222,
            "muscle22": -0.071351774,
            "muscle23": -0.415074736,
            "muscle24": 0.939663708,
            "muscle25": 0.30993697,
            "muscle26": -0.0621741973,
            "muscle27": 0.0624383017,
            "muscle28": 3.74593156E-07,
            "muscle29": 0.524232328,
            "muscle30": -0.0713532716,
            "muscle31": -0.415078014,
            "muscle32": 0.939663529,
            "muscle33": 0.309939384,
            "muscle34": -0.0621278472,
            "muscle35": 0.0624450259,
            "muscle36": 3.996727E-07,
            "muscle37": -0.499998987,
            "muscle38": 0.00360269262,
            "muscle39": -0.453282028,
            "muscle40": -0.116343617,
            "muscle41": 0.0980932787,
            "muscle42": -0.289288074,
            "muscle43": -0.846520782,
            "muscle44": -0.335771054,
            "muscle45": 0.875155926,
            "muscle46": -0.499999076,
            "muscle47": 0.00360561302,
            "muscle48": -0.380682945,
            "muscle49": -0.11014922,
            "muscle50": 0.0286261514,
            "muscle51": -0.293287039,
            "muscle52": -0.851247609,
            "muscle53": -0.313767672,
            "muscle54": 0.775962591,
            "muscle55": -0.99999994,
            "muscle56": -2,
            "muscle57": -1,
            "muscle58": -0.537782431,
            "muscle59": 0.422222257,
            "muscle60": -0.706916988,
            "muscle61": 0.866666675,
            "muscle62": 0.866666675,
            "muscle63": -1,
            "muscle64": -1.39999998,
            "muscle65": -2,
            "muscle66": 0.99999994,
            "muscle67": -1,
            "muscle68": 0.271548361,
            "muscle69": -2,
            "muscle70": 0.999999642,
            "muscle71": -1,
            "muscle72": -0.113273621,
            "muscle73": -2,
            "muscle74": 1,
            "muscle75": -0.999999642,
            "muscle76": -2,
            "muscle77": -0.999999464,
            "muscle78": -0.537782431,
            "muscle79": 0.422222316,
            "muscle80": -0.706916392,
            "muscle81": 0.866666198,
            "muscle82": 0.866666317,
            "muscle83": -0.999999583,
            "muscle84": -1.39999855,
            "muscle85": -2.00000095,
            "muscle86": 0.999999464,
            "muscle87": -0.99999994,
            "muscle88": 0.271548301,
            "muscle89": -2.00000095,
            "muscle90": 0.999998808,
            "muscle91": -0.999997795,
            "muscle92": -0.113273993,
            "muscle93": -2.00000072,
            "muscle94": 0.999999702,
            "duration": 0,
            "muscle-1": 1
          },
          "strings": {
            "interpolation": "default"
          },
          "inTangent": 0,
          "inWeight": 0,
          "outTangent": 0,
          "outWeight": 0,
          "weightedMode": 0
        },
        {
          "property": "Left Hand Configuration",
          "index": 1,
          "time": 1,