{
  "animTracks": [
    {
      "properties": [
        "Right Hand Configuration",
        "Left Hand Configuration",
        "Muscles",
        "Facial Expression"
      ],
      "loops": false,
      "keyFrames": [
        {
          "property": "Muscles",
          "index": 4,
          "time": 1.5909096,
          "ints": {},
          "floats": {
            "muscle0": 2.15925563E-12,
            "muscle1": 2.68220703E-07,
            "muscle2": -2.03555451E-14,
            "muscle3": -1.48849899E-12,
            "muscle4": -1.69222731E-25,
            "muscle5": -3.25688776E-13,
            "muscle6": 0,
            "muscle7": 0,
            "muscle8": 0,
            "muscle9": -3.96933029E-13,
            "muscle10": -4.0711097E-14,
            "muscle11": -3.25688776E-13,
            "muscle12": 0.0690008178,
            "muscle13": -5.2203859E-07,
            "muscle14": -1.13920102E-07,
            "muscle15": 0,
            "muscle16": -3.13225756E-09,
            "muscle17": 0,
            "muscle18": 5.79531672E-07,
            "muscle19": 0,
            "muscle20": 0,
            "muscle21": 0.519550622,
            "muscle22": -0.0619116426,
            "muscle23": -0.184099346,
            "muscle24": 0.920473814,
            "muscle25": 0.155515298,
            "muscle26": -0.0655877739,
            "muscle27": 0.0796526596,
            "muscle28": 1.46795696E-06,
            "muscle29": 0.519550622,
            "muscle30": -0.06191542,
            "muscle31": -0.184102654,
            "muscle32": 0.920473218,
            "muscle33": 0.15551807,
            "muscle34": -0.0655419454,
            "muscle35": 0.0796630383,
            "muscle36": -2.83612906E-07,
            "muscle37": -0.499996245,
            "muscle38": 0.00360336923,
            "muscle39": -0.517610908,
            "muscle40": 0.211246833,
            "muscle41": -0.0377053097,
            "muscle42": 0.982964337,
            "muscle43": 0.136786699,
            "muscle44": -0.0194325298,
            "muscle45": 0.0223659687,
            "muscle46": -0.499999434,
            "muscle47": 0.00360656274,
            "muscle48": 0.009177275,
            "muscle49": -0.461783856,
            "muscle50": 0.062972486,
            "muscle51": 0.2113235,
            "muscle52": -0.596837521,
            "muscle53": 0.253505677,
            "muscle54": 0.554080069,
            "muscle55": 0,
            "muscle56": 0,
            "muscle57": 0,
            "muscle58": 0,
            "muscle59": 0,
            "muscle60": 0,
            "muscle61": 0,
            "muscle62": 0,
            "muscle63": 0,
            "muscle64": 0,
            "muscle65": 0,
            "muscle66": 0,
            "muscle67": 0,
            "muscle68": 0,
            "muscle69": 0,
            "muscle70": 0,
            "muscle71": 0,
            "muscle72": 0,
            "muscle73": 0,
            "muscle74": 0,
            "muscle75": -1.00000274,
            "muscle76": -1.99999988,
            "muscle77": -0.999999583,
            "muscle78": -0.537782431,
            "muscle79": 0.422222286,
            "muscle80": -0.706916392,
            "muscle81": 0.866666198,
            "muscle82": 0.866666377,
            "muscle83": -0.999999583,
            "muscle84": -1.39999878,
            "muscle85": -2.00000095,
            "muscle86": 0.999999464,
            "muscle87": -0.99999994,
            "muscle88": 0.271546811,
            "muscle89": -2.00000095,
            "muscle90": 0.999999404,
            "muscle91": -0.999997795,
            "muscle92": -0.113273993,
            "muscle93": -2.00000072,
            "muscle94": 0.99999994,
            "duration": 0,
            "muscle-1": 1
          },
          "strings": {
            "interpolation": "smooth"
          },
          "inTangent": 0,
          "inWeight": 0,
          "outTangent": 0,
          "outWeight": 0,
          "weightedMode": 0
        },
        {
          "property": "Muscles",
          "index": 3,
          "time": 1.02020192,
          "ints": {},
          "floats": {
            "muscle0": 2.1398753E-12,
            "muscle1": -4.07110923E-13,
            "muscle2": -9.56710622E-13,
            "muscle3": -1.48849899E-12,
            "muscle4": -1.69222731E-25,
            "muscle5": -3.25688776E-13,
            "muscle6": 0,
            "muscle7": 0,
            "muscle8": 0,
            "muscle9": -3.96933029E-13,
            "muscle10": -4.0711097E-14,
            "muscle11": -3.25688776E-13,
            "muscle12": 0.0100003975,
            "muscle13": 1.66328974E-07,
            "muscle14": -1.53015606E-07,
            "muscle15": 0,
            "muscle16": -3.13225756E-09,
            "muscle17": 0,
            "muscle18": 5.79531672E-07,
            "muscle19": 0,
            "muscle20": 0,
            "muscle21": 0.524234176,
            "muscle22": -0.0713528916,
            "muscle23": -0.41507569,
            "muscle24": 0.939664185,
            "muscle25": 0.309937686,
            "muscle26": -0.0621748641,
            "muscle27": 0.0624402799,
            "muscle28": 8.52839719E-07,
            "muscle29": 0.524227619,
            "muscle30": -0.0713562444,
            "muscle31": -0.415078551,
            "muscle32": 0.939663827,
            "muscle33": 0.309941292,
            "muscle34": -0.0621223412,
            "muscle35": 0.0624501966,
            "muscle36": -2.83612906E-07,
            "muscle37": -0.499998987,
            "muscle38": 0.00360289821,
            "muscle39": -0.514532804,
            "muscle40": 0.210908294,
            "muscle41": -0.113970876,
            "muscle42": 0.988653243,
            "muscle43": 0.212615341,
            "muscle44": -0.0172179844,
            "muscle45": 0.0212139599,
            "muscle46": -0.499999434,
            "muscle47": 0.00360608404,
            "muscle48": -0.0329694338,
            "muscle49": -0.119716533,
            "muscle50": 0.114143662,
            "muscle51": -0.511955321,
            "muscle52": -0.709226727,
            "muscle53": -0.805903971,
            "muscle54": -0.42686519,
            "muscle55": 0,
            "muscle56": 0,
            "muscle57": 0,
            "muscle58": 0,
            "muscle59": 0,
            "muscle60": 0,
            "muscle61": 0,
            "muscle62": 0,
            "muscle63": 0,
            "muscle64": 0,
            "muscle65": 0,
            "muscle66": 0,
            "muscle67": 0,
            "muscle68": 0,
            "muscle69": 0,
            "muscle70": 0,
            "muscle71": 0,
            "muscle72": 0,
            "muscle73": 0,
            "muscle74": 0,
            "muscle75": -1.00000095,
            "muscle76": -1.99999976,
            "muscle77": -0.999999583,
            "muscle78": -0.537782431,
            "muscle79": 0.422222286,
            "muscle80": -0.706916392,
            "muscle81": 0.866666198,
            "muscle82": 0.866666377,
            "muscle83": -0.999999583,
            "muscle84": -1.39999855,
            "muscle85": -2.00000095,
            "muscle86": 0.99999994,
            "muscle87": -0.99999994,
            "muscle88": 0.27154842,
            "muscle89": -2.00000095,
            "muscle90": 0.999999404,
            "muscle91": -0.999999344,
            "muscle92": -0.113273986,
            "muscle93": -2.00000072,
            "muscle94": 0.99999994,
            "duration": 0,
            "muscle-1": 1
          },
          "strings": {
            "interpolation": "smooth"
          },
          "inTangent": 0,
          "inWeight": 0,
          "outTangent": 0,
          "outWeight": 0,
          "weightedMode": 0
        },
        {
          "property": "Left Hand Configuration",
          "index": 4,
          "time": 1.5909096,
          "ints": {
            "hash": 650665984
          },
          "floats": {
            "duration": 0
          },
          "strings": {
            "name": "-"
          },