{"animTracks":[{"properties":["Right Hand Configuration","Left Hand Configuration","Muscles"],"loops":false,"keyFrames":[{"property":"Muscles","index":1,"time":1,"ints":{},"floats":{"muscle0":2.56134228E-07,"muscle1":-1.42488763E-13,"muscle2":-5.49599645E-13,"muscle3":2.13431885E-08,"muscle4":-4.07110868E-14,"muscle5":0,"muscle6":0,"muscle7":0,"muscle8":0,"muscle9":-2.13452704E-08,"muscle10":2.23540313E-14,"muscle11":2.682211E-07,"muscle12":-2.02771005E-07,"muscle13":1.95387557E-07,"muscle14":-2.5273215E-07,"muscle15":-0.324147224,"muscle16":7.54565477E-08,"muscle17":-0.32414791,"muscle18":-1.25760167E-07,"muscle19":0,"muscle20":0,"muscle21":0.527684629,"muscle22":-0.0759822652,"muscle23":-0.588656783,"muscle24":0.953825772,"muscle25":0.425629228,"muscle26":0.042562034,"muscle27":-0.0481425785,"muscle28":5.79231937E-07,"muscle29":0.527684867,"muscle30":-0.0759847462,"muscle31":-0.588661671,"muscle32":0.953825772,"muscle33":0.425633192,"muscle34":0.0425647497,"muscle35":-0.0480923951,"muscle36":-8.17754753E-08,"muscle37":-0.499999434,"muscle38":0.00360218296,"muscle39":-0.421309054,"muscle40":0.0712081939,"muscle41":-0.0583852716,"muscle42":-0.354512364,"muscle43":0.0874103382,"muscle44":0.315138698,"muscle45":0.422260106,"muscle46":-0.499999315,"muscle47":0.00360563514,"muscle48":-0.0881199315,"muscle49":-0.127161846,"muscle50":-0.0407753065,"muscle51":-0.232904032,"muscle52":-0.36552313,"muscle53":-0.43998611,"muscle54":-0.248867616,"muscle55":-2.4333334,"muscle56":-1.99999976,"muscle57":-0.577777743,"muscle58":-0.999999762,"muscle59":-0.999999046,"muscle60":-0.706916571,"muscle61":-2.00000024,"muscle62":0.999999821,"muscle63":-0.999999702,"muscle64":-1.39999831,"muscle65":-2.00000024,"muscle66":0.999999642,"muscle67":-1.00000012,"muscle68":-0.226229623,"muscle69":-2.00000048,"muscle70":0.999999404,"muscle71":-1,"muscle72":-0.299940675,"muscle73":-1.99999964,"muscle74":0.999999702,"muscle75":-0.15685378,"muscle76":0.505479097,"muscle77":0.639900684,"muscle78":0.639900744,"muscle79":0.553174138,"muscle80":0.288595915,"muscle81":0.778081,"muscle82":0.77808094,"muscle83":0.665041149,"muscle84":-0.436752081,"muscle85":0.803890347,"muscle86":0.803891361,"muscle87":0.640858352,"muscle88":0.271508247,"muscle89":0.810814798,"muscle90":0.810814083,"muscle91":0.578031003,"muscle92":0.695512891,"muscle93":0.81123811,"muscle94":0.811238468},"strings":{}},{"property":"Muscles","index":2,"time":1.38888884,"ints":{},"floats":{"muscle0":2.56133717E-07,"muscle1":1.09028597E-13,"muscle2":-5.36442087E-07,"muscle3":2.13431885E-08,"muscle4":-4.07110868E-14,"muscle5":0,"muscle6":0,"muscle7":0,"muscle8":0,"muscle9":-2.13452367E-08,"muscle10":2.68220958E-07,"muscle11":2.68221157E-07,"muscle12":-1.17393647E-07,"muscle13":5.60889859E-08,"muscle14":-9.10100226E-08,"muscle15":-0.324147493,"muscle16":4.63046945E-07,"muscle17":-0.324146986,"muscle18":-2.0637151E-06,"muscle19":0,"muscle20":0,"muscle21":0.524234295,"muscle22":-0.071352981,"muscle23":-0.415075928,"muscle24":0.939664066,"muscle25":0.309825808,"muscle26":0.039786417,"muscle27":-0.0395595878,"muscle28":1.12591374E-06,"muscle29":0.52423203,"muscle30":-0.0713529438,"muscle31":-0.415079147,"muscle32":0.939663887,"muscle33":0.30982855,"muscle34":0.0397912562,"muscle35":-0.0395154208,"muscle36":-8.17754753E-08,"muscle37":-0.499999434,"muscle38":0.00360218296,"muscle39":-0.421349019,"muscle40":0.0712131262,"muscle41":-0.0583700463,"muscle42":-0.354516447,"muscle43":0.0873854533,"muscle44":0.31511265,"muscle45":0.511284173,"muscle46":-0.499999315,"muscle47":0.00360563514,"muscle48":-0.151992172,"muscle49":-0.168799102,"muscle50":-0.0797635466,"muscle51":-0.201184899,"muscle52":-0.365754038,"muscle53":-0.440067381,"muscle54":0.999882698,"muscle55":-2.4333334,"muscle56":-1.99999976,"muscle57":-0.577777743,"muscle58":-0.999999762,"muscle59":-0.999997854,"muscle60":-0.70691669,"muscle61":-2.00000095,"muscle62":0.999999464,"muscle63":-0.999999404,"muscle64":-1.39999843,"muscle65":-2.00000095,"muscle66":0.999999464,"muscle67":-1.00000012,"muscle68":-0.226229623,"muscle69":-2.00000095,"muscle70":0.999999404,"muscle71":-1,"muscle72":-0.299940675,"muscle73":-1.99999964,"muscle74":0.999999404,"muscle75":-0.15685378,"muscle76":0.505479097,"muscle77":0.639900923,"muscle78":0.639900744,"muscle79":0.553174138,"muscle80":0.288595915,"muscle81":0.778081,"muscle82":0.77808094,"muscle83":0.665041149,"muscle84":-0.436752081,"muscle85":0.803890347,"muscle86":0.803891361,"muscle87":0.640858352,"muscle88":0.271508247,"muscle89":0.810814798,"muscle90":0.810814083,"muscle91":0.578031003,"muscle92":0.695512891,"muscle93":0.811237395,"muscle94":0.811238468,"duration":0.287878782},"strings":{}},{"property":"Left Hand Configuration","index":1,"time":1,"ints":{"hash":-15851520},"floats":{},"strings":{"name":"G"}},{"property":"Left Hand Configuration","index":2,"time":1.38888884,"ints":{"hash":340768768},"floats":{"duration":0.287878782},"strings":{"name":"G"}},{"property":"Right Hand Configuration","index":1,"time":1,"ints":{"hash":-587930624},"floats":{},"strings":{"name":"m\u00C6o aberta"}},{"property":"Right Hand Configuration","index":2,"time":1.38888884,"ints":{"hash":-231310336},"floats":{"duration":0.287878782},"strings":{"name":"m\u00C6o aberta"}}]}],"version":3,"globalSpeed":1,"globalRepetitions":1}
