{"animTracks":[{"properties":["Right Hand Configuration","Left Hand Configuration","Muscles","Facial Expression"],"loops":false,"keyFrames":[{"property":"Muscles","index":2,"time":2,"ints":{},"floats":{"muscle0":2.24928734E-12,"muscle1":4.07110902E-14,"muscle2":5.08888667E-13,"muscle3":2.13431885E-08,"muscle4":-4.07110868E-14,"muscle5":0,"muscle6":0,"muscle7":0,"muscle8":0,"muscle9":-2.13453486E-08,"muscle10":2.03555434E-14,"muscle11":3.20599775E-13,"muscle12":-0.365999192,"muscle13":2.51758536E-07,"muscle14":1.78943935E-07,"muscle15":-0.324149996,"muscle16":-1.97229184E-07,"muscle17":-0.324149996,"muscle18":1.55238649E-08,"muscle19":0,"muscle20":0,"muscle21":0.524232864,"muscle22":-0.0713516325,"muscle23":-0.415075481,"muscle24":0.939663708,"muscle25":0.309866071,"muscle26":-0.0509066433,"muscle27":0.0511467159,"muscle28":5.79231937E-07,"muscle29":0.524233222,"muscle30":-0.0713542625,"muscle31":-0.415078163,"muscle32":0.939663827,"muscle33":0.309868872,"muscle34":-0.0508565754,"muscle35":0.0511496961,"muscle36":-8.17754753E-08,"muscle37":-0.499999434,"muscle38":0.00360218296,"muscle39":0.770638585,"muscle40":-0.0163330939,"muscle41":0.751998663,"muscle42":0.236873299,"muscle43":0.761400223,"muscle44":-0.637335956,"muscle45":-0.165860608,"muscle46":-0.499999315,"muscle47":0.00360563514,"muscle48":0.749166846,"muscle49":-0.194420338,"muscle50":0.634102941,"muscle51":0.277447224,"muscle52":1.0710851,"muscle53":-0.764897883,"muscle54":0.154338807,"muscle55":-1.39999914,"muscle56":-1.76666689,"muscle57":0.644444346,"muscle58":0.111111216,"muscle59":0.977777243,"muscle60":-0.986916602,"muscle61":-1.00000012,"muscle62":-0.120000005,"muscle63":-0.999999583,"muscle64":-1.11999881,"muscle65":-1.33333313,"muscle66":-0.200000271,"muscle67":-1.00000012,"muscle68":-0.579940915,"muscle69":-0.999999762,"muscle70":-0.800000072,"muscle71":-1.00000012,"muscle72":-1.39999831,"muscle73":-1.26666629,"muscle74":-0.400000602,"muscle75":-1.40000069,"muscle76":-1.76666713,"muscle77":0.644444823,"muscle78":0.111111112,"muscle79":0.977777243,"muscle80":-0.986916661,"muscle81":-0.99999994,"muscle82":-0.119999759,"muscle83":-0.999999523,"muscle84":-1.11999881,"muscle85":-1.33333182,"muscle86":-0.200000301,"muscle87":-1,"muscle88":-1.39999843,"muscle89":-1.2666651,"muscle90":-0.400000572,"muscle91":-1,"muscle92":-0.579940796,"muscle93":-0.999999821,"muscle94":-0.800000072,"duration":0,"muscle-1":1},"strings":{},"inTangent":0,"inWeight":0,"outTangent":0,"outWeight":0,"weightedMode":0},{"property":"Left Hand Configuration","index":2,"time":2,"ints":{"hash":-381718528},"floats":{"duration":0},"strings":{"name":"Garra_Indicadorpolegar"},"inTangent":0,"inWeight":0,"outTangent":0,"outWeight":0,"weightedMode":0},{"property":"Right Hand Configuration","index":2,"time":2,"ints":{"hash":-953797632},"floats":{"duration":0},"strings":{"name":"Garra_Indicadorpolegar"},"inTangent":0,"inWeight":0,"outTangent":0,"outWeight":0,"weightedMode":0},{"property":"Facial Expression","index":2,"time":2,"ints":{},"floats":{"duration":0},"strings":{"faceName":"Sobrancelhas Contra\u00A1das"},"inTangent":0,"inWeight":0,"outTangent":0,"outWeight":0,"weightedMode":0}]},{"properties":["Face Animation Sobrancelhas Contra\u00A1das"],"loops":false,"keyFrames":[{"property":"Face Animation Sobrancelhas Contra\u00A1das","index":0,"time":0,"ints":{},"floats":{"girl_head_.blendShape.A":0,"girl_head_.blendShape.Cons":0,"girl_head_.blendShape.Bmp":0,"girl_head_.blendShape.E":0,"girl_head_.blendShape.F001":0,"girl_head_.blendShape.F003":0,"girl_head_.blendShape.F005":0,"girl_head_.blendShape.F006":0,"girl_head_.blendShape.F007":0,"girl_head_.blendShape.F007left":0,"girl_head_.blendShape.F008":0,"girl_head_.blendShape.F017":0,"girl_head_.blendShape.F019":50,"girl_head_.blendShape.F024":0,"girl_head_.blendShape.F031":0,"girl_head_.blendShape.Fv":0,"girl_head_.blendShape.LEyeBMad":50,"girl_head_.blendShape.LEyeClose":10,"girl_head_.blendShape.LEyeLidUp":30,"girl_head_.blendShape.LEyeMad":0,"girl_head_.blendShape.LEyeSad":50,"girl_head_.blendShape.LeyeBUp":-20,"girl_head_.blendShape.mClose":100,"girl_head_.blendShape.mLSide":0,"girl_head_.blendShape.mLSideUp":0,"girl_head_.blendShape.mRSide":0,"girl_head_.blendShape.mRSideUp":0,"girl_head_.blendShape.mSad":0,"girl_head_.blendShape.O":0,"girl_head_.blendShape.REyeBMad":50,"girl_head_.blendShape.REyeClose":10,"girl_head_.blendShape.REyeLidUp":30,"girl_head_.blendShape.REyeMad":0,"girl_head_.blendShape.REyeSad":50,"girl_head_.blendShape.ReyeBSad":0,"girl_head_.blendShape.ReyeBUp":-20,"girl_head_.blendShape.ReyeLSad":0,"girl_head_.blendShape.smile":0,"girl_head_.blendShape.U":0,"tgrl1_dmyHeadObjsRoot/tgrl1_logGumTeethAngle/tgrl1_logGumTeethMove/tgrl1_tongue.blendShape.tongue_A":0,"tgrl1_dmyHeadObjsRoot/tgrl1_logGumTeethAngle/tgrl1_logGumTeethMove/tgrl1_tongue.blendShape.tongue_down":0,"tgrl1_dmyHeadObjsRoot/tgrl1_logGumTeethAngle/tgrl1_logGumTeethMove/tgrl1_tongue.blendShape.tongue_F007":0,"tgrl1_dmyHeadObjsRoot/tgrl1_logGumTeethAngle/tgrl1_logGumTeethMove/tgrl1_tongue.blendShape.tongue_F007left":0,"tgrl1_dmyHeadObjsRoot/tgrl1_logGumTeethAngle/tgrl1_logGumTeethMove/tgrl1_tongue.blendShape.tongue_left":0,"tgrl1_dmyHeadObjsRoot/tgrl1_logGumTeethAngle/tgrl1_logGumTeethMove/tgrl1_tongue.blendShape.tongue_O":0,"tgrl1_dmyHeadObjsRoot/tgrl1_logGumTeethAngle/tgrl1_logGumTeethMove/tgrl1_tongue.blendShape.tongue_out":0,"tgrl1_dmyHeadObjsRoot/tgrl1_logGumTeethAngle/tgrl1_logGumTeethMove/tgrl1_tongue.blendShape.tongue_right":0,"tgrl1_dmyHeadObjsRoot/tgrl1_logGumTeethAngle/tgrl1_logGumTeethMove/tgrl1_tongue.blendShape.tongue_up":0,"girl_hair.blendShape.cheek1":0,"girl_hair.blendShape.cheek2":0,"girl_hair.blendShape.cheek3":0,"muscle15":-0.324149996,"muscle17":-0.324149996,"rig_CharRoot/bip/bip Pelvis/bip Spine/bip Spine1/bip Neck/bip Head/rig_boneTongue.m_LocalPosition.x":-0.0188717656,"rig_CharRoot/bip/bip Pelvis/bip Spine/bip Spine1/bip Neck/bip Head/rig_boneTongue.m_LocalPosition.y":0.0733392909,"rig_CharRoot/bip/bip Pelvis/bip Spine/bip Spine1/bip Neck/bip Head/rig_boneTongue.m_LocalPosition.z":1.52587887E-07,"rig_CharRoot/bip/bip Pelvis/bip Spine/bip Spine1/bip Neck/bip Head/rig_boneTongue.localEulerAnglesRaw.x":178.884003,"rig_CharRoot/bip/bip Pelvis/bip Spine/bip Spine1/bip Neck/bip Head/rig_boneTongue.localEulerAnglesRaw.y":89.9999924,"rig_CharRoot/bip/bip Pelvis/bip Spine/bip Spine1/bip Neck/bip Head/rig_boneTongue.localEulerAnglesRaw.z":0,"rig_CharRoot/bip/bip Pelvis/bip Spine/bip Spine1/bip Neck/bip Head/rig_boneTongue.m_LocalScale.x":1,"rig_CharRoot/bip/bip Pelvis/bip Spine/bip Spine1/bip Neck/bip Head/rig_boneTongue.m_LocalScale.y":1,"rig_CharRoot/bip/bip Pelvis/bip Spine/bip Spine1/bip Neck/bip Head/rig_boneTongue.m_LocalScale.z":1},"strings":{},"inTangent":0,"inWeight":0.333333343,"outTangent":0,"outWeight":0.333333343,"weightedMode":0}]}],"linguisticTags":{},"version":11,"globalSpeed":1,"globalRepetitions":1}
