{"animTracks":[{"properties":["Right Hand Configuration","Left Hand Configuration","Muscles","Facial Expression"],"loops":false,"keyFrames":[{"property":"Muscles","index":1,"time":1,"ints":{},"floats":{"muscle0":2.56134228E-07,"muscle1":-1.42488763E-13,"muscle2":-5.49599645E-13,"muscle3":2.13431885E-08,"muscle4":-4.07110868E-14,"muscle5":0,"muscle6":0,"muscle7":0,"muscle8":0,"muscle9":-2.13452704E-08,"muscle10":2.23540313E-14,"muscle11":2.682211E-07,"muscle12":-0.434000105,"muscle13":1.95387557E-07,"muscle14":-4.60279296E-07,"muscle15":-0.324149996,"muscle16":7.54565477E-08,"muscle17":-0.324149996,"muscle18":-1.25760167E-07,"muscle19":0,"muscle20":0,"muscle21":0.527684629,"muscle22":-0.0759822652,"muscle23":-0.588656783,"muscle24":0.953825772,"muscle25":0.425629228,"muscle26":0.042562034,"muscle27":-0.0481425785,"muscle28":5.79231937E-07,"muscle29":0.527684867,"muscle30":-0.0759847462,"muscle31":-0.588661671,"muscle32":0.953825772,"muscle33":0.425633192,"muscle34":0.0425647497,"muscle35":-0.0480923951,"muscle36":-8.17754753E-08,"muscle37":-0.499999434,"muscle38":0.00360218296,"muscle39":-0.422236264,"muscle40":0.241593391,"muscle41":0.313109726,"muscle42":-0.707731247,"muscle43":0.382434428,"muscle44":0.442501217,"muscle45":0.999693692,"muscle46":-0.499999315,"muscle47":0.00360563514,"muscle48":-0.433471739,"muscle49":0.138308361,"muscle50":0.235604182,"muscle51":-0.664897263,"muscle52":0.307088643,"muscle53":0.495273262,"muscle54":0.999887466,"muscle55":-1.09020853,"muscle56":-0.527778864,"muscle57":0.63999474,"muscle58":0.639995277,"muscle59":0.553255916,"muscle60":0.288638264,"muscle61":0.77819556,"muscle62":0.778195679,"muscle63":0.665139318,"muscle64":-0.436818153,"muscle65":0.804009378,"muscle66":0.804009855,"muscle67":-1,"muscle68":0.695616364,"muscle69":-2.00000095,"muscle70":-0.999998808,"muscle71":-1,"muscle72":0.27154851,"muscle73":-2.00000072,"muscle74":-0.999999523,"muscle75":-1.09020841,"muscle76":-0.527778804,"muscle77":0.6399948,"muscle78":0.639995337,"muscle79":0.553255975,"muscle80":0.288638532,"muscle81":0.77819562,"muscle82":0.77819562,"muscle83":0.665139258,"muscle84":-0.436818212,"muscle85":0.804009378,"muscle86":0.804009557,"muscle87":-1,"muscle88":0.271548212,"muscle89":-2.00000072,"muscle90":-1,"muscle91":-1.00000012,"muscle92":0.695616186,"muscle93":-2.00000072,"muscle94":-0.99999994,"muscle-1":1,"duration":0.444444448},"strings":{},"inTangent":0,"inWeight":0,"outTangent":0,"outWeight":0,"weightedMode":0},{"property":"Muscles","index":2,"time":3.02525234,"ints":{},"floats":{"muscle0":2.56134228E-07,"muscle1":-1.42488763E-13,"muscle2":-5.49599645E-13,"muscle3":2.13431885E-08,"muscle4":-4.07110868E-14,"muscle5":0,"muscle6":0,"muscle7":0,"muscle8":0,"muscle9":-2.13452704E-08,"muscle10":2.23540313E-14,"muscle11":2.682211E-07,"muscle12":-0.433999956,"muscle13":2.26544756E-07,"muscle14":-4.74851873E-07,"muscle15":0,"muscle16":-1.97229184E-07,"muscle17":0,"muscle18":1.55238649E-08,"muscle19":0,"muscle20":0,"muscle21":0.524233043,"muscle22":-0.0713528842,"muscle23":-0.415074438,"muscle24":0.939663887,"muscle25":0.309825033,"muscle26":0.0397876911,"muscle27":-0.0395606309,"muscle28":8.52572839E-07,"muscle29":0.524234951,"muscle30":-0.0713527873,"muscle31":-0.415078163,"muscle32":0.939663887,"muscle33":0.309827656,"muscle34":0.0397888944,"muscle35":-0.0395149216,"muscle36":-8.17754753E-08,"muscle37":-0.499999434,"muscle38":0.00360218296,"muscle39":-0.438000381,"muscle40":-0.115043059,"muscle41":0.327706158,"muscle42":-0.291486979,"muscle43":0.117279477,"muscle44":-0.304467142,"muscle45":0.99996531,"muscle46":-0.499999762,"muscle47":0.00360652548,"muscle48":-0.397771955,"muscle49":-0.124750316,"muscle50":0.303522676,"muscle51":-0.266527414,"muscle52":0.113290422,"muscle53":-0.511088908,"muscle54":0.999869943,"muscle55":-2.66666603,"muscle56":-1.99999917,"muscle57":-0.466665596,"muscle58":-0.0222221408,"muscle59":0.999999642,"muscle60":0.00863890909,"muscle61":-1.00000012,"muscle62":-1.00000012,"muscle63":0.533333361,"muscle64":-1.39999831,"muscle65":-0.833331883,"muscle66":-0.833332837,"muscle67":-0.999999881,"muscle68":0.228947744,"muscle69":-1.60000062,"muscle70":-0.520000398,"muscle71":-1,"muscle72":0.271547884,"muscle73":-1.46666574,"muscle74":-0.800000072,"muscle75":-2.66666651,"muscle76":-2,"muscle77":-0.466666162,"muscle78":-0.022222111,"muscle79":1,"muscle80":0.00863963366,"muscle81":-0.99999994,"muscle82":-1.00000143,"muscle83":0.533333421,"muscle84":-1.39999819,"muscle85":-0.833331525,"muscle86":-0.83333236,"muscle87":-1,"muscle88":0.271548212,"muscle89":-1.46666574,"muscle90":-0.799999118,"muscle91":-0.99999994,"muscle92":0.228948519,"muscle93":-1.59999955,"muscle94":-0.519999921,"duration":0.398989886,"muscle-1":1},"strings":{"interpolation":"default"},"inTangent":0,"inWeight":0,"outTangent":0,"outWeight":0,"weightedMode":0},{"property":"Left Hand Configuration","index":1,"time":1,"ints":{"hash":-887754752},"floats":{"duration":0.444444448},"strings":{"name":"3_polegar"},"inTangent":0,"inWeight":0,"outTangent":0,"outWeight":0,"weightedMode":0},{"property":"Left Hand Configuration","index":2,"time":3.02525234,"ints":{"hash":-1401113600},"floats":{"duration":0.398989886},"strings":{"name":"gancho duplo"},"inTangent":0,"inWeight":0,"outTangent":0,"outWeight":0,"weightedMode":0},{"property":"Right Hand Configuration","index":1,"time":1,"ints":{"hash":-1459833856},"floats":{"duration":0.444444448},"strings":{"name":"3_polegar"},"inTangent":0,"inWeight":0,"outTangent":0,"outWeight":0,"weightedMode":0},{"property":"Right Hand Configuration","index":2,"time":3.02525234,"ints":{"hash":-1973192704},"floats":{"duration":0.398989886},"strings":{"name":"gancho duplo"},"inTangent":0,"inWeight":0,"outTangent":0,"outWeight":0,"weightedMode":0},{"property":"Facial Expression","index":1,"time":1,"ints":{},"floats":{"duration":0.444444448},"strings":{"faceName":"Neutra"},"inTangent":0,"inWeight":0,"outTangent":0,"outWeight":0,"weightedMode":0},{"property":"Facial Expression","index":2,"time":3.02525234,"ints":{},"floats":{"duration":0.398989886},"strings":{"faceName":"Sobrancelhas Contra\u00A1das"},"inTangent":0,"inWeight":0,"outTangent":0,"outWeight":0,"weightedMode":0}]},{"properties":["Face Animation Neutra"],"loops":false,"keyFrames":[{"property":"Face Animation Neutra","index":0,"time":0,"ints":{},"floats":{"girl_head_.blendShape.mClose":100,"girl_head_.blendShape.A":0,"girl_head_.blendShape.Cons":0,"girl_head_.blendShape.Fv":0,"girl_head_.blendShape.mLSide":0,"girl_head_.blendShape.mLSideUp":0,"girl_head_.blendShape.mRSide":0,"girl_head_.blendShape.mRSideUp":0,"girl_head_.blendShape.O":0,"girl_head_.blendShape.smile":0,"girl_head_.blendShape.U":0,"girl_hair.blendShape.cheek1":0,"girl_hair.blendShape.cheek2":0,"girl_hair.blendShape.cheek3":0,"girl_head_.blendShape.Bmp":0,"girl_head_.blendShape.E":0,"girl_head_.blendShape.F001":0,"girl_head_.blendShape.F003":0,"girl_head_.blendShape.F005":0,"girl_head_.blendShape.F006":0,"girl_head_.blendShape.F007":0,"girl_head_.blendShape.F007left":0,"girl_head_.blendShape.F008":0,"girl_head_.blendShape.F017":0,"girl_head_.blendShape.F019":0,"girl_head_.blendShape.F024":0,"girl_head_.blendShape.F031":0,"girl_head_.blendShape.LEyeBMad":0,"girl_head_.blendShape.LEyeClose":0,"girl_head_.blendShape.LEyeLidUp":0,"girl_head_.blendShape.LEyeMad":0,"girl_head_.blendShape.LEyeSad":0,"girl_head_.blendShape.LeyeBUp":0,"girl_head_.blendShape.mSad":0,"girl_head_.blendShape.REyeBMad":0,"girl_head_.blendShape.REyeClose":0,"girl_head_.blendShape.REyeLidUp":0,"girl_head_.blendShape.REyeMad":0,"girl_head_.blendShape.REyeSad":0,"girl_head_.blendShape.ReyeBSad":0,"girl_head_.blendShape.ReyeBUp":0,