{"animTracks":[{"properties":["Right Hand Configuration","Left Hand Configuration","Muscles","Facial Expression"],"loops":false,"keyFrames":[{"property":"Muscles","index":1,"time":1,"ints":{},"floats":{"muscle0":2.77478591E-07,"muscle1":-5.36441974E-07,"muscle2":-7.93866383E-13,"muscle3":-2.13454836E-08,"muscle4":1.62844388E-13,"muscle5":-6.31021982E-13,"muscle6":0,"muscle7":0,"muscle8":0,"muscle9":2.13434017E-08,"muscle10":5.90683237E-14,"muscle11":2.68220845E-07,"muscle12":2.34787919E-07,"muscle13":5.78708523E-07,"muscle14":-2.2680203E-07,"muscle15":-0.324147463,"muscle16":-1.84561559E-05,"muscle17":-0.324148268,"muscle18":-1.65786478E-05,"muscle19":0,"muscle20":0,"muscle21":0.527684152,"muscle22":-0.0759823099,"muscle23":-0.588656127,"muscle24":0.953825772,"muscle25":0.425628841,"muscle26":0.042562589,"muscle27":-0.0481424928,"muscle28":4.42761603E-07,"muscle29":0.527683556,"muscle30":-0.0759852156,"muscle31":-0.588660777,"muscle32":0.953825891,"muscle33":0.425632775,"muscle34":0.0425663367,"muscle35":-0.0480918102,"muscle36":3.96204285E-07,"muscle37":-0.499999821,"muscle38":0.00360197015,"muscle39":-0.321066707,"muscle40":0.1951579,"muscle41":-0.106135495,"muscle42":-0.51730448,"muscle43":0.34727484,"muscle44":-0.266173422,"muscle45":0.0652194098,"muscle46":-0.499999195,"muscle47":0.0036051874,"muscle48":-0.324898511,"muscle49":0.0578201264,"muscle50":-0.00395853305,"muscle51":-0.286385179,"muscle52":0.269037545,"muscle53":-0.693409026,"muscle54":0.0331694745,"muscle55":-2.43333316,"muscle56":-2,"muscle57":-0.577777684,"muscle58":-1,"muscle59":-0.999999881,"muscle60":-0.706916988,"muscle61":-2,"muscle62":0.99999994,"muscle63":-1,"muscle64":-1.39999998,"muscle65":-2,"muscle66":0.99999994,"muscle67":-1,"muscle68":-0.226229638,"muscle69":-2,"muscle70":0.999999642,"muscle71":-1,"muscle72":-0.299940258,"muscle73":-2,"muscle74":1,"muscle75":-1.24724784E-06,"muscle76":-1.32777858,"muscle77":0.35110566,"muscle78":0.595550716,"muscle79":0.553255916,"muscle80":0.288638562,"muscle81":-0.321804196,"muscle82":0.0799997002,"muscle83":0.665139139,"muscle84":-0.436817914,"muscle85":-0.195990562,"muscle86":0.160000175,"muscle87":0.640952885,"muscle88":0.271548182,"muscle89":-0.266665936,"muscle90":0.600000024,"muscle91":0.578116238,"muscle92":0.695615292,"muscle93":-0.32197538,"muscle94":0.120000005},"strings":{},"inTangent":0,"inWeight":0,"outTangent":0,"outWeight":0,"weightedMode":0},{"property":"Muscles","index":3,"time":1.4949497,"ints":{},"floats":{"muscle0":2.24928734E-12,"muscle1":4.07110902E-14,"muscle2":5.08888667E-13,"muscle3":2.13431885E-08,"muscle4":-4.07110868E-14,"muscle5":0,"muscle6":0,"muscle7":0,"muscle8":0,"muscle9":-5.33609295E-07,"muscle10":-3.14621071E-14,"muscle11":2.68220703E-07,"muscle12":7.68396205E-07,"muscle13":9.48249465E-07,"muscle14":-6.29666204E-07,"muscle15":0,"muscle16":-1.889134E-05,"muscle17":0,"muscle18":-1.65983656E-05,"muscle19":0,"muscle20":0,"muscle21":0.524232566,"muscle22":-0.0713517666,"muscle23":-0.415075243,"muscle24":0.939663708,"muscle25":0.30986622,"muscle26":-0.0509063229,"muscle27":0.0511477143,"muscle28":1.12591374E-06,"muscle29":0.524232566,"muscle30":-0.0713547915,"muscle31":-0.415078908,"muscle32":0.939663708,"muscle33":0.30986926,"muscle34":-0.0508567616,"muscle35":0.051151678,"muscle36":2.59867249E-07,"muscle37":-0.499999136,"muscle38":0.00360311777,"muscle39":-0.321631998,"muscle40":0.195287779,"muscle41":-0.105875313,"muscle42":-0.517376184,"muscle43":0.347099125,"muscle44":-0.266545027,"muscle45":0.0656817704,"muscle46":-0.499999315,"muscle47":0.00360563514,"muscle48":-0.472836822,"muscle49":-0.0342118442,"muscle50":-0.0728091896,"muscle51":-0.26239875,"muscle52":0.269086629,"muscle53":0.776033759,"muscle54":0.486395717,"muscle55":-2.43333316,"muscle56":-2,"muscle57":-0.577777684,"muscle58":-1,"muscle59":-0.999999881,"muscle60":-0.706916988,"muscle61":-2,"muscle62":0.99999994,"muscle63":-1,"muscle64":-1.39999998,"muscle65":-2,"muscle66":0.99999994,"muscle67":-1,"muscle68":-0.226229638,"muscle69":-2,"muscle70":0.999999642,"muscle71":-1,"muscle72":-0.299940258,"muscle73":-2,"muscle74":1,"muscle75":-1.03302634,"muscle76":-1.66656578,"muscle77":0.377769947,"muscle78":-0.715170741,"muscle79":0.41996184,"muscle80":-0.115685798,"muscle81":-1.26638615,"muscle82":-0.999679267,"muscle83":-0.00132944761,"muscle84":-0.28130728,"muscle85":-1.06239951,"muscle86":-0.999655843,"muscle87":0.0633473396,"muscle88":0.271548063,"muscle89":-0.79984194,"muscle90":-0.799583912,"muscle91":-0.021705715,"muscle92":0.851124048,"muscle93":-0.821826935,"muscle94":-0.821695924,"duration":0.5,"muscle-1":1},"strings":{"interpolation":"default"},"inTangent":0,"inWeight":0,"outTangent":0,"outWeight":0,"weightedMode":0},{"property":"Left Hand Configuration","index":1,"time":1,"ints":{"hash":1003534336},"floats":{},"strings":{"name":"G"},"inTangent":0,"inWeight":0,"outTangent":0,"outWeight":0,"weightedMode":0},{"property":"Left Hand Configuration","index":3,"time":1.4949497,"ints":{"hash":-263917568},"floats":{"duration":0.5},"strings":{"name":"G"},"inTangent":0,"inWeight":0,"outTangent":0,"outWeight":0,"weightedMode":0},{"property":"Right Hand Configuration","index":1,"time":1,"ints":{"hash":-712702976},"floats":{},"strings":{"name":"garra aberta"},"inTangent":0,"inWeight":0,"outTangent":0,"outWeight":0,"weightedMode":0},{"property":"Right Hand Configuration","index":3,"time":1.4949497,"ints":{"hash":-835996672},"floats":{"duration":0.5},"strings":{"name":"garra fechada"},"inTangent":0,"inWeight":0,"outTangent":0,"outWeight":0,"weightedMode":0},{"property":"Facial Expression","index":1,"time":1,"ints":{},"floats":{},"strings":{"faceName":"Neutra"},"inTangent":0,"inWeight":0,"outTangent":0,"outWeight":0,"weightedMode":0},{"property":"Facial Expression","index":3,"time":1.4949497,"ints":{},"floats":{},"strings":{"faceName":"Neutra"},"inTangent":0,"inWeight":0,"outTangent":0,"outWeight":0,"weightedMode":0}]},{"properties":["Face Animation Neutra"],"loops":false,"keyFrames":[{"property":"Face Animation Neutra","index":0,"time":0,"ints":{},"floats":{"girl_head_.blendShape.mClose":100,"girl_head_.blendShape.A":0,"girl_head_.blendShape.Cons":0,"girl_head_.blendShape.Fv":0,"girl_head_.blendShape.mLSide":0,"girl_head_.blendShape.mLSideUp":0,"girl_head_.blendShape.mRSide":0,"girl_head_.blendShape.mRSideUp":0,"girl_head_.blendShape.O":0,"girl_head_.blendShape.smile":0,"girl_head_.blendShape.U":0,"girl_hair.blendShape.cheek1":0,"girl_hair.blendShape.cheek2":0,"girl_hair.blendShape.cheek3":0,"girl_head_.blendShape.Bmp":0,"girl_head_.blendShape.E":0,"girl_head_.blendShape.F001":0,"girl_head_.blendShape.F003":0,"girl_head_.blendShape.F005":0,"girl_head_.blendShape.F006":0,"girl_head_.blendShape.F007":0,"girl_head_.blendShape.F007left":0,"girl_head_.blendShape.F008":0,"girl_head_.blendShape.F017":0,"girl_head_.blendShape.F019":0,"girl_head_.blendShape.F024":0,"girl_head_.blendShape.F031":0,"girl_head_.blendShape.LEyeBMad":0,"girl_head_.blendShape.LEyeClose":0,"girl_head_.blendShape.LEyeLidUp":0,"girl_head_.blendShape.LEyeMad":0,"girl_head_.blendShape.LEyeSad":0,"girl_head_.blendShape.LeyeBUp":0,"girl_head_.blendShape.mSad":0,"girl_head_.blendShape.REyeBMad":0,"girl_head_.blendShape.REyeClose":0,"girl_head_.blendShape.REyeLidUp":0,"girl_head_.blendShape.REyeMad":0,"girl_head_.blendShape.REyeSad":0,"girl_head_.blendShape.ReyeBSad":0,"girl_head_.blendShape.ReyeBUp":0,