{
  "animTracks": [
    {
      "properties": [
        "Right Hand Configuration",
        "Left Hand Configuration",
        "Muscles",
        "Facial Expression"
      ],
      "loops": false,
      "keyFrames": [
        {
          "property": "Muscles",
          "index": 1,
          "time": 1,
          "ints": {},
          "floats": {
            "muscle0": 2.1398753E-12,
            "muscle1": -4.07110923E-13,
            "muscle2": -9.56710622E-13,
            "muscle3": -1.48849899E-12,
            "muscle4": -1.69222731E-25,
            "muscle5": -3.25688776E-13,
            "muscle6": 0,
            "muscle7": 0,
            "muscle8": 0,
            "muscle9": -3.96933029E-13,
            "muscle10": -4.0711097E-14,
            "muscle11": -3.25688776E-13,
            "muscle12": 1.38737931E-07,
            "muscle13": 1.30605528E-07,
            "muscle14": 1.02331555E-07,
            "muscle15": 0,
            "muscle16": -3.13225756E-09,
            "muscle17": 0,
            "muscle18": -2.60550999E-12,
            "muscle19": 0,
            "muscle20": 0,
            "muscle21": 0.527684987,
            "muscle22": -0.075982213,
            "muscle23": -0.588656247,
            "muscle24": 0.953825712,
            "muscle25": 0.4257029,
            "muscle26": -0.0594078712,
            "muscle27": 0.0538544767,
            "muscle28": 3.74593156E-07,
            "muscle29": 0.527683496,
            "muscle30": -0.0759853348,
            "muscle31": -0.588659286,
            "muscle32": 0.953825295,
            "muscle33": 0.425705791,
            "muscle34": -0.0593609177,
            "muscle35": 0.053863246,
            "muscle36": 1.94633657E-07,
            "muscle37": -0.499999434,
            "muscle38": 0.00360223628,
            "muscle39": -0.232289761,
            "muscle40": 0.188800037,
            "muscle41": 0.0767340586,
            "muscle42": -0.657809019,
            "muscle43": 1.20010746,
            "muscle44": 0.288241237,
            "muscle45": 0.809035778,
            "muscle46": -0.499998987,
            "muscle47": 0.00360562769,
            "muscle48": -0.119812541,
            "muscle49": -0.264861971,
            "muscle50": 0.174891725,
            "muscle51": -0.521745384,
            "muscle52": -0.413998365,
            "muscle53": -0.674451292,
            "muscle54": -0.753872931,
            "muscle55": -0.690208673,
            "muscle56": 0.605554938,
            "muscle57": 0.711110234,
            "muscle58": 0.999999702,
            "muscle59": 0.642144799,
            "muscle60": -0.902222157,
            "muscle61": 0.799999952,
            "muscle62": 0.799999952,
            "muscle63": 0.620695412,
            "muscle64": -1.09014976,
            "muscle65": 0.904010177,
            "muscle66": 0.904009581,
            "muscle67": 0.618730664,
            "muscle68": -1.39999855,
            "muscle69": 0.833332181,
            "muscle70": 0.833332777,
            "muscle71": 0.644782603,
            "muscle72": -0.766606271,
            "muscle73": 0.87802428,
            "muscle74": 0.87802428,
            "muscle75": -0.577779293,
            "muscle76": -1.99999976,
            "muscle77": 0.0844399184,
            "muscle78": 1.00000012,
            "muscle79": 0.0888888091,
            "muscle80": -0.489139229,
            "muscle81": -0.733333647,
            "muscle82": 0.0399999022,
            "muscle83": 0.311111301,
            "muscle84": -1.39999843,
            "muscle85": -0.133333087,
            "muscle86": -0.133333191,
            "muscle87": 0.688888669,
            "muscle88": -0.0706730783,
            "muscle89": 0.10000021,
            "muscle90": 0.100000098,
            "muscle91": 0.99999994,
            "muscle92": 0.260060072,
            "muscle93": 0.100000516,
            "muscle94": 0.120000355,
            "muscle-1": 1
          },
          "strings": {
            "interpolation": "default"
          },
          "inTangent": 0,
          "inWeight": 0,
          "outTangent": 0,
          "outWeight": 0,
          "weightedMode": 0
        },
        {
          "property": "Muscles",
          "index": 2,
          "time": 1.75252509,
          "ints": {},
          "floats": {
            "muscle0": 2.15925563E-12,
            "muscle1": 2.68220703E-07,
            "muscle2": -2.03555451E-14,
            "muscle3": -1.48849899E-12,
            "muscle4": -1.69222731E-25,
            "muscle5": -3.25688776E-13,
            "muscle6": 0,
            "muscle7": 0,
            "muscle8": 0,
            "muscle9": -3.96933029E-13,
            "muscle10": -4.0711097E-14,
            "muscle11": -3.25688776E-13,
            "muscle12": 2.98820453E-07,
            "muscle13": -1.87076523E-07,
            "muscle14": -2.61448577E-07,
            "muscle15": 0,
            "muscle16": 9.56501296E-08,
            "muscle17": 0,
            "muscle18": -2.60550999E-12,
            "muscle19": 0,
            "muscle20": 0,
            "muscle21": 0.524233282,
            "muscle22": -0.071352087,
            "muscle23": -0.415076286,
            "muscle24": 0.939663708,
            "muscle25": 0.309938073,
            "muscle26": -0.0621744208,
            "muscle27": 0.06243857,
            "muscle28": 2.37989369E-07,
            "muscle29": 0.524232209,
            "muscle30": -0.0713536441,
            "muscle31": -0.415079147,
            "muscle32": 0.93966347,
            "muscle33": 0.309940159,
            "muscle34": -0.0621277615,
            "muscle35": 0.0624454096,
            "muscle36": 3.996727E-07,
            "muscle37": -0.499998987,
            "muscle38": 0.00360269262,
            "muscle39": -0.231967852,
            "muscle40": 0.188778535,
            "muscle41": 0.0766086802,
            "muscle42": -0.657764852,
            "muscle43": 1.20021331,
            "muscle44": 0.288161308,
            "muscle45": 0.808567464,
            "muscle46": -0.499998987,
            "muscle47": 0.00360562769,
            "muscle48": 0.165380374,
            "muscle49": -0.277319103,
            "muscle50": 0.573029339,
            "muscle51": -0.411667764,
            "muscle52": -0.415970564,
            "muscle53": -0.221291393,
            "muscle54": 1.00010848,
            "muscle55": -0.690208673,
            "muscle56": 0.605554938,
            "muscle57": 0.711110234,
            "muscle58": 0.999999106,
            "muscle59": 0.642144799,
            "muscle60": -0.902222157,
            "muscle61": 0.799999952,
            "muscle62": 0.799999952,
            "muscle63": 0.620695531,
            "muscle64": -1.09014964,
            "muscle65": 0.904010177,
            "muscle66": 0.904009581,
            "muscle67": 0.618730664,
            "muscle68": -1.39999855,
            "muscle69": 0.833332002,
            "muscle70": 0.833332777,
            "muscle71": 0.644782603,
            "muscle72": -0.766606271,
            "muscle73": 0.87802422,
            "muscle74": 0.87802422,
            "muscle75": -2.55687523,
            "muscle76": -1.99999893,
            "muscle77": 0.195550203,
            "muscle78": 1.00000012,
            "muscle79": -1.00000012,
            "muscle80": -0.58247298,
            "muscle81": 0.578195572,
            "muscle82": 0.578195572,
            "muscle83": 0.2206949,
            "muscle84": -1.18348503,
            "muscle85": 0.804009497,
            "muscle86": 0.804009497,
            "muscle87": 0.463175863,
            "muscle88": 0.271548182,
            "muscle89": 0.810934067,
            "muscle90": 0.810933948,
            "muscle91": 0.578116179,
            "muscle92": 0.695615232,
            "muscle93": 0.811358094,
            "muscle94": 0.811358154,
            "duration": 0,
            "muscle-1": 1
          },
          "strings": {
            "interpolation": "smooth"
          },
          "inTangent": 0,
          "inWeight": 0,
          "outTangent": 0,