{"animTracks":[{"properties":["Right Hand Configuration","Left Hand Configuration","Muscles","Facial Expression"],"loops":false,"keyFrames":[{"property":"Muscles","index":1,"time":0.999999881,"ints":{},"floats":{"muscle0":2.56134228E-07,"muscle1":-1.42488763E-13,"muscle2":-5.49599645E-13,"muscle3":2.13431885E-08,"muscle4":-4.07110868E-14,"muscle5":0,"muscle6":0,"muscle7":0,"muscle8":0,"muscle9":-2.13452704E-08,"muscle10":2.23540313E-14,"muscle11":2.682211E-07,"muscle12":-2.02771005E-07,"muscle13":1.95387557E-07,"muscle14":-2.5273215E-07,"muscle15":0,"muscle16":7.54565477E-08,"muscle17":0,"muscle18":-1.25760167E-07,"muscle19":0,"muscle20":0,"muscle21":0.527684629,"muscle22":-0.0759822652,"muscle23":-0.588656783,"muscle24":0.953825772,"muscle25":0.425629228,"muscle26":0.042562034,"muscle27":-0.0481425785,"muscle28":5.79231937E-07,"muscle29":0.527684867,"muscle30":-0.0759847462,"muscle31":-0.588661671,"muscle32":0.953825772,"muscle33":0.425633192,"muscle34":0.0425647497,"muscle35":-0.0480923951,"muscle36":-8.17754753E-08,"muscle37":-0.499999434,"muscle38":0.00360218296,"muscle39":0.784114182,"muscle40":-0.176140875,"muscle41":0.460233778,"muscle42":0.254358739,"muscle43":1.19949663,"muscle44":-0.571232021,"muscle45":-0.218926549,"muscle46":-0.499999315,"muscle47":0.00360563514,"muscle48":0.861985385,"muscle49":-0.156011894,"muscle50":0.432696193,"muscle51":0.393680811,"muscle52":1.20245087,"muscle53":-0.692042708,"muscle54":0.20400399,"muscle55":4.62955569E-07,"muscle56":-1.99999917,"muscle57":-0.222222134,"muscle58":0.799999535,"muscle59":3.35337909E-08,"muscle60":-0.497778296,"muscle61":0.77819556,"muscle62":0.778195679,"muscle63":-1.00000012,"muscle64":-1.33903873,"muscle65":-2.00000095,"muscle66":-1.00000012,"muscle67":-0.999999404,"muscle68":-0.11327374,"muscle69":-2.00000095,"muscle70":-0.999999404,"muscle71":-1,"muscle72":-0.0706730038,"muscle73":-2.00000072,"muscle74":-0.999999166,"muscle75":-1.58558896E-06,"muscle76":-1.99999905,"muscle77":-0.22222209,"muscle78":0.799999356,"muscle79":-1.53224224E-08,"muscle80":-0.497778267,"muscle81":0.77819562,"muscle82":0.77819562,"muscle83":-1.00000012,"muscle84":-1.33903849,"muscle85":-2.00000095,"muscle86":-1,"muscle87":-0.999999523,"muscle88":-0.0706730112,"muscle89":-2.00000095,"muscle90":-1,"muscle91":-1,"muscle92":-0.113273911,"muscle93":-2.00000095,"muscle94":-0.99999994,"muscle-1":1,"duration":0.454545468},"strings":{"interpolation":"default"},"inTangent":0,"inWeight":0,"outTangent":0,"outWeight":0,"weightedMode":0},{"property":"Muscles","index":2,"time":2.56565642,"ints":{},"floats":{"muscle0":2.24928734E-12,"muscle1":4.07110902E-14,"muscle2":5.08888667E-13,"muscle3":2.13431885E-08,"muscle4":-4.07110868E-14,"muscle5":0,"muscle6":0,"muscle7":0,"muscle8":0,"muscle9":-2.13452704E-08,"muscle10":2.23540313E-14,"muscle11":2.682211E-07,"muscle12":9.6049753E-08,"muscle13":-9.69900356E-08,"muscle14":-3.5808219E-07,"muscle15":0,"muscle16":-1.97229184E-07,"muscle17":0,"muscle18":1.55238649E-08,"muscle19":0,"muscle20":0,"muscle21":0.524233282,"muscle22":-0.0713514537,"muscle23":-0.41507408,"muscle24":0.939664245,"muscle25":0.309865087,"muscle26":-0.0509059243,"muscle27":0.0511475354,"muscle28":5.79231937E-07,"muscle29":0.524233937,"muscle30":-0.071354121,"muscle31":-0.415078253,"muscle32":0.939663827,"muscle33":0.309868723,"muscle34":-0.0508570373,"muscle35":0.0511497594,"muscle36":-8.17754753E-08,"muscle37":-0.499999136,"muscle38":0.00360311777,"muscle39":0.571922839,"muscle40":-0.658496857,"muscle41":-0.146717235,"muscle42":0.775717676,"muscle43":1.17754626,"muscle44":-0.805446923,"muscle45":-0.520285964,"muscle46":-0.499999315,"muscle47":0.00360563514,"muscle48":0.560511708,"muscle49":-0.645242989,"muscle50":-0.152596235,"muscle51":0.776066005,"muscle52":1.19510639,"muscle53":-0.72698915,"muscle54":-0.0494201593,"muscle55":-1.83333313,"muscle56":-1.99999976,"muscle57":-0.0666669235,"muscle58":0.999999225,"muscle59":-0.999998093,"muscle60":-0.831361592,"muscle61":0.266666651,"muscle62":0.999999464,"muscle63":-1,"muscle64":-1.27681732,"muscle65":-1.46666586,"muscle66":-0.719999909,"muscle67":-0.999999881,"muscle68":0.228947744,"muscle69":-1.5999999,"muscle70":-0.520000398,"muscle71":-1,"muscle72":0.271547884,"muscle73":-1.46666574,"muscle74":-0.800000072,"muscle75":-1.83333313,"muscle76":-2,"muscle77":-0.0666668564,"muscle78":0.999999821,"muscle79":-1,"muscle80":-0.831361413,"muscle81":0.266666651,"muscle82":0.999999702,"muscle83":-0.999999404,"muscle84":-1.27681696,"muscle85":-1.46666443,"muscle86":-0.71999979,"muscle87":-1,"muscle88":0.271548212,"muscle89":-1.46666574,"muscle90":-0.799998105,"muscle91":-0.99999994,"muscle92":0.228948519,"muscle93":-1.59999955,"muscle94":-0.519999921,"duration":0.434343427,"muscle-1":1},"strings":{"interpolation":"smooth"},"inTangent":0,"inWeight":0,"outTangent":0,"outWeight":0,"weightedMode":0},{"property":"Left Hand Configuration","index":1,"time":0.999999881,"ints":{"hash":2031361024},"floats":{"duration":0.454545468},"strings":{"name":"Bico_Redondo_Aberto_movinterno"},"inTangent":0,"inWeight":0,"outTangent":0,"outWeight":0,"weightedMode":0},{"property":"Left Hand Configuration","index":2,"time":2.56565642,"ints":{"hash":2031361024},"floats":{"duration":0.434343427},"strings":{"name":"bico de p\u00A0ssaro"},"inTangent":0,"inWeight":0,"outTangent":0,"outWeight":0,"weightedMode":0},{"property":"Right Hand Configuration","index":1,"time":0.999999881,"ints":{"hash":-829034496},"floats":{"duration":0.454545468},"strings":{"name":"Bico_Redondo_Aberto_movinterno"},"inTangent":0,"inWeight":0,"outTangent":0,"outWeight":0,"weightedMode":0},{"property":"Right Hand Configuration","index":2,"time":2.56565642,"ints":{"hash":-829034496},"floats":{"duration":0.434343427},"strings":{"name":"bico de p\u00A0ssaro"},"inTangent":0,"inWeight":0,"outTangent":0,"outWeight":0,"weightedMode":0},{"property":"Facial Expression","index":1,"time":0.999999881,"ints":{},"floats":{"duration":0.454545468},"strings":{"faceName":"F029"},"inTangent":0,"inWeight":0,"outTangent":0,"outWeight":0,"weightedMode":0},{"property":"Facial Expression","index":2,"time":2.56565642,"ints":{},"floats":{"duration":0.434343427},"strings":{"faceName":"F029"},"inTangent":0,"inWeight":0,"outTangent":0,"outWeight":0,"weightedMode":0}]},{"properties":["Face Animation F029"],"loops":false,"keyFrames":[{"property":"Face Animation F029","index":0,"time":0,"ints":{},"floats":{"girl_head_.blendShape.REyeClose":0,"girl_head_.blendShape.LEyeClose":0,"girl_head_.blendShape.LeyeBUp":50,"girl_head_.blendShape.ReyeBUp":50,"girl_head_.blendShape.LEyeLidUp":-60,"girl_head_.blendShape.LEyeBMad":-60,"girl_head_.blendShape.REyeBMad":-60,"girl_head_.blendShape.LEyeSad":-40,"girl_head_.blendShape.REyeLidUp":-60,"girl_head_.blendShape.REyeSad":-40,"girl_head_.blendShape.LEyeMad":-120,"girl_head_.blendShape.REyeMad":-120,"muscle15":0,"muscle17":0,"girl_hair.blendShape.cheek1":0,"girl_hair.blendShape.cheek2":0,"girl_hair.blendShape.cheek3":0,"girl_head_.blendShape.A":0,"girl_head_.blendShape.Bmp":0,"girl_head_.blendShape.Cons":0,"girl_head_.blendShape.E":0,"girl_head_.blendShape.F001":0,"girl_head_.blendShape.F003":0,"girl_head_.blendShape.F005":0,"girl_head_.blendShape.F006":0,"girl_head_.blendShape.F007":0,"girl_head_.blendShape.F007left":0,"girl_head_.blendShape.F008":0,"girl_head_.blendShape.F017":0,"girl_head_.blendShape.F019":0,"girl_head_.blendShape.F024":0,"girl_head_.blendShape.F031":0,"girl_head_.blendShape.Fv":0,"girl_head_.blendShape.O":0,"girl_head_.blendShape.ReyeBSad":0,"girl_head_.blendShape.ReyeLSad":0,"girl_head_.blendShape.U":0,"girl_head_.blendShape.mClose":100,"girl_head_.blendShape.mLSide":0,"girl_head_.blendShape.mLSideUp":0,"girl_head_.blendShape.mRSide":0,"girl_head_.blendShape.mRSideUp":0,"girl_head_.blendShape.mSad":0,