{
  "animTracks": [
    {
      "properties": [
        "Right Hand Configuration",
        "Left Hand Configuration",
        "Muscles",
        "Facial Expression"
      ],
      "loops": false,
      "keyFrames": [
        {
          "property": "Muscles",
          "index": 1,
          "time": 1,
          "ints": {},
          "floats": {
            "muscle0": 2.1398753E-12,
            "muscle1": -4.07110923E-13,
            "muscle2": -9.56710622E-13,
            "muscle3": -1.48849899E-12,
            "muscle4": -1.69222731E-25,
            "muscle5": -3.25688776E-13,
            "muscle6": 0,
            "muscle7": 0,
            "muscle8": 0,
            "muscle9": -3.96933029E-13,
            "muscle10": -4.0711097E-14,
            "muscle11": -3.25688776E-13,
            "muscle12": 1.38737931E-07,
            "muscle13": 1.30605528E-07,
            "muscle14": 1.02331555E-07,
            "muscle15": 0,
            "muscle16": -3.13225756E-09,
            "muscle17": 0,
            "muscle18": -2.60550999E-12,
            "muscle19": 0,
            "muscle20": 0,
            "muscle21": 0.527684987,
            "muscle22": -0.075982213,
            "muscle23": -0.588656247,
            "muscle24": 0.953825712,
            "muscle25": 0.4257029,
            "muscle26": -0.0594078712,
            "muscle27": 0.0538544767,
            "muscle28": 3.74593156E-07,
            "muscle29": 0.527683496,
            "muscle30": -0.0759853348,
            "muscle31": -0.588659286,
            "muscle32": 0.953825295,
            "muscle33": 0.425705791,
            "muscle34": -0.0593609177,
            "muscle35": 0.053863246,
            "muscle36": 1.94633657E-07,
            "muscle37": -0.499999434,
            "muscle38": 0.00360223628,
            "muscle39": -0.424055219,
            "muscle40": 0.0501594245,
            "muscle41": 0.0850924104,
            "muscle42": -0.490088463,
            "muscle43": 0.956294596,
            "muscle44": 0.405167907,
            "muscle45": -0.25448814,
            "muscle46": -0.499998987,
            "muscle47": 0.00360562769,
            "muscle48": -0.441038877,
            "muscle49": 0.028715102,
            "muscle50": 0.0861553997,
            "muscle51": -0.479371428,
            "muscle52": 1.02448726,
            "muscle53": 0.466146767,
            "muscle54": -0.242276594,
            "muscle55": -1.26666522,
            "muscle56": -2,
            "muscle57": -0.0222220086,
            "muscle58": -0.200000107,
            "muscle59": -0.888888717,
            "muscle60": -0.831361532,
            "muscle61": -0.0333332531,
            "muscle62": 0.99999994,
            "muscle63": -0.999999881,
            "muscle64": -1.2768172,
            "muscle65": 0.200000063,
            "muscle66": 0.99999994,
            "muscle67": -1.00000024,
            "muscle68": -0.506229341,
            "muscle69": 0.400000036,
            "muscle70": 0.999999762,
            "muscle71": -0.99999994,
            "muscle72": -0.393272996,
            "muscle73": 0.533333242,
            "muscle74": 0.999999702,
            "muscle75": -1.26666701,
            "muscle76": -2,
            "muscle77": -0.0222220272,
            "muscle78": -0.200000003,
            "muscle79": -0.888888717,
            "muscle80": -0.831361592,
            "muscle81": -0.0333333835,
            "muscle82": 1.00000012,
            "muscle83": -0.999999821,
            "muscle84": -1.27681732,
            "muscle85": 0.199999794,
            "muscle86": 0.999999702,
            "muscle87": -1,
            "muscle88": -0.506229281,
            "muscle89": 0.399999797,
            "muscle90": 0.99999994,
            "muscle91": -0.999999583,
            "muscle92": -0.393272966,
            "muscle93": 0.533333123,
            "muscle94": 0.99999994,
            "muscle-1": 1
          },
          "strings": {
            "interpolation": "default"
          },
          "inTangent": 0,
          "inWeight": 0,
          "outTangent": 0,
          "outWeight": 0,
          "weightedMode": 0
        },
        {
          "property": "Muscles",
          "index": 2,
          "time": 1.51515138,
          "ints": {},
          "floats": {
            "muscle0": 2.1398753E-12,
            "muscle1": -4.07110923E-13,
            "muscle2": -9.56710622E-13,
            "muscle3": -1.48849899E-12,
            "muscle4": -1.69222731E-25,
            "muscle5": -3.25688776E-13,
            "muscle6": 0,
            "muscle7": 0,
            "muscle8": 0,
            "muscle9": -3.96933029E-13,
            "muscle10": -4.0711097E-14,
            "muscle11": -3.25688776E-13,
            "muscle12": 3.9487E-07,
            "muscle13": 2.21549911E-07,
            "muscle14": 2.29106742E-08,
            "muscle15": 0,
            "muscle16": -3.13225756E-09,
            "muscle17": 0,
            "muscle18": -2.60550999E-12,
            "muscle19": 0,
            "muscle20": 0,
            "muscle21": 0.524233162,
            "muscle22": -0.0713508427,
            "muscle23": -0.415075779,
            "muscle24": 0.939663708,
            "muscle25": 0.309937268,
            "muscle26": -0.0621743798,
            "muscle27": 0.0624360815,
            "muscle28": 3.74593156E-07,
            "muscle29": 0.524231613,
            "muscle30": -0.0713561699,
            "muscle31": -0.41507867,
            "muscle32": 0.93966347,
            "muscle33": 0.309940726,
            "muscle34": -0.0621269718,
            "muscle35": 0.0624494553,
            "muscle36": 8.09750759E-07,
            "muscle37": -0.499998987,
            "muscle38": 0.00360289821,
            "muscle39": -0.298277378,
            "muscle40": 0.13152802,
            "muscle41": 0.237998053,
            "muscle42": -0.508109212,
            "muscle43": 0.95924747,
            "muscle44": 0.405184507,
            "muscle45": -0.25448814,
            "muscle46": -0.499999076,
            "muscle47": 0.00360561302,
            "muscle48": -0.332675368,
            "muscle49": 0.103225641,
            "muscle50": 0.216702148,
            "muscle51": -0.503035784,
            "muscle52": 1.0275228,
            "muscle53": 0.466140956,
            "muscle54": -0.242276594,
            "muscle55": -0.244444758,
            "muscle56": 0.138887942,
            "muscle57": 0.15110606,
            "muscle58": 1,
            "muscle59": -1,
            "muscle60": -0.706916511,
            "muscle61": -2,
            "muscle62": 0.999999702,
            "muscle63": -0.999999881,
            "muscle64": -1.39999855,
            "muscle65": -1.99999964,
            "muscle66": 0.999999642,
            "muscle67": -0.99999994,
            "muscle68": 0.271548241,
            "muscle69": -2.00000072,
            "muscle70": 0.999999404,
            "muscle71": -0.99999994,
            "muscle72": -0.113272898,
            "muscle73": -2.00000095,
            "muscle74": 0.99999994,
            "muscle75": -0.244445115,
            "muscle76": 0.138887912,
            "muscle77": 0.151106089,
            "muscle78": 1.00000012,
            "muscle79": -1.00000012,
            "muscle80": -0.706916392,
            "muscle81": -2.00000095,
            "muscle82": 1.00000012,
            "muscle83": -0.99999994,
            "muscle84": -1.39999855,
            "muscle85": -2.00000095,
            "muscle86": 0.99999994,
            "muscle87": -0.999999464,
            "muscle88": 0.271548331,
            "muscle89": -2.00000095,
            "muscle90": 0.999999404,
            "muscle91": -0.999998629,
            "muscle92": -0.113273963,
            "muscle93": -2.00000072,
            "muscle94": 0.99999994,
            "duration": 0,
            "muscle-1": 1
          },
          "strings": {
            "interpolation": "default"
          },
          "inTangent": 0,
          "inWeight": 0,
          "outTangent": 0,
          "outWeight": 0,