{"animTracks":[{"properties":["Right Hand Configuration","Left Hand Configuration","Muscles","Facial Expression"],"loops":false,"keyFrames":[{"property":"Muscles","index":1,"time":1,"ints":{},"floats":{"muscle0":2.56134228E-07,"muscle1":-1.42488763E-13,"muscle2":-5.49599645E-13,"muscle3":2.13431885E-08,"muscle4":-4.07110868E-14,"muscle5":0,"muscle6":0,"muscle7":0,"muscle8":0,"muscle9":-2.13452704E-08,"muscle10":2.23540313E-14,"muscle11":2.682211E-07,"muscle12":-2.02771005E-07,"muscle13":1.95387557E-07,"muscle14":-2.5273215E-07,"muscle15":-0.324149996,"muscle16":7.54565477E-08,"muscle17":-0.324149996,"muscle18":-1.25760167E-07,"muscle19":0,"muscle20":0,"muscle21":0.527684629,"muscle22":-0.0759822652,"muscle23":-0.588656783,"muscle24":0.953825772,"muscle25":0.425629228,"muscle26":0.042562034,"muscle27":-0.0481425785,"muscle28":5.79231937E-07,"muscle29":0.527684867,"muscle30":-0.0759847462,"muscle31":-0.588661671,"muscle32":0.953825772,"muscle33":0.425633192,"muscle34":0.0425647497,"muscle35":-0.0480923951,"muscle36":-8.17754753E-08,"muscle37":-0.499999434,"muscle38":0.00360218296,"muscle39":-0.13721779,"muscle40":0.281513244,"muscle41":-0.0588792413,"muscle42":-0.531707525,"muscle43":0.0949472934,"muscle44":-0.0158367883,"muscle45":0.0202510636,"muscle46":-0.499999315,"muscle47":0.00360563514,"muscle48":-0.166538164,"muscle49":0.203980863,"muscle50":-0.291990101,"muscle51":-0.532290518,"muscle52":-0.047149431,"muscle53":0.20707427,"muscle54":0.278478146,"muscle55":-0.999998868,"muscle56":-2,"muscle57":-0.999999762,"muscle58":-0.537781894,"muscle59":-0.400000155,"muscle60":-0.706916392,"muscle61":1,"muscle62":0.999999702,"muscle63":-0.999999702,"muscle64":-1.39999831,"muscle65":-2.00000072,"muscle66":0.999999642,"muscle67":-1.00000012,"muscle68":0.271548122,"muscle69":-2.00000095,"muscle70":0.999999404,"muscle71":-0.999999881,"muscle72":-0.113273956,"muscle73":-1.99999964,"muscle74":0.99999994,"muscle75":-2.66666722,"muscle76":-1.99999964,"muscle77":-0.466665745,"muscle78":-0.022222111,"muscle79":0.99999994,"muscle80":0.00863839313,"muscle81":0.733332872,"muscle82":0.733332872,"muscle83":0.533333421,"muscle84":-1.39999831,"muscle85":0.766666114,"muscle86":0.766665578,"muscle87":-1,"muscle88":0.271548212,"muscle89":-1.46666574,"muscle90":-0.799999118,"muscle91":-0.99999994,"muscle92":0.228948519,"muscle93":-1.59999955,"muscle94":-0.519999921,"muscle-1":1},"strings":{},"inTangent":0,"inWeight":0,"outTangent":0,"outWeight":0,"weightedMode":0},{"property":"Muscles","index":2,"time":1.52525246,"ints":{},"floats":{"muscle0":7.89742103E-07,"muscle1":3.31082004E-13,"muscle2":-5.36442315E-07,"muscle3":2.13431885E-08,"muscle4":-4.07110868E-14,"muscle5":0,"muscle6":0,"muscle7":0,"muscle8":0,"muscle9":-2.13452367E-08,"muscle10":2.68220958E-07,"muscle11":2.68221157E-07,"muscle12":-8.6444544E-07,"muscle13":-2.05219436E-07,"muscle14":-2.31140298E-08,"muscle15":-0.324149996,"muscle16":-1.97229184E-07,"muscle17":-0.324149996,"muscle18":1.55238649E-08,"muscle19":0,"muscle20":0,"muscle21":0.524232745,"muscle22":-0.0713534057,"muscle23":-0.415076524,"muscle24":0.939663708,"muscle25":0.309826374,"muscle26":0.039787598,"muscle27":-0.0395600349,"muscle28":1.12591374E-06,"muscle29":0.524233401,"muscle30":-0.0713529289,"muscle31":-0.415079683,"muscle32":0.939663887,"muscle33":0.309828907,"muscle34":0.0397903025,"muscle35":-0.0395149477,"muscle36":-8.17754753E-08,"muscle37":-0.499999136,"muscle38":0.00360311777,"muscle39":-0.171640471,"muscle40":0.285171151,"muscle41":-0.0966938064,"muscle42":-0.489174187,"muscle43":0.347620159,"muscle44":0.029538421,"muscle45":0.077723667,"muscle46":-0.499999315,"muscle47":0.00360563514,"muscle48":-0.265542507,"muscle49":0.223583579,"muscle50":-0.153091803,"muscle51":-0.641906559,"muscle52":0.10260462,"muscle53":-0.01611818,"muscle54":1.00013185,"muscle55":-0.999998868,"muscle56":-2,"muscle57":-0.999999762,"muscle58":-0.537781894,"muscle59":-0.400000155,"muscle60":-0.706916392,"muscle61":1,"muscle62":0.999999702,"muscle63":-0.999999404,"muscle64":-1.39999843,"muscle65":-2.00000095,"muscle66":0.999999464,"muscle67":-1.00000012,"muscle68":0.271548122,"muscle69":-2.00000095,"muscle70":0.999999404,"muscle71":-0.999999881,"muscle72":-0.113273956,"muscle73":-1.99999964,"muscle74":0.999999702,"muscle75":-2.66666722,"muscle76":-1.99999964,"muscle77":-0.466665566,"muscle78":-0.022222111,"muscle79":0.99999994,"muscle80":0.00863839313,"muscle81":0.733332932,"muscle82":0.733332872,"muscle83":0.533333421,"muscle84":-1.39999831,"muscle85":0.766665697,"muscle86":0.766665578,"muscle87":-1,"muscle88":0.271548212,"muscle89":-1.46666574,"muscle90":-0.799999118,"muscle91":-0.99999994,"muscle92":0.228947997,"muscle93":-1.59999955,"muscle94":-0.519999921,"duration":0,"muscle-1":1},"strings":{},"inTangent":0,"inWeight":0,"outTangent":0,"outWeight":0,"weightedMode":0},{"property":"Left Hand Configuration","index":1,"time":1,"ints":{"hash":1473608704},"floats":{},"strings":{"name":"indicativa eu"},"inTangent":0,"inWeight":0,"outTangent":0,"outWeight":0,"weightedMode":0},{"property":"Left Hand Configuration","index":2,"time":1.52525246,"ints":{"hash":-49468416},"floats":{"duration":0},"strings":{"name":"indicativa eu"},"inTangent":0,"inWeight":0,"outTangent":0,"outWeight":0,"weightedMode":0},{"property":"Right Hand Configuration","index":1,"time":1,"ints":{"hash":901529600},"floats":{},"strings":{"name":"gancho duplo aberto"},"inTangent":0,"inWeight":0,"outTangent":0,"outWeight":0,"weightedMode":0},{"property":"Right Hand Configuration","index":2,"time":1.52525246,"ints":{"hash":-621547520},"floats":{"duration":0},"strings":{"name":"gancho duplo aberto"},"inTangent":0,"inWeight":0,"outTangent":0,"outWeight":0,"weightedMode":0},{"property":"Facial Expression","index":1,"time":1,"ints":{},"floats":{},"strings":{"faceName":"Neutra"},"inTangent":0,"inWeight":0,"outTangent":0,"outWeight":0,"weightedMode":0},{"property":"Facial Expression","index":2,"time":1.52525246,"ints":{},"floats":{"duration":0},"strings":{"faceName":"Neutra"},"inTangent":0,"inWeight":0,"outTangent":0,"outWeight":0,"weightedMode":0}]},{"properties":["Face Animation Neutra"],"loops":false,"keyFrames":[{"property":"Face Animation Neutra","index":0,"time":0,"ints":{},"floats":{"girl_head_.blendShape.mClose":100,"girl_head_.blendShape.A":0,"girl_head_.blendShape.Cons":0,"girl_head_.blendShape.Fv":0,"girl_head_.blendShape.mLSide":0,"girl_head_.blendShape.mLSideUp":0,"girl_head_.blendShape.mRSide":0,"girl_head_.blendShape.mRSideUp":0,"girl_head_.blendShape.O":0,"girl_head_.blendShape.smile":0,"girl_head_.blendShape.U":0,"girl_hair.blendShape.cheek1":0,"girl_hair.blendShape.cheek2":0,"girl_hair.blendShape.cheek3":0,"girl_head_.blendShape.Bmp":0,"girl_head_.blendShape.E":0,"girl_head_.blendShape.F001":0,"girl_head_.blendShape.F003":0,"girl_head_.blendShape.F005":0,"girl_head_.blendShape.F006":0,"girl_head_.blendShape.F007":0,"girl_head_.blendShape.F007left":0,"girl_head_.blendShape.F008":0,"girl_head_.blendShape.F017":0,"girl_head_.blendShape.F019":0,"girl_head_.blendShape.F024":0,"girl_head_.blendShape.F031":0,"girl_head_.blendShape.LEyeBMad":0,"girl_head_.blendShape.LEyeClose":0,"girl_head_.blendShape.LEyeLidUp":0,"girl_head_.blendShape.LEyeMad":0,"girl_head_.blendShape.LEyeSad":0,"girl_head_.blendShape.LeyeBUp":0,"girl_head_.blendShape.mSad":0,"girl_head_.blendShape.REyeBMad":0,"girl_head_.blendShape.REyeClose":0,"girl_head_.blendShape.REyeLidUp":0,"girl_head_.blendShape.REyeMad":0,"girl_head_.blendShape.REyeSad":0,"girl_head_.blendShape.ReyeBSad":0,"girl_head_.blendShape.ReyeBUp":0,