{"animTracks":[{"properties":["Right Hand Configuration","Left Hand Configuration","Muscles","Facial Expression"],"loops":false,"keyFrames":[{"property":"Muscles","index":1,"time":1,"ints":{},"floats":{"muscle0":2.56134228E-07,"muscle1":-1.42488763E-13,"muscle2":-5.49599645E-13,"muscle3":2.13431885E-08,"muscle4":-4.07110868E-14,"muscle5":0,"muscle6":0,"muscle7":0,"muscle8":0,"muscle9":-2.13452704E-08,"muscle10":2.23540313E-14,"muscle11":2.682211E-07,"muscle12":-0.208499342,"muscle13":1.95387557E-07,"muscle14":-2.5273215E-07,"muscle15":0,"muscle16":7.54565477E-08,"muscle17":0,"muscle18":-1.25760167E-07,"muscle19":0,"muscle20":0,"muscle21":0.527684629,"muscle22":-0.0759822652,"muscle23":-0.588656783,"muscle24":0.953825772,"muscle25":0.425629228,"muscle26":0.042562034,"muscle27":-0.0481425785,"muscle28":5.79231937E-07,"muscle29":0.527684867,"muscle30":-0.0759847462,"muscle31":-0.588661671,"muscle32":0.953825772,"muscle33":0.425633192,"muscle34":0.0425647497,"muscle35":-0.0480923951,"muscle36":-8.17754753E-08,"muscle37":-0.499999434,"muscle38":0.00360218296,"muscle39":-0.512599766,"muscle40":0.210586742,"muscle41":-0.169809639,"muscle42":0.99277091,"muscle43":0.268193185,"muscle44":-0.0158367883,"muscle45":0.0202510636,"muscle46":-0.499999315,"muscle47":0.00360563514,"muscle48":0.278440416,"muscle49":-0.396662802,"muscle50":0.435074389,"muscle51":-0.182625875,"muscle52":0.27175194,"muscle53":-0.0158376992,"muscle54":-0.441848159,"muscle55":0,"muscle56":0,"muscle57":0,"muscle58":0,"muscle59":0,"muscle60":0,"muscle61":0,"muscle62":0,"muscle63":0,"muscle64":0,"muscle65":0,"muscle66":0,"muscle67":0,"muscle68":0,"muscle69":0,"muscle70":0,"muscle71":0,"muscle72":0,"muscle73":0,"muscle74":0,"muscle75":1.55369591E-07,"muscle76":0.338888317,"muscle77":-0.199999958,"muscle78":0.999999881,"muscle79":0.642144799,"muscle80":-0.964443982,"muscle81":0.844861925,"muscle82":0.844862342,"muscle83":0.665139377,"muscle84":-1.09014976,"muscle85":0.833332896,"muscle86":0.833332717,"muscle87":0.640952945,"muscle88":-1.39999843,"muscle89":0.810934067,"muscle90":0.810933769,"muscle91":0.711448848,"muscle92":-0.704384506,"muscle93":0.811357677,"muscle94":0.811357796,"muscle-1":1},"strings":{"interpolation":"default"},"inTangent":0,"inWeight":0,"outTangent":0,"outWeight":0,"weightedMode":0},{"property":"Muscles","index":2,"time":1.68181801,"ints":{},"floats":{"muscle0":2.24928734E-12,"muscle1":4.07110902E-14,"muscle2":5.08888667E-13,"muscle3":2.13431885E-08,"muscle4":-4.07110868E-14,"muscle5":0,"muscle6":0,"muscle7":0,"muscle8":0,"muscle9":-5.33609295E-07,"muscle10":-3.14621071E-14,"muscle11":2.68220703E-07,"muscle12":-0.208498508,"muscle13":-1.36311122E-08,"muscle14":-1.19131677E-07,"muscle15":0,"muscle16":7.54565477E-08,"muscle17":0,"muscle18":-1.25760167E-07,"muscle19":0,"muscle20":0,"muscle21":0.524233639,"muscle22":-0.0713515431,"muscle23":-0.415076375,"muscle24":0.939664245,"muscle25":0.309866577,"muscle26":-0.0509066544,"muscle27":0.0511471741,"muscle28":2.37589148E-07,"muscle29":0.524232924,"muscle30":-0.0713540986,"muscle31":-0.415078849,"muscle32":0.939663708,"muscle33":0.30986923,"muscle34":-0.0508561321,"muscle35":0.0511496328,"muscle36":-8.17754753E-08,"muscle37":-0.499999136,"muscle38":0.00360311777,"muscle39":-0.514534771,"muscle40":0.21090664,"muscle41":-0.113970734,"muscle42":0.98865366,"muscle43":0.212615192,"muscle44":-0.0172162317,"muscle45":0.0212172102,"muscle46":-0.499999315,"muscle47":0.00360563514,"muscle48":-0.0998995528,"muscle49":-0.0432345979,"muscle50":0.00150104298,"muscle51":-0.525933862,"muscle52":-0.00893333089,"muscle53":0.0155824833,"muscle54":-0.999991059,"muscle55":0,"muscle56":0,"muscle57":0,"muscle58":0,"muscle59":0,"muscle60":0,"muscle61":0,"muscle62":0,"muscle63":0,"muscle64":0,"muscle65":0,"muscle66":0,"muscle67":0,"muscle68":0,"muscle69":0,"muscle70":0,"muscle71":0,"muscle72":0,"muscle73":0,"muscle74":0,"muscle75":-2.36666369,"muscle76":-1.99999988,"muscle77":-0.0222220253,"muscle78":1,"muscle79":-1.00000012,"muscle80":-0.831361353,"muscle81":0.266666591,"muscle82":0.99999994,"muscle83":-0.999999344,"muscle84":-1.27681756,"muscle85":0.200000033,"muscle86":0.99999994,"muscle87":-1.00000012,"muscle88":-0.506229222,"muscle89":0.400000066,"muscle90":0.999999404,"muscle91":-0.99999994,"muscle92":-0.393272996,"muscle93":0.533333063,"muscle94":0.999999702,"duration":0.13636364,"muscle-1":1},"strings":{"interpolation":"default"},"inTangent":0,"inWeight":0,"outTangent":0,"outWeight":0,"weightedMode":0},{"property":"Left Hand Configuration","index":1,"time":1,"ints":{"hash":861244416},"floats":{},"strings":{"name":"-"},"inTangent":0,"inWeight":0,"outTangent":0,"outWeight":0,"weightedMode":0},{"property":"Left Hand Configuration","index":2,"time":1.68181801,"ints":{"hash":-1427072000},"floats":{"duration":0.13636364},"strings":{"name":"-"},"inTangent":0,"inWeight":0,"outTangent":0,"outWeight":0,"weightedMode":0},{"property":"Right Hand Configuration","index":1,"time":1,"ints":{"hash":289165312},"floats":{},"strings":{"name":"palma"},"inTangent":0,"inWeight":0,"outTangent":0,"outWeight":0,"weightedMode":0},{"property":"Right Hand Configuration","index":2,"time":1.68181801,"ints":{"hash":-1999151104},"floats":{"duration":0.13636364},"strings":{"name":"bico de pato"},"inTangent":0,"inWeight":0,"outTangent":0,"outWeight":0,"weightedMode":0},{"property":"Facial Expression","index":1,"time":1,"ints":{},"floats":{},"strings":{"faceName":"Boca U"},"inTangent":0,"inWeight":0,"outTangent":0,"outWeight":0,"weightedMode":0},{"property":"Facial Expression","index":2,"time":1.68181801,"ints":{},"floats":{},"strings":{"faceName":"Brrrrr"},"inTangent":0,"inWeight":0,"outTangent":0,"outWeight":0,"weightedMode":0}]},{"properties":["Face Animation Boca U"],"loops":false,"keyFrames":[{"property":"Face Animation Boca U","index":0,"time":0,"ints":{},"floats":{"girl_head_.blendShape.Cons":100,"girl_head_.blendShape.F006":100,"girl_head_.blendShape.mClose":0,"muscle15":0,"muscle17":0,"girl_hair.blendShape.cheek1":0,"girl_hair.blendShape.cheek2":0,"girl_hair.blendShape.cheek3":0,"girl_head_.blendShape.A":0,"girl_head_.blendShape.Bmp":0,"girl_head_.blendShape.E":0,"girl_head_.blendShape.F001":0,"girl_head_.blendShape.F003":0,"girl_head_.blendShape.F005":0,"girl_head_.blendShape.F007":0,"girl_head_.blendShape.F007left":0,"girl_head_.blendShape.F008":0,"girl_head_.blendShape.F017":0,"girl_head_.blendShape.F019":0,"girl_head_.blendShape.F024":0,"girl_head_.blendShape.F031":0,"girl_head_.blendShape.Fv":0,"girl_head_.blendShape.LEyeBMad":0,"girl_head_.blendShape.LEyeClose":0,"girl_head_.blendShape.LEyeLidUp":0,"girl_head_.blendShape.LEyeMad":0,"girl_head_.blendShape.LEyeSad":0,"girl_head_.blendShape.LeyeBUp":0,"girl_head_.blendShape.O":0,"girl_head_.blendShape.REyeBMad":0,"girl_head_.blendShape.REyeClose":0,"girl_head_.blendShape.REyeLidUp":0,"girl_head_.blendShape.REyeMad":0,"girl_head_.blendShape.REyeSad":0,"girl_head_.blendShape.ReyeBSad":0,"girl_head_.blendShape.ReyeBUp":0,"girl_head_.blendShape.ReyeLSad":0,"girl_head_.blendShape.U":0,"girl_head_.blendShape.mLSide":0,"girl_head_.blendShape.mLSideUp":0,"girl_head_.blendShape.mRSide":0,"girl_head_.blendShape.mRSideUp":0,"girl_head_.blendShape.mSad":0,