{
  "animTracks": [
    {
      "properties": [
        "Right Hand Configuration",
        "Left Hand Configuration",
        "Muscles",
        "Facial Expression"
      ],
      "loops": false,
      "keyFrames": [
        {
          "property": "Muscles",
          "index": 1,
          "time": 1,
          "ints": {},
          "floats": {
            "muscle0": 2.1398753E-12,
            "muscle1": -4.07110923E-13,
            "muscle2": -9.56710622E-13,
            "muscle3": -1.48849899E-12,
            "muscle4": -1.69222731E-25,
            "muscle5": -3.25688776E-13,
            "muscle6": 0,
            "muscle7": 0,
            "muscle8": 0,
            "muscle9": -3.96933029E-13,
            "muscle10": -4.0711097E-14,
            "muscle11": -3.25688776E-13,
            "muscle12": 1.38737931E-07,
            "muscle13": 1.30605528E-07,
            "muscle14": 1.02331555E-07,
            "muscle15": 0,
            "muscle16": -3.13225756E-09,
            "muscle17": 0,
            "muscle18": -2.60550999E-12,
            "muscle19": 0,
            "muscle20": 0,
            "muscle21": 0.527684987,
            "muscle22": -0.075982213,
            "muscle23": -0.588656247,
            "muscle24": 0.953825712,
            "muscle25": 0.4257029,
            "muscle26": -0.0594078712,
            "muscle27": 0.0538544767,
            "muscle28": 3.74593156E-07,
            "muscle29": 0.527683496,
            "muscle30": -0.0759853348,
            "muscle31": -0.588659286,
            "muscle32": 0.953825295,
            "muscle33": 0.425705791,
            "muscle34": -0.0593609177,
            "muscle35": 0.053863246,
            "muscle36": 1.94633657E-07,
            "muscle37": -0.499999434,
            "muscle38": 0.00360223628,
            "muscle39": -0.196843699,
            "muscle40": 0.0157481208,
            "muscle41": 0.0710087642,
            "muscle42": -0.665026963,
            "muscle43": 0.967957556,
            "muscle44": -0.0158368628,
            "muscle45": -0.137061298,
            "muscle46": -0.499998987,
            "muscle47": 0.00360562769,
            "muscle48": -0.303686947,
            "muscle49": -0.0523100123,
            "muscle50": 0.118218146,
            "muscle51": -0.638412356,
            "muscle52": 0.872483492,
            "muscle53": -0.0158368628,
            "muscle54": -0.123776861,
            "muscle55": -0.690208375,
            "muscle56": 0.60555464,
            "muscle57": 0.71111083,
            "muscle58": 1,
            "muscle59": -0.113410689,
            "muscle60": -0.902222097,
            "muscle61": 0.799999952,
            "muscle62": 0.799999952,
            "muscle63": -0.112638243,
            "muscle64": -1.09014964,
            "muscle65": 0.83734268,
            "muscle66": 0.83734262,
            "muscle67": -0.0701575652,
            "muscle68": -1.39999843,
            "muscle69": 0.766666353,
            "muscle70": 0.766666412,
            "muscle71": -0.0663282722,
            "muscle72": -0.766606271,
            "muscle73": 0.811357319,
            "muscle74": 0.811357796,
            "muscle75": -0.690208852,
            "muscle76": 0.605554342,
            "muscle77": 0.71111083,
            "muscle78": 1.00000012,
            "muscle79": -0.113411114,
            "muscle80": -0.902221918,
            "muscle81": 0.799999952,
            "muscle82": 0.799999952,
            "muscle83": -0.112638146,
            "muscle84": -1.09014976,
            "muscle85": 0.83734268,
            "muscle86": 0.83734268,
            "muscle87": -0.0701585039,
            "muscle88": -1.39999843,
            "muscle89": 0.766665697,
            "muscle90": 0.766666532,
            "muscle91": -0.0663282201,
            "muscle92": -0.76660639,
            "muscle93": 0.811357141,
            "muscle94": 0.811357319,
            "muscle-1": 1
          },
          "strings": {
            "interpolation": "default"
          },
          "inTangent": 0,
          "inWeight": 0,
          "outTangent": 0,
          "outWeight": 0,
          "weightedMode": 0
        },
        {
          "property": "Muscles",
          "index": 2,
          "time": 1.99999988,
          "ints": {},
          "floats": {
            "muscle0": 2.15925563E-12,
            "muscle1": 2.68220703E-07,
            "muscle2": -2.03555451E-14,
            "muscle3": -1.48849899E-12,
            "muscle4": -1.69222731E-25,
            "muscle5": -3.25688776E-13,
            "muscle6": 0,
            "muscle7": 0,
            "muscle8": 0,
            "muscle9": -3.96933029E-13,
            "muscle10": -4.0711097E-14,
            "muscle11": -3.25688776E-13,
            "muscle12": 3.20164816E-07,
            "muscle13": -8.81137368E-08,
            "muscle14": 1.73107992E-07,
            "muscle15": 0,
            "muscle16": -3.13225756E-09,
            "muscle17": 0,
            "muscle18": -2.60550999E-12,
            "muscle19": 0,
            "muscle20": 0,
            "muscle21": 0.524233222,
            "muscle22": -0.0713509098,
            "muscle23": -0.415075451,
            "muscle24": 0.939663529,
            "muscle25": 0.309937179,
            "muscle26": -0.0621742159,
            "muscle27": 0.0624366216,
            "muscle28": 3.74593156E-07,
            "muscle29": 0.524231613,
            "muscle30": -0.0713560879,
            "muscle31": -0.415077269,
            "muscle32": 0.93966347,
            "muscle33": 0.309939772,
            "muscle34": -0.0621269122,
            "muscle35": 0.0624491498,
            "muscle36": 8.09750759E-07,
            "muscle37": -0.499998987,
            "muscle38": 0.00360289821,
            "muscle39": -0.121459357,
            "muscle40": -0.0942144096,
            "muscle41": 0.118126877,
            "muscle42": -0.220677137,
            "muscle43": 0.957369626,
            "muscle44": 0.878174007,
            "muscle45": -0.137532249,
            "muscle46": -0.499998987,
            "muscle47": 0.00360562769,
            "muscle48": -0.200314984,
            "muscle49": -0.11393404,
            "muscle50": 0.177040607,
            "muscle51": -0.198187396,
            "muscle52": 0.863271594,
            "muscle53": 1.00002372,
            "muscle54": -0.123776861,
            "muscle55": -0.690208673,
            "muscle56": 0.605554938,
            "muscle57": 0.71111083,
            "muscle58": 1,
            "muscle59": 0.64214462,
            "muscle60": -0.902221978,
            "muscle61": 0.799999952,
            "muscle62": 0.799999952,
            "muscle63": 0.620695531,
            "muscle64": -1.09014964,
            "muscle65": 0.904010177,
            "muscle66": 0.904009581,
            "muscle67": 0.618730605,
            "muscle68": -1.39999866,
            "muscle69": 0.83333236,
            "muscle70": 0.83333236,
            "muscle71": 0.644782603,
            "muscle72": -0.766606271,
            "muscle73": 0.87802422,
            "muscle74": 0.87802422,
            "muscle75": -0.690208793,
            "muscle76": 0.605554521,
            "muscle77": 0.71111083,
            "muscle78": 1.00000012,
            "muscle79": 0.642144918,
            "muscle80": -0.902222157,
            "muscle81": 0.799999952,
            "muscle82": 0.799999952,
            "muscle83": 0.62069416,
            "muscle84": -1.09014988,
            "muscle85": 0.904010117,
            "muscle86": 0.904010057,
            "muscle87": 0.618730724,
            "muscle88": -1.39999878,
            "muscle89": 0.833332777,
            "muscle90": 0.833333015,
            "muscle91": 0.644782424,
            "muscle92": -0.76660639,
            "muscle93": 0.87802428,
            "muscle94": 0.87802422,
            "duration": 0.292929292,
            "muscle-1": 1
          },
          "strings": {
            "interpolation": "default"
          },
          "inTangent": 0,
          "inWeight": 0,
          "outTangent": 0,