{"animTracks":[{"properties":["Right Hand Configuration","Left Hand Configuration","Muscles","Facial Expression"],"loops":false,"keyFrames":[{"property":"Muscles","index":3,"time":1.01010084,"ints":{},"floats":{"muscle0":2.24928734E-12,"muscle1":4.07110902E-14,"muscle2":5.08888667E-13,"muscle3":2.13431885E-08,"muscle4":-4.07110868E-14,"muscle5":0,"muscle6":0,"muscle7":0,"muscle8":0,"muscle9":-2.13452704E-08,"muscle10":2.23540313E-14,"muscle11":2.682211E-07,"muscle12":1.60082749E-07,"muscle13":-1.18075612E-08,"muscle14":-3.52319944E-07,"muscle15":-0.324147224,"muscle16":7.54565477E-08,"muscle17":-0.32414791,"muscle18":-1.25760167E-07,"muscle19":0,"muscle20":0,"muscle21":0.522007167,"muscle22":-0.0674839541,"muscle23":-0.30853048,"muscle24":0.930871248,"muscle25":0.238624811,"muscle26":0.0494382903,"muscle27":-0.0438285172,"muscle28":5.79231937E-07,"muscle29":0.522007227,"muscle30":-0.0674872696,"muscle31":-0.308533281,"muscle32":0.930871129,"muscle33":0.238627508,"muscle34":0.0494420864,"muscle35":-0.0437778831,"muscle36":-8.17754753E-08,"muscle37":-0.499999434,"muscle38":0.00360218296,"muscle39":-0.381023705,"muscle40":0.203621611,"muscle41":0.0842527077,"muscle42":-0.516616285,"muscle43":0.103209846,"muscle44":-0.0989645422,"muscle45":0.214295954,"muscle46":-0.499999315,"muscle47":0.00360563514,"muscle48":-0.275944531,"muscle49":0.064278461,"muscle50":0.00985716004,"muscle51":-0.412793964,"muscle52":0.0931648463,"muscle53":-0.154920354,"muscle54":0.27427575,"muscle55":-0.166666746,"muscle56":-2,"muscle57":-0.337783158,"muscle58":-0.426671326,"muscle59":-0.511111021,"muscle60":-0.722472727,"muscle61":-0.5,"muscle62":-0.5,"muscle63":-0.600000024,"muscle64":-0.462222189,"muscle65":-0.533333242,"muscle66":-0.533333242,"muscle67":-0.377777755,"muscle68":-1.29999995,"muscle69":-0.233333349,"muscle70":-0.233333349,"muscle71":-0.111111104,"muscle72":-0.748828828,"muscle73":-0.100000024,"muscle74":-0.100000024,"muscle75":-0.166642413,"muscle76":-1.99970472,"muscle77":-0.337733716,"muscle78":-0.426608592,"muscle79":-0.51103586,"muscle80":-0.722366273,"muscle81":-0.499926537,"muscle82":-0.499926686,"muscle83":-0.599912763,"muscle84":-0.462152481,"muscle85":-0.533256054,"muscle86":-0.533255637,"muscle87":-0.377721488,"muscle88":-1.29980838,"muscle89":-0.233298808,"muscle90":-0.233298808,"muscle91":-0.111094937,"muscle92":-0.748718262,"muscle93":-0.0999857113,"muscle94":-0.0999851078,"duration":0.151515156},"strings":{},"inTangent":0,"inWeight":0,"outTangent":0,"outWeight":0,"weightedMode":0},{"property":"Muscles","index":2,"time":1.73737359,"ints":{},"floats":{"muscle0":2.24928734E-12,"muscle1":4.07110902E-14,"muscle2":5.08888667E-13,"muscle3":2.13431885E-08,"muscle4":-4.07110868E-14,"muscle5":0,"muscle6":0,"muscle7":0,"muscle8":0,"muscle9":-5.33609295E-07,"muscle10":-3.14621071E-14,"muscle11":2.68220703E-07,"muscle12":7.04363458E-07,"muscle13":5.47805135E-09,"muscle14":-6.07868287E-07,"muscle15":0,"muscle16":7.54565477E-08,"muscle17":0,"muscle18":-2.0637151E-06,"muscle19":0,"muscle20":0,"muscle21":0.520545304,"muscle22":-0.0643794835,"muscle23":-0.236128315,"muscle24":0.92483896,"muscle25":0.190138206,"muscle26":0.0483707599,"muscle27":-0.0381963998,"muscle28":8.52572839E-07,"muscle29":0.520545542,"muscle30":-0.0643829033,"muscle31":-0.236131445,"muscle32":0.924838781,"muscle33":0.19014129,"muscle34":0.0483747721,"muscle35":-0.0381454118,"muscle36":-8.17754753E-08,"muscle37":-0.499999434,"muscle38":0.00360218296,"muscle39":-0.399726897,"muscle40":0.185138881,"muscle41":0.0613523163,"muscle42":-0.299618542,"muscle43":-0.302550435,"muscle44":0.02470956,"muscle45":0.815488994,"muscle46":-0.499999762,"muscle47":0.00360652548,"muscle48":-0.248240367,"muscle49":0.20416148,"muscle50":-0.010036584,"muscle51":-0.372232229,"muscle52":-0.409631431,"muscle53":-0.154749513,"muscle54":0.789441168,"muscle55":0,"muscle56":-1.32777917,"muscle57":0.351105809,"muscle58":0.595550895,"muscle59":0.553255916,"muscle60":0.288638562,"muscle61":-0.321804225,"muscle62":0.0800000429,"muscle63":0.665139318,"muscle64":-0.436817974,"muscle65":-0.195990562,"muscle66":0.159999967,"muscle67":0.640953481,"muscle68":0.271548122,"muscle69":-0.266666591,"muscle70":0.600000024,"muscle71":0.578116179,"muscle72":0.695615292,"muscle73":-0.321975529,"muscle74":0.120000005,"muscle75":-4.84822449E-05,"muscle76":-1.32797742,"muscle77":0.350901634,"muscle78":0.59524852,"muscle79":0.552941203,"muscle80":0.288339615,"muscle81":-0.321857065,"muscle82":0.0798287466,"muscle83":0.664765239,"muscle84":-0.436826527,"muscle85":-0.196089789,"muscle86":0.159795523,"muscle87":0.640651107,"muscle88":0.271082073,"muscle89":-0.266656846,"muscle90":0.59975338,"muscle91":0.577912629,"muscle92":0.695188403,"muscle93":-0.321909755,"muscle94":0.119934507,"duration":0.262626261,"muscle-1":1},"strings":{"interpolation":"default"},"inTangent":0,"inWeight":0,"outTangent":0,"outWeight":0,"weightedMode":0},{"property":"Left Hand Configuration","index":3,"time":1.01010084,"ints":{"hash":-1243691008},"floats":{"duration":0.151515156},"strings":{"name":"O"},"inTangent":0,"inWeight":0,"outTangent":0,"outWeight":0,"weightedMode":0},{"property":"Left Hand Configuration","index":2,"time":1.73737359,"ints":{"hash":-1553452032},"floats":{"duration":0.262626261},"strings":{"name":"garra aberta"},"inTangent":0,"inWeight":0,"outTangent":0,"outWeight":0,"weightedMode":0},{"property":"Right Hand Configuration","index":3,"time":1.01010084,"ints":{"hash":-1815770112},"floats":{"duration":0.151515156},"strings":{"name":"O"},"inTangent":0,"inWeight":0,"outTangent":0,"outWeight":0,"weightedMode":0},{"property":"Right Hand Configuration","index":2,"time":1.73737359,"ints":{"hash":94916608},"floats":{"duration":0.262626261},"strings":{"name":"garra aberta"},"inTangent":0,"inWeight":0,"outTangent":0,"outWeight":0,"weightedMode":0},{"property":"Facial Expression","index":3,"time":1.01010084,"ints":{},"floats":{},"strings":{"faceName":"Neutra"},"inTangent":0,"inWeight":0,"outTangent":0,"outWeight":0,"weightedMode":0},{"property":"Facial Expression","index":2,"time":1.73737359,"ints":{},"floats":{},"strings":{"faceName":"Neutra"},"inTangent":0,"inWeight":0,"outTangent":0,"outWeight":0,"weightedMode":0}]},{"properties":["Face Animation Neutra"],"loops":false,"keyFrames":[{"property":"Face Animation Neutra","index":0,"time":0,"ints":{},"floats":{"girl_head_.blendShape.mClose":100,"girl_head_.blendShape.A":0,"girl_head_.blendShape.Cons":0,"girl_head_.blendShape.Fv":0,"girl_head_.blendShape.mLSide":0,"girl_head_.blendShape.mLSideUp":0,"girl_head_.blendShape.mRSide":0,"girl_head_.blendShape.mRSideUp":0,"girl_head_.blendShape.O":0,"girl_head_.blendShape.smile":0,"girl_head_.blendShape.U":0,"girl_hair.blendShape.cheek1":0,"girl_hair.blendShape.cheek2":0,"girl_hair.blendShape.cheek3":0,"girl_head_.blendShape.Bmp":0,"girl_head_.blendShape.E":0,"girl_head_.blendShape.F001":0,"girl_head_.blendShape.F003":0,"girl_head_.blendShape.F005":0,"girl_head_.blendShape.F006":0,"girl_head_.blendShape.F007":0,"girl_head_.blendShape.F007left":0,"girl_head_.blendShape.F008":0,"girl_head_.blendShape.F017":0,"girl_head_.blendShape.F019":0,"girl_head_.blendShape.F024":0,"girl_head_.blendShape.F031":0,"girl_head_.blendShape.LEyeBMad":0,"girl_head_.blendShape.LEyeClose":0,"girl_head_.blendShape.LEyeLidUp":0,"girl_head_.blendShape.LEyeMad":0,"girl_head_.blendShape.LEyeSad":0,"girl_head_.blendShape.LeyeBUp":0,"girl_head_.blendShape.mSad":0,"girl_head_.blendShape.REyeBMad":0,"girl_head_.blendShape.REyeClose":0,"girl_head_.blendShape.REyeLidUp":0,"girl_head_.blendShape.REyeMad":0,"girl_head_.blendShape.REyeSad":0,"girl_head_.blendShape.ReyeBSad":0,"girl_head_.blendShape.ReyeBUp":0,