{"animTracks":[{"properties":["Right Hand Configuration","Left Hand Configuration","Muscles","Facial Expression"],"loops":false,"keyFrames":[{"property":"Muscles","index":2,"time":1.02020192,"ints":{},"floats":{"muscle0":8.1108692E-07,"muscle1":-6.10666913E-14,"muscle2":1.83199918E-13,"muscle3":-1.25695407E-12,"muscle4":4.07110902E-14,"muscle5":3.35866507E-13,"muscle6":0,"muscle7":0,"muscle8":0,"muscle9":-4.43641218E-13,"muscle10":8.14222143E-14,"muscle11":2.68220788E-07,"muscle12":-0.160000533,"muscle13":0.464999855,"muscle14":-0.0290005617,"muscle15":0,"muscle16":-1.62546897E-07,"muscle17":0,"muscle18":1.87937133E-09,"muscle19":0,"muscle20":0,"muscle21":0.524232566,"muscle22":-0.0713508874,"muscle23":-0.41507718,"muscle24":0.939664245,"muscle25":0.309826344,"muscle26":0.0397880711,"muscle27":-0.0395645648,"muscle28":7.84804456E-07,"muscle29":0.524231911,"muscle30":-0.07135804,"muscle31":-0.415078402,"muscle32":0.93966341,"muscle33":0.309829324,"muscle34":0.0397914238,"muscle35":-0.0395060778,"muscle36":-1.00051558E-08,"muscle37":-0.499999762,"muscle38":0.00360199227,"muscle39":0.942843378,"muscle40":-0.176629797,"muscle41":0.498471111,"muscle42":0.352440834,"muscle43":1.06069374,"muscle44":-0.509884834,"muscle45":-0.195050955,"muscle46":-0.499999553,"muscle47":0.00360655552,"muscle48":0.624351025,"muscle49":0.235496894,"muscle50":0.640207648,"muscle51":0.0258574188,"muscle52":1.08294952,"muscle53":-0.595915377,"muscle54":-0.103523508,"muscle55":-1.39999926,"muscle56":-1.76666677,"muscle57":0.644443512,"muscle58":0.111111186,"muscle59":0.977777481,"muscle60":-0.986916602,"muscle61":-1.00000012,"muscle62":-0.119999886,"muscle63":-1.00000012,"muscle64":-1.11999869,"muscle65":-1.33333242,"muscle66":-0.200000376,"muscle67":-0.999999523,"muscle68":-1.39999843,"muscle69":-1.26666629,"muscle70":-0.400000602,"muscle71":-1,"muscle72":-0.579940736,"muscle73":-0.999999762,"muscle74":-0.800000787,"muscle75":-1.40000081,"muscle76":-1.76666713,"muscle77":0.644444644,"muscle78":0.111111149,"muscle79":0.977777183,"muscle80":-0.986916542,"muscle81":-0.999999702,"muscle82":-0.119999893,"muscle83":-1.00000012,"muscle84":-1.11999881,"muscle85":-1.33333182,"muscle86":-0.200000271,"muscle87":-1,"muscle88":-1.39999866,"muscle89":-1.2666657,"muscle90":-0.400000602,"muscle91":-1,"muscle92":-0.579940856,"muscle93":-0.99999994,"muscle94":-0.800000012,"duration":0,"muscle-1":1},"strings":{"interpolation":"default"},"inTangent":0,"inWeight":0,"outTangent":0,"outWeight":0,"weightedMode":0},{"property":"Muscles","index":4,"time":1.51515138,"ints":{},"floats":{"muscle0":-5.33606283E-07,"muscle1":-1.83199918E-13,"muscle2":-4.07110902E-14,"muscle3":-1.25695407E-12,"muscle4":4.07110902E-14,"muscle5":3.35866507E-13,"muscle6":0,"muscle7":0,"muscle8":0,"muscle9":-4.8344396E-13,"muscle10":2.03555434E-14,"muscle11":3.25688695E-13,"muscle12":-0.275999218,"muscle13":-0.439999402,"muscle14":-0.0300000291,"muscle15":0,"muscle16":-1.62546897E-07,"muscle17":0,"muscle18":-2.60550977E-12,"muscle19":0,"muscle20":0,"muscle21":-3.79454796E-08,"muscle22":-3.47734726E-07,"muscle23":2.84591071E-08,"muscle24":6.66176732E-08,"muscle25":5.92898231E-10,"muscle26":8.25759017E-08,"muscle27":2.77587446E-07,"muscle28":2.37855957E-07,"muscle29":-2.27674164E-07,"muscle30":1.76268577E-06,"muscle31":-2.04905609E-06,"muscle32":-1.75757293E-07,"muscle33":-1.4229558E-08,"muscle34":-1.02450421E-07,"muscle35":-4.99468524E-06,"muscle36":-1.00051558E-08,"muscle37":-0.499999762,"muscle38":0.00360199227,"muscle39":0.544891477,"muscle40":0.195463166,"muscle41":0.683966577,"muscle42":-0.0763676018,"muscle43":1.04992425,"muscle44":-0.509886324,"muscle45":-0.195052892,"muscle46":-0.500000954,"muscle47":0.00360539206,"muscle48":0.964447856,"muscle49":-0.0884400234,"muscle50":0.461687386,"muscle51":0.397145122,"muscle52":1.09592855,"muscle53":-0.595912278,"muscle54":-0.103521168,"muscle55":-1.39999926,"muscle56":-1.76666677,"muscle57":0.644443512,"muscle58":0.111111186,"muscle59":0.977777183,"muscle60":-0.986916661,"muscle61":-1.00000012,"muscle62":-0.119999886,"muscle63":-1.00000012,"muscle64":-1.11999869,"muscle65":-1.33333313,"muscle66":-0.200000376,"muscle67":-0.999999523,"muscle68":-1.39999866,"muscle69":-1.26666629,"muscle70":-0.400000602,"muscle71":-1,"muscle72":-0.579940736,"muscle73":-0.999999762,"muscle74":-0.800000787,"muscle75":-1.40000081,"muscle76":-1.76666713,"muscle77":0.644444644,"muscle78":0.111111149,"muscle79":0.977777421,"muscle80":-0.986916423,"muscle81":-0.999999225,"muscle82":-0.119999893,"muscle83":-0.999999464,"muscle84":-1.11999893,"muscle85":-1.33333182,"muscle86":-0.200000271,"muscle87":-1,"muscle88":-1.39999866,"muscle89":-1.2666657,"muscle90":-0.400000602,"muscle91":-1,"muscle92":-0.579940856,"muscle93":-0.99999994,"muscle94":-0.800000012,"duration":0,"muscle-1":1},"strings":{"interpolation":"default"},"inTangent":0,"inWeight":0,"outTangent":0,"outWeight":0,"weightedMode":0},{"property":"Left Hand Configuration","index":2,"time":1.02020192,"ints":{"hash":-1924372480},"floats":{"duration":0},"strings":{"name":"Garra_Indicadorpolegar"},"inTangent":0,"inWeight":0,"outTangent":0,"outWeight":0,"weightedMode":0},{"property":"Left Hand Configuration","index":4,"time":1.51515138,"ints":{"hash":-227359744},"floats":{"duration":0},"strings":{"name":"Garra_Indicadorpolegar"},"inTangent":0,"inWeight":0,"outTangent":0,"outWeight":0,"weightedMode":0},{"property":"Right Hand Configuration","index":2,"time":1.02020192,"ints":{"hash":1798515712},"floats":{"duration":0},"strings":{"name":"Garra_Indicadorpolegar"},"inTangent":0,"inWeight":0,"outTangent":0,"outWeight":0,"weightedMode":0},{"property":"Right Hand Configuration","index":4,"time":1.51515138,"ints":{"hash":-799438848},"floats":{"duration":0},"strings":{"name":"Garra_Indicadorpolegar"},"inTangent":0,"inWeight":0,"outTangent":0,"outWeight":0,"weightedMode":0},{"property":"Facial Expression","index":2,"time":1.02020192,"ints":{},"floats":{"duration":0},"strings":{"faceName":"Neutra"},"inTangent":0,"inWeight":0,"outTangent":0,"outWeight":0,"weightedMode":0},{"property":"Facial Expression","index":4,"time":1.51515138,"ints":{},"floats":{"duration":0},"strings":{"faceName":"Neutra"},"inTangent":0,"inWeight":0,"outTangent":0,"outWeight":0,"weightedMode":0}]},{"properties":["Face Animation Neutra"],"loops":false,"keyFrames":[{"property":"Face Animation Neutra","index":0,"time":0,"ints":{},"floats":{"girl_head_.blendShape.mClose":100,"girl_head_.blendShape.A":0,"girl_head_.blendShape.Cons":0,"girl_head_.blendShape.Fv":0,"girl_head_.blendShape.mLSide":0,"girl_head_.blendShape.mLSideUp":0,"girl_head_.blendShape.mRSide":0,"girl_head_.blendShape.mRSideUp":0,"girl_head_.blendShape.O":0,"girl_head_.blendShape.smile":0,"girl_head_.blendShape.U":0,"girl_hair.blendShape.cheek1":0,"girl_hair.blendShape.cheek2":0,"girl_hair.blendShape.cheek3":0,"girl_head_.blendShape.Bmp":0,"girl_head_.blendShape.E":0,"girl_head_.blendShape.F001":0,"girl_head_.blendShape.F003":0,"girl_head_.blendShape.F005":0,"girl_head_.blendShape.F006":0,"girl_head_.blendShape.F007":0,"girl_head_.blendShape.F007left":0,"girl_head_.blendShape.F008":0,"girl_head_.blendShape.F017":0,"girl_head_.blendShape.F019":0,"girl_head_.blendShape.F024":0,"girl_head_.blendShape.F031":0,"girl_head_.blendShape.LEyeBMad":0,"girl_head_.blendShape.LEyeClose":0,"girl_head_.blendShape.LEyeLidUp":0,"girl_head_.blendShape.LEyeMad":0,"girl_head_.blendShape.LEyeSad":0,"girl_head_.blendShape.LeyeBUp":0,"girl_head_.blendShape.mSad":0,"girl_head_.blendShape.REyeBMad":0,"girl_head_.blendShape.REyeClose":0,"girl_head_.blendShape.REyeLidUp":0,"girl_head_.blendShape.REyeMad":0,"girl_head_.blendShape.REyeSad":0,"girl_head_.blendShape.ReyeBSad":0,"girl_head_.blendShape.ReyeBUp":0,