{
  "animTracks": [
    {
      "properties": [
        "Right Hand Configuration",
        "Left Hand Configuration",
        "Muscles",
        "Facial Expression"
      ],
      "loops": false,
      "keyFrames": [
        {
          "property": "Muscles",
          "index": 2,
          "time": 1.01515138,
          "ints": {},
          "floats": {
            "muscle0": 2.15925563E-12,
            "muscle1": 2.68220703E-07,
            "muscle2": -2.03555451E-14,
            "muscle3": -1.48849899E-12,
            "muscle4": -1.69222731E-25,
            "muscle5": -3.25688776E-13,
            "muscle6": 0,
            "muscle7": 0,
            "muscle8": 0,
            "muscle9": -3.96933029E-13,
            "muscle10": -4.0711097E-14,
            "muscle11": -3.25688776E-13,
            "muscle12": 3.84197818E-07,
            "muscle13": -3.97603621E-08,
            "muscle14": 9.08066724E-08,
            "muscle15": 0,
            "muscle16": -3.13225756E-09,
            "muscle17": 0,
            "muscle18": -2.60550999E-12,
            "muscle19": 0,
            "muscle20": 0,
            "muscle21": 0.524234116,
            "muscle22": -0.0713515878,
            "muscle23": -0.415074825,
            "muscle24": 0.939664006,
            "muscle25": 0.309936851,
            "muscle26": -0.0621745028,
            "muscle27": 0.062438421,
            "muscle28": 3.74593156E-07,
            "muscle29": 0.524232328,
            "muscle30": -0.0713558048,
            "muscle31": -0.415076613,
            "muscle32": 0.93966347,
            "muscle33": 0.309938997,
            "muscle34": -0.0621275157,
            "muscle35": 0.0624498837,
            "muscle36": 3.996727E-07,
            "muscle37": -0.499998987,
            "muscle38": 0.00360289821,
            "muscle39": -0.257876068,
            "muscle40": 0.212441608,
            "muscle41": 0.422542423,
            "muscle42": -0.786149323,
            "muscle43": 0.17818287,
            "muscle44": -0.781307042,
            "muscle45": -0.540391266,
            "muscle46": -0.499997675,
            "muscle47": 0.00360540743,
            "muscle48": -0.389349252,
            "muscle49": 0.138488531,
            "muscle50": 0.528696597,
            "muscle51": -0.799467444,
            "muscle52": 0.0808784887,
            "muscle53": -0.852435887,
            "muscle54": -0.461077899,
            "muscle55": -1.09020865,
            "muscle56": -0.527778983,
            "muscle57": 0.63999474,
            "muscle58": 0.639995277,
            "muscle59": 0.175478265,
            "muscle60": 0.288638413,
            "muscle61": 0.778195739,
            "muscle62": 0.77819562,
            "muscle63": 0.820694745,
            "muscle64": -0.436818212,
            "muscle65": 0.804009795,
            "muscle66": 0.804009497,
            "muscle67": 0.75206393,
            "muscle68": 0.271548271,
            "muscle69": 0.810933828,
            "muscle70": 0.810934246,
            "muscle71": 0.733671248,
            "muscle72": 0.695615411,
            "muscle73": 0.811357081,
            "muscle74": 0.811357796,
            "muscle75": -1.09020841,
            "muscle76": -0.527778983,
            "muscle77": 0.6399948,
            "muscle78": 0.639995337,
            "muscle79": 0.175478429,
            "muscle80": 0.288638353,
            "muscle81": 0.77819556,
            "muscle82": 0.77819562,
            "muscle83": 0.820694685,
            "muscle84": -0.436818123,
            "muscle85": 0.804009497,
            "muscle86": 0.804009497,
            "muscle87": 0.752064049,
            "muscle88": 0.271548122,
            "muscle89": 0.810934067,
            "muscle90": 0.810933828,
            "muscle91": 0.73367101,
            "muscle92": 0.695615292,
            "muscle93": 0.811357141,
            "muscle94": 0.811357796,
            "duration": 0,
            "muscle-1": 1
          },
          "strings": {
            "interpolation": "default"
          },
          "inTangent": 0,
          "inWeight": 0,
          "outTangent": 0,
          "outWeight": 0,
          "weightedMode": 0
        },
        {
          "property": "Left Hand Configuration",
          "index": 2,
          "time": 1.01515138,
          "ints": {
            "hash": -1931356160
          },
          "floats": {
            "duration": 0
          },
          "strings": {
            "name": "dedilhares/dedilhar_palma"
          },
          "inTangent": 0,
          "inWeight": 0,
          "outTangent": 0,
          "outWeight": 0,
          "weightedMode": 0
        },
        {
          "property": "Right Hand Configuration",
          "index": 2,
          "time": 1.01515138,
          "ints": {
            "hash": 1791532032
          },
          "floats": {
            "duration": 0
          },
          "strings": {
            "name": "dedilhares/dedilhar_palma"
          },
          "inTangent": 0,
          "inWeight": 0,
          "outTangent": 0,
          "outWeight": 0,
          "weightedMode": 0
        },
        {
          "property": "Facial Expression",
          "index": 2,
          "time": 1.01515138,
          "ints": {},
          "floats": {
            "duration": 0
          },
          "strings": {
            "faceName": "Neutra"
          },
          "inTangent": 0,
          "inWeight": 0,
          "outTangent": 0,
          "outWeight": 0,
          "weightedMode": 0
        }
      ]
    },
    {
      "properties": [
        "Hand Movement dedilhares/dedilhar_palma"
      ],
      "loops": true,
      "keyFrames": [
        {
          "property": "Hand Movement dedilhares/dedilhar_palma",
          "index": 0,
          "time": 0,
          "ints": {},
          "floats": {
            "muscle79": 0.175478101,
            "muscle81": 0.778195679,
            "muscle82": 0.778195679,
            "muscle80": 0.288638532,
            "muscle91": 0.733671784,
            "muscle93": 0.811357915,
            "muscle94": 0.811357915,
            "muscle92": 0.69561547,
            "muscle83": 0.820694804,
            "muscle85": 0.804009378,
            "muscle86": 0.804009378,
            "muscle84": -0.436817974,
            "muscle87": 0.752064347,
            "muscle89": 0.810934305,
            "muscle90": 0.810934305,
            "muscle88": 0.271548122,
            "muscle75": -1.09020865,
            "muscle77": 0.63999474,
            "muscle78": 0.639995337,
            "muscle76": -0.527778924
          },
          "strings": {},
          "inTangent": 0,
          "inWeight": 0,
          "outTangent": 0,
          "outWeight": 0,
          "weightedMode": 0
        },
        {
          "property": "Hand Movement dedilhares/dedilhar_palma",
          "index": 1,
          "time": 0.0833333358,
          "ints": {},
          "floats": {
            "muscle79": 0.619922519,
            "muscle81": 0.778195679,
            "muscle82": 0.778195679,
            "muscle80": 0.288638532,
            "muscle91": 0.667005062,
            "muscle93": 0.811357915,
            "muscle94": 0.811357915,
            "muscle92": 0.69561547,
            "muscle83": 0.442916989,
            "muscle85": 0.804009378,
            "muscle86": 0.804009378,
            "muscle84": -0.436817974,
            "muscle87": 0.440953255,
            "muscle89": 0.810934305,
            "muscle90": 0.810934305,
            "muscle88": 0.271548122,
            "muscle75": -1.09020865,
            "muscle77": 0.63999474,
            "muscle78": 0.639995337,
            "muscle76": -0.419999987
          },
          "strings": {},
          "inTangent": 0,
          "inWeight": 0,
          "outTangent": 0,
          "outWeight": 0,
          "weightedMode": 0
        }
      ]
    },
    {
      "properties": [
        "Face Animation Neutra"
      ],
      "loops": false,
      "keyFrames": [
        {
          "property": "Face Animation Neutra",