{"animTracks":[{"properties":["Right Hand Configuration","Left Hand Configuration","Muscles","Facial Expression"],"loops":false,"keyFrames":[{"property":"Muscles","index":1,"time":1,"ints":{},"floats":{"muscle0":2.56134228E-07,"muscle1":-1.42488763E-13,"muscle2":-5.49599645E-13,"muscle3":2.13431885E-08,"muscle4":-4.07110868E-14,"muscle5":0,"muscle6":0,"muscle7":0,"muscle8":0,"muscle9":-2.13452704E-08,"muscle10":2.23540313E-14,"muscle11":2.682211E-07,"muscle12":-0.162999466,"muscle13":1.95387557E-07,"muscle14":-6.37563744E-07,"muscle15":-0.324149996,"muscle16":7.54565477E-08,"muscle17":-0.324149996,"muscle18":-1.25760167E-07,"muscle19":0,"muscle20":0,"muscle21":0.527684629,"muscle22":-0.0759822652,"muscle23":-0.588656783,"muscle24":0.953825772,"muscle25":0.425629228,"muscle26":0.042562034,"muscle27":-0.0481425785,"muscle28":5.79231937E-07,"muscle29":0.527684867,"muscle30":-0.0759847462,"muscle31":-0.588661671,"muscle32":0.953825772,"muscle33":0.425633192,"muscle34":0.0425647497,"muscle35":-0.0480923951,"muscle36":-8.17754753E-08,"muscle37":-0.499999434,"muscle38":0.00360218296,"muscle39":-0.512599766,"muscle40":0.210586742,"muscle41":-0.169809639,"muscle42":0.99277091,"muscle43":0.268193185,"muscle44":-0.0158367883,"muscle45":0.0202510636,"muscle46":-0.499999315,"muscle47":0.00360563514,"muscle48":0.0510354824,"muscle49":-0.510409951,"muscle50":0.206741542,"muscle51":-0.2412159,"muscle52":-0.633249879,"muscle53":-0.0370716751,"muscle54":0.328865707,"muscle55":-1.36603751E-06,"muscle56":8.19622528E-07,"muscle57":-1.67169532E-08,"muscle58":-9.05049902E-08,"muscle59":-3.41509327E-08,"muscle60":1.70754674E-07,"muscle61":7.58909735E-08,"muscle62":7.58909593E-08,"muscle63":3.41509363E-08,"muscle64":-2.27672913E-07,"muscle65":0,"muscle66":-2.20871741E-18,"muscle67":0,"muscle68":0,"muscle69":-7.58909735E-08,"muscle70":-8.28269027E-19,"muscle71":-6.36110494E-17,"muscle72":4.26886686E-08,"muscle73":4.41743481E-18,"muscle74":-3.31307611E-18,"muscle75":-0.566667318,"muscle76":-1.99999988,"muscle77":1.00000012,"muscle78":0.666666567,"muscle79":-0.0222220197,"muscle80":-0.831361532,"muscle81":0.566666484,"muscle82":0.999999762,"muscle83":-0.0888888016,"muscle84":-0.996817231,"muscle85":0.600000024,"muscle86":1.00000012,"muscle87":-0.15555571,"muscle88":-1.39999831,"muscle89":0.566666424,"muscle90":0.99999994,"muscle91":-0.0888888612,"muscle92":-0.642161548,"muscle93":0.533333242,"muscle94":1,"muscle-1":1},"strings":{},"inTangent":0,"inWeight":0,"outTangent":0,"outWeight":0,"weightedMode":0},{"property":"Muscles","index":3,"time":1.55555546,"ints":{},"floats":{"muscle0":1.70762449E-12,"muscle1":1.8320023E-13,"muscle2":-5.36442087E-07,"muscle3":2.77475209E-07,"muscle4":-4.07110801E-14,"muscle5":-5.08888586E-14,"muscle6":0,"muscle7":0,"muscle8":0,"muscle9":-5.33609295E-07,"muscle10":-3.14621071E-14,"muscle11":2.68220703E-07,"muscle12":-0.16299881,"muscle13":-1.21089045E-07,"muscle14":1.61446287E-08,"muscle15":-0.324149996,"muscle16":-1.97229184E-07,"muscle17":-0.324149996,"muscle18":1.55238649E-08,"muscle19":0,"muscle20":0,"muscle21":0.524232805,"muscle22":-0.0713518262,"muscle23":-0.415076852,"muscle24":0.939663708,"muscle25":0.309866726,"muscle26":-0.0509063192,"muscle27":0.0511470586,"muscle28":2.37589148E-07,"muscle29":0.524233401,"muscle30":-0.0713542029,"muscle31":-0.415079772,"muscle32":0.939663708,"muscle33":0.309869826,"muscle34":-0.0508564264,"muscle35":0.0511501767,"muscle36":-8.17754753E-08,"muscle37":-0.499999434,"muscle38":0.00360218296,"muscle39":-0.514534116,"muscle40":0.210906848,"muscle41":-0.113971524,"muscle42":0.988652945,"muscle43":0.212615982,"muscle44":-0.017216254,"muscle45":0.0212187245,"muscle46":-0.500000954,"muscle47":0.00360560464,"muscle48":0.0515709557,"muscle49":-0.510336518,"muscle50":0.206564993,"muscle51":-0.241292804,"muscle52":-0.596148789,"muscle53":-0.257561505,"muscle54":0.695856214,"muscle55":-1.36603751E-06,"muscle56":8.19622528E-07,"muscle57":-1.67169532E-08,"muscle58":-5.17475087E-07,"muscle59":-3.41509327E-08,"muscle60":1.70754674E-07,"muscle61":7.58909735E-08,"muscle62":7.58909593E-08,"muscle63":3.41509363E-08,"muscle64":-2.27672913E-07,"muscle65":0,"muscle66":-2.20871741E-18,"muscle67":0,"muscle68":0,"muscle69":-5.31236765E-07,"muscle70":-8.28269027E-19,"muscle71":-6.36110494E-17,"muscle72":4.26886686E-08,"muscle73":4.41743481E-18,"muscle74":-3.31307611E-18,"muscle75":-2.3666656,"muscle76":-2,"muscle77":-0.0222221091,"muscle78":0.999999881,"muscle79":-1,"muscle80":-0.831361234,"muscle81":0.266666651,"muscle82":0.999999702,"muscle83":-0.999999702,"muscle84":-1.27681732,"muscle85":0.199999899,"muscle86":1.00000012,"muscle87":-0.99999994,"muscle88":-0.506229341,"muscle89":0.399999708,"muscle90":0.99999994,"muscle91":-0.99999994,"muscle92":-0.393272966,"muscle93":0.533333242,"muscle94":1,"duration":0,"muscle-1":1},"strings":{},"inTangent":0,"inWeight":0,"outTangent":0,"outWeight":0,"weightedMode":0},{"property":"Left Hand Configuration","index":1,"time":1,"ints":{"hash":1192860672},"floats":{},"strings":{"name":"-"},"inTangent":0,"inWeight":0,"outTangent":0,"outWeight":0,"weightedMode":0},{"property":"Left Hand Configuration","index":3,"time":1.55555546,"ints":{"hash":39954432},"floats":{"duration":0},"strings":{"name":"-"},"inTangent":0,"inWeight":0,"outTangent":0,"outWeight":0,"weightedMode":0},{"property":"Right Hand Configuration","index":1,"time":1,"ints":{"hash":620781568},"floats":{},"strings":{"name":"Pico_Pato_Aberto2"},"inTangent":0,"inWeight":0,"outTangent":0,"outWeight":0,"weightedMode":0},{"property":"Right Hand Configuration","index":3,"time":1.55555546,"ints":{"hash":-532124672},"floats":{"duration":0},"strings":{"name":"bico de pato"},"inTangent":0,"inWeight":0,"outTangent":0,"outWeight":0,"weightedMode":0},{"property":"Facial Expression","index":1,"time":1,"ints":{},"floats":{},"strings":{"faceName":"Neutra"},"inTangent":0,"inWeight":0,"outTangent":0,"outWeight":0,"weightedMode":0},{"property":"Facial Expression","index":3,"time":1.55555546,"ints":{},"floats":{"duration":0},"strings":{"faceName":"Neutra"},"inTangent":0,"inWeight":0,"outTangent":0,"outWeight":0,"weightedMode":0}]},{"properties":["Face Animation Neutra"],"loops":false,"keyFrames":[{"property":"Face Animation Neutra","index":0,"time":0,"ints":{},"floats":{"girl_head_.blendShape.mClose":100,"girl_head_.blendShape.A":0,"girl_head_.blendShape.Cons":0,"girl_head_.blendShape.Fv":0,"girl_head_.blendShape.mLSide":0,"girl_head_.blendShape.mLSideUp":0,"girl_head_.blendShape.mRSide":0,"girl_head_.blendShape.mRSideUp":0,"girl_head_.blendShape.O":0,"girl_head_.blendShape.smile":0,"girl_head_.blendShape.U":0,"girl_hair.blendShape.cheek1":0,"girl_hair.blendShape.cheek2":0,"girl_hair.blendShape.cheek3":0,"girl_head_.blendShape.Bmp":0,"girl_head_.blendShape.E":0,"girl_head_.blendShape.F001":0,"girl_head_.blendShape.F003":0,"girl_head_.blendShape.F005":0,"girl_head_.blendShape.F006":0,"girl_head_.blendShape.F007":0,"girl_head_.blendShape.F007left":0,"girl_head_.blendShape.F008":0,"girl_head_.blendShape.F017":0,"girl_head_.blendShape.F019":0,"girl_head_.blendShape.F024":0,"girl_head_.blendShape.F031":0,"girl_head_.blendShape.LEyeBMad":0,"girl_head_.blendShape.LEyeClose":0,"girl_head_.blendShape.LEyeLidUp":0,"girl_head_.blendShape.LEyeMad":0,"girl_head_.blendShape.LEyeSad":0,"girl_head_.blendShape.LeyeBUp":0,"girl_head_.blendShape.mSad":0,"girl_head_.blendShape.REyeBMad":0,"girl_head_.blendShape.REyeClose":0,"girl_head_.blendShape.REyeLidUp":0,"girl_head_.blendShape.REyeMad":0,"girl_head_.blendShape.REyeSad":0,"girl_head_.blendShape.ReyeBSad":0,"girl_head_.blendShape.ReyeBUp":0,