{"animTracks":[{"properties":["Right Hand Configuration","Left Hand Configuration","Muscles","Facial Expression"],"loops":false,"keyFrames":[{"property":"Muscles","index":1,"time":1,"ints":{},"floats":{"muscle0":2.56134228E-07,"muscle1":-1.42488763E-13,"muscle2":-5.49599645E-13,"muscle3":2.13431885E-08,"muscle4":-4.07110868E-14,"muscle5":0,"muscle6":0,"muscle7":0,"muscle8":0,"muscle9":-2.13452704E-08,"muscle10":2.23540313E-14,"muscle11":2.682211E-07,"muscle12":-0.0360000357,"muscle13":1.95387557E-07,"muscle14":-0.301000118,"muscle15":-0.324149996,"muscle16":7.54565477E-08,"muscle17":-0.324149996,"muscle18":-1.25760167E-07,"muscle19":0,"muscle20":0,"muscle21":0.527684629,"muscle22":-0.0759822652,"muscle23":-0.588656783,"muscle24":0.953825772,"muscle25":0.425629228,"muscle26":0.042562034,"muscle27":-0.0481425785,"muscle28":5.79231937E-07,"muscle29":0.527684867,"muscle30":-0.0759847462,"muscle31":-0.588661671,"muscle32":0.953825772,"muscle33":0.425633192,"muscle34":0.0425647497,"muscle35":-0.0480923951,"muscle36":-8.17754753E-08,"muscle37":-0.499999434,"muscle38":0.00360218296,"muscle39":0.0379039049,"muscle40":-0.582142293,"muscle41":0.309865713,"muscle42":-0.274682611,"muscle43":-1.10061395,"muscle44":-0.490000039,"muscle45":0.5295102,"muscle46":-0.499999315,"muscle47":0.00360563514,"muscle48":0.354283094,"muscle49":-0.517304063,"muscle50":0.302636236,"muscle51":0.0598075353,"muscle52":0.0849659592,"muscle53":-0.540831149,"muscle54":0.020255588,"muscle55":-0.999997973,"muscle56":-1.99999964,"muscle57":-0.999999762,"muscle58":-0.537781894,"muscle59":-0.600000203,"muscle60":-1.3999995,"muscle61":1,"muscle62":0.999999702,"muscle63":-0.999999404,"muscle64":-1.39999843,"muscle65":-2.00000095,"muscle66":0.999999464,"muscle67":-1.00000012,"muscle68":0.271548122,"muscle69":-2.00000095,"muscle70":0.999999404,"muscle71":-0.999999881,"muscle72":-0.113273956,"muscle73":-1.99999964,"muscle74":0.999999404,"muscle75":-0.999999464,"muscle76":-1.99999964,"muscle77":-0.999999821,"muscle78":-0.537782252,"muscle79":0.422222376,"muscle80":-0.706916511,"muscle81":0.999999702,"muscle82":0.999999702,"muscle83":-1,"muscle84":-1.3999989,"muscle85":-2.00000095,"muscle86":0.999999702,"muscle87":-1,"muscle88":0.271548212,"muscle89":-2.00000072,"muscle90":0.999999464,"muscle91":-1,"muscle92":-0.113273911,"muscle93":-2.00000072,"muscle94":1,"muscle-1":1},"strings":{},"inTangent":0,"inWeight":0,"outTangent":0,"outWeight":0,"weightedMode":0},{"property":"Muscles","index":2,"time":1.9747473,"ints":{},"floats":{"muscle0":2.24928734E-12,"muscle1":4.07110902E-14,"muscle2":5.08888667E-13,"muscle3":2.13431885E-08,"muscle4":-4.07110868E-14,"muscle5":0,"muscle6":0,"muscle7":0,"muscle8":0,"muscle9":-2.13452704E-08,"muscle10":2.23540313E-14,"muscle11":2.682211E-07,"muscle12":-0.0360000022,"muscle13":-1.58651659E-07,"muscle14":-0.301000565,"muscle15":-0.324149996,"muscle16":7.54572227E-08,"muscle17":-0.324149996,"muscle18":1.55238649E-08,"muscle19":0,"muscle20":0,"muscle21":0.524232924,"muscle22":-0.0713516846,"muscle23":-0.415076286,"muscle24":0.939663708,"muscle25":0.309866637,"muscle26":-0.0509066582,"muscle27":0.0511467345,"muscle28":2.37589148E-07,"muscle29":0.524233222,"muscle30":-0.0713546649,"muscle31":-0.415079772,"muscle32":0.939663827,"muscle33":0.309870124,"muscle34":-0.0508563332,"muscle35":0.05115081,"muscle36":-8.17754753E-08,"muscle37":-0.499999434,"muscle38":0.00360218296,"muscle39":0.037927933,"muscle40":-0.582135856,"muscle41":0.30986172,"muscle42":-0.274679601,"muscle43":-1.10059059,"muscle44":-0.490003705,"muscle45":0.52955991,"muscle46":-0.499999315,"muscle47":0.00360563514,"muscle48":0.225388661,"muscle49":-0.349741638,"muscle50":0.25668627,"muscle51":0.17248477,"muscle52":0.530432642,"muscle53":-0.999947667,"muscle54":0.910033405,"muscle55":-0.999996781,"muscle56":-1.99999964,"muscle57":-0.999999762,"muscle58":-0.537781894,"muscle59":-0.600000203,"muscle60":-1.3999995,"muscle61":1,"muscle62":0.999999464,"muscle63":-0.999998689,"muscle64":-1.39999855,"muscle65":-2.00000095,"muscle66":0.999999464,"muscle67":-0.999999404,"muscle68":-0.11327374,"muscle69":-2.00000095,"muscle70":0.999998689,"muscle71":-1,"muscle72":0.271547884,"muscle73":-2.00000072,"muscle74":0.999998689,"muscle75":-0.999999464,"muscle76":-1.99999964,"muscle77":-0.999999821,"muscle78":-0.537781775,"muscle79":0.422222376,"muscle80":-0.706916511,"muscle81":0.999999344,"muscle82":0.999999464,"muscle83":-0.999999464,"muscle84":-1.39999878,"muscle85":-2.00000095,"muscle86":0.999999523,"muscle87":-1,"muscle88":0.271548212,"muscle89":-2.00000095,"muscle90":0.999999464,"muscle91":-1,"muscle92":-0.113273911,"muscle93":-2.00000095,"muscle94":1,"duration":0,"muscle-1":1},"strings":{},"inTangent":0,"inWeight":0,"outTangent":0,"outWeight":0,"weightedMode":0},{"property":"Muscles","index":4,"time":2.50505042,"ints":{},"floats":{"muscle0":2.24928734E-12,"muscle1":4.07110902E-14,"muscle2":5.08888667E-13,"muscle3":2.13431885E-08,"muscle4":-4.07110868E-14,"muscle5":0,"muscle6":0,"muscle7":0,"muscle8":0,"muscle9":-2.13453486E-08,"muscle10":2.03555434E-14,"muscle11":3.20599775E-13,"muscle12":-0.0360004641,"muscle13":1.0983576E-07,"muscle14":-0.301000863,"muscle15":-0.324149996,"muscle16":-1.97229184E-07,"muscle17":-0.324149996,"muscle18":1.55238649E-08,"muscle19":0,"muscle20":0,"muscle21":0.520545363,"muscle22":-0.0643807873,"muscle23":-0.23612763,"muscle24":0.924838722,"muscle25":0.190179706,"muscle26":0.0571611971,"muscle27":-0.0469689667,"muscle28":5.79231937E-07,"muscle29":0.520546317,"muscle30":-0.0643841624,"muscle31":-0.236130744,"muscle32":0.924838901,"muscle33":0.190182433,"muscle34":0.0571643077,"muscle35":-0.0469199382,"muscle36":-8.17754753E-08,"muscle37":-0.499999434,"muscle38":0.00360218296,"muscle39":0.0379756838,"muscle40":-0.582121611,"muscle41":0.309854537,"muscle42":-0.274672836,"muscle43":-1.10054362,"muscle44":-0.49000892,"muscle45":0.529657722,"muscle46":-0.500000775,"muscle47":0.00360402325,"muscle48":0.335006356,"muscle49":-0.228551775,"muscle50":0.49675402,"muscle51":-0.417432696,"muscle52":0.533351839,"muscle53":-0.999915063,"muscle54":0.909929872,"muscle55":-0.999996066,"muscle56":-1.99999893,"muscle57":-0.999999404,"muscle58":-0.537781894,"muscle59":-0.600000203,"muscle60":-1.39999962,"muscle61":1,"muscle62":0.999999464,"muscle63":-0.999998271,"muscle64":-1.39999831,"muscle65":-2.00000095,"muscle66":0.999999464,"muscle67":-1.00000012,"muscle68":0.271548122,"muscle69":-2.00000095,"muscle70":0.999998689,"muscle71":-0.999999642,"muscle72":-0.113273971,"muscle73":-2.00000072,"muscle74":0.999998629,"muscle75":-0.999999344,"muscle76":-1.99999905,"muscle77":-0.999999821,"muscle78":-0.537781775,"muscle79":0.422222376,"muscle80":-0.706916511,"muscle81":0.999999344,"muscle82":0.999999464,"muscle83":-0.999999464,"muscle84":-1.39999878,"muscle85":-2.00000095,"muscle86":0.999999523,"muscle87":-1,"muscle88":0.271548212,"muscle89":-2.00000095,"muscle90":0.999999464,"muscle91":-1,"muscle92":-0.113273911,"muscle93":-2.00000095,"muscle94":1,"duration":0,"muscle-1":1},"strings":{},"inTangent":0,"inWeight":0,"outTangent":0,"outWeight":0,"weightedMode":0},{"property":"Left Hand Configuration","index":1,"time":1,"ints":{"hash":1038536704},"floats":{},"strings":{"name":"indicativa/esparguete1"},"inTangent":0,"inWeight":0,"outTangent":0,"outWeight":0,"weightedMode":0},{"property":"Left Hand Configuration","index":2,"time":1.9747473,"ints":{"hash":-695302144},"floats":{"duration":0},"strings":{"name":"indicativa/esparguete1"},"inTangent":0,"inWeight":0,"outTangent":0,"outWeight":0,"weightedMode":0},{"property":"Left Hand Configuration","index":4,"time":2.50505042,"ints":{"hash":-387287040},"floats":{"duration":0},"strings":{"name":"indicativa/esparguete1"},"inTangent":0,"inWeight":0,"outTangent":0,"outWeight":0,"weightedMode":0},{"property":"Right Hand Configuration","index":1,"time":1,"ints":{"hash":466457600},"floats":{},"strings":{"name":"indicativa"},"inTangent":0,"inWeight":0,"outTangent":0,"outWeight":0,