{
  "animTracks": [
    {
      "properties": [
        "Right Hand Configuration",
        "Left Hand Configuration",
        "Muscles",
        "Facial Expression"
      ],
      "loops": false,
      "keyFrames": [
        {
          "property": "Muscles",
          "index": 1,
          "time": 1,
          "ints": {},
          "floats": {
            "muscle0": 2.1398753E-12,
            "muscle1": -4.07110923E-13,
            "muscle2": -9.56710622E-13,
            "muscle3": -1.48849899E-12,
            "muscle4": -1.69222731E-25,
            "muscle5": -3.25688776E-13,
            "muscle6": 0,
            "muscle7": 0,
            "muscle8": 0,
            "muscle9": -3.96933029E-13,
            "muscle10": -4.0711097E-14,
            "muscle11": -3.25688776E-13,
            "muscle12": 1.38737931E-07,
            "muscle13": 1.30605528E-07,
            "muscle14": 1.02331555E-07,
            "muscle15": 0,
            "muscle16": -3.13225756E-09,
            "muscle17": 0,
            "muscle18": -2.60550999E-12,
            "muscle19": 0,
            "muscle20": 0,
            "muscle21": 0.527684987,
            "muscle22": -0.075982213,
            "muscle23": -0.588656247,
            "muscle24": 0.953825712,
            "muscle25": 0.4257029,
            "muscle26": -0.0594078712,
            "muscle27": 0.0538544767,
            "muscle28": 3.74593156E-07,
            "muscle29": 0.527683496,
            "muscle30": -0.0759853348,
            "muscle31": -0.588659286,
            "muscle32": 0.953825295,
            "muscle33": 0.425705791,
            "muscle34": -0.0593609177,
            "muscle35": 0.053863246,
            "muscle36": 1.94633657E-07,
            "muscle37": -0.499999434,
            "muscle38": 0.00360223628,
            "muscle39": -0.317121267,
            "muscle40": -0.0222382322,
            "muscle41": 0.266433924,
            "muscle42": -0.589333475,
            "muscle43": 1.20918202,
            "muscle44": 0.29404664,
            "muscle45": -0.360469848,
            "muscle46": -0.499998987,
            "muscle47": 0.00360562769,
            "muscle48": -0.402989388,
            "muscle49": 0.0460469611,
            "muscle50": 0.190218091,
            "muscle51": -0.384727955,
            "muscle52": 1.20116246,
            "muscle53": 0.311103851,
            "muscle54": -0.242116079,
            "muscle55": -0.156874791,
            "muscle56": 0.505554914,
            "muscle57": 0.63999474,
            "muscle58": 0.639995277,
            "muscle59": 0.553256035,
            "muscle60": 0.288638294,
            "muscle61": 0.778195739,
            "muscle62": 0.77819562,
            "muscle63": 0.665139079,
            "muscle64": -0.436817974,
            "muscle65": 0.804009557,
            "muscle66": 0.804009497,
            "muscle67": 0.640953362,
            "muscle68": 0.271548152,
            "muscle69": 0.810933948,
            "muscle70": 0.810934007,
            "muscle71": 0.578116179,
            "muscle72": 0.695615411,
            "muscle73": 0.811358094,
            "muscle74": 0.811357796,
            "muscle75": -0.156874686,
            "muscle76": 0.505554259,
            "muscle77": 0.6399948,
            "muscle78": 0.639995337,
            "muscle79": 0.553255916,
            "muscle80": 0.288638234,
            "muscle81": 0.77819556,
            "muscle82": 0.77819562,
            "muscle83": 0.665139318,
            "muscle84": -0.436818361,
            "muscle85": 0.804009497,
            "muscle86": 0.804009497,
            "muscle87": 0.640953422,
            "muscle88": 0.271548092,
            "muscle89": 0.810933709,
            "muscle90": 0.810933828,
            "muscle91": 0.578116179,
            "muscle92": 0.695615232,
            "muscle93": 0.811357141,
            "muscle94": 0.811358154,
            "muscle-1": 1
          },
          "strings": {
            "interpolation": "default"
          },
          "inTangent": 0,
          "inWeight": 0,
          "outTangent": 0,
          "outWeight": 0,
          "weightedMode": 0
        },
        {
          "property": "Muscles",
          "index": 2,
          "time": 1.49999988,
          "ints": {},
          "floats": {
            "muscle0": 2.1398753E-12,
            "muscle1": -4.07110923E-13,
            "muscle2": -9.56710622E-13,
            "muscle3": -1.48849899E-12,
            "muscle4": -1.69222731E-25,
            "muscle5": -3.25688776E-13,
            "muscle6": 0,
            "muscle7": 0,
            "muscle8": 0,
            "muscle9": -3.96933029E-13,
            "muscle10": -4.0711097E-14,
            "muscle11": -3.25688776E-13,
            "muscle12": 2.98820453E-07,
            "muscle13": 2.69903552E-07,
            "muscle14": -5.93909668E-08,
            "muscle15": 0,
            "muscle16": -3.13225756E-09,
            "muscle17": 0,
            "muscle18": -2.60550999E-12,
            "muscle19": 0,
            "muscle20": 0,
            "muscle21": 0.524233282,
            "muscle22": -0.0713517666,
            "muscle23": -0.415075153,
            "muscle24": 0.939663529,
            "muscle25": 0.309937119,
            "muscle26": -0.0621742345,
            "muscle27": 0.0624383725,
            "muscle28": 3.74593156E-07,
            "muscle29": 0.524232447,
            "muscle30": -0.0713549182,
            "muscle31": -0.415081173,
            "muscle32": 0.939663887,
            "muscle33": 0.309941947,
            "muscle34": -0.0621274561,
            "muscle35": 0.0624475218,
            "muscle36": 3.996727E-07,
            "muscle37": -0.499999434,
            "muscle38": 0.00360223628,
            "muscle39": -0.387747854,
            "muscle40": 0.037219733,
            "muscle41": 0.198123708,
            "muscle42": -0.441506177,
            "muscle43": 1.20572186,
            "muscle44": 0.293914497,
            "muscle45": -0.361267537,
            "muscle46": -0.499997675,
            "muscle47": 0.00360540743,
            "muscle48": -0.298644602,
            "muscle49": -0.10005112,
            "muscle50": 0.272936225,
            "muscle51": -0.451725811,
            "muscle52": 1.20464158,
            "muscle53": 0.311056852,
            "muscle54": -0.24241738,
            "muscle55": -0.156874791,
            "muscle56": 0.505554914,
            "muscle57": 0.63999474,
            "muscle58": 0.639995277,
            "muscle59": 0.553256035,
            "muscle60": 0.288638294,
            "muscle61": 0.778195739,
            "muscle62": 0.77819562,
            "muscle63": 0.665139079,
            "muscle64": -0.436817974,
            "muscle65": 0.804009795,
            "muscle66": 0.804009497,
            "muscle67": 0.640953362,
            "muscle68": 0.271548152,
            "muscle69": 0.810933828,
            "muscle70": 0.810933828,
            "muscle71": 0.578116238,
            "muscle72": 0.695615947,
            "muscle73": 0.811358094,
            "muscle74": 0.811357796,
            "muscle75": -0.156874642,
            "muscle76": 0.505554557,
            "muscle77": 0.6399948,
            "muscle78": 0.639995337,
            "muscle79": 0.553255916,
            "muscle80": 0.288638234,
            "muscle81": 0.77819556,
            "muscle82": 0.77819562,
            "muscle83": 0.665139318,
            "muscle84": -0.436818361,
            "muscle85": 0.804009497,
            "muscle86": 0.804009497,
            "muscle87": 0.640953422,
            "muscle88": 0.271548092,
            "muscle89": 0.810933709,
            "muscle90": 0.810933828,
            "muscle91": 0.578116179,
            "muscle92": 0.695615232,
            "muscle93": 0.811357141,
            "muscle94": 0.811358154,
            "duration": 0,
            "muscle-1": 1
          },
          "strings": {
            "interpolation": "default"
          },
          "inTangent": 0,
          "inWeight": 0,
          "outTangent": 0,