{"animTracks":[{"properties":["Right Hand Configuration","Left Hand Configuration","Muscles","Facial Expression"],"loops":false,"keyFrames":[{"property":"Muscles","index":1,"time":1.02525246,"ints":{},"floats":{"muscle0":2.24928734E-12,"muscle1":4.07110902E-14,"muscle2":5.08888667E-13,"muscle3":2.77475209E-07,"muscle4":-4.07110801E-14,"muscle5":-5.08888586E-14,"muscle6":0,"muscle7":0,"muscle8":0,"muscle9":-5.33609295E-07,"muscle10":-3.14621071E-14,"muscle11":2.68220703E-07,"muscle12":6.18986007E-07,"muscle13":2.29959483E-07,"muscle14":-7.63828211E-07,"muscle15":-0.324149996,"muscle16":-1.97229184E-07,"muscle17":-0.324149996,"muscle18":1.55238649E-08,"muscle19":0,"muscle20":0,"muscle21":0.522007406,"muscle22":-0.067483902,"muscle23":-0.308530152,"muscle24":0.930871546,"muscle25":0.238682389,"muscle26":-0.052599106,"muscle27":0.0582353137,"muscle28":5.79231937E-07,"muscle29":0.522008121,"muscle30":-0.0674864277,"muscle31":-0.308532,"muscle32":0.930870652,"muscle33":0.238684356,"muscle34":-0.0525505655,"muscle35":0.0582380556,"muscle36":-4.9172013E-07,"muscle37":-0.499999136,"muscle38":0.00360311777,"muscle39":-0.515927434,"muscle40":0.211087093,"muscle41":-0.0779902041,"muscle42":0.985979557,"muscle43":0.176827818,"muscle44":-0.0182110649,"muscle45":0.021784991,"muscle46":-0.500000894,"muscle47":0.00360678346,"muscle48":0.124853358,"muscle49":-0.320111573,"muscle50":0.217985198,"muscle51":-0.418710232,"muscle52":0.618872583,"muscle53":-0.256606042,"muscle54":0.942008615,"muscle55":-1.36603751E-06,"muscle56":8.19622528E-07,"muscle57":-1.67169532E-08,"muscle58":-5.17475087E-07,"muscle59":-3.41509327E-08,"muscle60":1.70754674E-07,"muscle61":7.58909735E-08,"muscle62":7.58909593E-08,"muscle63":3.41509363E-08,"muscle64":-2.27672913E-07,"muscle65":0,"muscle66":-2.20871741E-18,"muscle67":-4.09811264E-07,"muscle68":1.78110954E-14,"muscle69":-7.58909735E-08,"muscle70":-8.28269027E-19,"muscle71":-6.36110494E-17,"muscle72":4.26886686E-08,"muscle73":4.41743481E-18,"muscle74":-3.31307611E-18,"muscle75":-1.59020722,"muscle76":0.638886988,"muscle77":0.0444446653,"muscle78":-0.111111,"muscle79":-0.113410793,"muscle80":-0.964443982,"muscle81":0.878195703,"muscle82":0.999999702,"muscle83":-0.112638615,"muscle84":-1.09014952,"muscle85":0.699999273,"muscle86":1.00000012,"muscle87":-0.136824399,"muscle88":-1.39999855,"muscle89":0.610934198,"muscle90":0.99999994,"muscle91":-0.177439481,"muscle92":-0.797717988,"muscle93":0.67802465,"muscle94":1,"duration":0,"muscle-1":1},"strings":{},"inTangent":0,"inWeight":0,"outTangent":0,"outWeight":0,"weightedMode":0},{"property":"Muscles","index":4,"time":1.4949491,"ints":{},"floats":{"muscle0":2.56134228E-07,"muscle1":-1.42488763E-13,"muscle2":-5.49599645E-13,"muscle3":2.77475209E-07,"muscle4":-4.07110801E-14,"muscle5":-5.08888586E-14,"muscle6":0,"muscle7":0,"muscle8":0,"muscle9":-5.33609295E-07,"muscle10":-3.14621071E-14,"muscle11":2.68220703E-07,"muscle12":8.21757169E-07,"muscle13":2.97854712E-07,"muscle14":-5.02517253E-07,"muscle15":-0.324149996,"muscle16":-1.97229184E-07,"muscle17":-0.324149996,"muscle18":1.55238649E-08,"muscle19":0,"muscle20":0,"muscle21":0.520546973,"muscle22":-0.0643824339,"muscle23":-0.236127272,"muscle24":0.924839377,"muscle25":0.1902612,"muscle26":-0.0536512919,"muscle27":0.0638832524,"muscle28":1.12591374E-06,"muscle29":0.520547628,"muscle30":-0.0643822998,"muscle31":-0.236131161,"muscle32":0.924838722,"muscle33":0.190263703,"muscle34":-0.0536030047,"muscle35":0.0638808757,"muscle36":-4.9172013E-07,"muscle37":-0.499999136,"muscle38":0.00360311777,"muscle39":-0.516914606,"muscle40":0.211191058,"muscle41":-0.054014381,"muscle42":0.984187961,"muscle43":0.152992412,"muscle44":-0.0189234279,"muscle45":0.022133356,"muscle46":-0.500002682,"muscle47":0.00360630522,"muscle48":0.125093117,"muscle49":-0.320076555,"muscle50":0.217898592,"muscle51":-0.418668509,"muscle52":0.619038939,"muscle53":-0.256428868,"muscle54":0.941531956,"muscle55":-1.36603751E-06,"muscle56":8.19622528E-07,"muscle57":-5.71669773E-07,"muscle58":-5.17475087E-07,"muscle59":-3.41509327E-08,"muscle60":1.70754674E-07,"muscle61":7.58909735E-08,"muscle62":7.58909593E-08,"muscle63":3.41509363E-08,"muscle64":-2.27672913E-07,"muscle65":0,"muscle66":-2.20871741E-18,"muscle67":-4.09811264E-07,"muscle68":1.78110954E-14,"muscle69":-5.31236765E-07,"muscle70":-8.28269027E-19,"muscle71":-6.36110494E-17,"muscle72":4.26886686E-08,"muscle73":4.41743481E-18,"muscle74":-3.31307611E-18,"muscle75":-2.3666656,"muscle76":-2,"muscle77":-0.0222221091,"muscle78":0.999999821,"muscle79":-1,"muscle80":-0.831361413,"muscle81":0.266666651,"muscle82":0.999999702,"muscle83":-0.999999702,"muscle84":-1.27681732,"muscle85":0.199999675,"muscle86":1.00000012,"muscle87":-0.99999994,"muscle88":-0.506229341,"muscle89":0.399999708,"muscle90":0.999999702,"muscle91":-0.99999994,"muscle92":-0.393272966,"muscle93":0.533333242,"muscle94":0.999999523,"duration":0,"muscle-1":1},"strings":{},"inTangent":0,"inWeight":0,"outTangent":0,"outWeight":0,"weightedMode":0},{"property":"Left Hand Configuration","index":1,"time":1.02525246,"ints":{"hash":1890760704},"floats":{"duration":0},"strings":{"name":"-"},"inTangent":0,"inWeight":0,"outTangent":0,"outWeight":0,"weightedMode":0},{"property":"Left Hand Configuration","index":4,"time":1.4949491,"ints":{"hash":-1260048384},"floats":{"duration":0},"strings":{"name":"-"},"inTangent":0,"inWeight":0,"outTangent":0,"outWeight":0,"weightedMode":0},{"property":"Right Hand Configuration","index":1,"time":1.02525246,"ints":{"hash":746602496},"floats":{"duration":0},"strings":{"name":"concha"},"inTangent":0,"inWeight":0,"outTangent":0,"outWeight":0,"weightedMode":0},{"property":"Right Hand Configuration","index":4,"time":1.4949491,"ints":{"hash":-1832127488},"floats":{"duration":0},"strings":{"name":"bico de pato"},"inTangent":0,"inWeight":0,"outTangent":0,"outWeight":0,"weightedMode":0},{"property":"Facial Expression","index":1,"time":1.02525246,"ints":{},"floats":{"duration":0},"strings":{"faceName":"Bochecha D"},"inTangent":0,"inWeight":0,"outTangent":0,"outWeight":0,"weightedMode":0},{"property":"Facial Expression","index":4,"time":1.4949491,"ints":{},"floats":{"duration":0},"strings":{"faceName":"Bochecha D"},"inTangent":0,"inWeight":0,"outTangent":0,"outWeight":0,"weightedMode":0}]},{"properties":["Face Animation Bochecha D"],"loops":false,"keyFrames":[{"property":"Face Animation Bochecha D","index":0,"time":0,"ints":{},"floats":{"girl_head_.blendShape.F001":70,"girl_head_.blendShape.F006":28.3999996,"girl_head_.blendShape.mClose":0,"muscle15":-0.324149996,"muscle17":-0.324149996,"girl_hair.blendShape.cheek1":0,"girl_hair.blendShape.cheek2":0,"girl_hair.blendShape.cheek3":0,"girl_head_.blendShape.A":0,"girl_head_.blendShape.Bmp":0,"girl_head_.blendShape.Cons":0,"girl_head_.blendShape.E":0,"girl_head_.blendShape.F003":0,"girl_head_.blendShape.F005":0,"girl_head_.blendShape.F007":0,"girl_head_.blendShape.F007left":0,"girl_head_.blendShape.F008":0,"girl_head_.blendShape.F017":0,"girl_head_.blendShape.F019":0,"girl_head_.blendShape.F024":0,"girl_head_.blendShape.F031":0,"girl_head_.blendShape.Fv":0,"girl_head_.blendShape.LEyeBMad":0,"girl_head_.blendShape.LEyeClose":0,"girl_head_.blendShape.LEyeLidUp":0,"girl_head_.blendShape.LEyeMad":0,"girl_head_.blendShape.LEyeSad":0,"girl_head_.blendShape.LeyeBUp":0,"girl_head_.blendShape.O":0,"girl_head_.blendShape.REyeBMad":0,"girl_head_.blendShape.REyeClose":0,"girl_head_.blendShape.REyeLidUp":0,"girl_head_.blendShape.REyeMad":0,"girl_head_.blendShape.REyeSad":0,"girl_head_.blendShape.ReyeBSad":0,"girl_head_.blendShape.ReyeBUp":0,"girl_head_.blendShape.ReyeLSad":0,"girl_head_.blendShape.U":0,"girl_head_.blendShape.mLSide":0,"girl_head_.blendShape.mLSideUp":0,"girl_head_.blendShape.mRSide":0,"girl_head_.blendShape.mRSideUp":0,"girl_head_.blendShape.mSad":0,