{
  "animTracks": [
    {
      "properties": [
        "Right Hand Configuration",
        "Left Hand Configuration",
        "Muscles",
        "Facial Expression"
      ],
      "loops": false,
      "keyFrames": [
        {
          "property": "Muscles",
          "index": 1,
          "time": 1,
          "ints": {},
          "floats": {
            "muscle0": 2.1398753E-12,
            "muscle1": -4.07110923E-13,
            "muscle2": -9.56710622E-13,
            "muscle3": -1.48849899E-12,
            "muscle4": -1.69222731E-25,
            "muscle5": -3.25688776E-13,
            "muscle6": 0,
            "muscle7": 0,
            "muscle8": 0,
            "muscle9": -3.96933029E-13,
            "muscle10": -4.0711097E-14,
            "muscle11": -3.25688776E-13,
            "muscle12": 1.38737931E-07,
            "muscle13": 1.30605528E-07,
            "muscle14": 1.02331555E-07,
            "muscle15": 0,
            "muscle16": -3.13225756E-09,
            "muscle17": 0,
            "muscle18": -2.60550999E-12,
            "muscle19": 0,
            "muscle20": 0,
            "muscle21": 0.527684987,
            "muscle22": -0.075982213,
            "muscle23": -0.588656247,
            "muscle24": 0.953825712,
            "muscle25": 0.4257029,
            "muscle26": -0.0594078712,
            "muscle27": 0.0538544767,
            "muscle28": 3.74593156E-07,
            "muscle29": 0.527683496,
            "muscle30": -0.0759853348,
            "muscle31": -0.588659286,
            "muscle32": 0.953825295,
            "muscle33": 0.425705791,
            "muscle34": -0.0593609177,
            "muscle35": 0.053863246,
            "muscle36": 1.94633657E-07,
            "muscle37": -0.499999434,
            "muscle38": 0.00360223628,
            "muscle39": -0.180750266,
            "muscle40": 0.261088043,
            "muscle41": 0.325642228,
            "muscle42": -0.473335057,
            "muscle43": 1.18886137,
            "muscle44": -0.544950902,
            "muscle45": 0.389445364,
            "muscle46": -0.499998987,
            "muscle47": 0.00360562769,
            "muscle48": -0.129397213,
            "muscle49": 0.273170114,
            "muscle50": 0.299427062,
            "muscle51": -0.471515536,
            "muscle52": 1.18428659,
            "muscle53": -0.512914538,
            "muscle54": 0.472720236,
            "muscle55": -0.156874791,
            "muscle56": 0.505554914,
            "muscle57": 0.63999474,
            "muscle58": 0.639995277,
            "muscle59": 0.553256035,
            "muscle60": 0.288638294,
            "muscle61": 0.778195739,
            "muscle62": 0.77819562,
            "muscle63": 0.665139079,
            "muscle64": -0.436817974,
            "muscle65": 0.804009557,
            "muscle66": 0.804009497,
            "muscle67": 0.640953362,
            "muscle68": 0.271548152,
            "muscle69": 0.810933948,
            "muscle70": 0.810934007,
            "muscle71": 0.578116179,
            "muscle72": 0.695615411,
            "muscle73": 0.811358094,
            "muscle74": 0.811357796,
            "muscle75": -0.156874686,
            "muscle76": 0.505554259,
            "muscle77": 0.6399948,
            "muscle78": 0.639995337,
            "muscle79": 0.553255916,
            "muscle80": 0.288638234,
            "muscle81": 0.77819556,
            "muscle82": 0.77819562,
            "muscle83": 0.665139318,
            "muscle84": -0.436818361,
            "muscle85": 0.804009497,
            "muscle86": 0.804009497,
            "muscle87": 0.640953422,
            "muscle88": 0.271548092,
            "muscle89": 0.810933709,
            "muscle90": 0.810933828,
            "muscle91": 0.578116179,
            "muscle92": 0.695615232,
            "muscle93": 0.811357141,
            "muscle94": 0.811358154,
            "muscle-1": 1
          },
          "strings": {
            "interpolation": "default"
          },
          "inTangent": 0,
          "inWeight": 0,
          "outTangent": 0,
          "outWeight": 0,
          "weightedMode": 0
        },
        {
          "property": "Muscles",
          "index": 2,
          "time": 1.58585846,
          "ints": {},
          "floats": {
            "muscle0": 2.1398753E-12,
            "muscle1": -4.07110923E-13,
            "muscle2": -9.56710622E-13,
            "muscle3": -1.48849899E-12,
            "muscle4": -1.69222731E-25,
            "muscle5": -3.25688776E-13,
            "muscle6": 0,
            "muscle7": 0,
            "muscle8": 0,
            "muscle9": -3.96933029E-13,
            "muscle10": -4.0711097E-14,
            "muscle11": -3.25688776E-13,
            "muscle12": 3.09492663E-07,
            "muscle13": 1.73196469E-07,
            "muscle14": 1.05212322E-07,
            "muscle15": 0,
            "muscle16": -3.13225756E-09,
            "muscle17": 0,
            "muscle18": -2.60550999E-12,
            "muscle19": 0,
            "muscle20": 0,
            "muscle21": 0.524233222,
            "muscle22": -0.0713517442,
            "muscle23": -0.415074527,
            "muscle24": 0.939663827,
            "muscle25": 0.309936702,
            "muscle26": -0.0621740371,
            "muscle27": 0.0624384917,
            "muscle28": 3.74593156E-07,
            "muscle29": 0.52423209,
            "muscle30": -0.0713536367,
            "muscle31": -0.415078431,
            "muscle32": 0.93966347,
            "muscle33": 0.309939772,
            "muscle34": -0.0621278062,
            "muscle35": 0.0624452941,
            "muscle36": 3.996727E-07,
            "muscle37": -0.499998987,
            "muscle38": 0.00360289821,
            "muscle39": -0.397653937,
            "muscle40": 0.192751408,
            "muscle41": 0.116726108,
            "muscle42": -0.472085178,
            "muscle43": 0.484624326,
            "muscle44": -0.544975162,
            "muscle45": 0.389270663,
            "muscle46": -0.499998987,
            "muscle47": 0.00360562769,
            "muscle48": -0.322236836,
            "muscle49": 0.229148149,
            "muscle50": 0.0994993821,
            "muscle51": -0.506343126,
            "muscle52": 0.576763391,
            "muscle53": -0.512937129,
            "muscle54": 0.472568601,
            "muscle55": -2.3111093,
            "muscle56": -1.66111088,
            "muscle57": -0.311111122,
            "muscle58": -0.999999821,
            "muscle59": -0.999999523,
            "muscle60": -0.706916511,
            "muscle61": -1.99999869,
            "muscle62": 0.999999404,
            "muscle63": -0.999999464,
            "muscle64": -1.39999843,
            "muscle65": -1.99999845,
            "muscle66": 0.999999464,
            "muscle67": -0.99999994,
            "muscle68": 0.271548241,
            "muscle69": -2.00000095,
            "muscle70": 0.999999404,
            "muscle71": -0.999999881,
            "muscle72": -0.113274999,
            "muscle73": -2.00000095,
            "muscle74": 0.99999994,
            "muscle75": -2.31111145,
            "muscle76": -1.66111124,
            "muscle77": -0.311111718,
            "muscle78": -0.999997973,
            "muscle79": -1,
            "muscle80": -0.706915438,
            "muscle81": -2.00000095,
            "muscle82": 1.00000012,
            "muscle83": -0.999999583,
            "muscle84": -1.39999855,
            "muscle85": -2.00000095,
            "muscle86": 0.999999464,
            "muscle87": -0.99999994,
            "muscle88": 0.271548301,
            "muscle89": -1.99999869,
            "muscle90": 0.999999404,
            "muscle91": -0.999998093,
            "muscle92": -0.113273986,
            "muscle93": -2.00000072,
            "muscle94": 0.99999994,
            "duration": 0,
            "muscle-1": 1
          },
          "strings": {
            "interpolation": "default"
          },
          "inTangent": 0,
          "inWeight": 0,
          "outTangent": 0,