{"animTracks":[{"properties":["Right Hand Configuration","Left Hand Configuration","Muscles","Facial Expression"],"loops":false,"keyFrames":[{"property":"Muscles","index":2,"time":1.01515138,"ints":{},"floats":{"muscle0":2.56134228E-07,"muscle1":-1.42488763E-13,"muscle2":-5.49599645E-13,"muscle3":2.77475209E-07,"muscle4":-4.07110801E-14,"muscle5":-5.08888586E-14,"muscle6":0,"muscle7":0,"muscle8":0,"muscle9":-2.13452704E-08,"muscle10":2.23540313E-14,"muscle11":2.682211E-07,"muscle12":0.0759996101,"muscle13":1.98622658E-07,"muscle14":-0.00500026438,"muscle15":-0.324149996,"muscle16":-1.97229184E-07,"muscle17":-0.324149996,"muscle18":1.55238649E-08,"muscle19":0,"muscle20":0,"muscle21":0.524232686,"muscle22":-0.0713529736,"muscle23":-0.415075809,"muscle24":0.939663708,"muscle25":0.309825808,"muscle26":0.0397875495,"muscle27":-0.0395608842,"muscle28":8.52572839E-07,"muscle29":0.524234772,"muscle30":-0.0713528842,"muscle31":-0.415079296,"muscle32":0.939663708,"muscle33":0.309828341,"muscle34":0.0397888608,"muscle35":-0.0395151265,"muscle36":-8.17754753E-08,"muscle37":-0.499999136,"muscle38":0.00360311777,"muscle39":-0.514532387,"muscle40":0.210907161,"muscle41":-0.113972858,"muscle42":0.988653421,"muscle43":0.212617517,"muscle44":-0.0172179565,"muscle45":0.0212167241,"muscle46":-0.499999315,"muscle47":0.00360563514,"muscle48":0.00624930486,"muscle49":-0.351814687,"muscle50":0.341649622,"muscle51":-0.449157983,"muscle52":0.0900531486,"muscle53":-0.573731184,"muscle54":0.0202377345,"muscle55":-1.36603751E-06,"muscle56":1.77584877E-06,"muscle57":-1.67169532E-08,"muscle58":-9.05049902E-08,"muscle59":-3.41509327E-08,"muscle60":1.70754674E-07,"muscle61":7.58909735E-08,"muscle62":7.58909593E-08,"muscle63":3.41509363E-08,"muscle64":-2.27672913E-07,"muscle65":0,"muscle66":-2.20871741E-18,"muscle67":0,"muscle68":0,"muscle69":-7.58909735E-08,"muscle70":-8.28269027E-19,"muscle71":-6.36110494E-17,"muscle72":4.26886686E-08,"muscle73":4.41743481E-18,"muscle74":-3.31307611E-18,"muscle75":-1.09020865,"muscle76":-1.99999881,"muscle77":0.244444549,"muscle78":0.177777708,"muscle79":0.73333323,"muscle80":-1.12000012,"muscle81":-0.921803117,"muscle82":-2.37159341E-08,"muscle83":-0.200000092,"muscle84":-0.436818123,"muscle85":0.804009378,"muscle86":0.804009557,"muscle87":-1,"muscle88":0.271548212,"muscle89":-2.00000095,"muscle90":0.999999702,"muscle91":-1,"muscle92":0.0022821012,"muscle93":-2.00000095,"muscle94":1,"duration":0,"muscle-1":1},"strings":{},"inTangent":0,"inWeight":0,"outTangent":0,"outWeight":0,"weightedMode":0},{"property":"Muscles","index":3,"time":1.51515138,"ints":{},"floats":{"muscle0":2.24928734E-12,"muscle1":4.07110902E-14,"muscle2":5.08888667E-13,"muscle3":2.13431885E-08,"muscle4":-4.07110868E-14,"muscle5":0,"muscle6":0,"muscle7":0,"muscle8":0,"muscle9":-2.13453486E-08,"muscle10":2.03555434E-14,"muscle11":3.20599775E-13,"muscle12":0.0759996325,"muscle13":-5.64768712E-08,"muscle14":-0.00500028208,"muscle15":-0.324149996,"muscle16":-1.97229909E-07,"muscle17":-0.324149996,"muscle18":1.55238649E-08,"muscle19":0,"muscle20":0,"muscle21":0.522006333,"muscle22":-0.0674854368,"muscle23":-0.308529377,"muscle24":0.930870771,"muscle25":0.23864305,"muscle26":-0.041252289,"muscle27":0.046876695,"muscle28":5.79231937E-07,"muscle29":0.522008836,"muscle30":-0.0674855262,"muscle31":-0.308533639,"muscle32":0.930871725,"muscle33":0.238645986,"muscle34":-0.0412056483,"muscle35":0.0468785428,"muscle36":-8.17754753E-08,"muscle37":-0.499999434,"muscle38":0.00360218296,"muscle39":-0.515922844,"muscle40":0.211085096,"muscle41":-0.0779904723,"muscle42":0.985978901,"muscle43":0.176828504,"muscle44":-0.0182140656,"muscle45":0.021790782,"muscle46":-0.499999315,"muscle47":0.00360563514,"muscle48":-0.033559829,"muscle49":-0.296385348,"muscle50":0.151968151,"muscle51":-0.370298684,"muscle52":0.0900332332,"muscle53":-0.573673248,"muscle54":0.0202236567,"muscle55":-1.36603751E-06,"muscle56":2.45886758E-06,"muscle57":-1.67169532E-08,"muscle58":-9.05049902E-08,"muscle59":-3.41509327E-08,"muscle60":1.70754674E-07,"muscle61":7.58909735E-08,"muscle62":7.58909593E-08,"muscle63":3.41509363E-08,"muscle64":-2.27672913E-07,"muscle65":0,"muscle66":-2.20871741E-18,"muscle67":0,"muscle68":0,"muscle69":-7.58909735E-08,"muscle70":-8.28269027E-19,"muscle71":-6.36110494E-17,"muscle72":4.26886686E-08,"muscle73":4.41743481E-18,"muscle74":-3.31307611E-18,"muscle75":-1.09020865,"muscle76":-1.99999881,"muscle77":0.244444549,"muscle78":0.177777708,"muscle79":0.73333323,"muscle80":-1.12000012,"muscle81":-0.921803117,"muscle82":-2.37159341E-08,"muscle83":-0.200000092,"muscle84":-0.436818123,"muscle85":0.804009378,"muscle86":0.804009557,"muscle87":-1,"muscle88":0.271548212,"muscle89":-2.00000095,"muscle90":0.999999702,"muscle91":-1,"muscle92":0.0022821012,"muscle93":-2.00000095,"muscle94":1,"duration":0,"muscle-1":1},"strings":{},"inTangent":0,"inWeight":0,"outTangent":0,"outWeight":0,"weightedMode":0},{"property":"Left Hand Configuration","index":2,"time":1.01515138,"ints":{"hash":1772627968},"floats":{"duration":0},"strings":{"name":"-"},"inTangent":0,"inWeight":0,"outTangent":0,"outWeight":0,"weightedMode":0},{"property":"Left Hand Configuration","index":3,"time":1.51515138,"ints":{"hash":-1079019520},"floats":{"duration":0},"strings":{"name":"-"},"inTangent":0,"inWeight":0,"outTangent":0,"outWeight":0,"weightedMode":0},{"property":"Right Hand Configuration","index":2,"time":1.01515138,"ints":{"hash":1200548864},"floats":{"duration":0},"strings":{"name":"R"},"inTangent":0,"inWeight":0,"outTangent":0,"outWeight":0,"weightedMode":0},{"property":"Right Hand Configuration","index":3,"time":1.51515138,"ints":{"hash":-1651098624},"floats":{"duration":0},"strings":{"name":"R"},"inTangent":0,"inWeight":0,"outTangent":0,"outWeight":0,"weightedMode":0},{"property":"Facial Expression","index":2,"time":1.01515138,"ints":{},"floats":{"duration":0},"strings":{"faceName":"Neutra"},"inTangent":0,"inWeight":0,"outTangent":0,"outWeight":0,"weightedMode":0},{"property":"Facial Expression","index":3,"time":1.51515138,"ints":{},"floats":{"duration":0},"strings":{"faceName":"Neutra"},"inTangent":0,"inWeight":0,"outTangent":0,"outWeight":0,"weightedMode":0}]},{"properties":["Face Animation Neutra"],"loops":false,"keyFrames":[{"property":"Face Animation Neutra","index":0,"time":0,"ints":{},"floats":{"girl_head_.blendShape.mClose":100,"girl_head_.blendShape.A":0,"girl_head_.blendShape.Cons":0,"girl_head_.blendShape.Fv":0,"girl_head_.blendShape.mLSide":0,"girl_head_.blendShape.mLSideUp":0,"girl_head_.blendShape.mRSide":0,"girl_head_.blendShape.mRSideUp":0,"girl_head_.blendShape.O":0,"girl_head_.blendShape.smile":0,"girl_head_.blendShape.U":0,"girl_hair.blendShape.cheek1":0,"girl_hair.blendShape.cheek2":0,"girl_hair.blendShape.cheek3":0,"girl_head_.blendShape.Bmp":0,"girl_head_.blendShape.E":0,"girl_head_.blendShape.F001":0,"girl_head_.blendShape.F003":0,"girl_head_.blendShape.F005":0,"girl_head_.blendShape.F006":0,"girl_head_.blendShape.F007":0,"girl_head_.blendShape.F007left":0,"girl_head_.blendShape.F008":0,"girl_head_.blendShape.F017":0,"girl_head_.blendShape.F019":0,"girl_head_.blendShape.F024":0,"girl_head_.blendShape.F031":0,"girl_head_.blendShape.LEyeBMad":0,"girl_head_.blendShape.LEyeClose":0,"girl_head_.blendShape.LEyeLidUp":0,"girl_head_.blendShape.LEyeMad":0,"girl_head_.blendShape.LEyeSad":0,"girl_head_.blendShape.LeyeBUp":0,"girl_head_.blendShape.mSad":0,"girl_head_.blendShape.REyeBMad":0,"girl_head_.blendShape.REyeClose":0,"girl_head_.blendShape.REyeLidUp":0,"girl_head_.blendShape.REyeMad":0,"girl_head_.blendShape.REyeSad":0,"girl_head_.blendShape.ReyeBSad":0,"girl_head_.blendShape.ReyeBUp":0,