{
  "animTracks": [
    {
      "properties": [
        "Right Hand Configuration",
        "Left Hand Configuration",
        "Muscles",
        "Facial Expression"
      ],
      "loops": false,
      "keyFrames": [
        {
          "property": "Muscles",
          "index": 1,
          "time": 1,
          "ints": {},
          "floats": {
            "muscle0": 2.56134228E-07,
            "muscle1": -1.42488763E-13,
            "muscle2": -5.49599645E-13,
            "muscle3": 2.13431885E-08,
            "muscle4": -4.07110868E-14,
            "muscle5": 0,
            "muscle6": 0,
            "muscle7": 0,
            "muscle8": 0,
            "muscle9": -2.13452704E-08,
            "muscle10": 2.23540313E-14,
            "muscle11": 2.682211E-07,
            "muscle12": -2.02771005E-07,
            "muscle13": 1.95387557E-07,
            "muscle14": -2.5273215E-07,
            "muscle15": 0,
            "muscle16": 7.54565477E-08,
            "muscle17": 0,
            "muscle18": -1.25760167E-07,
            "muscle19": 0,
            "muscle20": 0,
            "muscle21": 0.527684629,
            "muscle22": -0.0759822652,
            "muscle23": -0.588656783,
            "muscle24": 0.953825772,
            "muscle25": 0.425629228,
            "muscle26": 0.042562034,
            "muscle27": -0.0481425785,
            "muscle28": 5.79231937E-07,
            "muscle29": 0.527684867,
            "muscle30": -0.0759847462,
            "muscle31": -0.588661671,
            "muscle32": 0.953825772,
            "muscle33": 0.425633192,
            "muscle34": 0.0425647497,
            "muscle35": -0.0480923951,
            "muscle36": -8.17754753E-08,
            "muscle37": -0.499999434,
            "muscle38": 0.00360218296,
            "muscle39": -0.512599766,
            "muscle40": 0.210586742,
            "muscle41": -0.169809639,
            "muscle42": 0.99277091,
            "muscle43": 0.268193185,
            "muscle44": -0.0158367883,
            "muscle45": 0.0202510636,
            "muscle46": -0.499999315,
            "muscle47": 0.00360563514,
            "muscle48": 0.0533442982,
            "muscle49": -0.20085977,
            "muscle50": 0.804645538,
            "muscle51": -0.479553401,
            "muscle52": 0.629910648,
            "muscle53": -0.93384093,
            "muscle54": 0.850026011,
            "muscle55": 0,
            "muscle56": 0,
            "muscle57": 0,
            "muscle58": 0,
            "muscle59": 0,
            "muscle60": 0,
            "muscle61": 0,
            "muscle62": 0,
            "muscle63": 0,
            "muscle64": 0,
            "muscle65": 0,
            "muscle66": 0,
            "muscle67": 0,
            "muscle68": 0,
            "muscle69": 0,
            "muscle70": 0,
            "muscle71": 0,
            "muscle72": 0,
            "muscle73": 0,
            "muscle74": 0,
            "muscle75": -2.29966068,
            "muscle76": -1.99970472,
            "muscle77": -0.999852479,
            "muscle78": 0.222189635,
            "muscle79": 0.288846254,
            "muscle80": 0.257489443,
            "muscle81": 0.966523528,
            "muscle82": 0.999851942,
            "muscle83": 0.866538525,
            "muscle84": -0.716712058,
            "muscle85": 0.866538644,
            "muscle86": 0.999853015,
            "muscle87": -0.999852657,
            "muscle88": -0.786111951,
            "muscle89": -1.99970615,
            "muscle90": 0.999851942,
            "muscle91": -0.84431982,
            "muscle92": -0.642067313,
            "muscle93": -1.76640475,
            "muscle94": 0.119982384,
            "muscle-1": 1
          },
          "strings": {
            "interpolation": "default"
          },
          "inTangent": 0,
          "inWeight": 0,
          "outTangent": 0,
          "outWeight": 0,
          "weightedMode": 0
        },
        {
          "property": "Left Hand Configuration",
          "index": 1,
          "time": 1,
          "ints": {
            "hash": 869329920
          },
          "floats": {},
          "strings": {
            "name": "-"
          },
          "inTangent": 0,
          "inWeight": 0,
          "outTangent": 0,
          "outWeight": 0,
          "weightedMode": 0
        },
        {
          "property": "Right Hand Configuration",
          "index": 1,
          "time": 1,
          "ints": {
            "hash": -1418986496
          },
          "floats": {},
          "strings": {
            "name": "dedilhar_V"
          },
          "inTangent": 0,
          "inWeight": 0,
          "outTangent": 0,
          "outWeight": 0,
          "weightedMode": 0
        },
        {
          "property": "Facial Expression",
          "index": 1,
          "time": 1,
          "ints": {},
          "floats": {},
          "strings": {
            "faceName": "Neutra"
          },
          "inTangent": 0,
          "inWeight": 0,
          "outTangent": 0,
          "outWeight": 0,
          "weightedMode": 0
        }
      ]
    },
    {
      "properties": [
        "Hand Movement dedilhar_V"
      ],
      "loops": true,
      "keyFrames": [
        {
          "property": "Hand Movement dedilhar_V",
          "index": 0,
          "time": 0,
          "ints": {},
          "floats": {
            "muscle79": 0.288888931,
            "muscle81": 0.966666579,
            "muscle82": 0.99999994,
            "muscle80": 0.257527262,
            "muscle91": -0.844444394,
            "muscle93": -1.76666665,
            "muscle94": 0.120000005,
            "muscle92": -0.642162323,
            "muscle83": 0.866666675,
            "muscle85": 0.866666675,
            "muscle86": 0.99999994,
            "muscle84": -0.716818213,
            "muscle87": -1,
            "muscle89": -2,
            "muscle90": 1,
            "muscle88": -0.786229312,
            "muscle75": -2.29999995,
            "muscle77": -1,
            "muscle78": 0.222222209,
            "muscle76": -2
          },
          "strings": {},
          "inTangent": 0,
          "inWeight": 0,
          "outTangent": 0,
          "outWeight": 0,
          "weightedMode": 0
        },
        {
          "property": "Hand Movement dedilhar_V",
          "index": 1,
          "time": 0.100000001,
          "ints": {},
          "floats": {
            "muscle79": 0.688888907,
            "muscle81": 0.966666579,
            "muscle82": 0.99999994,
            "muscle80": 0.257527262,
            "muscle91": -0.844444394,
            "muscle93": -1.76666665,
            "muscle94": 0.120000005,
            "muscle92": -0.642162323,
            "muscle83": 0.600000024,
            "muscle85": 0.866666675,
            "muscle86": 0.99999994,
            "muscle84": -0.716818213,
            "muscle87": -1,
            "muscle89": -2,
            "muscle90": 1,
            "muscle88": -0.786229312,
            "muscle75": -2.29999995,
            "muscle77": -1,
            "muscle78": 0.222222209,
            "muscle76": -2
          },
          "strings": {},
          "inTangent": 0,
          "inWeight": 0,
          "outTangent": 0,
          "outWeight": 0,
          "weightedMode": 0
        }
      ]
    },
    {
      "properties": [
        "Face Animation Neutra"
      ],
      "loops": false,
      "keyFrames": [
        {
          "property": "Face Animation Neutra",
          "index": 0,
          "time": 0,
          "ints": {},
          "floats": {
            "girl_head_.blendShape.mClose": 100,
            "girl_head_.blendShape.A": 0,
            "girl_head_.blendShape.Cons": 0,
            "girl_head_.blendShape.Fv": 0,
            "girl_head_.blendShape.mLSide": 0,
            "girl_head_.blendShape.mLSideUp": 0,
            "girl_head_.blendShape.mRSide": 0,
            "girl_head_.blendShape.mRSideUp": 0,
            "girl_head_.blendShape.O": 0,
            "girl_head_.blendShape.smile": 0,