{"animTracks":[{"properties":["Right Hand Configuration","Left Hand Configuration","Muscles","Facial Expression"],"loops":false,"keyFrames":[{"property":"Muscles","index":1,"time":1,"ints":{},"floats":{"muscle0":2.56134228E-07,"muscle1":-1.42488763E-13,"muscle2":-5.49599645E-13,"muscle3":2.13431885E-08,"muscle4":-4.07110868E-14,"muscle5":0,"muscle6":0,"muscle7":0,"muscle8":0,"muscle9":-2.13452704E-08,"muscle10":2.23540313E-14,"muscle11":2.682211E-07,"muscle12":-2.02771005E-07,"muscle13":1.95387557E-07,"muscle14":-2.5273215E-07,"muscle15":-0.324149996,"muscle16":7.54565477E-08,"muscle17":-0.324149996,"muscle18":-1.25760167E-07,"muscle19":0,"muscle20":0,"muscle21":0.527684629,"muscle22":-0.0759822652,"muscle23":-0.588656783,"muscle24":0.953825772,"muscle25":0.425629228,"muscle26":0.042562034,"muscle27":-0.0481425785,"muscle28":5.79231937E-07,"muscle29":0.527684867,"muscle30":-0.0759847462,"muscle31":-0.588661671,"muscle32":0.953825772,"muscle33":0.425633192,"muscle34":0.0425647497,"muscle35":-0.0480923951,"muscle36":-8.17754753E-08,"muscle37":-0.499999434,"muscle38":0.00360218296,"muscle39":-0.512599766,"muscle40":0.210586742,"muscle41":-0.169809639,"muscle42":0.99277091,"muscle43":0.268193185,"muscle44":-0.0158367883,"muscle45":0.0202510636,"muscle46":-0.499999315,"muscle47":0.00360563514,"muscle48":-0.173982829,"muscle49":-0.117770284,"muscle50":-0.0156697482,"muscle51":-0.873445272,"muscle52":1.1999892,"muscle53":0.756079912,"muscle54":0.999438286,"muscle55":-1.36603751E-06,"muscle56":8.19622528E-07,"muscle57":-1.67169532E-08,"muscle58":-9.05049902E-08,"muscle59":-3.41509327E-08,"muscle60":1.70754674E-07,"muscle61":7.58909735E-08,"muscle62":7.58909593E-08,"muscle63":3.41509363E-08,"muscle64":-2.27672913E-07,"muscle65":0,"muscle66":-2.20871741E-18,"muscle67":0,"muscle68":0,"muscle69":-7.58909735E-08,"muscle70":-8.28269027E-19,"muscle71":-6.36110494E-17,"muscle72":4.26886686E-08,"muscle73":4.41743481E-18,"muscle74":-3.31307611E-18,"muscle75":-0.166667596,"muscle76":-2,"muscle77":-0.337783337,"muscle78":-0.426671296,"muscle79":-0.51111114,"muscle80":-0.72247231,"muscle81":-0.50000006,"muscle82":-0.50000006,"muscle83":-0.600000441,"muscle84":-0.462221175,"muscle85":-0.533333957,"muscle86":-0.533333361,"muscle87":-0.377777755,"muscle88":-1.30000007,"muscle89":-0.233333126,"muscle90":-0.233333111,"muscle91":-0.111111239,"muscle92":-0.748829007,"muscle93":-0.100000069,"muscle94":-0.100000069,"muscle-1":1},"strings":{},"inTangent":0,"inWeight":0,"outTangent":0,"outWeight":0,"weightedMode":0},{"property":"Muscles","index":2,"time":2,"ints":{},"floats":{"muscle0":2.24928734E-12,"muscle1":4.07110902E-14,"muscle2":5.08888667E-13,"muscle3":2.77475209E-07,"muscle4":-4.07110801E-14,"muscle5":-5.08888586E-14,"muscle6":0,"muscle7":0,"muscle8":0,"muscle9":-2.13453486E-08,"muscle10":2.03555434E-14,"muscle11":3.20599775E-13,"muscle12":-3.73525694E-07,"muscle13":9.86808288E-08,"muscle14":-8.81288997E-08,"muscle15":-0.324149996,"muscle16":-1.97229184E-07,"muscle17":-0.324149996,"muscle18":1.55238649E-08,"muscle19":0,"muscle20":0,"muscle21":0.52423352,"muscle22":-0.0713521168,"muscle23":-0.415077418,"muscle24":0.939664304,"muscle25":0.309867382,"muscle26":-0.0509065017,"muscle27":0.051148288,"muscle28":2.37589148E-07,"muscle29":0.524233282,"muscle30":-0.0713541806,"muscle31":-0.415079117,"muscle32":0.939663827,"muscle33":0.309869438,"muscle34":-0.0508562475,"muscle35":0.0511497334,"muscle36":-8.17754753E-08,"muscle37":-0.499999434,"muscle38":0.00360218296,"muscle39":-0.514534831,"muscle40":0.21090652,"muscle41":-0.113970816,"muscle42":0.988653243,"muscle43":0.212615535,"muscle44":-0.0172158927,"muscle45":0.021218352,"muscle46":-0.500000954,"muscle47":0.00360560464,"muscle48":-0.151575595,"muscle49":0.041669324,"muscle50":0.0853111595,"muscle51":-0.294802189,"muscle52":1.17657208,"muscle53":-0.664954364,"muscle54":0.83934319,"muscle55":-1.36603751E-06,"muscle56":8.19622528E-07,"muscle57":-1.67169532E-08,"muscle58":-9.05049902E-08,"muscle59":-3.41509327E-08,"muscle60":1.70754674E-07,"muscle61":7.58909735E-08,"muscle62":7.58909593E-08,"muscle63":3.41509363E-08,"muscle64":-2.27672913E-07,"muscle65":-5.31236822E-07,"muscle66":-2.20871741E-18,"muscle67":0,"muscle68":0,"muscle69":-5.31236765E-07,"muscle70":-8.28269027E-19,"muscle71":-6.36110494E-17,"muscle72":4.26886686E-08,"muscle73":4.41743481E-18,"muscle74":-3.31307611E-18,"muscle75":-1.89020824,"muscle76":-1.43333256,"muscle77":0.75555557,"muscle78":0.999999881,"muscle79":0.553256035,"muscle80":0.288639098,"muscle81":0.77819562,"muscle82":0.77819562,"muscle83":0.665139258,"muscle84":-0.436818212,"muscle85":0.804009378,"muscle86":0.804009557,"muscle87":0.640952587,"muscle88":0.271548092,"muscle89":0.810934246,"muscle90":0.810934007,"muscle91":0.578116238,"muscle92":0.695616066,"muscle93":0.811357975,"muscle94":0.811358154,"duration":0,"muscle-1":1},"strings":{},"inTangent":0,"inWeight":0,"outTangent":0,"outWeight":0,"weightedMode":0},{"property":"Left Hand Configuration","index":1,"time":1,"ints":{"hash":-1236123648},"floats":{},"strings":{"name":"-"},"inTangent":0,"inWeight":0,"outTangent":0,"outWeight":0,"weightedMode":0},{"property":"Left Hand Configuration","index":2,"time":2,"ints":{"hash":-2098616320},"floats":{"duration":0},"strings":{"name":"-"},"inTangent":0,"inWeight":0,"outTangent":0,"outWeight":0,"weightedMode":0},{"property":"Right Hand Configuration","index":1,"time":1,"ints":{"hash":-1808202752},"floats":{},"strings":{"name":"O"},"inTangent":0,"inWeight":0,"outTangent":0,"outWeight":0,"weightedMode":0},{"property":"Right Hand Configuration","index":2,"time":2,"ints":{"hash":1624271872},"floats":{"duration":0},"strings":{"name":"mao_aberta-polegar-dentro"},"inTangent":0,"inWeight":0,"outTangent":0,"outWeight":0,"weightedMode":0},{"property":"Facial Expression","index":1,"time":1,"ints":{},"floats":{},"strings":{"faceName":"Bochechas"},"inTangent":0,"inWeight":0,"outTangent":0,"outWeight":0,"weightedMode":0},{"property":"Facial Expression","index":2,"time":2,"ints":{},"floats":{"duration":0},"strings":{"faceName":"Bochechas"},"inTangent":0,"inWeight":0,"outTangent":0,"outWeight":0,"weightedMode":0}]},{"properties":["Face Animation Bochechas"],"loops":false,"keyFrames":[{"property":"Face Animation Bochechas","index":0,"time":0,"ints":{},"floats":{"girl_head_.blendShape.F006":28.3999996,"girl_head_.blendShape.mClose":0,"girl_hair.blendShape.cheek1":70,"girl_head_.blendShape.F005":80,"muscle15":-0.324149996,"muscle17":-0.324149996,"girl_hair.blendShape.cheek2":0,"girl_hair.blendShape.cheek3":0,"girl_head_.blendShape.A":0,"girl_head_.blendShape.Bmp":0,"girl_head_.blendShape.Cons":0,"girl_head_.blendShape.E":0,"girl_head_.blendShape.F001":0,"girl_head_.blendShape.F003":0,"girl_head_.blendShape.F007":0,"girl_head_.blendShape.F007left":0,"girl_head_.blendShape.F008":0,"girl_head_.blendShape.F017":0,"girl_head_.blendShape.F019":0,"girl_head_.blendShape.F024":0,"girl_head_.blendShape.F031":0,"girl_head_.blendShape.Fv":0,"girl_head_.blendShape.LEyeBMad":0,"girl_head_.blendShape.LEyeClose":0,"girl_head_.blendShape.LEyeLidUp":0,"girl_head_.blendShape.LEyeMad":0,"girl_head_.blendShape.LEyeSad":0,"girl_head_.blendShape.LeyeBUp":0,"girl_head_.blendShape.O":0,"girl_head_.blendShape.REyeBMad":0,"girl_head_.blendShape.REyeClose":0,"girl_head_.blendShape.REyeLidUp":0,"girl_head_.blendShape.REyeMad":0,"girl_head_.blendShape.REyeSad":0,"girl_head_.blendShape.ReyeBSad":0,"girl_head_.blendShape.ReyeBUp":0,"girl_head_.blendShape.ReyeLSad":0,"girl_head_.blendShape.U":0,"girl_head_.blendShape.mLSide":0,"girl_head_.blendShape.mLSideUp":0,"girl_head_.blendShape.mRSide":0,"girl_head_.blendShape.mRSideUp":0,"girl_head_.blendShape.mSad":0,