{"animTracks":[{"properties":["Right Hand Configuration","Left Hand Configuration","Muscles","Facial Expression"],"loops":false,"keyFrames":[{"property":"Muscles","index":1,"time":1,"ints":{},"floats":{"muscle0":2.56134228E-07,"muscle1":-1.42488763E-13,"muscle2":-5.49599645E-13,"muscle3":2.13431885E-08,"muscle4":-4.07110868E-14,"muscle5":0,"muscle6":0,"muscle7":0,"muscle8":0,"muscle9":-2.13452704E-08,"muscle10":2.23540313E-14,"muscle11":2.682211E-07,"muscle12":-2.02771005E-07,"muscle13":1.95387557E-07,"muscle14":-2.5273215E-07,"muscle15":-0.324147224,"muscle16":7.54565477E-08,"muscle17":-0.32414791,"muscle18":-1.25760167E-07,"muscle19":0,"muscle20":0,"muscle21":0.527684629,"muscle22":-0.0759822652,"muscle23":-0.588656783,"muscle24":0.953825772,"muscle25":0.425629228,"muscle26":0.042562034,"muscle27":-0.0481425785,"muscle28":5.79231937E-07,"muscle29":0.527684867,"muscle30":-0.0759847462,"muscle31":-0.588661671,"muscle32":0.953825772,"muscle33":0.425633192,"muscle34":0.0425647497,"muscle35":-0.0480923951,"muscle36":-8.17754753E-08,"muscle37":-0.499999434,"muscle38":0.00360218296,"muscle39":-0.512599766,"muscle40":0.210586742,"muscle41":-0.169809639,"muscle42":0.99277091,"muscle43":0.268193185,"muscle44":-0.0158367883,"muscle45":0.0202510636,"muscle46":-0.499999315,"muscle47":0.00360563514,"muscle48":0.00817739684,"muscle49":0.173225522,"muscle50":0.652733684,"muscle51":-0.726747274,"muscle52":0.788365066,"muscle53":0.199244708,"muscle54":-0.0672429428,"muscle55":0,"muscle56":0,"muscle57":0,"muscle58":0,"muscle59":0,"muscle60":0,"muscle61":0,"muscle62":0,"muscle63":0,"muscle64":0,"muscle65":0,"muscle66":0,"muscle67":0,"muscle68":0,"muscle69":0,"muscle70":0,"muscle71":0,"muscle72":0,"muscle73":0,"muscle74":0,"muscle75":-5.30989333E-08,"muscle76":-1.32758343,"muscle77":0.351053625,"muscle78":0.595463037,"muscle79":0.553174138,"muscle80":0.288595915,"muscle81":-0.32175681,"muscle82":0.0799882188,"muscle83":0.665041149,"muscle84":-0.436752081,"muscle85":-0.195961386,"muscle86":0.159976423,"muscle87":0.640858352,"muscle88":0.271508247,"muscle89":-0.266627401,"muscle90":0.599911571,"muscle91":0.578031003,"muscle92":0.695513487,"muscle93":-0.321927458,"muscle94":0.119982384},"strings":{},"inTangent":0,"inWeight":0,"outTangent":0,"outWeight":0,"weightedMode":0},{"property":"Muscles","index":2,"time":1.5757575,"ints":{},"floats":{"muscle0":2.24928734E-12,"muscle1":4.07110902E-14,"muscle2":5.08888667E-13,"muscle3":2.13431885E-08,"muscle4":-4.07110868E-14,"muscle5":0,"muscle6":0,"muscle7":0,"muscle8":0,"muscle9":-2.13453486E-08,"muscle10":2.03555434E-14,"muscle11":3.20599775E-13,"muscle12":-7.47049782E-08,"muscle13":1.89625283E-07,"muscle14":-1.67549715E-07,"muscle15":0,"muscle16":4.63046945E-07,"muscle17":0,"muscle18":-1.25760167E-07,"muscle19":0,"muscle20":0,"muscle21":0.524232924,"muscle22":-0.0713517293,"muscle23":-0.415075332,"muscle24":0.939663708,"muscle25":0.309866071,"muscle26":-0.0509064309,"muscle27":0.051146917,"muscle28":5.79231937E-07,"muscle29":0.524234056,"muscle30":-0.07135427,"muscle31":-0.415078163,"muscle32":0.939663827,"muscle33":0.309868723,"muscle34":-0.050857082,"muscle35":0.0511500798,"muscle36":-8.17754753E-08,"muscle37":-0.499999434,"muscle38":0.00360218296,"muscle39":-0.514534771,"muscle40":0.210906595,"muscle41":-0.113970622,"muscle42":0.988653183,"muscle43":0.212615341,"muscle44":-0.0172157902,"muscle45":0.0212182552,"muscle46":-0.499999315,"muscle47":0.00360563514,"muscle48":-0.351659894,"muscle49":0.249699399,"muscle50":0.338906705,"muscle51":-0.700425446,"muscle52":0.793125033,"muscle53":0.199339092,"muscle54":-0.0679639727,"muscle55":0,"muscle56":0,"muscle57":0,"muscle58":0,"muscle59":0,"muscle60":0,"muscle61":0,"muscle62":0,"muscle63":0,"muscle64":0,"muscle65":0,"muscle66":0,"muscle67":0,"muscle68":0,"muscle69":0,"muscle70":0,"muscle71":0,"muscle72":0,"muscle73":0,"muscle74":0,"muscle75":-2.43308735,"muscle76":-1.99993205,"muscle77":-0.577683687,"muscle78":-0.999840081,"muscle79":-0.999842882,"muscle80":-0.706816792,"muscle81":-1.99983299,"muscle82":0.999907792,"muscle83":-0.999833524,"muscle84":-1.39990115,"muscle85":-1.99982095,"muscle86":0.999916017,"muscle87":-0.999836087,"muscle88":-0.226178169,"muscle89":-1.99982607,"muscle90":0.999959648,"muscle91":-0.999841511,"muscle92":-0.299840987,"muscle93":-1.99983215,"muscle94":0.999912143,"duration":0.24242425,"muscle-1":1},"strings":{"interpolation":"default"},"inTangent":0,"inWeight":0,"outTangent":0,"outWeight":0,"weightedMode":0},{"property":"Left Hand Configuration","index":1,"time":1,"ints":{"hash":-267794432},"floats":{},"strings":{"name":"-"},"inTangent":0,"inWeight":0,"outTangent":0,"outWeight":0,"weightedMode":0},{"property":"Left Hand Configuration","index":2,"time":1.5757575,"ints":{"hash":-844083200},"floats":{"duration":0.24242425},"strings":{"name":"-"},"inTangent":0,"inWeight":0,"outTangent":0,"outWeight":0,"weightedMode":0},{"property":"Right Hand Configuration","index":1,"time":1,"ints":{"hash":-839873536},"floats":{},"strings":{"name":"garra aberta"},"inTangent":0,"inWeight":0,"outTangent":0,"outWeight":0,"weightedMode":0},{"property":"Right Hand Configuration","index":2,"time":1.5757575,"ints":{"hash":-1416162304},"floats":{"duration":0.24242425},"strings":{"name":"G"},"inTangent":0,"inWeight":0,"outTangent":0,"outWeight":0,"weightedMode":0},{"property":"Facial Expression","index":1,"time":1,"ints":{},"floats":{},"strings":{"faceName":"Neutra"},"inTangent":0,"inWeight":0,"outTangent":0,"outWeight":0,"weightedMode":0},{"property":"Facial Expression","index":2,"time":1.5757575,"ints":{},"floats":{},"strings":{"faceName":"Neutra"},"inTangent":0,"inWeight":0,"outTangent":0,"outWeight":0,"weightedMode":0}]},{"properties":["Face Animation Neutra"],"loops":false,"keyFrames":[{"property":"Face Animation Neutra","index":0,"time":0,"ints":{},"floats":{"girl_head_.blendShape.mClose":100,"girl_head_.blendShape.A":0,"girl_head_.blendShape.Cons":0,"girl_head_.blendShape.Fv":0,"girl_head_.blendShape.mLSide":0,"girl_head_.blendShape.mLSideUp":0,"girl_head_.blendShape.mRSide":0,"girl_head_.blendShape.mRSideUp":0,"girl_head_.blendShape.O":0,"girl_head_.blendShape.smile":0,"girl_head_.blendShape.U":0,"girl_hair.blendShape.cheek1":0,"girl_hair.blendShape.cheek2":0,"girl_hair.blendShape.cheek3":0,"girl_head_.blendShape.Bmp":0,"girl_head_.blendShape.E":0,"girl_head_.blendShape.F001":0,"girl_head_.blendShape.F003":0,"girl_head_.blendShape.F005":0,"girl_head_.blendShape.F006":0,"girl_head_.blendShape.F007":0,"girl_head_.blendShape.F007left":0,"girl_head_.blendShape.F008":0,"girl_head_.blendShape.F017":0,"girl_head_.blendShape.F019":0,"girl_head_.blendShape.F024":0,"girl_head_.blendShape.F031":0,"girl_head_.blendShape.LEyeBMad":0,"girl_head_.blendShape.LEyeClose":0,"girl_head_.blendShape.LEyeLidUp":0,"girl_head_.blendShape.LEyeMad":0,"girl_head_.blendShape.LEyeSad":0,"girl_head_.blendShape.LeyeBUp":0,"girl_head_.blendShape.mSad":0,"girl_head_.blendShape.REyeBMad":0,"girl_head_.blendShape.REyeClose":0,"girl_head_.blendShape.REyeLidUp":0,"girl_head_.blendShape.REyeMad":0,"girl_head_.blendShape.REyeSad":0,"girl_head_.blendShape.ReyeBSad":0,"girl_head_.blendShape.ReyeBUp":0,