{"animTracks":[{"properties":["Right Hand Configuration","Left Hand Configuration","Muscles","Facial Expression"],"loops":false,"keyFrames":[{"property":"Muscles","index":1,"time":1,"ints":{},"floats":{"muscle0":2.56134228E-07,"muscle1":-1.42488763E-13,"muscle2":-5.49599645E-13,"muscle3":2.13431885E-08,"muscle4":-4.07110868E-14,"muscle5":0,"muscle6":0,"muscle7":0,"muscle8":0,"muscle9":-2.13452704E-08,"muscle10":2.23540313E-14,"muscle11":2.682211E-07,"muscle12":-2.02771005E-07,"muscle13":1.95387557E-07,"muscle14":-2.5273215E-07,"muscle15":-0.324149996,"muscle16":7.54565477E-08,"muscle17":-0.324149996,"muscle18":-1.25760167E-07,"muscle19":0,"muscle20":0,"muscle21":0.527684629,"muscle22":-0.0759822652,"muscle23":-0.588656783,"muscle24":0.953825772,"muscle25":0.425629228,"muscle26":0.042562034,"muscle27":-0.0481425785,"muscle28":5.79231937E-07,"muscle29":0.527684867,"muscle30":-0.0759847462,"muscle31":-0.588661671,"muscle32":0.953825772,"muscle33":0.425633192,"muscle34":0.0425647497,"muscle35":-0.0480923951,"muscle36":-8.17754753E-08,"muscle37":-0.499999434,"muscle38":0.00360218296,"muscle39":-0.332471341,"muscle40":-0.118823156,"muscle41":0.0826265439,"muscle42":-0.421035469,"muscle43":-0.264844149,"muscle44":-0.539054632,"muscle45":0.108769685,"muscle46":-0.499999315,"muscle47":0.00360563514,"muscle48":-0.274220645,"muscle49":-0.0231395029,"muscle50":-0.025274476,"muscle51":-0.646401584,"muscle52":-0.53920722,"muscle53":-0.814990997,"muscle54":0.99956584,"muscle55":-1.59020722,"muscle56":0.638886929,"muscle57":0.0444446132,"muscle58":-0.111110978,"muscle59":-0.113410704,"muscle60":-0.964443982,"muscle61":0.878195941,"muscle62":0.999999702,"muscle63":-0.112639055,"muscle64":-1.09015,"muscle65":0.699999452,"muscle66":0.999999821,"muscle67":-0.136824504,"muscle68":-1.39999855,"muscle69":0.610934198,"muscle70":0.999999821,"muscle71":-0.177439481,"muscle72":-0.79771781,"muscle73":0.678024888,"muscle74":0.999999702,"muscle75":-2.43333173,"muscle76":-2,"muscle77":-0.577777684,"muscle78":-0.99999994,"muscle79":-0.999997973,"muscle80":-0.706916511,"muscle81":-2,"muscle82":0.999999702,"muscle83":-0.999999464,"muscle84":-1.39999878,"muscle85":-2.00000095,"muscle86":0.999999702,"muscle87":-1,"muscle88":-0.226229846,"muscle89":-2.00000095,"muscle90":0.999998987,"muscle91":-1.00000012,"muscle92":-0.299940705,"muscle93":-2.00000095,"muscle94":1,"muscle-1":1},"strings":{},"inTangent":0,"inWeight":0,"outTangent":0,"outWeight":0,"weightedMode":0},{"property":"Muscles","index":3,"time":1.51515138,"ints":{},"floats":{"muscle0":2.56134228E-07,"muscle1":-1.42488763E-13,"muscle2":-5.49599645E-13,"muscle3":2.13431885E-08,"muscle4":-4.07110868E-14,"muscle5":0,"muscle6":0,"muscle7":0,"muscle8":0,"muscle9":-2.13452704E-08,"muscle10":2.23540313E-14,"muscle11":2.682211E-07,"muscle12":-1.06719593E-08,"muscle13":1.21729059E-07,"muscle14":-4.28859607E-07,"muscle15":0,"muscle16":-1.97229184E-07,"muscle17":0,"muscle18":-1.56936721E-06,"muscle19":0,"muscle20":0,"muscle21":0.522006929,"muscle22":-0.067484647,"muscle23":-0.308530509,"muscle24":0.930871248,"muscle25":0.238624454,"muscle26":0.0494383387,"muscle27":-0.043827869,"muscle28":5.79231937E-07,"muscle29":0.522007108,"muscle30":-0.0674851984,"muscle31":-0.30853337,"muscle32":0.930871248,"muscle33":0.238627285,"muscle34":0.0494415313,"muscle35":-0.0437806956,"muscle36":-8.17754753E-08,"muscle37":-0.499999434,"muscle38":0.00360218296,"muscle39":-0.3321715,"muscle40":-0.118830502,"muscle41":0.0825225264,"muscle42":-0.421002448,"muscle43":-0.264682978,"muscle44":-0.538849711,"muscle45":0.108970545,"muscle46":-0.499999315,"muscle47":0.00360563514,"muscle48":-0.320525557,"muscle49":-0.211403951,"muscle50":-0.0379199237,"muscle51":-0.0656659827,"muscle52":-0.555105269,"muscle53":0.364990681,"muscle54":0.712985992,"muscle55":-1.59020746,"muscle56":0.638886929,"muscle57":0.0444446132,"muscle58":-0.111110978,"muscle59":-0.113411039,"muscle60":-0.96444416,"muscle61":0.878195822,"muscle62":0.999999464,"muscle63":-0.112638988,"muscle64":-1.09015,"muscle65":0.699999213,"muscle66":0.999999464,"muscle67":-0.136824504,"muscle68":-1.39999843,"muscle69":0.610933959,"muscle70":0.999999404,"muscle71":-0.177439481,"muscle72":-0.797715485,"muscle73":0.678024888,"muscle74":0.999999404,"muscle75":-2.43333101,"muscle76":-2,"muscle77":-0.577777684,"muscle78":-0.99999994,"muscle79":-0.999996305,"muscle80":-0.70691669,"muscle81":-2,"muscle82":0.999999464,"muscle83":-0.999999464,"muscle84":-1.39999878,"muscle85":-2.00000095,"muscle86":0.999999523,"muscle87":-1,"muscle88":-0.226229846,"muscle89":-2.00000095,"muscle90":0.999998868,"muscle91":-1.00000012,"muscle92":-0.299940705,"muscle93":-2.00000095,"muscle94":1,"duration":0.414141417,"muscle-1":1},"strings":{"interpolation":"smooth"},"inTangent":0,"inWeight":0,"outTangent":0,"outWeight":0,"weightedMode":0},{"property":"Left Hand Configuration","index":1,"time":1,"ints":{"hash":384508928},"floats":{},"strings":{"name":"concha"},"inTangent":0,"inWeight":0,"outTangent":0,"outWeight":0,"weightedMode":0},{"property":"Left Hand Configuration","index":3,"time":1.51515138,"ints":{"hash":1576187904},"floats":{"duration":0.414141417},"strings":{"name":"concha"},"inTangent":0,"inWeight":0,"outTangent":0,"outWeight":0,"weightedMode":0},{"property":"Right Hand Configuration","index":1,"time":1,"ints":{"hash":-187570176},"floats":{},"strings":{"name":"G"},"inTangent":0,"inWeight":0,"outTangent":0,"outWeight":0,"weightedMode":0},{"property":"Right Hand Configuration","index":3,"time":1.51515138,"ints":{"hash":1004108800},"floats":{"duration":0.414141417},"strings":{"name":"G"},"inTangent":0,"inWeight":0,"outTangent":0,"outWeight":0,"weightedMode":0},{"property":"Facial Expression","index":1,"time":1,"ints":{},"floats":{},"strings":{"faceName":"Neutra"},"inTangent":0,"inWeight":0,"outTangent":0,"outWeight":0,"weightedMode":0},{"property":"Facial Expression","index":3,"time":1.51515138,"ints":{},"floats":{"duration":0.414141417},"strings":{"faceName":"Neutra"},"inTangent":0,"inWeight":0,"outTangent":0,"outWeight":0,"weightedMode":0}]},{"properties":["Face Animation Neutra"],"loops":false,"keyFrames":[{"property":"Face Animation Neutra","index":0,"time":0,"ints":{},"floats":{"girl_head_.blendShape.mClose":100,"girl_head_.blendShape.A":0,"girl_head_.blendShape.Cons":0,"girl_head_.blendShape.Fv":0,"girl_head_.blendShape.mLSide":0,"girl_head_.blendShape.mLSideUp":0,"girl_head_.blendShape.mRSide":0,"girl_head_.blendShape.mRSideUp":0,"girl_head_.blendShape.O":0,"girl_head_.blendShape.smile":0,"girl_head_.blendShape.U":0,"girl_hair.blendShape.cheek1":0,"girl_hair.blendShape.cheek2":0,"girl_hair.blendShape.cheek3":0,"girl_head_.blendShape.Bmp":0,"girl_head_.blendShape.E":0,"girl_head_.blendShape.F001":0,"girl_head_.blendShape.F003":0,"girl_head_.blendShape.F005":0,"girl_head_.blendShape.F006":0,"girl_head_.blendShape.F007":0,"girl_head_.blendShape.F007left":0,"girl_head_.blendShape.F008":0,"girl_head_.blendShape.F017":0,"girl_head_.blendShape.F019":0,"girl_head_.blendShape.F024":0,"girl_head_.blendShape.F031":0,"girl_head_.blendShape.LEyeBMad":0,"girl_head_.blendShape.LEyeClose":0,"girl_head_.blendShape.LEyeLidUp":0,"girl_head_.blendShape.LEyeMad":0,"girl_head_.blendShape.LEyeSad":0,"girl_head_.blendShape.LeyeBUp":0,"girl_head_.blendShape.mSad":0,"girl_head_.blendShape.REyeBMad":0,"girl_head_.blendShape.REyeClose":0,"girl_head_.blendShape.REyeLidUp":0,"girl_head_.blendShape.REyeMad":0,"girl_head_.blendShape.REyeSad":0,"girl_head_.blendShape.ReyeBSad":0,"girl_head_.blendShape.ReyeBUp":0,