{
  "animTracks": [
    {
      "properties": [
        "Right Hand Configuration",
        "Left Hand Configuration",
        "Muscles",
        "Facial Expression"
      ],
      "loops": false,
      "keyFrames": [
        {
          "property": "Muscles",
          "index": 1,
          "time": 1,
          "ints": {},
          "floats": {
            "muscle0": 2.1398753E-12,
            "muscle1": -4.07110923E-13,
            "muscle2": -9.56710622E-13,
            "muscle3": -1.48849899E-12,
            "muscle4": -1.69222731E-25,
            "muscle5": -3.25688776E-13,
            "muscle6": 0,
            "muscle7": 0,
            "muscle8": 0,
            "muscle9": -3.96933029E-13,
            "muscle10": -4.0711097E-14,
            "muscle11": -3.25688776E-13,
            "muscle12": 1.38737931E-07,
            "muscle13": 1.30605528E-07,
            "muscle14": 1.02331555E-07,
            "muscle15": 0,
            "muscle16": -3.13225756E-09,
            "muscle17": 0,
            "muscle18": -2.60550999E-12,
            "muscle19": 0,
            "muscle20": 0,
            "muscle21": 0.527684987,
            "muscle22": -0.075982213,
            "muscle23": -0.588656247,
            "muscle24": 0.953825712,
            "muscle25": 0.4257029,
            "muscle26": -0.0594078712,
            "muscle27": 0.0538544767,
            "muscle28": 3.74593156E-07,
            "muscle29": 0.527683496,
            "muscle30": -0.0759853348,
            "muscle31": -0.588659286,
            "muscle32": 0.953825295,
            "muscle33": 0.425705791,
            "muscle34": -0.0593609177,
            "muscle35": 0.053863246,
            "muscle36": 1.94633657E-07,
            "muscle37": -0.499999434,
            "muscle38": 0.00360223628,
            "muscle39": -0.447701335,
            "muscle40": 0.431044072,
            "muscle41": 1.06960976,
            "muscle42": -0.838483691,
            "muscle43": 0.830673516,
            "muscle44": -0.565583348,
            "muscle45": -0.264729977,
            "muscle46": -0.499998987,
            "muscle47": 0.00360562769,
            "muscle48": -0.372738034,
            "muscle49": 0.315332323,
            "muscle50": 1.02073705,
            "muscle51": -0.840443432,
            "muscle52": 0.721571684,
            "muscle53": -0.611572802,
            "muscle54": -0.278667986,
            "muscle55": -0.756875455,
            "muscle56": 0.633333564,
            "muscle57": 0.63999474,
            "muscle58": 1,
            "muscle59": -1,
            "muscle60": -0.738028169,
            "muscle61": 0.778195739,
            "muscle62": 0.77819562,
            "muscle63": -0.99999994,
            "muscle64": -0.965706766,
            "muscle65": 0.804009557,
            "muscle66": 0.804009497,
            "muscle67": -0.914601743,
            "muscle68": -0.692896783,
            "muscle69": 0.810934126,
            "muscle70": 0.810934246,
            "muscle71": -0.911111712,
            "muscle72": -0.517717838,
            "muscle73": 0.811358094,
            "muscle74": 0.811358094,
            "muscle75": -0.756875336,
            "muscle76": 0.633332729,
            "muscle77": 0.6399948,
            "muscle78": 0.999999821,
            "muscle79": -1,
            "muscle80": -0.738028169,
            "muscle81": 0.77819556,
            "muscle82": 0.77819562,
            "muscle83": -1,
            "muscle84": -0.965706885,
            "muscle85": 0.804009497,
            "muscle86": 0.804009497,
            "muscle87": -0.914601445,
            "muscle88": -0.692896724,
            "muscle89": 0.810934246,
            "muscle90": 0.810933828,
            "muscle91": -0.911111236,
            "muscle92": -0.517717838,
            "muscle93": 0.811358094,
            "muscle94": 0.811358154,
            "muscle-1": 1
          },
          "strings": {
            "interpolation": "default"
          },
          "inTangent": 0,
          "inWeight": 0,
          "outTangent": 0,
          "outWeight": 0,
          "weightedMode": 0
        },
        {
          "property": "Muscles",
          "index": 3,
          "time": 1.50505042,
          "ints": {},
          "floats": {
            "muscle0": 2.1398753E-12,
            "muscle1": -4.07110923E-13,
            "muscle2": -9.56710622E-13,
            "muscle3": -1.48849899E-12,
            "muscle4": -1.69222731E-25,
            "muscle5": -3.25688776E-13,
            "muscle6": 0,
            "muscle7": 0,
            "muscle8": 0,
            "muscle9": -3.96933029E-13,
            "muscle10": -4.0711097E-14,
            "muscle11": -3.25688776E-13,
            "muscle12": 2.98820453E-07,
            "muscle13": 2.64141335E-07,
            "muscle14": 2.57918114E-08,
            "muscle15": 0,
            "muscle16": -3.13225756E-09,
            "muscle17": 0,
            "muscle18": -2.60550999E-12,
            "muscle19": 0,
            "muscle20": 0,
            "muscle21": 0.524232864,
            "muscle22": -0.0713516772,
            "muscle23": -0.415075123,
            "muscle24": 0.939663529,
            "muscle25": 0.309937179,
            "muscle26": -0.0621735528,
            "muscle27": 0.0624383576,
            "muscle28": 3.74593156E-07,
            "muscle29": 0.524232507,
            "muscle30": -0.0713549554,
            "muscle31": -0.415078819,
            "muscle32": 0.939663529,
            "muscle33": 0.309940219,
            "muscle34": -0.0621277839,
            "muscle35": 0.0624477416,
            "muscle36": 3.996727E-07,
            "muscle37": -0.499998987,
            "muscle38": 0.00360289821,
            "muscle39": -0.447626889,
            "muscle40": 0.431244075,
            "muscle41": 1.0694685,
            "muscle42": -0.838420868,
            "muscle43": 0.506918669,
            "muscle44": -0.565520048,
            "muscle45": -0.265280753,
            "muscle46": -0.499999434,
            "muscle47": 0.00360608404,
            "muscle48": -0.372641504,
            "muscle49": 0.315523803,
            "muscle50": 1.02060926,
            "muscle51": -0.840381444,
            "muscle52": 0.399950713,
            "muscle53": -0.611470819,
            "muscle54": -0.279190153,
            "muscle55": -0.756875455,
            "muscle56": 0.633333564,
            "muscle57": 0.63999474,
            "muscle58": 1,
            "muscle59": -1,
            "muscle60": -0.738028169,
            "muscle61": 0.778195739,
            "muscle62": 0.77819562,
            "muscle63": -0.99999994,
            "muscle64": -0.965706766,
            "muscle65": 0.804009795,
            "muscle66": 0.804009497,
            "muscle67": -0.914601505,
            "muscle68": -0.692896664,
            "muscle69": 0.810934126,
            "muscle70": 0.810934246,
            "muscle71": -0.911111712,
            "muscle72": -0.517717838,
            "muscle73": 0.811358094,
            "muscle74": 0.811358094,
            "muscle75": -0.756875455,
            "muscle76": 0.633332312,
            "muscle77": 0.6399948,
            "muscle78": 0.999999821,
            "muscle79": -1,
            "muscle80": -0.738028169,
            "muscle81": 0.77819556,
            "muscle82": 0.77819562,
            "muscle83": -1,
            "muscle84": -0.965706885,
            "muscle85": 0.804009497,
            "muscle86": 0.804009497,
            "muscle87": -0.914601445,
            "muscle88": -0.692896724,
            "muscle89": 0.810934067,
            "muscle90": 0.810933828,
            "muscle91": -0.911111236,
            "muscle92": -0.517717838,
            "muscle93": 0.811358094,
            "muscle94": 0.811358154,
            "duration": 0,
            "muscle-1": 1
          },
          "strings": {
            "interpolation": "default"
          },
          "inTangent": 0,
          "inWeight": 0,
          "outTangent": 0,
          "outWeight": 0,