{
  "animTracks": [
    {
      "properties": [
        "Right Hand Configuration",
        "Left Hand Configuration",
        "Muscles",
        "Facial Expression"
      ],
      "loops": false,
      "keyFrames": [
        {
          "property": "Muscles",
          "index": 2,
          "time": 1.02020192,
          "ints": {},
          "floats": {
            "muscle0": 2.1398753E-12,
            "muscle1": -4.07110923E-13,
            "muscle2": -9.56710622E-13,
            "muscle3": -1.48849899E-12,
            "muscle4": -1.69222731E-25,
            "muscle5": -3.25688776E-13,
            "muscle6": 0,
            "muscle7": 0,
            "muscle8": 0,
            "muscle9": -3.96933029E-13,
            "muscle10": -4.0711097E-14,
            "muscle11": -3.25688776E-13,
            "muscle12": 3.84197818E-07,
            "muscle13": 1.53653886E-07,
            "muscle14": -2.38399281E-07,
            "muscle15": 0,
            "muscle16": -3.13225756E-09,
            "muscle17": 0,
            "muscle18": -2.60550999E-12,
            "muscle19": 0,
            "muscle20": 0,
            "muscle21": 0.524232566,
            "muscle22": -0.0713521317,
            "muscle23": -0.415075511,
            "muscle24": 0.939663708,
            "muscle25": 0.309937507,
            "muscle26": -0.062173605,
            "muscle27": 0.0624387972,
            "muscle28": 3.74593156E-07,
            "muscle29": 0.52423209,
            "muscle30": -0.0713536516,
            "muscle31": -0.415079117,
            "muscle32": 0.93966347,
            "muscle33": 0.3099401,
            "muscle34": -0.0621279478,
            "muscle35": 0.0624448806,
            "muscle36": 3.996727E-07,
            "muscle37": -0.499998987,
            "muscle38": 0.00360269262,
            "muscle39": -0.514535606,
            "muscle40": 0.21090728,
            "muscle41": -0.113969736,
            "muscle42": 0.988652825,
            "muscle43": 0.212614521,
            "muscle44": -0.0172161013,
            "muscle45": 0.0212163851,
            "muscle46": -0.499999076,
            "muscle47": 0.00360561302,
            "muscle48": 0.207753047,
            "muscle49": 0.0117547745,
            "muscle50": 0.674589753,
            "muscle51": -0.589432299,
            "muscle52": 1.20820117,
            "muscle53": -0.220139906,
            "muscle54": 0.880550325,
            "muscle55": -1.36603751E-06,
            "muscle56": 6.14716896E-07,
            "muscle57": 3.64950097E-08,
            "muscle58": 9.11422333E-08,
            "muscle59": -6.83018726E-08,
            "muscle60": 8.53773443E-08,
            "muscle61": -7.58909735E-08,
            "muscle62": -2.20871803E-18,
            "muscle63": 6.83018939E-08,
            "muscle64": -2.2767297E-07,
            "muscle65": -7.58909806E-08,
            "muscle66": 4.96961642E-17,
            "muscle67": 3.41509399E-08,
            "muscle68": -1.13836471E-07,
            "muscle69": -1.51781947E-07,
            "muscle70": -2.76089676E-19,
            "muscle71": -4.78113179E-07,
            "muscle72": 0,
            "muscle73": 3.03563922E-07,
            "muscle74": 0,
            "muscle75": -2.99999714,
            "muscle76": -1.99999964,
            "muscle77": -0.60444963,
            "muscle78": -0.0266713742,
            "muscle79": 0.531033874,
            "muscle80": -0.209139422,
            "muscle81": 0.77819556,
            "muscle82": 0.77819562,
            "muscle83": 0.44291684,
            "muscle84": -1.39999843,
            "muscle85": 0.87067616,
            "muscle86": 0.870675683,
            "muscle87": 0.333333105,
            "muscle88": 1.39154863,
            "muscle89": 0.966666043,
            "muscle90": 0.966666222,
            "muscle91": -1,
            "muscle92": 0.197837561,
            "muscle93": -2.00000072,
            "muscle94": -1.00000012,
            "duration": 0,
            "muscle-1": 1
          },
          "strings": {
            "interpolation": "default"
          },
          "inTangent": 0,
          "inWeight": 0,
          "outTangent": 0,
          "outWeight": 0,
          "weightedMode": 0
        },
        {
          "property": "Left Hand Configuration",
          "index": 2,
          "time": 1.02020192,
          "ints": {
            "hash": 2074203136
          },
          "floats": {
            "duration": 0
          },
          "strings": {
            "name": "-"
          },
          "inTangent": 0,
          "inWeight": 0,
          "outTangent": 0,
          "outWeight": 0,
          "weightedMode": 0
        },
        {
          "property": "Right Hand Configuration",
          "index": 2,
          "time": 1.02020192,
          "ints": {
            "hash": 1502124032
          },
          "floats": {
            "duration": 0
          },
          "strings": {
            "name": "3eEc"
          },
          "inTangent": 0,
          "inWeight": 0,
          "outTangent": 0,
          "outWeight": 0,
          "weightedMode": 0
        },
        {
          "property": "Facial Expression",
          "index": 2,
          "time": 1.02020192,
          "ints": {},
          "floats": {
            "duration": 0
          },
          "strings": {
            "faceName": "Neutra"
          },
          "inTangent": 0,
          "inWeight": 0,
          "outTangent": 0,
          "outWeight": 0,
          "weightedMode": 0
        }
      ]
    },
    {
      "properties": [
        "Face Animation Neutra"
      ],
      "loops": false,
      "keyFrames": [
        {
          "property": "Face Animation Neutra",
          "index": 0,
          "time": 0,
          "ints": {},
          "floats": {
            "girl_head_.blendShape.mClose": 100,
            "girl_head_.blendShape.A": 0,
            "girl_head_.blendShape.Cons": 0,
            "girl_head_.blendShape.Fv": 0,
            "girl_head_.blendShape.mLSide": 0,
            "girl_head_.blendShape.mLSideUp": 0,
            "girl_head_.blendShape.mRSide": 0,
            "girl_head_.blendShape.mRSideUp": 0,
            "girl_head_.blendShape.O": 0,
            "girl_head_.blendShape.smile": 0,
            "girl_head_.blendShape.U": 0,
            "girl_hair.blendShape.cheek1": 0,
            "girl_hair.blendShape.cheek2": 0,
            "girl_hair.blendShape.cheek3": 0,
            "girl_head_.blendShape.Bmp": 0,
            "girl_head_.blendShape.E": 0,
            "girl_head_.blendShape.F001": 0,
            "girl_head_.blendShape.F003": 0,
            "girl_head_.blendShape.F005": 0,
            "girl_head_.blendShape.F006": 0,
            "girl_head_.blendShape.F007": 0,
            "girl_head_.blendShape.F007left": 0,
            "girl_head_.blendShape.F008": 0,
            "girl_head_.blendShape.F017": 0,
            "girl_head_.blendShape.F019": 0,
            "girl_head_.blendShape.F024": 0,
            "girl_head_.blendShape.F031": 0,
            "girl_head_.blendShape.LEyeBMad": 0,
            "girl_head_.blendShape.LEyeClose": 0,
            "girl_head_.blendShape.LEyeLidUp": 0,
            "girl_head_.blendShape.LEyeMad": 0,
            "girl_head_.blendShape.LEyeSad": 0,
            "girl_head_.blendShape.LeyeBUp": 0,
            "girl_head_.blendShape.mSad": 0,
            "girl_head_.blendShape.REyeBMad": 0,
            "girl_head_.blendShape.REyeClose": 0,
            "girl_head_.blendShape.REyeLidUp": 0,
            "girl_head_.blendShape.REyeMad": 0,
            "girl_head_.blendShape.REyeSad": 0,
            "girl_head_.blendShape.ReyeBSad": 0,
            "girl_head_.blendShape.ReyeBUp": 0,