{"animTracks":[{"properties":["Right Hand Configuration","Left Hand Configuration","Muscles"],"loops":false,"keyFrames":[{"property":"Muscles","index":2,"time":1.78282845,"ints":{},"floats":{"muscle0":2.24928734E-12,"muscle1":-2.84977662E-13,"muscle2":3.4604432E-13,"muscle3":-2.13454836E-08,"muscle4":1.62844388E-13,"muscle5":-6.31021982E-13,"muscle6":0,"muscle7":0,"muscle8":0,"muscle9":2.13433218E-08,"muscle10":6.10666438E-14,"muscle11":-1.5266661E-14,"muscle12":2.45460143E-07,"muscle13":-1.14277142E-07,"muscle14":-1.02534244E-07,"muscle15":-0.324147046,"muscle16":-1.31784475E-06,"muscle17":-0.324148268,"muscle18":-1.58908722E-06,"muscle19":0,"muscle20":0,"muscle21":0.52423346,"muscle22":-0.071352765,"muscle23":-0.415108085,"muscle24":0.93966639,"muscle25":0.309887797,"muscle26":-0.0509085469,"muscle27":0.0511490665,"muscle28":4.42761603E-07,"muscle29":0.524231791,"muscle30":-0.0713554248,"muscle31":-0.415108621,"muscle32":0.939666092,"muscle33":0.309889317,"muscle34":-0.0508570522,"muscle35":0.051152952,"muscle36":3.96204285E-07,"muscle37":-0.499999821,"muscle38":0.00360197015,"muscle39":-0.51453054,"muscle40":0.210908219,"muscle41":-0.113978937,"muscle42":0.988653421,"muscle43":0.212623402,"muscle44":-0.0172188915,"muscle45":0.0212142076,"muscle46":-0.499999195,"muscle47":0.0036051874,"muscle48":-0.130572975,"muscle49":-0.226386622,"muscle50":-0.0663484856,"muscle51":0.125742197,"muscle52":0.579078853,"muscle53":0.352344483,"muscle54":0.231654108,"muscle55":-1.36603785E-06,"muscle56":1.36603731E-07,"muscle57":2.95390468E-08,"muscle58":4.26886757E-08,"muscle59":-2.54444197E-16,"muscle60":1.70754674E-07,"muscle61":-6.07127845E-07,"muscle62":7.58909806E-08,"muscle63":6.83018797E-08,"muscle64":-2.27672942E-07,"muscle65":2.27672928E-07,"muscle66":-5.52179507E-19,"muscle67":-3.4150947E-08,"muscle68":-5.69182426E-08,"muscle69":-1.51781947E-07,"muscle70":-7.58909806E-08,"muscle71":-3.41509363E-08,"muscle72":4.26886722E-08,"muscle73":-7.58909735E-08,"muscle74":-7.58909735E-08,"muscle75":-0.999702096,"muscle76":-1.99941003,"muscle77":-0.999704838,"muscle78":-0.537623525,"muscle79":0.422097445,"muscle80":-0.706707299,"muscle81":0.999704242,"muscle82":0.999705017,"muscle83":-0.999705136,"muscle84":-1.39958668,"muscle85":-1.9994123,"muscle86":0.999705493,"muscle87":-0.999703705,"muscle88":0.271468133,"muscle89":-1.99940968,"muscle90":0.999704003,"muscle91":-0.999705255,"muscle92":-0.113240711,"muscle93":-1.9994117,"muscle94":0.999705255,"duration":0.121212125},"strings":{}},{"property":"Left Hand Configuration","index":2,"time":1.78282845,"ints":{"hash":-141552640},"floats":{"duration":0.121212125},"strings":{"name":"-"}},{"property":"Right Hand Configuration","index":2,"time":1.78282845,"ints":{"hash":-713631744},"floats":{"duration":0.121212125},"strings":{"name":"indicativa"}}]}],"version":3,"globalSpeed":0.915714324,"globalRepetitions":1}
