{
  "animTracks": [
    {
      "properties": [
        "Right Hand Configuration",
        "Left Hand Configuration",
        "Muscles",
        "Facial Expression"
      ],
      "loops": false,
      "keyFrames": [
        {
          "property": "Muscles",
          "index": 1,
          "time": 1,
          "ints": {},
          "floats": {
            "muscle0": 2.1398753E-12,
            "muscle1": -4.07110923E-13,
            "muscle2": -9.56710622E-13,
            "muscle3": -1.48849899E-12,
            "muscle4": -1.69222731E-25,
            "muscle5": -3.25688776E-13,
            "muscle6": 0,
            "muscle7": 0,
            "muscle8": 0,
            "muscle9": -3.96933029E-13,
            "muscle10": -4.0711097E-14,
            "muscle11": -3.25688776E-13,
            "muscle12": 1.38737931E-07,
            "muscle13": 1.30605528E-07,
            "muscle14": 1.02331555E-07,
            "muscle15": 0,
            "muscle16": -3.13225756E-09,
            "muscle17": 0,
            "muscle18": -2.60550999E-12,
            "muscle19": 0,
            "muscle20": 0,
            "muscle21": 0.527684987,
            "muscle22": -0.075982213,
            "muscle23": -0.588656247,
            "muscle24": 0.953825712,
            "muscle25": 0.4257029,
            "muscle26": -0.0594078712,
            "muscle27": 0.0538544767,
            "muscle28": 3.74593156E-07,
            "muscle29": 0.527683496,
            "muscle30": -0.0759853348,
            "muscle31": -0.588659286,
            "muscle32": 0.953825295,
            "muscle33": 0.425705791,
            "muscle34": -0.0593609177,
            "muscle35": 0.053863246,
            "muscle36": 1.94633657E-07,
            "muscle37": -0.499999434,
            "muscle38": 0.00360223628,
            "muscle39": -0.343649626,
            "muscle40": -0.104283825,
            "muscle41": 0.155122891,
            "muscle42": -0.315994501,
            "muscle43": -0.365762234,
            "muscle44": -0.389947295,
            "muscle45": -0.867873728,
            "muscle46": -0.499998987,
            "muscle47": 0.00360562769,
            "muscle48": -0.306396514,
            "muscle49": -0.0933557451,
            "muscle50": 0.122782715,
            "muscle51": -0.488425255,
            "muscle52": -0.228019431,
            "muscle53": -0.595566273,
            "muscle54": -0.99969393,
            "muscle55": -1.59020722,
            "muscle56": 0.638887882,
            "muscle57": 0.0444447286,
            "muscle58": -0.111111015,
            "muscle59": -0.113410674,
            "muscle60": -0.964444101,
            "muscle61": 0.878195703,
            "muscle62": 0.99999994,
            "muscle63": -0.112638645,
            "muscle64": -1.09014964,
            "muscle65": 0.699999452,
            "muscle66": 0.99999994,
            "muscle67": -0.13682431,
            "muscle68": -1.39999855,
            "muscle69": 0.610934138,
            "muscle70": 0.999999762,
            "muscle71": -0.177439541,
            "muscle72": -0.79771781,
            "muscle73": 0.678025067,
            "muscle74": 0.99999994,
            "muscle75": -1.59020722,
            "muscle76": 0.638887703,
            "muscle77": 0.0444447249,
            "muscle78": -0.111111052,
            "muscle79": -0.113410607,
            "muscle80": -0.964443982,
            "muscle81": 0.878195822,
            "muscle82": 1.00000012,
            "muscle83": -0.112638608,
            "muscle84": -1.09014988,
            "muscle85": 0.699999154,
            "muscle86": 0.99999994,
            "muscle87": -0.136824429,
            "muscle88": -1.39999843,
            "muscle89": 0.610933661,
            "muscle90": 0.99999994,
            "muscle91": -0.177439585,
            "muscle92": -0.79771781,
            "muscle93": 0.678024769,
            "muscle94": 0.999999702,
            "muscle-1": 1
          },
          "strings": {
            "interpolation": "default"
          },
          "inTangent": 0,
          "inWeight": 0,
          "outTangent": 0,
          "outWeight": 0,
          "weightedMode": 0
        },
        {
          "property": "Muscles",
          "index": 2,
          "time": 2,
          "ints": {},
          "floats": {
            "muscle0": 2.1398753E-12,
            "muscle1": -4.07110923E-13,
            "muscle2": -9.56710622E-13,
            "muscle3": -1.48849899E-12,
            "muscle4": -1.69222731E-25,
            "muscle5": -3.25688776E-13,
            "muscle6": 0,
            "muscle7": 0,
            "muscle8": 0,
            "muscle9": -3.96933029E-13,
            "muscle10": -4.0711097E-14,
            "muscle11": -3.25688776E-13,
            "muscle12": 2.24115283E-07,
            "muscle13": 2.21550295E-07,
            "muscle14": 2.29106991E-08,
            "muscle15": 0,
            "muscle16": 4.83886538E-07,
            "muscle17": 0,
            "muscle18": -2.60550999E-12,
            "muscle19": 0,
            "muscle20": 0,
            "muscle21": 0.524233222,
            "muscle22": -0.0713504255,
            "muscle23": -0.415074766,
            "muscle24": 0.939663708,
            "muscle25": 0.309936583,
            "muscle26": -0.0621739849,
            "muscle27": 0.0624361038,
            "muscle28": 3.74593156E-07,
            "muscle29": 0.524231434,
            "muscle30": -0.0713536367,
            "muscle31": -0.415078074,
            "muscle32": 0.939663112,
            "muscle33": 0.309939772,
            "muscle34": -0.0621273629,
            "muscle35": 0.0624444187,
            "muscle36": 3.996727E-07,
            "muscle37": -0.500000715,
            "muscle38": 0.00360265467,
            "muscle39": -0.202029541,
            "muscle40": -0.242940217,
            "muscle41": 0.220626697,
            "muscle42": 0.0254288297,
            "muscle43": -0.366455466,
            "muscle44": -0.389947295,
            "muscle45": -0.867873728,
            "muscle46": -0.499999076,
            "muscle47": 0.00360561302,
            "muscle48": -0.30589807,
            "muscle49": -0.0933556333,
            "muscle50": 0.122614175,
            "muscle51": -0.488366306,
            "muscle52": -0.227900162,
            "muscle53": -0.595175087,
            "muscle54": -0.99969393,
            "muscle55": -1.59020746,
            "muscle56": 0.638887823,
            "muscle57": 0.0444447286,
            "muscle58": -0.111111015,
            "muscle59": -0.113410674,
            "muscle60": -0.964444101,
            "muscle61": 0.878195703,
            "muscle62": 0.99999994,
            "muscle63": -0.112638645,
            "muscle64": -1.09014964,
            "muscle65": 0.699998975,
            "muscle66": 0.99999994,
            "muscle67": -0.13682431,
            "muscle68": -1.39999855,
            "muscle69": 0.610934138,
            "muscle70": 0.999999404,
            "muscle71": -0.177439541,
            "muscle72": -0.79771781,
            "muscle73": 0.678025067,
            "muscle74": 0.99999994,
            "muscle75": -1.59020722,
            "muscle76": 0.638887703,
            "muscle77": 0.0444447249,
            "muscle78": -0.111111052,
            "muscle79": -0.113410607,
            "muscle80": -0.964443982,
            "muscle81": 0.878195822,
            "muscle82": 1.00000012,
            "muscle83": -0.11263857,
            "muscle84": -1.09015012,
            "muscle85": 0.699999034,
            "muscle86": 0.99999994,
            "muscle87": -0.136824429,
            "muscle88": -1.39999843,
            "muscle89": 0.610933661,
            "muscle90": 0.99999994,
            "muscle91": -0.177439526,
            "muscle92": -0.797717869,
            "muscle93": 0.678024769,
            "muscle94": 0.999999702,
            "duration": 0,
            "muscle-1": 1
          },
          "strings": {
            "interpolation": "smooth"
          },
          "inTangent": 0,
          "inWeight": 0,
          "outTangent": 0,