{"animTracks":[{"properties":["Right Hand Configuration","Left Hand Configuration","Muscles","Facial Expression"],"loops":false,"keyFrames":[{"property":"Muscles","index":1,"time":1,"ints":{},"floats":{"muscle0":2.56134228E-07,"muscle1":-1.42488763E-13,"muscle2":-5.49599645E-13,"muscle3":2.13431885E-08,"muscle4":-4.07110868E-14,"muscle5":0,"muscle6":0,"muscle7":0,"muscle8":0,"muscle9":-2.13452704E-08,"muscle10":2.23540313E-14,"muscle11":2.682211E-07,"muscle12":-2.02771005E-07,"muscle13":1.95387557E-07,"muscle14":-2.5273215E-07,"muscle15":-0.324149996,"muscle16":7.54565477E-08,"muscle17":-0.324149996,"muscle18":-1.25760167E-07,"muscle19":0,"muscle20":0,"muscle21":0.527684629,"muscle22":-0.0759822652,"muscle23":-0.588656783,"muscle24":0.953825772,"muscle25":0.425629228,"muscle26":0.042562034,"muscle27":-0.0481425785,"muscle28":5.79231937E-07,"muscle29":0.527684867,"muscle30":-0.0759847462,"muscle31":-0.588661671,"muscle32":0.953825772,"muscle33":0.425633192,"muscle34":0.0425647497,"muscle35":-0.0480923951,"muscle36":-8.17754753E-08,"muscle37":-0.499999434,"muscle38":0.00360218296,"muscle39":-0.101951376,"muscle40":-0.167443916,"muscle41":0.312807679,"muscle42":-0.501674712,"muscle43":-0.282229662,"muscle44":-0.999756515,"muscle45":0.103135183,"muscle46":-0.499999315,"muscle47":0.00360563514,"muscle48":-0.0862765834,"muscle49":-0.0549744479,"muscle50":0.260829896,"muscle51":-0.381004572,"muscle52":-0.315922827,"muscle53":-0.423402429,"muscle54":0.268299639,"muscle55":-2.36666536,"muscle56":-1.99999976,"muscle57":-0.0222220551,"muscle58":1,"muscle59":-0.999999225,"muscle60":-0.831361413,"muscle61":0.266666651,"muscle62":0.999999821,"muscle63":-1,"muscle64":-1.27681732,"muscle65":0.200000033,"muscle66":0.999999642,"muscle67":-0.999999881,"muscle68":-0.506229281,"muscle69":0.400000125,"muscle70":0.999999702,"muscle71":-1,"muscle72":-0.393273026,"muscle73":0.533333302,"muscle74":0.999999702,"muscle75":-2.36666226,"muscle76":-1.99999988,"muscle77":-0.0222221091,"muscle78":0.999999821,"muscle79":-1,"muscle80":-0.831361413,"muscle81":0.266666651,"muscle82":0.999999702,"muscle83":-0.999999404,"muscle84":-1.27681696,"muscle85":0.199999675,"muscle86":1.00000012,"muscle87":-0.99999994,"muscle88":-0.506229341,"muscle89":0.399999708,"muscle90":0.99999994,"muscle91":-0.99999994,"muscle92":-0.393272966,"muscle93":0.533333242,"muscle94":1,"muscle-1":1},"strings":{},"inTangent":0,"inWeight":0,"outTangent":0,"outWeight":0,"weightedMode":0},{"property":"Muscles","index":2,"time":1.99999988,"ints":{},"floats":{"muscle0":2.24928734E-12,"muscle1":4.07110902E-14,"muscle2":5.08888667E-13,"muscle3":2.13431885E-08,"muscle4":-4.07110868E-14,"muscle5":0,"muscle6":0,"muscle7":0,"muscle8":0,"muscle9":-2.13453486E-08,"muscle10":2.03555434E-14,"muscle11":3.20599775E-13,"muscle12":-2.13441247E-08,"muscle13":-2.33316921E-08,"muscle14":-1.81954718E-07,"muscle15":-0.324149996,"muscle16":-1.97229184E-07,"muscle17":-0.324149996,"muscle18":-4.4875452E-07,"muscle19":0,"muscle20":0,"muscle21":0.524232805,"muscle22":-0.0713518634,"muscle23":-0.415077597,"muscle24":0.939664066,"muscle25":0.309867501,"muscle26":-0.0509059504,"muscle27":0.0511473082,"muscle28":2.37589148E-07,"muscle29":0.524233401,"muscle30":-0.0713543147,"muscle31":-0.415079117,"muscle32":0.939663708,"muscle33":0.309869498,"muscle34":-0.0508565418,"muscle35":0.0511498898,"muscle36":-8.17754753E-08,"muscle37":-0.499999434,"muscle38":0.00360218296,"muscle39":0.201428115,"muscle40":0.322312862,"muscle41":0.620012045,"muscle42":-0.739170015,"muscle43":-0.709606528,"muscle44":0.44014883,"muscle45":1.00041199,"muscle46":-0.499999315,"muscle47":0.00360563514,"muscle48":0.176356778,"muscle49":0.364149243,"muscle50":0.607482255,"muscle51":-0.650860548,"muscle52":-0.72186476,"muscle53":0.908165991,"muscle54":0.268722028,"muscle55":-2.36666417,"muscle56":-1.99999928,"muscle57":-0.0222220551,"muscle58":0.999999225,"muscle59":-0.999997973,"muscle60":-0.831361413,"muscle61":0.266666651,"muscle62":0.999999702,"muscle63":-1,"muscle64":-1.27681732,"muscle65":0.200000033,"muscle66":0.999999464,"muscle67":-0.999999404,"muscle68":-0.393273234,"muscle69":0.533332944,"muscle70":0.999998808,"muscle71":-0.999999404,"muscle72":-0.506229401,"muscle73":0.400000185,"muscle74":0.999999404,"muscle75":-2.36666226,"muscle76":-1.99999988,"muscle77":-0.0222221091,"muscle78":0.999999821,"muscle79":-1,"muscle80":-0.831361413,"muscle81":0.266666651,"muscle82":0.999999464,"muscle83":-0.999998689,"muscle84":-1.27681708,"muscle85":0.199999675,"muscle86":1.00000012,"muscle87":-0.99999994,"muscle88":-0.506229341,"muscle89":0.399999708,"muscle90":0.999999702,"muscle91":-0.99999994,"muscle92":-0.393272966,"muscle93":0.533333004,"muscle94":1,"duration":0.484848499,"muscle-1":1},"strings":{},"inTangent":0,"inWeight":0,"outTangent":0,"outWeight":0,"weightedMode":0},{"property":"Left Hand Configuration","index":1,"time":1,"ints":{"hash":984121344},"floats":{},"strings":{"name":"bico de pato"},"inTangent":0,"inWeight":0,"outTangent":0,"outWeight":0,"weightedMode":0},{"property":"Left Hand Configuration","index":2,"time":1.99999988,"ints":{"hash":1472071680},"floats":{"duration":0.484848499},"strings":{"name":"bico de pato"},"inTangent":0,"inWeight":0,"outTangent":0,"outWeight":0,"weightedMode":0},{"property":"Right Hand Configuration","index":1,"time":1,"ints":{"hash":412042240},"floats":{},"strings":{"name":"bico de pato"},"inTangent":0,"inWeight":0,"outTangent":0,"outWeight":0,"weightedMode":0},{"property":"Right Hand Configuration","index":2,"time":1.99999988,"ints":{"hash":327913472},"floats":{"duration":0.484848499},"strings":{"name":"bico de pato"},"inTangent":0,"inWeight":0,"outTangent":0,"outWeight":0,"weightedMode":0},{"property":"Facial Expression","index":1,"time":1,"ints":{},"floats":{},"strings":{"faceName":"Neutra"},"inTangent":0,"inWeight":0,"outTangent":0,"outWeight":0,"weightedMode":0},{"property":"Facial Expression","index":2,"time":1.99999988,"ints":{},"floats":{"duration":0.484848499},"strings":{"faceName":"Neutra"},"inTangent":0,"inWeight":0,"outTangent":0,"outWeight":0,"weightedMode":0}]},{"properties":["Face Animation Neutra"],"loops":false,"keyFrames":[{"property":"Face Animation Neutra","index":0,"time":0,"ints":{},"floats":{"girl_head_.blendShape.mClose":100,"girl_head_.blendShape.A":0,"girl_head_.blendShape.Cons":0,"girl_head_.blendShape.Fv":0,"girl_head_.blendShape.mLSide":0,"girl_head_.blendShape.mLSideUp":0,"girl_head_.blendShape.mRSide":0,"girl_head_.blendShape.mRSideUp":0,"girl_head_.blendShape.O":0,"girl_head_.blendShape.smile":0,"girl_head_.blendShape.U":0,"girl_hair.blendShape.cheek1":0,"girl_hair.blendShape.cheek2":0,"girl_hair.blendShape.cheek3":0,"girl_head_.blendShape.Bmp":0,"girl_head_.blendShape.E":0,"girl_head_.blendShape.F001":0,"girl_head_.blendShape.F003":0,"girl_head_.blendShape.F005":0,"girl_head_.blendShape.F006":0,"girl_head_.blendShape.F007":0,"girl_head_.blendShape.F007left":0,"girl_head_.blendShape.F008":0,"girl_head_.blendShape.F017":0,"girl_head_.blendShape.F019":0,"girl_head_.blendShape.F024":0,"girl_head_.blendShape.F031":0,"girl_head_.blendShape.LEyeBMad":0,"girl_head_.blendShape.LEyeClose":0,"girl_head_.blendShape.LEyeLidUp":0,"girl_head_.blendShape.LEyeMad":0,"girl_head_.blendShape.LEyeSad":0,"girl_head_.blendShape.LeyeBUp":0,"girl_head_.blendShape.mSad":0,"girl_head_.blendShape.REyeBMad":0,"girl_head_.blendShape.REyeClose":0,"girl_head_.blendShape.REyeLidUp":0,"girl_head_.blendShape.REyeMad":0,"girl_head_.blendShape.REyeSad":0,"girl_head_.blendShape.ReyeBSad":0,"girl_head_.blendShape.ReyeBUp":0,