{
  "animTracks": [
    {
      "properties": [
        "Right Hand Configuration",
        "Left Hand Configuration",
        "Muscles",
        "Facial Expression"
      ],
      "loops": false,
      "keyFrames": [
        {
          "property": "Muscles",
          "index": 1,
          "time": 1,
          "ints": {},
          "floats": {
            "muscle0": 2.1398753E-12,
            "muscle1": -4.07110923E-13,
            "muscle2": -9.56710622E-13,
            "muscle3": -1.48849899E-12,
            "muscle4": -1.69222731E-25,
            "muscle5": -3.25688776E-13,
            "muscle6": 0,
            "muscle7": 0,
            "muscle8": 0,
            "muscle9": -3.96933029E-13,
            "muscle10": -4.0711097E-14,
            "muscle11": -3.25688776E-13,
            "muscle12": 1.38737931E-07,
            "muscle13": 1.30605528E-07,
            "muscle14": 1.02331555E-07,
            "muscle15": 0,
            "muscle16": -3.13225756E-09,
            "muscle17": 0,
            "muscle18": -2.60550999E-12,
            "muscle19": 0,
            "muscle20": 0,
            "muscle21": 0.527684987,
            "muscle22": -0.075982213,
            "muscle23": -0.588656247,
            "muscle24": 0.953825712,
            "muscle25": 0.4257029,
            "muscle26": -0.0594078712,
            "muscle27": 0.0538544767,
            "muscle28": 3.74593156E-07,
            "muscle29": 0.527683496,
            "muscle30": -0.0759853348,
            "muscle31": -0.588659286,
            "muscle32": 0.953825295,
            "muscle33": 0.425705791,
            "muscle34": -0.0593609177,
            "muscle35": 0.053863246,
            "muscle36": 1.94633657E-07,
            "muscle37": -0.499999434,
            "muscle38": 0.00360223628,
            "muscle39": -0.468546271,
            "muscle40": 0.316192538,
            "muscle41": 0.422244877,
            "muscle42": -0.81729424,
            "muscle43": 0.30972752,
            "muscle44": -0.925482988,
            "muscle45": 0.0202516299,
            "muscle46": -0.499998987,
            "muscle47": 0.00360562769,
            "muscle48": -0.301928043,
            "muscle49": 0.122240499,
            "muscle50": 0.421542197,
            "muscle51": -0.676950872,
            "muscle52": 0.317635536,
            "muscle53": -0.959454477,
            "muscle54": 0.0202562679,
            "muscle55": -0.156874791,
            "muscle56": 0.505554914,
            "muscle57": 0.63999474,
            "muscle58": 0.639995277,
            "muscle59": 0.553256035,
            "muscle60": 0.288638294,
            "muscle61": 0.778195739,
            "muscle62": 0.77819562,
            "muscle63": 0.665139079,
            "muscle64": -0.436817974,
            "muscle65": 0.804009557,
            "muscle66": 0.804009497,
            "muscle67": 0.640953362,
            "muscle68": 0.271548152,
            "muscle69": 0.810933948,
            "muscle70": 0.810934007,
            "muscle71": 0.578116179,
            "muscle72": 0.695615411,
            "muscle73": 0.811358094,
            "muscle74": 0.811357796,
            "muscle75": -0.156874686,
            "muscle76": 0.505554259,
            "muscle77": 0.6399948,
            "muscle78": 0.639995337,
            "muscle79": 0.553255916,
            "muscle80": 0.288638234,
            "muscle81": 0.77819556,
            "muscle82": 0.77819562,
            "muscle83": 0.665139318,
            "muscle84": -0.436818361,
            "muscle85": 0.804009497,
            "muscle86": 0.804009497,
            "muscle87": 0.640953422,
            "muscle88": 0.271548092,
            "muscle89": 0.810933709,
            "muscle90": 0.810933828,
            "muscle91": 0.578116179,
            "muscle92": 0.695615232,
            "muscle93": 0.811357141,
            "muscle94": 0.811358154,
            "muscle-1": 1
          },
          "strings": {
            "interpolation": "smooth"
          },
          "inTangent": 0,
          "inWeight": 0,
          "outTangent": 0,
          "outWeight": 0,
          "weightedMode": 0
        },
        {
          "property": "Muscles",
          "index": 3,
          "time": 1.76767695,
          "ints": {},
          "floats": {
            "muscle0": 2.1398753E-12,
            "muscle1": -4.07110923E-13,
            "muscle2": -9.56710622E-13,
            "muscle3": -1.48849899E-12,
            "muscle4": -1.69222731E-25,
            "muscle5": -3.25688776E-13,
            "muscle6": 0,
            "muscle7": 0,
            "muscle8": 0,
            "muscle9": -3.96933029E-13,
            "muscle10": -4.0711097E-14,
            "muscle11": -3.25688776E-13,
            "muscle12": 3.30837025E-07,
            "muscle13": 4.28744613E-07,
            "muscle14": 1.22499443E-07,
            "muscle15": 0,
            "muscle16": -3.13225756E-09,
            "muscle17": 0,
            "muscle18": -2.60550999E-12,
            "muscle19": 0,
            "muscle20": 0,
            "muscle21": 0.524231911,
            "muscle22": -0.0713530406,
            "muscle23": -0.415075034,
            "muscle24": 0.939663708,
            "muscle25": 0.309937388,
            "muscle26": -0.0621727966,
            "muscle27": 0.0624403656,
            "muscle28": 3.74593156E-07,
            "muscle29": 0.524233103,
            "muscle30": -0.0713561177,
            "muscle31": -0.415078521,
            "muscle32": 0.939663529,
            "muscle33": 0.309940398,
            "muscle34": -0.0621284582,
            "muscle35": 0.0624495409,
            "muscle36": 8.09750759E-07,
            "muscle37": -0.499998987,
            "muscle38": 0.00360289821,
            "muscle39": -0.592589498,
            "muscle40": 0.532211304,
            "muscle41": 0.258184463,
            "muscle42": -0.665997565,
            "muscle43": 0.0418182127,
            "muscle44": -0.894777715,
            "muscle45": 0.900706708,
            "muscle46": -0.499999076,
            "muscle47": 0.00360561302,
            "muscle48": -0.52471292,
            "muscle49": 0.290283889,
            "muscle50": 0.299065113,
            "muscle51": -0.531696498,
            "muscle52": 0.0645503551,
            "muscle53": -0.99995476,
            "muscle54": 0.999989152,
            "muscle55": -0.156874791,
            "muscle56": 0.505554914,
            "muscle57": 0.63999474,
            "muscle58": 0.639995277,
            "muscle59": 0.553256035,
            "muscle60": 0.288638294,
            "muscle61": 0.778195739,
            "muscle62": 0.77819562,
            "muscle63": 0.665139079,
            "muscle64": -0.436817974,
            "muscle65": 0.804009557,
            "muscle66": 0.804009497,
            "muscle67": 0.640953362,
            "muscle68": 0.271548152,
            "muscle69": 0.810933828,
            "muscle70": 0.810934007,
            "muscle71": 0.578116179,
            "muscle72": 0.695615411,
            "muscle73": 0.811358094,
            "muscle74": 0.811357796,
            "muscle75": -0.156874686,
            "muscle76": 0.505554259,
            "muscle77": 0.6399948,
            "muscle78": 0.639995337,
            "muscle79": 0.553255916,
            "muscle80": 0.288638234,
            "muscle81": 0.77819556,
            "muscle82": 0.77819562,
            "muscle83": 0.665139318,
            "muscle84": -0.436818361,
            "muscle85": 0.804009497,
            "muscle86": 0.804009497,
            "muscle87": 0.640953422,
            "muscle88": 0.271548092,
            "muscle89": 0.810933709,
            "muscle90": 0.810933828,
            "muscle91": 0.578116179,
            "muscle92": 0.695615232,
            "muscle93": 0.811357141,
            "muscle94": 0.811358154,
            "duration": 0,
            "muscle-1": 1
          },
          "strings": {
            "interpolation": "smooth"
          },
          "inTangent": 0,
          "inWeight": 0,
          "outTangent": 0,